{"generated":20.69999885559082,"consumed":18.463056640625,"exported":0.10000000149011612,"imported":0.10000000149011612,"discharged":9.5,"maxPv":5.223}
