{"generated":9.300000190734863,"consumed":9.895484375,"exported":0.10000000149011612,"imported":0.10000000149011612,"discharged":4.699999809265137,"maxPv":5.423}
