{"generated":0,"consumed":3.16808740234375,"exported":0,"imported":4.099999904632568,"discharged":0.5,"maxPv":0}
