{"generated":17.399999618530273,"consumed":37.6296015625,"exported":0.10000000149011612,"imported":31.399999618530273,"discharged":15.899999618530273,"maxPv":5.067}
