{"generated":28.700000762939453,"consumed":8.6148662109375,"exported":10.699999809265137,"imported":30.200000762939453,"discharged":3.5,"maxPv":7.52}
