{"generated":0.5,"consumed":24.860103515625,"exported":0,"imported":17.799999237060547,"discharged":4.400000095367432,"maxPv":1.474}
