{"generated":16.899999618530273,"consumed":49.480265625,"exported":0.10000000149011612,"imported":37.29999923706055,"discharged":7.199999809265137,"maxPv":4.812}
