{"generated":61.19999885559082,"consumed":12.3568056640625,"exported":40.79999923706055,"imported":0.10000000149011612,"discharged":9.600000381469727,"maxPv":9.086}
