{"generated":45.29999542236328,"consumed":24.342810546875,"exported":11.600000381469727,"imported":0.10000000149011612,"discharged":4.400000095367432,"maxPv":9.124}
