{"generated":11.699999809265137,"consumed":12.505775390625,"exported":0,"imported":5.699999809265137,"discharged":2.700000047683716,"maxPv":3.845}
