{"generated":9.299999237060547,"consumed":10.9770498046875,"exported":0.10000000149011612,"imported":0.10000000149011612,"discharged":5.300000190734863,"maxPv":5.182}
