{"generated":39.39999961853027,"consumed":36.099999628961086,"exported":0.10000000149011612}
