{"generated":2.5,"consumed":7.85218115234375,"exported":0.10000000149011612,"imported":0.10000000149011612,"discharged":5.400000095367432,"maxPv":2.395}
