{"generated":13.600000381469727,"consumed":13.0598798828125,"exported":0.10000000149011612,"imported":5.300000190734863,"discharged":7.599999904632568,"maxPv":6.293}
