{"generated":57.29999923706055,"consumed":34.05344140625,"exported":6.199999809265137,"imported":0.10000000149011612,"discharged":21.600000381469727,"maxPv":9.386}
