{"generated":1.5,"consumed":8.05356201171875,"exported":0,"imported":0.10000000149011612,"discharged":6.199999809265137,"maxPv":1.854}
