{"generated":4.599999904632568,"consumed":4.97235009765625,"exported":0,"imported":0.10000000149011612,"discharged":3.5,"maxPv":4.055}
