{"generated":37.70000076293945,"consumed":66.7675,"exported":10.199999809265137,"imported":34.9000015258789,"discharged":10.699999809265137,"maxPv":6.869}
