{"generated":38.39999771118164,"consumed":9.839837890625,"exported":22.899999618530273,"imported":0.10000000149011612,"discharged":4.599999904632568,"maxPv":9.192}
