{"generated":0.899999976158142,"consumed":4.852255859375,"exported":0,"imported":0.20000000298023224,"discharged":3.200000047683716,"maxPv":1.88}
