{"generated":65.0999984741211,"consumed":40.18530859375,"exported":19.200000762939453,"imported":0.20000000298023224,"discharged":5,"maxPv":10.557}
