{"generated":53.5,"consumed":26.65942578125,"exported":29.700000762939453,"imported":0.20000000298023224,"discharged":10.399999618530273,"maxPv":11.181}
