{"generated":53.5,"consumed":20.048044921875,"exported":29.899999618530273,"imported":0.20000000298023224,"discharged":5.099999904632568,"maxPv":12.276}
