{"generated":46.0999984741211,"consumed":10.4105927734375,"exported":26.200000762939453,"imported":0.10000000149011612,"discharged":3.4000000953674316,"maxPv":8.432}
