{"generated":59,"consumed":14.5654189453125,"exported":36.20000076293945,"imported":0.4000000059604645,"discharged":24.600000381469727,"maxPv":10.482}
