{"generated":0,"consumed":3.660101318359375,"exported":0.10000000149011612,"imported":0.20000000298023224,"discharged":2.799999952316284,"maxPv":0.066}
