{"generated":66.8000030517578,"consumed":61.82239453125,"exported":2.299999952316284,"imported":0.5,"discharged":15.699999809265137,"maxPv":11.682}
