{"generated":0,"consumed":2.803375732421875,"exported":0,"imported":0.10000000149011612,"discharged":2,"maxPv":0}
