{"generated":40.80000305175781,"consumed":69.6511796875,"exported":18.799999237060547,"imported":46,"discharged":7.199999809265137,"maxPv":7.14}
