{"generated":45.4000015258789,"consumed":12.001517578125,"exported":27.799999237060547,"imported":0.699999988079071,"discharged":23.799999237060547,"maxPv":8.057}
