{"generated":30.900001525878906,"consumed":7.9075712890625,"exported":0.10000000149011612,"imported":19.799999237060547,"discharged":1.2999999523162842,"maxPv":8.324}
