{"generated":41.700000286102295,"consumed":13.2352978515625,"exported":0.20000000298023224,"imported":0.10000000149011612,"discharged":5.099999904632568,"maxPv":12.265}
