{"generated":6.800000190734863,"consumed":6.36325390625,"exported":0,"imported":0.10000000149011612,"discharged":4.300000190734863,"maxPv":7.206}
