{"generated":36,"consumed":68.711,"exported":0.10000000149011612,"imported":32.70000076293945,"discharged":15.199999809265137,"maxPv":5.387}
