{"generated":0.20000000298023224,"consumed":5.49152001953125,"exported":0,"imported":0,"discharged":5,"maxPv":0.984}
