{"generated":18.5,"consumed":8.05235205078125,"exported":0.10000000149011612,"imported":1.600000023841858,"discharged":4.5,"maxPv":10.392}
