{"generated":47.9000015258789,"consumed":9.0884013671875,"exported":13.300000190734863,"imported":0.300000011920929,"discharged":3.9000000953674316,"maxPv":7.937}
