{"generated":63.79999923706055,"consumed":52.2668359375,"exported":11.5,"imported":0.20000000298023224,"discharged":9.399999618530273,"maxPv":8.443}
