{"generated":53.59999990463257,"consumed":22.700000382959843,"exported":18}
