{"generated":3.3000001907348633,"consumed":6.32197998046875,"exported":0,"imported":5.800000190734863,"discharged":0.5,"maxPv":4.72}
