{"generated":36.29999923706055,"consumed":0.6543182983398438,"exported":10.899999618530273,"imported":0.300000011920929,"discharged":9.100000381469727,"maxPv":0}
