{"generated":64.6999969482422,"consumed":20.295013671875,"exported":40.79999923706055,"imported":0.10000000149011612,"discharged":8.699999809265137,"maxPv":8.432}
