{"generated":15.899999618530273,"consumed":17.07378515625,"exported":0.10000000149011612,"imported":0.10000000149011612,"discharged":11.300000190734863,"maxPv":6.009}
