{"generated":63.9000015258789,"consumed":30.8473359375,"exported":27.399999618530273,"imported":0.10000000149011612,"discharged":4.5,"maxPv":9.635}
