{"generated":50.20000457763672,"consumed":18.6260078125,"exported":29.799999237060547,"imported":0.10000000149011612,"discharged":9,"maxPv":12.566}
