{"generated":0.7000000476837158,"consumed":6.4267744140625,"exported":0,"imported":0.20000000298023224,"discharged":5.300000190734863,"maxPv":0.962}
