{"generated":11.90000057220459,"consumed":7.14761572265625,"exported":0.10000000149011612,"imported":6.800000190734863,"discharged":4.400000095367432,"maxPv":10.694}
