{"generated":26.299999237060547,"consumed":7.84447998046875,"exported":13.899999618530273,"imported":0.10000000149011612,"discharged":3.299999952316284,"maxPv":7.388}
