{"generated":21.800000190734863,"consumed":44.60000014305115,"exported":0,"imported":3.799999952316284,"discharged":30.600000381469727,"maxPv":8.495}
