{"generated":25.599998474121094,"consumed":10.6460283203125,"exported":0.10000000149011612,"imported":0.10000000149011612,"discharged":5,"maxPv":9.989}
