{"generated":57.599998474121094,"consumed":17.799997329711914,"exported":37.20000076293945}
