{"generated":56.59999942779541,"consumed":14.22900390625,"exported":34.9000015258789,"imported":0.10000000149011612,"discharged":4.800000190734863,"maxPv":11.511}
