{"generated":37.79999923706055,"consumed":35.83825,"exported":0.20000000298023224,"imported":34.9000015258789,"discharged":17.399999618530273,"maxPv":7.851}
