{"generated":39.29999923706055,"consumed":10.5000849609375,"exported":19.600000381469727,"imported":30.200000762939453,"discharged":3.5,"maxPv":7.52}
