{"generated":9.400000244379044,"consumed":9.700000435113907,"exported":0}
