{"generated":57,"consumed":20.67155078125,"exported":31.299999237060547,"imported":0.20000000298023224,"discharged":5.300000190734863,"maxPv":12.933}
