{"generated":21.69999885559082,"consumed":14.31288671875,"exported":0.10000000149011612,"imported":0.10000000149011612,"discharged":8.199999809265137,"maxPv":5.216}
