{"generated":1.2999999895691872,"consumed":6.90497314453125,"exported":0,"imported":0,"discharged":5.599999904632568,"maxPv":3.331}
