{"generated":21.09999990463257,"consumed":18.144236328125,"exported":0,"imported":0.10000000149011612,"discharged":8.100000381469727,"maxPv":6.306}
