{"generated":3.3999999165534973,"consumed":7.100000061094761,"exported":0}
