{"generated":4.900000095367432,"consumed":23.1356015625,"exported":0,"imported":44.70000076293945,"discharged":13.300000190734863,"maxPv":2.295}
