{"generated":55.70000076293945,"consumed":0.6453241577148437,"exported":38.9000015258789,"imported":0.10000000149011612,"discharged":7,"maxPv":0}
