{"generated":20.5,"consumed":9.3987314453125,"exported":7,"imported":0.10000000149011612,"discharged":3.4000000953674316,"maxPv":8.496}
