{"generated":8.300000190734863,"consumed":8.600000478327274,"exported":0,"imported":0.10000000149011612,"discharged":5.400000095367432,"maxPv":8.146}
