{"generated":19.49999976158142,"consumed":23.399999737739563,"exported":0.10000000149011612}
