{"generated":34.39999771118164,"consumed":11.302896484375,"exported":16.200000762939453,"imported":0.10000000149011612,"discharged":4.099999904632568,"maxPv":9.412}
