{"generated":19.100000381469727,"consumed":16.3468408203125,"exported":0,"imported":25.299999237060547,"discharged":0.5,"maxPv":9.199}
