{"generated":58.20000076293945,"consumed":0.6260960083007813,"exported":41.29999923706055,"imported":0.10000000149011612,"discharged":6.599999904632568,"maxPv":0}
