{"generated":0,"consumed":4.364328125,"exported":0,"imported":0.10000000149011612,"discharged":4.099999904632568,"maxPv":0.068}
