{"generated":2.799999952316284,"consumed":14.5220595703125,"exported":0,"imported":6.400000095367432,"discharged":4.699999809265137,"maxPv":1.265}
