{"generated":39.80000305175781,"consumed":40.4763203125,"exported":0.20000000298023224,"imported":0.300000011920929,"discharged":5.099999904632568,"maxPv":10.832}
