{"generated":0,"consumed":3.5867666015625,"exported":0,"imported":0.20000000298023224,"discharged":3.4000000953674316,"maxPv":0}
