{"generated":10.300000190734863,"consumed":8.4093544921875,"exported":0,"imported":0.10000000149011612,"discharged":4.699999809265137,"maxPv":11.101}
