{"generated":25,"consumed":26.0421640625,"exported":0.10000000149011612,"imported":0.4000000059604645,"discharged":18.299999237060547,"maxPv":6.533}
