{"generated":3.299999713897705,"consumed":8.118123046875,"exported":0,"imported":0,"discharged":5.699999809265137,"maxPv":4.893}
