{"generated":65.6999969482422,"consumed":28.5600078125,"exported":28.299999237060547,"imported":0.20000000298023224,"discharged":3.5999999046325684,"maxPv":8.952}
