{"generated":38.69999980926514,"consumed":49.99999990314245,"exported":0.10000000149011612,"imported":3.9000000953674316,"discharged":30.600000381469727,"maxPv":9.057}
