{"generated":29.80000114440918,"consumed":10.3538916015625,"exported":15.600000381469727,"imported":0.10000000149011612,"discharged":3.9000000953674316,"maxPv":10.603}
