{"generated":25,"consumed":18.37175390625,"exported":0.10000000149011612,"imported":0.10000000149011612,"discharged":4.400000095367432,"maxPv":5.645}
