{"generated":52.0999984741211,"consumed":11.091060546875,"exported":30.299999237060547,"imported":0.10000000149011612,"discharged":3.700000047683716,"maxPv":9.785}
