{"generated":0.5,"consumed":3.51436962890625,"exported":0,"imported":0.10000000149011612,"discharged":3,"maxPv":2.467}
