{"generated":4.999999523162842,"consumed":6.393494140625,"exported":0.10000000149011612,"imported":0.10000000149011612,"discharged":4.300000190734863,"maxPv":3.758}
