{"generated":8.600000381469727,"consumed":9.743607421875,"exported":0,"imported":0.10000000149011612,"discharged":5.300000190734863,"maxPv":6.168}
