{"generated":3.1999998092651367,"consumed":6.1758955078125,"exported":0,"imported":0.10000000149011612,"discharged":4.099999904632568,"maxPv":3.605}
