{"generated":13.199999809265137,"consumed":14.056083984375,"exported":0,"imported":0.4000000059604645,"discharged":6.699999809265137,"maxPv":7.797}
