{"generated":1,"consumed":6.86074951171875,"exported":0.10000000149011612,"imported":0.10000000149011612,"discharged":6.099999904632568,"maxPv":1.245}
