{"generated":34,"consumed":22.439642578125,"exported":10.800000190734863,"imported":0.300000011920929,"discharged":14.600000381469727,"maxPv":8.197}
