{"generated":0,"consumed":4.44054638671875,"exported":0,"imported":0.20000000298023224,"discharged":3.5,"maxPv":0.069}
