{"generated":24.5,"consumed":8.613400390625,"exported":0.10000000149011612,"imported":0.10000000149011612,"discharged":3.700000047683716,"maxPv":8.18}
