{"generated":2,"consumed":6.4449736328125,"exported":0,"imported":0.10000000149011612,"discharged":3.9000000953674316,"maxPv":2.981}
