{"generated":16.200000762939453,"consumed":35.6904296875,"exported":0.10000000149011612,"imported":20.700000762939453,"discharged":7.800000190734863,"maxPv":5.277}
