{"generated":1.5,"consumed":18.887369140625,"exported":0.10000000149011612,"imported":13.5,"discharged":4.300000190734863,"maxPv":2.666}
