{"generated":19.200000762939453,"consumed":47.47788671875,"exported":0.10000000149011612,"imported":33.9000015258789,"discharged":4.099999904632568,"maxPv":6.163}
