{"generated":9.699999809265137,"consumed":33.362328125,"exported":0,"imported":17.899999618530273,"discharged":7.300000190734863,"maxPv":6.564}
