{"generated":0,"consumed":1.8121201171875,"exported":0,"imported":1.600000023841858,"discharged":1.600000023841858,"maxPv":0}
