{"generated":30,"consumed":15.92855859375,"exported":7.5,"imported":0.20000000298023224,"discharged":3.0999999046325684,"maxPv":8.423}
