{"generated":40.99999952316284,"consumed":20.80000028759241,"exported":13.899999618530273}
