{"generated":57,"consumed":12.6918310546875,"exported":40.20000076293945,"imported":0.10000000149011612,"discharged":4,"maxPv":11.16}
