{"generated":30,"consumed":16.572708984375,"exported":2.5,"imported":0.20000000298023224,"discharged":3.299999952316284,"maxPv":11.092}
