{"generated":0.5000000149011612,"consumed":7.3000002056360245,"exported":0,"imported":0,"discharged":6.800000190734863,"maxPv":0.447}
