{"generated":44.60000228881836,"consumed":15.294626953125,"exported":23.399999618530273,"imported":0.20000000298023224,"discharged":5.199999809265137,"maxPv":13.502}
