{"generated":3.8999998569488525,"consumed":7.555830078125,"exported":0.10000000149011612,"imported":0.10000000149011612,"discharged":5.699999809265137,"maxPv":2.508}
