{"generated":11.399999618530273,"consumed":8.339818359375,"exported":0.10000000149011612,"imported":0.10000000149011612,"discharged":4,"maxPv":11.792}
