{"generated":0,"consumed":3.15700146484375,"exported":0,"imported":0.20000000298023224,"discharged":2.299999952316284,"maxPv":0}
