{"generated":35.70000076293945,"consumed":11.547908203125,"exported":3.5,"imported":3.4000000953674316,"discharged":4.199999809265137,"maxPv":11.187}
