{"generated":11.90000057220459,"consumed":11.6945615234375,"exported":0,"imported":2.299999952316284,"discharged":5.199999809265137,"maxPv":5.228}
