{"generated":62.299999237060554,"consumed":29.80352734375,"exported":26.799999237060547,"imported":0.300000011920929,"discharged":8.199999809265137,"maxPv":11.393}
