{"generated":38.0999984741211,"consumed":15.747654296875,"exported":15.899999618530273,"imported":0.20000000298023224,"discharged":6.199999809265137,"maxPv":10.981}
