{"generated":36.59999990463257,"consumed":36.90000009536743,"exported":0.20000000298023224,"imported":0.20000000298023224,"discharged":7.800000190734863,"maxPv":11.096}
