{"generated":4.299999892711639,"consumed":6.893009765625,"exported":0.10000000149011612,"imported":0,"discharged":5.099999904632568,"maxPv":6.359}
