{"generated":0.10000000149011612,"consumed":5.48790625,"exported":0,"imported":0,"discharged":5.099999904632568,"maxPv":0.103}
