{"generated":43.4000015258789,"consumed":1.0183563232421875,"exported":25.200000762939453,"imported":0.20000000298023224,"discharged":8.5,"maxPv":0}
