{"generated":5.199999809265137,"consumed":8.2132734375,"exported":0,"imported":0.10000000149011612,"discharged":5.599999904632568,"maxPv":5.855}
