{"generated":39.89999771118164,"consumed":9.053025390625,"exported":26.100000381469727,"imported":0.10000000149011612,"discharged":3.299999952316284,"maxPv":7.388}
