{"generated":2.4000000953674316,"consumed":5.78612548828125,"exported":0,"imported":0.300000011920929,"discharged":4.199999809265137,"maxPv":2.527}
