{"generated":3.5999999791383743,"consumed":6.499999836087227,"exported":0}
