{"generated":44,"consumed":21.81851953125,"exported":0.10000000149011612,"imported":0.20000000298023224,"discharged":5.5,"maxPv":7.802}
