{"generated":20.5,"consumed":8.05732666015625,"exported":6.699999809265137,"imported":0.20000000298023224,"discharged":3.799999952316284,"maxPv":9.694}
