{"generated":26.5,"consumed":20.889173828125,"exported":0.10000000149011612,"imported":0.20000000298023224,"discharged":4.900000095367432,"maxPv":6.11}
