{"generated":0.300000011920929,"consumed":5.61152392578125,"exported":0,"imported":0.10000000149011612,"discharged":4.800000190734863,"maxPv":0.923}
