{"generated":21.399999618530273,"consumed":13.970625,"exported":0,"imported":4.599999904632568,"discharged":4.099999904632568,"maxPv":5.582}
