{"generated":0,"consumed":0.5794263305664062,"exported":0,"imported":12,"discharged":0.600000023841858,"maxPv":0}
