{"generated":64.79999732971191,"consumed":11.5867041015625,"exported":30.899999618530273,"imported":0.20000000298023224,"discharged":10.899999618530273,"maxPv":11.424}
