{"generated":35.20000076293945,"consumed":8.9453515625,"exported":20.399999618530273,"imported":0.10000000149011612,"discharged":3.5999999046325684,"maxPv":12.666}
