{"generated":20,"consumed":15.612841796875,"exported":0,"imported":0.10000000149011612,"discharged":9.399999618530273,"maxPv":0}
