{"generated":0.899999976158142,"consumed":3.990623291015625,"exported":0,"imported":0.10000000149011612,"discharged":2.5999999046325684,"maxPv":2.139}
