{"generated":0,"consumed":2.8834638671875,"exported":0,"imported":0,"discharged":3.299999952316284,"maxPv":0}
