{"generated":3.8000001907348633,"consumed":16.485521484375,"exported":0.10000000149011612,"imported":7.400000095367432,"discharged":5.800000190734863,"maxPv":2.294}
