{"generated":0.8000000715255737,"consumed":4.59600537109375,"exported":0,"imported":0.20000000298023224,"discharged":3.4000000953674316,"maxPv":2.997}
