{"generated":51.9000015258789,"consumed":18.069443359375,"exported":29,"imported":0.600000023841858,"discharged":25.200000762939453,"maxPv":9.989}
