{"generated":17.799999237060547,"consumed":14.5229111328125,"exported":0.10000000149011612,"imported":5.099999904632568,"discharged":4.099999904632568,"maxPv":4.783}
