{"generated":56.19999980926514,"consumed":32.89999923855067,"exported":34.9000015258789}
