{"generated":0,"consumed":0.6669876708984375,"exported":0,"imported":0.10000000149011612,"discharged":0.5,"maxPv":0}
