{"generated":7.299999713897705,"consumed":8.321298828125,"exported":0.10000000149011612,"imported":0.10000000149011612,"discharged":5.699999809265137,"maxPv":4.428}
