{"generated":0.20000000298023224,"consumed":6.12184130859375,"exported":0,"imported":7.5,"discharged":5.5,"maxPv":0.192}
