{"generated":41.79999923706055,"consumed":10.503224609375,"exported":3.9000000953674316,"imported":0.10000000149011612,"discharged":4.5,"maxPv":8.491}
