{"generated":19.299999237060547,"consumed":8.736509765625,"exported":5.199999809265137,"imported":0.10000000149011612,"discharged":4.599999904632568,"maxPv":8.111}
