{"generated":59.0999984741211,"consumed":48.95277734375,"exported":3.299999952316284,"imported":0.20000000298023224,"discharged":3.799999952316284,"maxPv":10.271}
