{"generated":0.600000023841858,"consumed":5.86918603515625,"exported":0,"imported":0.20000000298023224,"discharged":4.099999904632568,"maxPv":1.134}
