{"generated":0,"consumed":3.535841552734375,"exported":0,"imported":3.5999999046325684,"discharged":0,"maxPv":0}
