{"generated":3.5,"consumed":6.59766015625,"exported":0.10000000149011612,"imported":5.300000190734863,"discharged":0,"maxPv":3.253}
