{"generated":55.5999984741211,"consumed":19.76303125,"exported":30,"imported":0.20000000298023224,"discharged":7.5,"maxPv":11.611}
