{"generated":20.80000114440918,"consumed":16.0244775390625,"exported":0.10000000149011612,"imported":0.10000000149011612,"discharged":6.800000190734863,"maxPv":6.921}
