{"generated":3,"consumed":6.5731982421875,"exported":0,"imported":0.10000000149011612,"discharged":5.800000190734863,"maxPv":5.316}
