{"generated":21.200000762939453,"consumed":22.97024609375,"exported":0.20000000298023224,"imported":0.20000000298023224,"discharged":11.899999618530273,"maxPv":9.928}
