{"generated":10.399999618530273,"consumed":20.965876953125,"exported":0,"imported":6.5,"discharged":7.699999809265137,"maxPv":11.543}
