{"generated":1.5999999046325684,"consumed":7.35088232421875,"exported":0,"imported":4.599999904632568,"discharged":5.400000095367432,"maxPv":4.07}
