{"generated":44.29999923706055,"consumed":10.969103515625,"exported":27.899999618530273,"imported":0.10000000149011612,"discharged":3.5999999046325684,"maxPv":12.342}
