{"generated":37.9000015258789,"consumed":11.909193359375,"exported":19.399999618530273,"imported":0.10000000149011612,"discharged":4.099999904632568,"maxPv":8.821}
