{"generated":63.9000015258789,"consumed":0.7031448974609374,"exported":26.200000762939453,"imported":0.20000000298023224,"discharged":13.199999809265137,"maxPv":0}
