{"generated":12.800000190734863,"consumed":9.0727744140625,"exported":0,"imported":4.599999904632568,"discharged":1.899999976158142,"maxPv":5.179}
