{"generated":63.79999923706055,"consumed":11.9543095703125,"exported":46.79999923706055,"imported":0.10000000149011612,"discharged":3,"maxPv":9.102}
