{"generated":13.899999618530273,"consumed":20.71575,"exported":0.10000000149011612,"imported":2,"discharged":13.100000381469727,"maxPv":7.09}
