{"generated":35.19999885559082,"consumed":31.79999876022339,"exported":2.9000000953674316}
