{"generated":0,"consumed":3.49980126953125,"exported":0,"imported":0.300000011920929,"discharged":3.200000047683716,"maxPv":0}
