{"generated":36,"consumed":11.0900458984375,"exported":20.700000762939453,"imported":0.10000000149011612,"discharged":3.299999952316284,"maxPv":11.679}
