{"generated":5,"consumed":6.5178095703125,"exported":0,"imported":0.10000000149011612,"discharged":3.9000000953674316,"maxPv":4.069}
