{"generated":11.799999237060547,"consumed":10.616296875,"exported":0.10000000149011612,"imported":5.800000190734863,"discharged":0.4000000059604645,"maxPv":8.356}
