{"generated":6.699999809265137,"consumed":7.78083642578125,"exported":0,"imported":0.20000000298023224,"discharged":3.9000000953674316,"maxPv":11.609}
