{"generated":0,"consumed":2.339020263671875,"exported":0,"imported":0,"discharged":2.799999952316284,"maxPv":0}
