{"generated":23.5,"consumed":11.4577333984375,"exported":0.10000000149011612,"imported":0.20000000298023224,"discharged":5.099999904632568,"maxPv":5.916}
