{"generated":23.80000114440918,"consumed":40.1084921875,"exported":0.300000011920929,"imported":32.0999984741211,"discharged":0.600000023841858,"maxPv":10.34}
