{"generated":43.19999694824219,"consumed":11.287216796875,"exported":26.600000381469727,"imported":0.10000000149011612,"discharged":3.9000000953674316,"maxPv":12.666}
