{"generated":37.4000015258789,"consumed":15.358072265625,"exported":13,"imported":0.5,"discharged":4.300000190734863,"maxPv":11.049}
