{"generated":56.0999984741211,"consumed":15.1902744140625,"exported":35.5,"imported":0.20000000298023224,"discharged":4.800000190734863,"maxPv":11.593}
