{"generated":0.5,"consumed":5.35276953125,"exported":0,"imported":5.599999904632568,"discharged":0.600000023841858,"maxPv":2.144}
