{"generated":53.29999923706055,"consumed":10.9296201171875,"exported":39.20000076293945,"imported":0.10000000149011612,"discharged":3.700000047683716,"maxPv":12.068}
