{"generated":9.5,"consumed":11.6205810546875,"exported":0.10000000149011612,"imported":0.10000000149011612,"discharged":5.699999809265137,"maxPv":5.182}
