{"generated":40.4000015258789,"consumed":63.7983515625,"exported":18.700000762939453,"imported":46,"discharged":2.0999999046325684,"maxPv":7.14}
