{"generated":3.3999998569488525,"consumed":5.42028125,"exported":0,"imported":0.10000000149011612,"discharged":4.699999809265137,"maxPv":2.68}
