{"generated":24.80000114440918,"consumed":9.0414423828125,"exported":3.0999999046325684,"imported":0.20000000298023224,"discharged":3.0999999046325684,"maxPv":7.287}
