{"generated":3.3000001087784767,"consumed":11.1305,"exported":0,"imported":0,"discharged":8.100000381469727,"maxPv":3.706}
