{"generated":0,"consumed":2.277310302734375,"exported":0,"imported":0.300000011920929,"discharged":2.0999999046325684,"maxPv":0}
