{"generated":45,"consumed":24.01276171875,"exported":22.299999237060547,"imported":0.20000000298023224,"discharged":13,"maxPv":12.974}
