{"generated":26.100000381469727,"consumed":8.6268876953125,"exported":0.10000000149011612,"imported":1.600000023841858,"discharged":4.5,"maxPv":10.392}
