{"generated":49.39999771118164,"consumed":18.4254140625,"exported":26.5,"imported":0.20000000298023224,"discharged":7.699999809265137,"maxPv":13.009}
