{"generated":46.79999923706055,"consumed":11.5205458984375,"exported":28.200000762939453,"imported":0.10000000149011612,"discharged":3.9000000953674316,"maxPv":10.891}
