{"generated":44.4000015258789,"consumed":11.56439453125,"exported":28.100000381469727,"imported":0.10000000149011612,"discharged":3.700000047683716,"maxPv":12.155}
