{"generated":16.899999618530273,"consumed":37.782515625,"exported":0.10000000149011612,"imported":26.100000381469727,"discharged":3.9000000953674316,"maxPv":5.453}
