{"generated":61.4000015258789,"consumed":14.898515625,"exported":46,"imported":0.4000000059604645,"discharged":14.899999618530273,"maxPv":8.775}
