{"generated":31.700000762939453,"consumed":11.8594384765625,"exported":8.699999809265137,"imported":0.20000000298023224,"discharged":4.199999809265137,"maxPv":12.665}
