{"generated":0.5,"consumed":7.0002236328125,"exported":0,"imported":0,"discharged":6.099999904632568,"maxPv":1.309}
