{"generated":48.79999542236328,"consumed":36.82396875,"exported":5.400000095367432,"imported":0.10000000149011612,"discharged":4,"maxPv":9.841}
