{"generated":56.19999980926514,"consumed":31.999997712671764,"exported":34.9000015258789}
