{"generated":51.69999694824219,"consumed":11.628787109375,"exported":34.4000015258789,"imported":0.300000011920929,"discharged":23.399999618530273,"maxPv":9.123}
