{"generated":65.5,"consumed":21.1971796875,"exported":41.79999923706055,"imported":0.10000000149011612,"discharged":9.199999809265137,"maxPv":10.95}
