{"generated":17,"consumed":18.163666015625,"exported":0.10000000149011612,"imported":0.10000000149011612,"discharged":9.399999618530273,"maxPv":4.613}
