{"generated":23,"consumed":13.1044072265625,"exported":6.300000190734863,"imported":0.20000000298023224,"discharged":4.800000190734863,"maxPv":10.944}
