{"generated":0,"consumed":4.11212744140625,"exported":0,"imported":6.800000190734863,"discharged":3.9000000953674316,"maxPv":0.069}
