{"generated":59.69999980926514,"consumed":24.384228515625,"exported":22.5,"imported":0.10000000149011612,"discharged":12.199999809265137,"maxPv":9.657}
