{"generated":60,"consumed":11.2028330078125,"exported":43.5999984741211,"imported":0.20000000298023224,"discharged":3.200000047683716,"maxPv":8.7}
