{"generated":0,"consumed":6.067306640625,"exported":0,"imported":0,"discharged":5.699999809265137,"maxPv":0.075}
