{"generated":19.80000114440918,"consumed":14.1770966796875,"exported":2.700000047683716,"imported":0.20000000298023224,"discharged":4.300000190734863,"maxPv":11.961}
