{"generated":62.0999984741211,"consumed":10.33730078125,"exported":47.20000076293945,"imported":0.10000000149011612,"discharged":2.9000000953674316,"maxPv":8.834}
