{"generated":30.5,"consumed":10.213705078125,"exported":13.199999809265137,"imported":0.10000000149011612,"discharged":4.800000190734863,"maxPv":10.051}
