{"generated":13.100000381469727,"consumed":14.0598544921875,"exported":0,"imported":2.299999952316284,"discharged":6.400000095367432,"maxPv":5.228}
