{"generated":14.000000953674316,"consumed":9.1219580078125,"exported":0.10000000149011612,"imported":0.10000000149011612,"discharged":4.800000190734863,"maxPv":6.921}
