{"generated":35.0999984741211,"consumed":11.0267138671875,"exported":20.100000381469727,"imported":0.10000000149011612,"discharged":3.9000000953674316,"maxPv":10.603}
