{"generated":4.400000095367432,"consumed":10.62870703125,"exported":0,"imported":7.5,"discharged":6.099999904632568,"maxPv":2.91}
