{"generated":23.899999618530273,"consumed":19.404673828125,"exported":0.20000000298023224,"imported":0.4000000059604645,"discharged":3.799999952316284,"maxPv":11.803}
