{"generated":0.300000011920929,"consumed":5.888375,"exported":0,"imported":0,"discharged":5.300000190734863,"maxPv":1.515}
