{"generated":46.4000015258789,"consumed":20.31690625,"exported":24.100000381469727,"imported":0.20000000298023224,"discharged":8.800000190734863,"maxPv":13.502}
