{"generated":14.399999618530273,"consumed":9.84441796875,"exported":0.10000000149011612,"imported":0.10000000149011612,"discharged":5.599999904632568,"maxPv":7.901}
