{"generated":0.900000035762787,"consumed":5.37013232421875,"exported":0.10000000149011612,"imported":0.10000000149011612,"discharged":4.5,"maxPv":1.814}
