{"generated":51.5999984741211,"consumed":16.128748046875,"exported":33.0999984741211,"imported":0.20000000298023224,"discharged":7.300000190734863,"maxPv":9.694}
