{"generated":27.799999237060547,"consumed":22.988318359375,"exported":0.10000000149011612,"imported":0.10000000149011612,"discharged":4.400000095367432,"maxPv":8.854}
