{"generated":65.10000610351562,"consumed":26.140783203125,"exported":33.20000076293945,"imported":0.10000000149011612,"discharged":5.5,"maxPv":8.577}
