{"generated":0.20000000298023224,"consumed":5.9079990234375,"exported":0,"imported":0,"discharged":5,"maxPv":0.466}
