{"generated":34.29999923706055,"consumed":19.904052734375,"exported":7.300000190734863,"imported":0.10000000149011612,"discharged":5.199999809265137,"maxPv":8.843}
