{"generated":12.799999237060547,"consumed":8.6590712890625,"exported":0.10000000149011612,"imported":0.10000000149011612,"discharged":5.099999904632568,"maxPv":12.165}
