{"generated":9.699999809265137,"consumed":7.0810849609375,"exported":0.10000000149011612,"imported":0.10000000149011612,"discharged":4.099999904632568,"maxPv":4.78}
