{"generated":11,"consumed":14.47307421875,"exported":0.10000000149011612,"imported":6.800000190734863,"discharged":7.599999904632568,"maxPv":6.596}
