{"generated":0,"consumed":2.474110107421875,"exported":0,"imported":2.9000000953674316,"discharged":0,"maxPv":0}
