{"generated":27.200000762939453,"consumed":20.200000286102295,"exported":0.10000000149011612}
