{"generated":58.79999923706055,"consumed":42.81046484375,"exported":8.800000190734863,"imported":0.4000000059604645,"discharged":6.099999904632568,"maxPv":11.109}
