{"generated":33.29999923706055,"consumed":15.493154296875,"exported":19.100000381469727,"imported":9.600000381469727,"discharged":25.100000381469727,"maxPv":13.091}
