{"generated":0,"consumed":3.095138671875,"exported":0,"imported":4.099999904632568,"discharged":2.5999999046325684,"maxPv":0}
