{"generated":64.5999984741211,"consumed":16.392912109375,"exported":45.70000076293945,"imported":0.10000000149011612,"discharged":6,"maxPv":8.777}
