{"generated":53.5999984741211,"consumed":40.339859375,"exported":5,"imported":0.4000000059604645,"discharged":23.200000762939453,"maxPv":12.01}
