{"generated":29.499998092651367,"consumed":26.36835546875,"exported":0.20000000298023224,"imported":0.20000000298023224,"discharged":15.100000381469727,"maxPv":9.754}
