{"generated":57.79999923706055,"consumed":15.132759765625,"exported":35.5999984741211,"imported":0.10000000149011612,"discharged":5.5,"maxPv":8.57}
