{"generated":41.20000076293945,"consumed":11.500000476837158,"exported":24}
