{"generated":0,"consumed":4.04170849609375,"exported":0.10000000149011612,"imported":0,"discharged":4.699999809265137,"maxPv":0}
