{"generated":55.60000228881836,"consumed":40.2753359375,"exported":7,"imported":0.20000000298023224,"discharged":6.900000095367432,"maxPv":11.404}
