{"generated":56.9000015258789,"consumed":44.20099609375,"exported":5.900000095367432,"imported":0.10000000149011612,"discharged":4.099999904632568,"maxPv":9.841}
