{"generated":13.90000057220459,"consumed":11.0509873046875,"exported":0.10000000149011612,"imported":5.400000095367432,"discharged":0.300000011920929,"maxPv":8.155}
