{"generated":64.1999969482422,"consumed":14.888732421875,"exported":40.79999923706055,"imported":0.10000000149011612,"discharged":4.199999809265137,"maxPv":8.432}
