{"generated":11.300000190734863,"consumed":9.0168720703125,"exported":0.10000000149011612,"imported":5.400000095367432,"discharged":0,"maxPv":8.155}
