{"generated":56.0999984741211,"consumed":14.6998759765625,"exported":36.0999984741211,"imported":0.10000000149011612,"discharged":5.199999809265137,"maxPv":11.101}
