{"generated":22.5,"consumed":18.655794921875,"exported":0.10000000149011612,"imported":0.20000000298023224,"discharged":8.600000381469727,"maxPv":7.49}
