{"generated":62.0999984741211,"consumed":27.155322265625,"exported":22.100000381469727,"imported":0.4000000059604645,"discharged":10.800000190734863,"maxPv":9.047}
