{"generated":67.3000030517578,"consumed":18.542353515625,"exported":41.9000015258789,"imported":0.10000000149011612,"discharged":4.300000190734863,"maxPv":8.821}
