{"generated":57.70000076293945,"consumed":46.80367578125,"exported":3.0999999046325684,"imported":0.20000000298023224,"discharged":3,"maxPv":10.271}
