{"generated":16.200000762939453,"consumed":8.736486328125,"exported":0,"imported":4.099999904632568,"discharged":4.099999904632568,"maxPv":6.666}
