{"generated":41.4000015258789,"consumed":11.2713017578125,"exported":18,"imported":19.799999237060547,"discharged":21.100000381469727,"maxPv":8.324}
