{"generated":0,"consumed":21.848609375,"exported":0.10000000149011612,"imported":0.20000000298023224,"discharged":21,"maxPv":0}
