{"generated":0.7000000476837158,"consumed":5.80022607421875,"exported":0,"imported":0.20000000298023224,"discharged":3.9000000953674316,"maxPv":1.486}
