{"generated":0,"consumed":0.543939697265625,"exported":0,"imported":0.20000000298023224,"discharged":0.5,"maxPv":0}
