{"generated":37.70000076293945,"consumed":10.1932626953125,"exported":14.399999618530273,"imported":0.20000000298023224,"discharged":3.0999999046325684,"maxPv":7.287}
