{"generated":5.400000095367432,"consumed":6.65834228515625,"exported":0,"imported":0.300000011920929,"discharged":3.4000000953674316,"maxPv":3.737}
