{"generated":0,"consumed":1.571885009765625,"exported":0,"imported":0,"discharged":2.0999999046325684,"maxPv":0}
