{"generated":24.200000762939453,"consumed":8.1002646484375,"exported":11.800000190734863,"imported":0.10000000149011612,"discharged":3.700000047683716,"maxPv":11.792}
