{"generated":21.69999885559082,"consumed":9.464447265625,"exported":5.400000095367432,"imported":0.10000000149011612,"discharged":4.800000190734863,"maxPv":10.051}
