{"generated":18.5,"consumed":25.858810546875,"exported":0.10000000149011612,"imported":14.199999809265137,"discharged":4,"maxPv":5.327}
