{"generated":7.300000190734863,"consumed":10.003986328125,"exported":0,"imported":0,"discharged":5.699999809265137,"maxPv":4.639}
