{"generated":16.30000114440918,"consumed":20.965111328125,"exported":0.20000000298023224,"imported":13.699999809265137,"discharged":9,"maxPv":4.665}
