{"generated":64.5,"consumed":16.3822236328125,"exported":43.5999984741211,"imported":0.5,"discharged":3.5,"maxPv":9.004}
