{"generated":13.899999618530273,"consumed":17.994048828125,"exported":0.10000000149011612,"imported":0.20000000298023224,"discharged":12,"maxPv":7.09}
