{"generated":31.69999885559082,"consumed":9.6275830078125,"exported":9.199999809265137,"imported":0.20000000298023224,"discharged":3.0999999046325684,"maxPv":7.287}
