{"generated":0,"consumed":4.08458203125,"exported":0,"imported":0.4000000059604645,"discharged":3.200000047683716,"maxPv":0.027}
