{"generated":66.4000015258789,"consumed":25.23508203125,"exported":42.79999923706055,"imported":0.10000000149011612,"discharged":12.199999809265137,"maxPv":9.168}
