{"generated":57.10000228881836,"consumed":13.3068916015625,"exported":40.29999923706055,"imported":0.10000000149011612,"discharged":4.599999904632568,"maxPv":11.16}
