{"generated":5.200000286102295,"consumed":7.52089697265625,"exported":0,"imported":0.20000000298023224,"discharged":4.699999809265137,"maxPv":7.839}
