{"generated":0,"consumed":2.451729248046875,"exported":0,"imported":15.699999809265137,"discharged":2.299999952316284,"maxPv":0}
