{"generated":45.69999694824219,"consumed":11.8405478515625,"exported":28.600000381469727,"imported":0.10000000149011612,"discharged":3.799999952316284,"maxPv":11.412}
