{"generated":21.30000114440918,"consumed":53.86927734375,"exported":0.4000000059604645,"imported":60,"discharged":9.100000381469727,"maxPv":8.709}
