{"generated":0,"consumed":5.049931640625,"exported":0,"imported":0,"discharged":5.300000190734863,"maxPv":0.061}
