{"generated":0,"consumed":7.00824853515625,"exported":0,"imported":32.20000076293945,"discharged":0,"maxPv":0}
