{"generated":55.19999694824219,"consumed":24.445107421875,"exported":24,"imported":0.10000000149011612,"discharged":4.300000190734863,"maxPv":8.975}
