{"generated":46.19999980926514,"consumed":19.99999962002039,"exported":8.300000190734863}
