{"generated":27.600000381469727,"consumed":13.2857177734375,"exported":7.900000095367432,"imported":0.10000000149011612,"discharged":5.400000095367432,"maxPv":10.502}
