{"generated":17.700000762939453,"consumed":13.5710185546875,"exported":0,"imported":0.10000000149011612,"discharged":7.699999809265137,"maxPv":5.664}
