{"generated":45.70000076293945,"consumed":11.7908466796875,"exported":23.100000381469727,"imported":12,"discharged":18.799999237060547,"maxPv":10.752}
