{"generated":0,"consumed":1.68494482421875,"exported":0,"imported":18.100000381469727,"discharged":1.5,"maxPv":0}
