{"generated":0.300000011920929,"consumed":6.34096533203125,"exported":0,"imported":6,"discharged":0,"maxPv":0.718}
