{"generated":41.000000953674316,"consumed":43.10000096261501,"exported":0.20000000298023224}
