{"generated":0.10000000149011612,"consumed":4.6483876953125,"exported":0,"imported":0.300000011920929,"discharged":3.5,"maxPv":0.097}
