{"generated":13.5,"consumed":7.2841240234375,"exported":0.699999988079071,"imported":0.10000000149011612,"discharged":3.5,"maxPv":6.903}
