{"generated":46.30000305175781,"consumed":10.0377529296875,"exported":11.300000190734863,"imported":0.20000000298023224,"discharged":3.700000047683716,"maxPv":8.638}
