{"generated":4.199999809265137,"consumed":37.42408203125,"exported":0,"imported":31.899999618530273,"discharged":0.600000023841858,"maxPv":6.958}
