{"generated":21.099998474121094,"consumed":17.48770703125,"exported":0.10000000149011612,"imported":5.900000095367432,"discharged":5.900000095367432,"maxPv":5.485}
