{"generated":5.30000002682209,"consumed":6.599999979138374,"exported":0}
