{"generated":46.20000076293945,"consumed":23.7762109375,"exported":0.899999976158142,"imported":10.399999618530273,"discharged":8.699999809265137,"maxPv":8.076}
