{"generated":49.4000015258789,"consumed":14.7471845703125,"exported":26.200000762939453,"imported":0.20000000298023224,"discharged":5.300000190734863,"maxPv":11.611}
