{"generated":0,"consumed":1.434937255859375,"exported":0,"imported":5.699999809265137,"discharged":1,"maxPv":0}
