{"generated":66.6999969482422,"consumed":18.690359375,"exported":43.20000076293945,"imported":0.10000000149011612,"discharged":6,"maxPv":8.802}
