{"generated":1,"consumed":5.54957861328125,"exported":0,"imported":5.699999809265137,"discharged":0.4000000059604645,"maxPv":1.914}
