{"generated":0,"consumed":1.9122286376953126,"exported":0,"imported":2.9000000953674316,"discharged":0,"maxPv":0}
