{"generated":8.500000089406967,"consumed":12.499999947845936,"exported":0}
