{"generated":36.0999984741211,"consumed":12.74166015625,"exported":20,"imported":0.10000000149011612,"discharged":4.599999904632568,"maxPv":11.792}
