{"generated":6.699999809265137,"consumed":7.409673828125,"exported":0.10000000149011612,"imported":0.10000000149011612,"discharged":4.5,"maxPv":4.228}
