{"generated":21.30000114440918,"consumed":55.21314453125,"exported":0.4000000059604645,"imported":60,"discharged":10.399999618530273,"maxPv":8.709}
