{"generated":57.79999923706055,"consumed":13.117755859375,"exported":39.5999984741211,"imported":0.10000000149011612,"discharged":3.4000000953674316,"maxPv":8.796}
