{"generated":1.5999999046325684,"consumed":6.62462451171875,"exported":0,"imported":0,"discharged":4.900000095367432,"maxPv":2.129}
