{"generated":33.79999923706055,"consumed":18.0133828125,"exported":17,"imported":0.20000000298023224,"discharged":27.5,"maxPv":0.171}
