{"generated":13.800000190734863,"consumed":9.6328505859375,"exported":0.10000000149011612,"imported":0.10000000149011612,"discharged":4.5,"maxPv":6.859}
