{"generated":20.299999237060547,"consumed":39.62998046875,"exported":0,"imported":26,"discharged":3.700000047683716,"maxPv":5.487}
