{"generated":19.299999237060547,"consumed":7.982775390625,"exported":6.699999809265137,"imported":0.10000000149011612,"discharged":3.799999952316284,"maxPv":9.8}
