{"generated":11.600000381469727,"consumed":8.022421875,"exported":0.20000000298023224,"imported":0.300000011920929,"discharged":5.800000190734863,"maxPv":7.674}
