{"generated":11.899999618530273,"consumed":35.42788671875,"exported":0,"imported":36.9000015258789,"discharged":0,"maxPv":10.062}
