{"generated":37.5,"consumed":13.1495556640625,"exported":7.5,"imported":0.10000000149011612,"discharged":3.200000047683716,"maxPv":7.259}
