{"generated":4.099999904632568,"consumed":6.84851025390625,"exported":0,"imported":0,"discharged":4.599999904632568,"maxPv":4.216}
