{"generated":41.000000953674316,"consumed":39.60000096261501,"exported":0.20000000298023224}
