{"generated":3.799999713897705,"consumed":5.85253173828125,"exported":0,"imported":0.10000000149011612,"discharged":3.5999999046325684,"maxPv":7.6}
