{"generated":38.29999923706055,"consumed":14.795521484375,"exported":0.10000000149011612,"imported":0.20000000298023224,"discharged":4,"maxPv":7.802}
