{"generated":0,"consumed":1.1956331787109375,"exported":0,"imported":0.10000000149011612,"discharged":1.899999976158142,"maxPv":0}
