{"generated":6.399999916553497,"consumed":7.34955224609375,"exported":0,"imported":0.10000000149011612,"discharged":5,"maxPv":6.111}
