{"generated":23.5,"consumed":13.7020556640625,"exported":1.600000023841858,"imported":0.10000000149011612,"discharged":4.699999809265137,"maxPv":5.617}
