{"generated":34.5999984741211,"consumed":14.3033759765625,"exported":16.200000762939453,"imported":0.10000000149011612,"discharged":6.699999809265137,"maxPv":9.412}
