{"generated":0,"consumed":31.50000035762787,"exported":0,"imported":17.700000762939453,"discharged":14.899999618530273,"maxPv":0.204}
