{"generated":18.5,"consumed":9.85283984375,"exported":0,"imported":0.10000000149011612,"discharged":6.800000190734863,"maxPv":7.351}
