{"generated":40.80000305175781,"consumed":66.87303125,"exported":18.799999237060547,"imported":46,"discharged":4.599999904632568,"maxPv":7.14}
