{"generated":10.399999618530273,"consumed":17.7971171875,"exported":0,"imported":3.9000000953674316,"discharged":6.300000190734863,"maxPv":11.543}
