{"generated":5.099999904632568,"consumed":23.869392578125,"exported":0.10000000149011612,"imported":17.5,"discharged":14.600000381469727,"maxPv":2.225}
