{"generated":50.29999923706055,"consumed":39.63579296875,"exported":5.099999904632568,"imported":0.300000011920929,"discharged":7.300000190734863,"maxPv":10.343}
