{"generated":2.8999998569488525,"consumed":6.30723779296875,"exported":0,"imported":5.699999809265137,"discharged":0.4000000059604645,"maxPv":2.51}
