{"generated":16.100000381469727,"consumed":9.2923544921875,"exported":2.5999999046325684,"imported":0.10000000149011612,"discharged":4.300000190734863,"maxPv":9.931}
