{"generated":37.69999933242798,"consumed":41.59999990463257,"exported":0.20000000298023224,"imported":0.20000000298023224,"discharged":11.600000381469727,"maxPv":11.096}
