{"generated":49.30000305175781,"consumed":12.4208017578125,"exported":32.0999984741211,"imported":0.10000000149011612,"discharged":3.799999952316284,"maxPv":13.023}
