{"generated":3.6999998092651367,"consumed":4.57798583984375,"exported":0,"imported":0.10000000149011612,"discharged":3.0999999046325684,"maxPv":6.222}
