{"generated":0,"consumed":5.738984375,"exported":0,"imported":4.099999904632568,"discharged":5.099999904632568,"maxPv":0.341}
