{"generated":4,"consumed":15.1038212890625,"exported":0.10000000149011612,"imported":13.100000381469727,"discharged":8,"maxPv":2.225}
