{"generated":62.19999694824219,"consumed":10.7864140625,"exported":44.4000015258789,"imported":0.10000000149011612,"discharged":3.299999952316284,"maxPv":9.07}
