{"generated":3.9000000953674316,"consumed":9.6348623046875,"exported":0,"imported":1.5,"discharged":6,"maxPv":3.856}
