{"generated":14.399999618530273,"consumed":17.846279296875,"exported":0.10000000149011612,"imported":5.400000095367432,"discharged":6.099999904632568,"maxPv":8.155}
