{"generated":15.199999809265137,"consumed":7.96597216796875,"exported":2.5999999046325684,"imported":0.10000000149011612,"discharged":3.9000000953674316,"maxPv":6.673}
