{"generated":16.899999618530273,"consumed":13.700927734375,"exported":0,"imported":0.10000000149011612,"discharged":7.400000095367432,"maxPv":5.904}
