{"generated":67.2999954223633,"consumed":0.730760498046875,"exported":23.5,"imported":0.10000000149011612,"discharged":9.199999809265137,"maxPv":0}
