{"generated":21,"consumed":15.6633896484375,"exported":0,"imported":8.199999809265137,"discharged":7.800000190734863,"maxPv":5.904}
