{"generated":54.9000015258789,"consumed":17.9660390625,"exported":37.29999923706055,"imported":0.10000000149011612,"discharged":8.300000190734863,"maxPv":10.511}
