{"generated":41.20000076293945,"consumed":18.71859375,"exported":5.900000095367432,"imported":18.100000381469727,"discharged":8.699999809265137,"maxPv":7.885}
