{"generated":12.400000095367432,"consumed":9.900000475347042,"exported":0.10000000149011612,"imported":0,"discharged":5.800000190734863,"maxPv":8.819}
