{"generated":57.0999984741211,"consumed":20.256998046875,"exported":35.70000076293945,"imported":0.20000000298023224,"discharged":8.600000381469727,"maxPv":11.593}
