{"generated":37.9000015258789,"consumed":11.1237265625,"exported":20.5,"imported":0.10000000149011612,"discharged":5,"maxPv":12.566}
