{"generated":0.4000000059604645,"consumed":5.59365966796875,"exported":0,"imported":0.10000000149011612,"discharged":5,"maxPv":0.677}
