{"generated":0,"consumed":23.77221484375,"exported":0,"imported":18.200000762939453,"discharged":3.299999952316284,"maxPv":0}
