{"generated":29.5,"consumed":17.739615234375,"exported":0.20000000298023224,"imported":0.300000011920929,"discharged":6.599999904632568,"maxPv":9.883}
