{"generated":1.4000000953674316,"consumed":31.94419140625,"exported":0,"imported":36.9000015258789,"discharged":0,"maxPv":1.795}
