{"generated":48.09999990463257,"consumed":18.09549609375,"exported":18.399999618530273,"imported":0.20000000298023224,"discharged":4.699999809265137,"maxPv":9.796}
