{"generated":61,"consumed":9.749265625,"exported":46.70000076293945,"imported":0.10000000149011612,"discharged":3.200000047683716,"maxPv":8.722}
