{"generated":16.5,"consumed":6.64092919921875,"exported":0,"imported":0.10000000149011612,"discharged":3.700000047683716,"maxPv":6.631}
