{"generated":4.400000095367432,"consumed":9.68288671875,"exported":0,"imported":0,"discharged":7.099999904632568,"maxPv":6.376}
