{"generated":0,"consumed":1.6938538818359374,"exported":0,"imported":0.300000011920929,"discharged":1,"maxPv":0}
