{"generated":4.899999618530273,"consumed":5.25986572265625,"exported":0,"imported":0,"discharged":3.700000047683716,"maxPv":3.881}
