{"generated":66.89999389648438,"consumed":31.5877734375,"exported":35.5,"imported":0.20000000298023224,"discharged":8.699999809265137,"maxPv":8.629}
