{"generated":10.90000057220459,"consumed":6.229298828125,"exported":0.10000000149011612,"imported":0.10000000149011612,"discharged":3.700000047683716,"maxPv":5.794}
