{"generated":0,"consumed":2.8864677734375,"exported":0,"imported":0,"discharged":2.700000047683716,"maxPv":0}
