{"generated":20.5,"consumed":17.121900390625,"exported":0.20000000298023224,"imported":2.700000047683716,"discharged":8,"maxPv":6.411}
