{"generated":65.0999984741211,"consumed":37.82110546875,"exported":17.799999237060547,"imported":0.10000000149011612,"discharged":4.099999904632568,"maxPv":9.713}
