{"generated":0.4000000059604645,"consumed":33.98545703125,"exported":0.10000000149011612,"imported":28.299999237060547,"discharged":2.200000047683716,"maxPv":1.65}
