{"generated":16.700000762939453,"consumed":45.68315234375,"exported":0.10000000149011612,"imported":37.29999923706055,"discharged":3.9000000953674316,"maxPv":4.812}
