{"generated":16,"consumed":41.852421875,"exported":0,"imported":19.700000762939453,"discharged":4.800000190734863,"maxPv":6.801}
