{"generated":50.60000038146973,"consumed":18.600000955164433,"exported":24.899999618530273}
