{"generated":7.799999713897705,"consumed":6.558091796875,"exported":0,"imported":0.20000000298023224,"discharged":3.299999952316284,"maxPv":5.703}
