{"generated":13.100000381469727,"consumed":17.362537109375,"exported":0,"imported":2.4000000953674316,"discharged":9.399999618530273,"maxPv":5.228}
