{"generated":0.10000000149011612,"consumed":4.85026123046875,"exported":0,"imported":5.5,"discharged":4.300000190734863,"maxPv":0.545}
