{"generated":2.0999999046325684,"consumed":5.834107421875,"exported":0,"imported":0.20000000298023224,"discharged":3.4000000953674316,"maxPv":2.997}
