{"generated":7.199999809265137,"consumed":6.976443359375,"exported":0,"imported":0,"discharged":4.300000190734863,"maxPv":7.522}
