{"generated":0.40000001341104513,"consumed":6.34986279296875,"exported":0,"imported":0,"discharged":5.599999904632568,"maxPv":1.33}
