{"generated":18.30000114440918,"consumed":12.157064453125,"exported":0.10000000149011612,"imported":3,"discharged":4.400000095367432,"maxPv":4.585}
