{"generated":57.499999046325684,"consumed":20.8537890625,"exported":34,"imported":0.10000000149011612,"discharged":9.600000381469727,"maxPv":8.934}
