{"generated":9.40000057220459,"consumed":18.729185546875,"exported":0,"imported":14.100000381469727,"discharged":0,"maxPv":5.327}
