{"generated":2.5999999046325684,"consumed":5.5005927734375,"exported":0,"imported":4.099999904632568,"discharged":4.099999904632568,"maxPv":3.166}
