{"generated":0,"consumed":3.59627197265625,"exported":0,"imported":5.5,"discharged":3.299999952316284,"maxPv":0}
