{"generated":70.5999984741211,"consumed":17.161412109375,"exported":47.70000076293945,"imported":0.10000000149011612,"discharged":6.300000190734863,"maxPv":9.446}
