{"generated":59.4000015258789,"consumed":11.920703125,"exported":37.9000015258789,"imported":0.10000000149011612,"discharged":3.4000000953674316,"maxPv":8.432}
