{"generated":28,"consumed":11.0346865234375,"exported":10.600000381469727,"imported":0.10000000149011612,"discharged":5.400000095367432,"maxPv":12.477}
