{"generated":21.299999237060547,"consumed":27.75810546875,"exported":0.10000000149011612,"imported":12.300000190734863,"discharged":8.699999809265137,"maxPv":5.063}
