{"generated":2.700000047683716,"consumed":7.4547216796875,"exported":0,"imported":0,"discharged":5.300000190734863,"maxPv":2.364}
