{"generated":21,"consumed":8.5514814453125,"exported":6,"imported":0.10000000149011612,"discharged":4.099999904632568,"maxPv":7.531}
