{"generated":59.0999984741211,"consumed":10.59766796875,"exported":43.20000076293945,"imported":0.20000000298023224,"discharged":3.200000047683716,"maxPv":8.7}
