{"generated":49.20000076293945,"consumed":17.976822265625,"exported":16,"imported":2.799999952316284,"discharged":16.299999237060547,"maxPv":9.004}
