{"generated":49.4000015258789,"consumed":13.2065263671875,"exported":31.100000381469727,"imported":0.10000000149011612,"discharged":5.400000095367432,"maxPv":12.165}
