{"generated":1.1000000014901161,"consumed":5.899999804794788,"exported":0}
