{"generated":12.899999618530273,"consumed":9.8900361328125,"exported":0,"imported":8.699999809265137,"discharged":0,"maxPv":5.088}
