{"generated":9.100000381469727,"consumed":8.266642578125,"exported":0,"imported":0,"discharged":4.900000095367432,"maxPv":4.613}
