{"generated":39.89999771118164,"consumed":18.4319140625,"exported":22.100000381469727,"imported":0,"discharged":9.800000190734863,"maxPv":7.144}
