{"generated":29.600000381469727,"consumed":7.732515625,"exported":18.399999618530273,"imported":0.10000000149011612,"discharged":3.299999952316284,"maxPv":11.958}
