{"generated":42.5,"consumed":10.3398994140625,"exported":26.600000381469727,"imported":0.10000000149011612,"discharged":3.5999999046325684,"maxPv":12.342}
