{"generated":0,"consumed":1.9190960693359376,"exported":0,"imported":0.10000000149011612,"discharged":1.7999999523162842,"maxPv":0}
