{"generated":35.20000076293945,"consumed":10.1356103515625,"exported":19.700000762939453,"imported":0.10000000149011612,"discharged":3.9000000953674316,"maxPv":7.326}
