{"generated":20.5,"consumed":40.4473515625,"exported":0,"imported":26,"discharged":4.400000095367432,"maxPv":5.487}
