{"generated":31.799999237060547,"consumed":12.230640625,"exported":24.299999237060547,"imported":13.300000190734863,"discharged":29.200000762939453,"maxPv":11.073}
