{"generated":7,"consumed":12.3509541015625,"exported":0.10000000149011612,"imported":7.699999809265137,"discharged":4.699999809265137,"maxPv":5.403}
