{"generated":3.700000047683716,"consumed":5.4628720703125,"exported":0,"imported":0.20000000298023224,"discharged":3.200000047683716,"maxPv":4.409}
