{"generated":0,"consumed":6.56545166015625,"exported":0,"imported":1.899999976158142,"discharged":5.199999809265137,"maxPv":0.308}
