{"generated":45.60000228881836,"consumed":9.4824599609375,"exported":11.100000381469727,"imported":0.20000000298023224,"discharged":3.700000047683716,"maxPv":8.638}
