{"generated":41.20000076293945,"consumed":12.4546015625,"exported":3.5999999046325684,"imported":0.20000000298023224,"discharged":5,"maxPv":9.989}
