{"generated":55.79999923706055,"consumed":9.98408984375,"exported":40.5,"imported":0.20000000298023224,"discharged":3.200000047683716,"maxPv":8.7}
