{"generated":15.600000381469727,"consumed":0.697436767578125,"exported":0.20000000298023224,"imported":0.20000000298023224,"discharged":10.600000381469727,"maxPv":0}
