{"generated":41.4000015258789,"consumed":12.9108671875,"exported":18.200000762939453,"imported":19.799999237060547,"discharged":22.899999618530273,"maxPv":8.324}
