{"generated":37.10000038146973,"consumed":13.90000019222498,"exported":12.100000381469727}
