{"generated":67.8000030517578,"consumed":15.9170390625,"exported":43,"imported":0.10000000149011612,"discharged":4.400000095367432,"maxPv":8.981}
