{"generated":63.20000076293945,"consumed":11.3787138671875,"exported":47.5999984741211,"imported":0.10000000149011612,"discharged":3.0999999046325684,"maxPv":8.834}
