{"generated":49,"consumed":12.4846513671875,"exported":31.799999237060547,"imported":0.10000000149011612,"discharged":3.9000000953674316,"maxPv":10.509}
