{"generated":0.10000000149011612,"consumed":4.900000192224979,"exported":0}
