{"generated":43.5999984741211,"consumed":8.681453125,"exported":9.800000190734863,"imported":0,"discharged":3.700000047683716,"maxPv":8.248}
