{"generated":0,"consumed":11.9211162109375,"exported":0,"imported":8.199999809265137,"discharged":3.5,"maxPv":0.025}
