{"generated":18.599998474121094,"consumed":9.517990234375,"exported":3.9000000953674316,"imported":0.10000000149011612,"discharged":4.900000095367432,"maxPv":7.081}
