{"generated":37.30000305175781,"consumed":36.97351953125,"exported":0.20000000298023224,"imported":0.300000011920929,"discharged":4.199999809265137,"maxPv":10.832}
