{"generated":17.700000762939453,"consumed":0.6058422241210938,"exported":2.4000000953674316,"imported":0.10000000149011612,"discharged":7.300000190734863,"maxPv":0}
