{"generated":37.29999923706055,"consumed":30.718279296875,"exported":0.4000000059604645,"imported":10.800000190734863,"discharged":17.600000381469727,"maxPv":11.521}
