{"generated":2.299999952316284,"consumed":4.87201171875,"exported":0,"imported":0.20000000298023224,"discharged":3.200000047683716,"maxPv":3.539}
