{"generated":43.29999923706055,"consumed":13.7296708984375,"exported":26.600000381469727,"imported":0.10000000149011612,"discharged":6.199999809265137,"maxPv":12.666}
