{"generated":0.20000000298023224,"consumed":33.499999955296516,"exported":0,"imported":3.799999952316284,"discharged":30.5,"maxPv":0.94}
