{"generated":56.499999046325684,"consumed":58.799999140203,"exported":0.10000000149011612,"imported":3.9000000953674316,"discharged":31,"maxPv":9.057}
