{"generated":36.0999984741211,"consumed":14.6112802734375,"exported":20,"imported":0.10000000149011612,"discharged":6.400000095367432,"maxPv":11.792}
