{"generated":13.199999809265137,"consumed":10.52990625,"exported":0.10000000149011612,"imported":0.10000000149011612,"discharged":5.199999809265137,"maxPv":6.429}
