{"generated":32.30000305175781,"consumed":9.150099609375,"exported":1.5,"imported":3.200000047683716,"discharged":4.199999809265137,"maxPv":10.937}
