{"generated":57.19999885559082,"consumed":16.07808984375,"exported":34.9000015258789,"imported":0.10000000149011612,"discharged":6.099999904632568,"maxPv":11.511}
