{"generated":0,"consumed":2.048584716796875,"exported":0,"imported":0,"discharged":1.899999976158142,"maxPv":0}
