{"generated":57.19999694824219,"consumed":41.11782421875,"exported":8.199999809265137,"imported":0.4000000059604645,"discharged":5.599999904632568,"maxPv":11.109}
