{"generated":58.89999771118164,"consumed":44.88162109375,"exported":8.800000190734863,"imported":0.4000000059604645,"discharged":8,"maxPv":11.109}
