{"generated":17.299999237060547,"consumed":28.65383984375,"exported":0.10000000149011612,"imported":31.399999618530273,"discharged":7.699999809265137,"maxPv":5.067}
