{"generated":3.700000047683716,"consumed":8.08269189453125,"exported":0,"imported":0.10000000149011612,"discharged":6.300000190734863,"maxPv":3.244}
