{"generated":46,"consumed":19.61840625,"exported":21.600000381469727,"imported":0.10000000149011612,"discharged":5.800000190734863,"maxPv":13.652}
