{"generated":58.5999984741211,"consumed":0.6616048583984375,"exported":31,"imported":0.20000000298023224,"discharged":15.600000381469727,"maxPv":0}
