{"generated":16.600000381469727,"consumed":7.88568408203125,"exported":0.10000000149011612,"imported":0,"discharged":4.099999904632568,"maxPv":6.663}
