{"generated":14.699999809265137,"consumed":22.4787265625,"exported":0,"imported":15.100000381469727,"discharged":2.700000047683716,"maxPv":7.17}
