{"generated":14.300000190734863,"consumed":8.29778515625,"exported":0.10000000149011612,"imported":0.4000000059604645,"discharged":4.300000190734863,"maxPv":11.787}
