{"generated":18.5,"consumed":33.46455859375,"exported":0,"imported":25.299999237060547,"discharged":1.7000000476837158,"maxPv":6.018}
