{"generated":33.19999694824219,"consumed":8.4005595703125,"exported":0,"imported":0.10000000149011612,"discharged":4.199999809265137,"maxPv":8.542}
