{"generated":26.200000762939453,"consumed":14.8120185546875,"exported":8.100000381469727,"imported":0.20000000298023224,"discharged":4.800000190734863,"maxPv":10.944}
