{"generated":26.5,"consumed":17.074251953125,"exported":8.100000381469727,"imported":0.20000000298023224,"discharged":6.599999904632568,"maxPv":10.944}
