{"generated":0.10000000149011612,"consumed":3.544366455078125,"exported":0,"imported":0.10000000149011612,"discharged":3.0999999046325684,"maxPv":0.292}
