{"generated":53.5,"consumed":21.28711328125,"exported":29.899999618530273,"imported":0.20000000298023224,"discharged":6.199999809265137,"maxPv":12.276}
