{"generated":2.2999999821186066,"consumed":29.747841796875,"exported":0,"imported":0,"discharged":5.599999904632568,"maxPv":2.843}
