{"generated":2.200000047683716,"consumed":6.50536474609375,"exported":0,"imported":0.10000000149011612,"discharged":3.9000000953674316,"maxPv":2.128}
