{"generated":55.5,"consumed":55.3909375,"exported":0.20000000298023224,"imported":0.5,"discharged":13.199999809265137,"maxPv":11.682}
