{"generated":30.400001525878906,"consumed":10.3241669921875,"exported":0,"imported":0.10000000149011612,"discharged":4.300000190734863,"maxPv":8.577}
