{"generated":46,"consumed":25.901599609375,"exported":21.600000381469727,"imported":0.10000000149011612,"discharged":11.600000381469727,"maxPv":13.652}
