{"generated":54.9000015258789,"consumed":14.07934375,"exported":37.29999923706055,"imported":0.10000000149011612,"discharged":4.599999904632568,"maxPv":10.511}
