{"generated":17.700000762939453,"consumed":14.7449697265625,"exported":2.4000000953674316,"imported":0.300000011920929,"discharged":6.099999904632568,"maxPv":5.604}
