{"generated":45.30000114440918,"consumed":14.500001050531864,"exported":11.199999809265137,"imported":0.10000000149011612,"discharged":7.400000095367432,"maxPv":10.971}
