{"generated":66,"consumed":0.968888671875,"exported":28.299999237060547,"imported":0.20000000298023224,"discharged":9.699999809265137,"maxPv":0}
