{"generated":58.69999694824219,"consumed":14.7385439453125,"exported":39.9000015258789,"imported":0.10000000149011612,"discharged":6.300000190734863,"maxPv":9.192}
