{"generated":2.1000001430511475,"consumed":6.62177001953125,"exported":0,"imported":0,"discharged":5.400000095367432,"maxPv":2.898}
