{"generated":3.200000047683716,"consumed":5.193083984375,"exported":0,"imported":0.10000000149011612,"discharged":3.299999952316284,"maxPv":4.065}
