{"generated":49.10000038146973,"consumed":16.46705859375,"exported":25.5,"imported":0.10000000149011612,"discharged":5.599999904632568,"maxPv":9.96}
