{"generated":9.600000381469727,"consumed":8.27285546875,"exported":0.10000000149011612,"imported":5,"discharged":0,"maxPv":4.996}
