{"generated":66.6999969482422,"consumed":23.89847265625,"exported":39,"imported":0.20000000298023224,"discharged":7.800000190734863,"maxPv":11.582}
