{"generated":61.69999694824219,"consumed":26.5190859375,"exported":9.399999618530273,"imported":0.10000000149011612,"discharged":5,"maxPv":9.323}
