{"generated":23.399999618530273,"consumed":10.6847607421875,"exported":8,"imported":0.10000000149011612,"discharged":4.599999904632568,"maxPv":11.932}
