{"generated":4.900000095367432,"consumed":20.133630859375,"exported":0,"imported":42.0999984741211,"discharged":10.800000190734863,"maxPv":2.295}
