{"generated":14.699999809265137,"consumed":15.6493583984375,"exported":0.10000000149011612,"imported":0.10000000149011612,"discharged":9.399999618530273,"maxPv":6.859}
