{"generated":9.100000381469727,"consumed":29.77609375,"exported":0,"imported":17.799999237060547,"discharged":4.5,"maxPv":6.564}
