{"generated":40.0999984741211,"consumed":33.28934375,"exported":7.800000190734863,"imported":0.20000000298023224,"discharged":10.399999618530273,"maxPv":11.536}
