{"generated":47.69999694824219,"consumed":12.1715791015625,"exported":9.699999809265137,"imported":0.10000000149011612,"discharged":4.599999904632568,"maxPv":8.542}
