{"generated":4.400000035762787,"consumed":8.19999984651804,"exported":0}
