{"generated":3.5,"consumed":6.8826953125,"exported":0.10000000149011612,"imported":0.300000011920929,"discharged":4.800000190734863,"maxPv":3.641}
