{"generated":37.69999933242798,"consumed":40.899999141693115,"exported":0.20000000298023224,"imported":0.20000000298023224,"discharged":10.899999618530273,"maxPv":11.096}
