{"generated":57.499996185302734,"consumed":24.296904296875,"exported":27.700000762939453,"imported":0.20000000298023224,"discharged":5.199999809265137,"maxPv":10.272}
