{"generated":39.69999980926514,"consumed":37.70000018924475,"exported":0.20000000298023224}
