{"generated":12.59999942779541,"consumed":38.8899453125,"exported":0.10000000149011612,"imported":32,"discharged":0.600000023841858,"maxPv":8.859}
