{"generated":48.09999990463257,"consumed":24.000000096857548,"exported":16.799999237060547}
