{"generated":0.20000000298023224,"consumed":15.4152724609375,"exported":0,"imported":13.899999618530273,"discharged":0,"maxPv":0.779}
