{"generated":58.39999771118164,"consumed":33.35896875,"exported":23.100000381469727,"imported":0.20000000298023224,"discharged":9.899999618530273,"maxPv":9.681}
