{"generated":42,"consumed":15.6200078125,"exported":22,"imported":0.10000000149011612,"discharged":7.5,"maxPv":7.146}
