{"generated":51,"consumed":14.716078125,"exported":7.199999809265137,"imported":0.10000000149011612,"discharged":5.099999904632568,"maxPv":12.265}
