{"generated":3.8000001907348633,"consumed":17.30711328125,"exported":0.10000000149011612,"imported":8.199999809265137,"discharged":5.800000190734863,"maxPv":2.294}
