{"generated":0,"consumed":1.808401123046875,"exported":0.10000000149011612,"imported":0.20000000298023224,"discharged":1.100000023841858,"maxPv":0}
