{"generated":31.900001525878906,"consumed":11.4114765625,"exported":15.5,"imported":0.10000000149011612,"discharged":4.599999904632568,"maxPv":11.932}
