{"generated":3,"consumed":10.56254296875,"exported":0,"imported":3.700000047683716,"discharged":3.9000000953674316,"maxPv":1.661}
