{"generated":40.499996185302734,"consumed":55.5452734375,"exported":1,"imported":15.5,"discharged":20.600000381469727,"maxPv":7.803}
