{"generated":21.300000190734863,"consumed":19.302203125,"exported":0,"imported":0.10000000149011612,"discharged":9.100000381469727,"maxPv":6.306}
