{"generated":54.79999923706055,"consumed":8.18787841796875,"exported":41.9000015258789,"imported":0.10000000149011612,"discharged":3.200000047683716,"maxPv":8.722}
