{"generated":45.4000015258789,"consumed":33.61562890625,"exported":16.799999237060547,"imported":9.600000381469727,"discharged":28,"maxPv":8.874}
