{"generated":2.9000000953674316,"consumed":6.4035478515625,"exported":0,"imported":13.300000190734863,"discharged":4.5,"maxPv":2.654}
