{"generated":2.6999998092651367,"consumed":5.24060986328125,"exported":0,"imported":12.899999618530273,"discharged":0,"maxPv":3.183}
