{"generated":46.70000076293945,"consumed":41.253625,"exported":6.699999809265137,"imported":28.5,"discharged":2.9000000953674316,"maxPv":7.72}
