{"generated":14.300000190734863,"consumed":9.799999713897705,"exported":0.20000000298023224}
