{"generated":6.099999904632568,"consumed":5.54466064453125,"exported":0,"imported":0.20000000298023224,"discharged":3.299999952316284,"maxPv":4.398}
