{"generated":40.70000076293945,"consumed":56.49158203125,"exported":1,"imported":15.5,"discharged":21.299999237060547,"maxPv":7.803}
