{"generated":10.300000190734863,"consumed":12.4657568359375,"exported":0.10000000149011612,"imported":0.20000000298023224,"discharged":7.199999809265137,"maxPv":9.047}
