{"generated":61.20000076293945,"consumed":13.9083984375,"exported":37.20000076293945,"imported":0.4000000059604645,"discharged":5,"maxPv":8.775}
