{"generated":23.700000762939453,"consumed":47.7518203125,"exported":0.10000000149011612,"imported":26.200000762939453,"discharged":8.5,"maxPv":5.453}
