{"generated":0,"consumed":0.5642083740234375,"exported":0,"imported":32.79999923706055,"discharged":0.5,"maxPv":0}
