{"generated":16.600000381469727,"consumed":9.24156640625,"exported":0.20000000298023224,"imported":0.10000000149011612,"discharged":4.900000095367432,"maxPv":13.383}
