{"generated":0,"consumed":1.681351806640625,"exported":0,"imported":13.399999618530273,"discharged":1.600000023841858,"maxPv":0}
