{"generated":57.0999984741211,"consumed":17.038912109375,"exported":35.70000076293945,"imported":0.20000000298023224,"discharged":5.599999904632568,"maxPv":11.593}
