{"generated":24.90000033378601,"consumed":26.300000429153442,"exported":0.10000000149011612}
