{"generated":46.10000133514404,"consumed":54.90000142902136,"exported":0.10000000149011612,"imported":3.9000000953674316,"discharged":30.600000381469727,"maxPv":9.057}
