{"generated":64.8000030517578,"consumed":11.2558720703125,"exported":50.5999984741211,"imported":0.10000000149011612,"discharged":4.300000190734863,"maxPv":8.916}
