{"generated":14.599999904632568,"consumed":10.899999618530273,"exported":0.10000000149011612}
