{"generated":30.499998092651367,"consumed":9.741072265625,"exported":13.100000381469727,"imported":0.20000000298023224,"discharged":4.400000095367432,"maxPv":8.862}
