{"generated":7,"consumed":7.98405712890625,"exported":0.10000000149011612,"imported":0,"discharged":4.5,"maxPv":5.182}
