{"generated":15.09999942779541,"consumed":17.519861328125,"exported":0,"imported":6.5,"discharged":4.800000190734863,"maxPv":5.729}
