{"generated":52.4000015258789,"consumed":9.36696484375,"exported":39.0999984741211,"imported":0.10000000149011612,"discharged":3.0999999046325684,"maxPv":12.068}
