{"generated":14.199999809265137,"consumed":12.791291015625,"exported":0.10000000149011612,"imported":0.10000000149011612,"discharged":5.699999809265137,"maxPv":4.893}
