{"generated":0.10000000149011612,"consumed":4.99172900390625,"exported":0,"imported":0.10000000149011612,"discharged":4.599999904632568,"maxPv":0.538}
