{"generated":0,"consumed":3.51030908203125,"exported":0,"imported":6.800000190734863,"discharged":3.299999952316284,"maxPv":0}
