{"generated":63.0999984741211,"consumed":28.954884765625,"exported":9.899999618530273,"imported":0.10000000149011612,"discharged":6.400000095367432,"maxPv":9.323}
