{"generated":26.5,"consumed":21.655796875,"exported":0.10000000149011612,"imported":0.20000000298023224,"discharged":5.599999904632568,"maxPv":6.11}
