{"generated":23,"consumed":26.020271484375,"exported":0.10000000149011612,"imported":0.20000000298023224,"discharged":12.899999618530273,"maxPv":5.609}
