{"generated":11,"consumed":21.495322265625,"exported":0.10000000149011612,"imported":9,"discharged":12.199999809265137,"maxPv":6.596}
