{"generated":49.69999694824219,"consumed":13.6288740234375,"exported":32.0999984741211,"imported":0.10000000149011612,"discharged":4.699999809265137,"maxPv":13.023}
