{"generated":56.70000076293945,"consumed":20.1406328125,"exported":28,"imported":0.5,"discharged":4.900000095367432,"maxPv":11.049}
