{"generated":15,"consumed":16.960150390625,"exported":0.10000000149011612,"imported":0.10000000149011612,"discharged":9.100000381469727,"maxPv":4.893}
