{"generated":0.699999988079071,"consumed":5.1984111328125,"exported":0,"imported":0,"discharged":4.300000190734863,"maxPv":1.275}
