{"generated":2.0999999046325684,"consumed":6.5535390625,"exported":0,"imported":0.20000000298023224,"discharged":4.099999904632568,"maxPv":3.587}
