{"generated":1.7000000476837158,"consumed":4.36397509765625,"exported":0,"imported":0.10000000149011612,"discharged":3.4000000953674316,"maxPv":4.365}
