{"generated":20.5,"consumed":15.0471962890625,"exported":0,"imported":0.10000000149011612,"discharged":9.399999618530273,"maxPv":6.336}
