{"generated":41.60000228881836,"consumed":12.2850947265625,"exported":21.700000762939453,"imported":0.20000000298023224,"discharged":4.099999904632568,"maxPv":8.766}
