{"generated":0.10000000149011612,"consumed":4.2941533203125,"exported":0,"imported":0.20000000298023224,"discharged":3,"maxPv":0.072}
