{"generated":20,"consumed":17.447197265625,"exported":0.20000000298023224,"imported":0.20000000298023224,"discharged":7.599999904632568,"maxPv":9.928}
