{"generated":27.200000762939453,"consumed":12.81030859375,"exported":7.400000095367432,"imported":0.20000000298023224,"discharged":3.299999952316284,"maxPv":12.933}
