{"generated":50.79999923706055,"consumed":21.35433984375,"exported":19.399999618530273,"imported":0.20000000298023224,"discharged":3.0999999046325684,"maxPv":10.905}
