{"generated":24.799999237060547,"consumed":8.3619716796875,"exported":0,"imported":0.10000000149011612,"discharged":4.300000190734863,"maxPv":8.067}
