{"generated":44.89999771118164,"consumed":12.697763671875,"exported":22.600000381469727,"imported":0.20000000298023224,"discharged":4.300000190734863,"maxPv":11.411}
