{"generated":62.400001525878906,"consumed":11.3282421875,"exported":26.600000381469727,"imported":0.5,"discharged":11.899999618530273,"maxPv":8.977}
