{"generated":16.899999618530273,"consumed":18.317513671875,"exported":0,"imported":0.10000000149011612,"discharged":11.699999809265137,"maxPv":5.904}
