{"generated":66.8000030517578,"consumed":14.74136328125,"exported":48.29999923706055,"imported":0.10000000149011612,"discharged":3.9000000953674316,"maxPv":8.959}
