{"generated":31.399999618530273,"consumed":10.053548828125,"exported":17.200000762939453,"imported":0.10000000149011612,"discharged":3.9000000953674316,"maxPv":11.911}
