{"generated":0.10000000149011612,"consumed":4.15773779296875,"exported":0,"imported":0.10000000149011612,"discharged":3.299999952316284,"maxPv":0.118}
