{"generated":53.30000305175781,"consumed":12.412390625,"exported":15.5,"imported":0.300000011920929,"discharged":4.599999904632568,"maxPv":8.928}
