{"generated":49.9000015258789,"consumed":37.6647421875,"exported":5.099999904632568,"imported":0.300000011920929,"discharged":5.800000190734863,"maxPv":10.343}
