{"generated":58.30000305175781,"consumed":0.75362939453125,"exported":33.9000015258789,"imported":0.20000000298023224,"discharged":11.699999809265137,"maxPv":0}
