{"generated":9.199999988079071,"consumed":8.216017578125,"exported":0,"imported":0,"discharged":5,"maxPv":6.639}
