{"generated":0,"consumed":13.337501953125,"exported":0,"imported":10.199999809265137,"discharged":2.9000000953674316,"maxPv":0}
