{"generated":0,"consumed":0.536148681640625,"exported":0,"imported":0.300000011920929,"discharged":0.4000000059604645,"maxPv":0}
