{"generated":37.5999984741211,"consumed":9.9662978515625,"exported":20.600000381469727,"imported":0.10000000149011612,"discharged":4.099999904632568,"maxPv":8.783}
