{"generated":28.899999618530273,"consumed":9.61541015625,"exported":11.199999809265137,"imported":0.10000000149011612,"discharged":4.900000095367432,"maxPv":8.885}
