{"generated":0,"consumed":2.957249755859375,"exported":0,"imported":0,"discharged":2.9000000953674316,"maxPv":0}
