{"generated":27.5,"consumed":9.2120234375,"exported":0.10000000149011612,"imported":0.20000000298023224,"discharged":4.300000190734863,"maxPv":10.471}
