{"generated":56,"consumed":16.66867578125,"exported":31.200000762939453,"imported":0.10000000149011612,"discharged":2.700000047683716,"maxPv":8.059}
