{"generated":37.60000228881836,"consumed":15.9131162109375,"exported":18.399999618530273,"imported":0.10000000149011612,"discharged":5.900000095367432,"maxPv":7.743}
