{"generated":10.899999618530273,"consumed":6.2053837890625,"exported":0.10000000149011612,"imported":0.10000000149011612,"discharged":3.299999952316284,"maxPv":7.544}
