{"generated":10.700000762939453,"consumed":9.6582255859375,"exported":0.10000000149011612,"imported":0,"discharged":5.699999809265137,"maxPv":4.893}
