{"generated":0,"consumed":2.9413623046875,"exported":0,"imported":0.300000011920929,"discharged":2,"maxPv":0}
