{"generated":0,"consumed":3.547545166015625,"exported":0,"imported":0.10000000149011612,"discharged":2.700000047683716,"maxPv":0.065}
