{"generated":21.000001907348633,"consumed":7.5036103515625,"exported":0.20000000298023224,"imported":10.800000190734863,"discharged":0,"maxPv":11.521}
