{"generated":30.30000114440918,"consumed":26.7186640625,"exported":0.10000000149011612,"imported":0.10000000149011612,"discharged":9.699999809265137,"maxPv":7.641}
