{"generated":1.600000023841858,"consumed":5.85397998046875,"exported":0,"imported":1,"discharged":4.300000190734863,"maxPv":2.25}
