{"generated":62.79999923706055,"consumed":14.3381533203125,"exported":40.5,"imported":0.10000000149011612,"discharged":4.5,"maxPv":10.95}
