{"generated":0.20000000298023224,"consumed":5.2906025390625,"exported":0.10000000149011612,"imported":0.20000000298023224,"discharged":4.800000190734863,"maxPv":0.895}
