{"generated":0.20000000298023224,"consumed":43.78244921875,"exported":0,"imported":59.70000076293945,"discharged":1.7999999523162842,"maxPv":0.987}
