{"generated":55.10000228881836,"consumed":18.025103515625,"exported":30.100000381469727,"imported":0.20000000298023224,"discharged":6.599999904632568,"maxPv":11.411}
