{"generated":41,"consumed":10.6383818359375,"exported":25.100000381469727,"imported":0.10000000149011612,"discharged":3.9000000953674316,"maxPv":13.413}
