{"generated":17.700000762939453,"consumed":14.1201611328125,"exported":2.4000000953674316,"imported":0.300000011920929,"discharged":5.5,"maxPv":5.604}
