{"generated":17.899999618530273,"consumed":21.410283203125,"exported":0.10000000149011612,"imported":0.300000011920929,"discharged":10.300000190734863,"maxPv":9.047}
