{"generated":5.999999940395355,"consumed":8.79999965429306,"exported":0}
