{"generated":18.100000381469727,"consumed":12.5271875,"exported":0.10000000149011612,"imported":1.600000023841858,"discharged":5.599999904632568,"maxPv":5.397}
