{"generated":52.19999980926514,"consumed":14.20801953125,"exported":30.700000762939453,"imported":0,"discharged":5.199999809265137,"maxPv":8.934}
