{"generated":54.000000953674316,"consumed":27.800001718103886,"exported":18}
