{"generated":13.100000381469727,"consumed":8.7955048828125,"exported":0.10000000149011612,"imported":0.10000000149011612,"discharged":5.400000095367432,"maxPv":5.216}
