{"generated":0,"consumed":26.93114453125,"exported":0,"imported":24.399999618530273,"discharged":0.300000011920929,"maxPv":0}
