{"generated":11.40000057220459,"consumed":9.2275185546875,"exported":0.10000000149011612,"imported":0.10000000149011612,"discharged":5.900000095367432,"maxPv":10.112}
