{"generated":21.200000762939453,"consumed":51.1796796875,"exported":0.4000000059604645,"imported":60,"discharged":6.699999809265137,"maxPv":8.709}
