{"generated":1.3000000715255737,"consumed":5.08551806640625,"exported":0,"imported":0.20000000298023224,"discharged":3.5,"maxPv":4.778}
