{"generated":0,"consumed":4.9778408203125,"exported":0,"imported":0.10000000149011612,"discharged":4.699999809265137,"maxPv":0.069}
