{"generated":43.0999984741211,"consumed":13.33784375,"exported":25.200000762939453,"imported":0.10000000149011612,"discharged":4.699999809265137,"maxPv":13.364}
