{"generated":12.5,"consumed":17.54862109375,"exported":0,"imported":20.899999618530273,"discharged":10.199999809265137,"maxPv":6.47}
