{"generated":3.5,"consumed":7.800000213086605,"exported":0.10000000149011612,"imported":0,"discharged":5.800000190734863,"maxPv":4.991}
