{"generated":44.0999984741211,"consumed":25.53471484375,"exported":16.600000381469727,"imported":0.20000000298023224,"discharged":26,"maxPv":7.802}
