{"generated":5.200000286102295,"consumed":8.902837890625,"exported":0,"imported":0,"discharged":6.699999809265137,"maxPv":5.664}
