{"generated":2.700000047683716,"consumed":9.976771484375,"exported":0,"imported":31.299999237060547,"discharged":4,"maxPv":3.015}
