{"generated":4.400000095367432,"consumed":5.4382978515625,"exported":0,"imported":0.10000000149011612,"discharged":3.299999952316284,"maxPv":6.495}
