{"generated":18.799999237060547,"consumed":11.6536455078125,"exported":0,"imported":0.10000000149011612,"discharged":4.699999809265137,"maxPv":6.233}
