{"generated":19.69999885559082,"consumed":19.126400390625,"exported":0,"imported":0.20000000298023224,"discharged":11.899999618530273,"maxPv":9.212}
