{"generated":0,"consumed":2.8999999538064003,"exported":0,"imported":0.10000000149011612,"discharged":2.799999952316284,"maxPv":0}
