{"generated":10.600000381469727,"consumed":18.09865234375,"exported":0.10000000149011612,"imported":32.20000076293945,"discharged":0,"maxPv":8.889}
