{"generated":54.59999942779541,"consumed":46.49999962002039,"exported":15.300000190734863,"imported":0.10000000149011612,"discharged":34,"maxPv":10.548}
