{"generated":12,"consumed":11.4154619140625,"exported":0.10000000149011612,"imported":5.800000190734863,"discharged":1,"maxPv":8.356}
