{"generated":49.29999923706055,"consumed":14.1076669921875,"exported":28.5,"imported":0.10000000149011612,"discharged":5,"maxPv":10}
