{"generated":0.10000000149011612,"consumed":6.0684462890625,"exported":0,"imported":3.9000000953674316,"discharged":5.300000190734863,"maxPv":0.073}
