{"generated":21.700000762939453,"consumed":8.02303076171875,"exported":0.10000000149011612,"imported":0.300000011920929,"discharged":4.199999809265137,"maxPv":10.937}
