{"generated":0,"consumed":5.66887890625,"exported":0,"imported":0.699999988079071,"discharged":4.699999809265137,"maxPv":0.076}
