{"generated":50.79999923706055,"consumed":20.299999810755253,"exported":24.899999618530273}
