{"generated":24.5,"consumed":20.8006640625,"exported":1.600000023841858,"imported":0.10000000149011612,"discharged":10.399999618530273,"maxPv":5.617}
