{"generated":17.899999618530273,"consumed":20.323626953125,"exported":0.10000000149011612,"imported":0.10000000149011612,"discharged":11.300000190734863,"maxPv":2.163}
