{"generated":0,"consumed":1.3283963623046875,"exported":0,"imported":0.10000000149011612,"discharged":1.7000000476837158,"maxPv":0}
