{"generated":0.800000011920929,"consumed":4.4634169921875,"exported":0,"imported":0.10000000149011612,"discharged":3.299999952316284,"maxPv":2.162}
