{"generated":11.700000762939453,"consumed":6.50653271484375,"exported":0.10000000149011612,"imported":12,"discharged":4,"maxPv":8.668}
