{"generated":47.29999923706055,"consumed":14.4078525390625,"exported":29.700000762939453,"imported":0.10000000149011612,"discharged":5.699999809265137,"maxPv":13.413}
