{"generated":0,"consumed":0.8455807495117188,"exported":0,"imported":11.699999809265137,"discharged":0,"maxPv":0}
