{"generated":43.70000076293945,"consumed":23.880576171875,"exported":0.10000000149011612,"imported":3.799999952316284,"discharged":6,"maxPv":7.838}
