{"generated":21.899999618530273,"consumed":8.9268173828125,"exported":9.100000381469727,"imported":0.10000000149011612,"discharged":3.9000000953674316,"maxPv":10.46}
