{"generated":13.79999989271164,"consumed":20.71238671875,"exported":0,"imported":0,"discharged":12,"maxPv":6.58}
