{"generated":0,"consumed":3.08847265625,"exported":0,"imported":0,"discharged":2.299999952316284,"maxPv":0}
