{"generated":25.69999885559082,"consumed":9.6346806640625,"exported":11.800000190734863,"imported":0.10000000149011612,"discharged":4,"maxPv":11.792}
