{"generated":33.0999984741211,"consumed":14.742826171875,"exported":17.100000381469727,"imported":0.20000000298023224,"discharged":5.800000190734863,"maxPv":12.118}
