{"generated":18.600000381469727,"consumed":11.2449990234375,"exported":0.600000023841858,"imported":0.20000000298023224,"discharged":3.299999952316284,"maxPv":12.933}
