{"generated":24.900001525878906,"consumed":13.028484375,"exported":0.10000000149011612,"imported":0.20000000298023224,"discharged":6.800000190734863,"maxPv":5.865}
