{"generated":0.10000000149011612,"consumed":4.1507421875,"exported":0,"imported":0.10000000149011612,"discharged":3.200000047683716,"maxPv":0.825}
