{"generated":20.899999618530273,"consumed":15.7944951171875,"exported":0.10000000149011612,"imported":0.20000000298023224,"discharged":3.799999952316284,"maxPv":10.272}
