{"generated":31.5,"consumed":10.4144306640625,"exported":1.899999976158142,"imported":13.300000190734863,"discharged":4.5,"maxPv":11.073}
