{"generated":19.299999237060547,"consumed":17.172447265625,"exported":0.20000000298023224,"imported":7,"discharged":4,"maxPv":6.45}
