{"generated":42.9000015258789,"consumed":18.21434375,"exported":23.100000381469727,"imported":0.20000000298023224,"discharged":7.099999904632568,"maxPv":7.641}
