{"generated":0,"consumed":0.591899658203125,"exported":0,"imported":4.099999904632568,"discharged":0.5,"maxPv":0}
