{"generated":2,"consumed":5.54792333984375,"exported":0,"imported":0.20000000298023224,"discharged":3.5999999046325684,"maxPv":3.66}
