{"generated":0,"consumed":27.1344140625,"exported":0,"imported":24,"discharged":0.800000011920929,"maxPv":0}
