{"generated":23.99999976158142,"consumed":18.299999475479126,"exported":0.20000000298023224,"imported":0.20000000298023224,"discharged":6.400000095367432,"maxPv":12.126}
