{"generated":66.5,"consumed":41.13419140625,"exported":19.799999237060547,"imported":0.20000000298023224,"discharged":5,"maxPv":10.557}
