{"generated":18.100000381469727,"consumed":13.3522314453125,"exported":0,"imported":0.20000000298023224,"discharged":6.5,"maxPv":5.058}
