{"generated":0.300000011920929,"consumed":5.94415869140625,"exported":0,"imported":0.20000000298023224,"discharged":4.699999809265137,"maxPv":1.062}
