{"generated":14.100000381469727,"consumed":9.9114345703125,"exported":0.10000000149011612,"imported":0.20000000298023224,"discharged":4.199999809265137,"maxPv":12.665}
