{"generated":20.600000381469727,"consumed":11.825798828125,"exported":0.10000000149011612,"imported":1.100000023841858,"discharged":4.699999809265137,"maxPv":5.631}
