{"generated":18.5,"consumed":13.1586328125,"exported":0.10000000149011612,"imported":0.10000000149011612,"discharged":6.199999809265137,"maxPv":10.422}
