{"generated":1.5999999046325684,"consumed":5.75861767578125,"exported":0,"imported":0.10000000149011612,"discharged":3.700000047683716,"maxPv":1.936}
