{"generated":9.09999942779541,"consumed":10.335740234375,"exported":0,"imported":0.10000000149011612,"discharged":4.400000095367432,"maxPv":6.685}
