{"generated":32.10000228881836,"consumed":8.934837890625,"exported":18.700000762939453,"imported":0.10000000149011612,"discharged":3.5999999046325684,"maxPv":8.593}
