{"generated":64.10000228881836,"consumed":13.5866318359375,"exported":42,"imported":0.5,"discharged":11.899999618530273,"maxPv":8.977}
