{"generated":17.799999237060547,"consumed":16.982810546875,"exported":0.10000000149011612,"imported":5.099999904632568,"discharged":6.400000095367432,"maxPv":4.783}
