{"generated":0,"consumed":4.7226328125,"exported":0.10000000149011612,"imported":0,"discharged":5.300000190734863,"maxPv":0.043}
