{"generated":0,"consumed":3.479283203125,"exported":0,"imported":0,"discharged":3.299999952316284,"maxPv":0}
