{"generated":0,"consumed":1.309705810546875,"exported":0,"imported":0.10000000149011612,"discharged":0.699999988079071,"maxPv":0}
