{"generated":26.299999237060547,"consumed":20.232837890625,"exported":0.10000000149011612,"imported":0.10000000149011612,"discharged":4.400000095367432,"maxPv":6.11}
