{"generated":67.2999954223633,"consumed":37.63423046875,"exported":23.5,"imported":0.20000000298023224,"discharged":7.800000190734863,"maxPv":11.092}
