{"generated":27.599998474121094,"consumed":13.50555078125,"exported":2.799999952316284,"imported":0.20000000298023224,"discharged":3.5,"maxPv":10.264}
