{"generated":0.10000000149011612,"consumed":5.299999810755253,"exported":0}
