{"generated":1,"consumed":6.187671875,"exported":0,"imported":0.5,"discharged":4.199999809265137,"maxPv":1.724}
