{"generated":62.69999694824219,"consumed":19.711576171875,"exported":37.5,"imported":0.10000000149011612,"discharged":5.300000190734863,"maxPv":8.685}
