{"generated":1.4000000953674316,"consumed":5.29914990234375,"exported":0,"imported":0,"discharged":4.400000095367432,"maxPv":3.882}
