{"generated":47.29999923706055,"consumed":15.03240234375,"exported":29.700000762939453,"imported":0.10000000149011612,"discharged":6.300000190734863,"maxPv":13.413}
