{"generated":34.29999923706055,"consumed":9.7120625,"exported":2.9000000953674316,"imported":3.200000047683716,"discharged":4.199999809265137,"maxPv":10.937}
