{"generated":4.400000095367432,"consumed":16.981162109375,"exported":0,"imported":0.10000000149011612,"discharged":12.199999809265137,"maxPv":4.067}
