{"generated":21.69999885559082,"consumed":9.0114296875,"exported":6.900000095367432,"imported":0.10000000149011612,"discharged":3.799999952316284,"maxPv":7.743}
