{"generated":15.100000381469727,"consumed":8.052333984375,"exported":0,"imported":13.399999618530273,"discharged":4.099999904632568,"maxPv":11.489}
