{"generated":58.5999984741211,"consumed":13.84946875,"exported":39.9000015258789,"imported":0.10000000149011612,"discharged":5.5,"maxPv":9.192}
