{"generated":12.5,"consumed":11.87762890625,"exported":0.10000000149011612,"imported":0.10000000149011612,"discharged":3.799999952316284,"maxPv":10.272}
