{"generated":18.59999990463257,"consumed":23.000000096857548,"exported":0.10000000149011612}
