{"generated":46.20000076293945,"consumed":11.4598720703125,"exported":26.100000381469727,"imported":0.10000000149011612,"discharged":4.900000095367432,"maxPv":8.898}
