{"generated":0,"consumed":0.7227180786132813,"exported":0,"imported":0.10000000149011612,"discharged":0.600000023841858,"maxPv":0}
