{"generated":3.299999922513962,"consumed":6.9000000432133675,"exported":0,"imported":0.10000000149011612,"discharged":5.400000095367432,"maxPv":6.036}
