{"generated":24.099998474121094,"consumed":7.2581220703125,"exported":0.10000000149011612,"imported":0.20000000298023224,"discharged":3.700000047683716,"maxPv":7.999}
