{"generated":19.80000114440918,"consumed":13.5872431640625,"exported":0.20000000298023224,"imported":0.4000000059604645,"discharged":4.800000190734863,"maxPv":6.169}
