{"generated":24.69999885559082,"consumed":11.3399462890625,"exported":0.10000000149011612,"imported":0.20000000298023224,"discharged":4.900000095367432,"maxPv":6.533}
