{"generated":0,"consumed":15.699999630451202,"exported":0,"imported":1.5,"discharged":14.899999618530273,"maxPv":0}
