{"generated":3.700000047683716,"consumed":8.414099609375,"exported":0.10000000149011612,"imported":3.0999999046325684,"discharged":4.5,"maxPv":2.418}
