{"generated":18.399999618530273,"consumed":9.1326025390625,"exported":0.10000000149011612,"imported":0.20000000298023224,"discharged":4.300000190734863,"maxPv":5.48}
