{"generated":44.10000228881836,"consumed":11.867779296875,"exported":25.899999618530273,"imported":0.10000000149011612,"discharged":5,"maxPv":12.566}
