{"generated":36.29999923706055,"consumed":13.962076171875,"exported":21.100000381469727,"imported":0.10000000149011612,"discharged":4.900000095367432,"maxPv":12.013}
