{"generated":16.200000762939453,"consumed":37.48644921875,"exported":0.10000000149011612,"imported":20.700000762939453,"discharged":9.600000381469727,"maxPv":5.277}
