{"generated":23.399999618530273,"consumed":8.6128623046875,"exported":0.10000000149011612,"imported":3.200000047683716,"discharged":4.199999809265137,"maxPv":11.187}
