{"generated":0,"consumed":2.570369140625,"exported":0,"imported":2.299999952316284,"discharged":1.7000000476837158,"maxPv":0}
