{"generated":8.199999809265137,"consumed":6.64226513671875,"exported":0.10000000149011612,"imported":0.20000000298023224,"discharged":3.700000047683716,"maxPv":9.078}
