{"generated":53.79999923706055,"consumed":9.9163701171875,"exported":38.79999923706055,"imported":0.10000000149011612,"discharged":3.200000047683716,"maxPv":9.064}
