{"generated":14.5999995470047,"consumed":9.199999548494816,"exported":0.10000000149011612}
