{"generated":7.5,"consumed":6.3224365234375,"exported":0,"imported":0.20000000298023224,"discharged":3.200000047683716,"maxPv":5.67}
