{"generated":0,"consumed":4.78004638671875,"exported":0,"imported":7.5,"discharged":4.400000095367432,"maxPv":0}
