{"generated":0,"consumed":0.727476806640625,"exported":0,"imported":2.9000000953674316,"discharged":0,"maxPv":0}
