{"generated":5.800000190734863,"consumed":8.208205078125,"exported":0,"imported":0.10000000149011612,"discharged":5,"maxPv":4.154}
