{"generated":43.90000009536743,"consumed":40.84797265625,"exported":0.10000000149011612,"imported":0.10000000149011612,"discharged":5.099999904632568,"maxPv":9.261}
