{"generated":26.80000114440918,"consumed":21.49930078125,"exported":4.099999904632568,"imported":0.10000000149011612,"discharged":11.600000381469727,"maxPv":6.233}
