{"generated":9,"consumed":10.365771484375,"exported":0,"imported":0.10000000149011612,"discharged":5.5,"maxPv":6.168}
