{"generated":4,"consumed":6.52235009765625,"exported":0,"imported":0,"discharged":4.699999809265137,"maxPv":4.653}
