{"generated":3.499999761581421,"consumed":5.0843984375,"exported":0,"imported":0.5,"discharged":2.9000000953674316,"maxPv":3.807}
