{"generated":18.30000114440918,"consumed":13.32034375,"exported":0.10000000149011612,"imported":1.399999976158142,"discharged":4.800000190734863,"maxPv":7.21}
