{"generated":0,"consumed":4.13234375,"exported":0,"imported":5,"discharged":0.4000000059604645,"maxPv":0}
