{"generated":39.89999771118164,"consumed":19.703658203125,"exported":22.100000381469727,"imported":0,"discharged":11,"maxPv":7.144}
