{"generated":0,"consumed":3.9722060546875,"exported":0,"imported":13.399999618530273,"discharged":3.700000047683716,"maxPv":0.063}
