{"generated":40.79999923706055,"consumed":24.095236328125,"exported":0,"imported":4.5,"discharged":0.20000000298023224,"maxPv":7.395}
