{"generated":55.90000057220459,"consumed":14.699999429285533,"exported":34.9000015258789}
