{"generated":0,"consumed":2.7853056640625,"exported":0,"imported":2.4000000953674316,"discharged":1.2000000476837158,"maxPv":0}
