{"generated":18.899999618530273,"consumed":60.51046875,"exported":0.10000000149011612,"imported":31.5,"discharged":11.699999809265137,"maxPv":5.423}
