{"generated":2.499999761581421,"consumed":37.67519140625,"exported":0,"imported":29.399999618530273,"discharged":3.700000047683716,"maxPv":2.659}
