{"generated":4.800000190734863,"consumed":6.80318115234375,"exported":0.10000000149011612,"imported":0.10000000149011612,"discharged":4.300000190734863,"maxPv":7.596}
