{"generated":37.69999933242798,"consumed":39.99999952316284,"exported":0.20000000298023224,"imported":0.20000000298023224,"discharged":10,"maxPv":11.096}
