{"generated":20.799999237060547,"consumed":15.317646484375,"exported":0.10000000149011612,"imported":0.10000000149011612,"discharged":8.399999618530273,"maxPv":6.281}
