{"generated":3.3000001907348633,"consumed":17.170591796875,"exported":0.10000000149011612,"imported":6.300000190734863,"discharged":6.900000095367432,"maxPv":1.279}
