{"generated":4.400000095367432,"consumed":27.54365234375,"exported":0.10000000149011612,"imported":20.700000762939453,"discharged":4,"maxPv":3.465}
