{"generated":18,"consumed":11.8355322265625,"exported":0,"imported":0.20000000298023224,"discharged":5.400000095367432,"maxPv":4.989}
