{"generated":27,"consumed":30.150623046875,"exported":0.10000000149011612,"imported":0.20000000298023224,"discharged":11.5,"maxPv":7.199}
