{"generated":5.599999904632568,"consumed":6.42502880859375,"exported":0,"imported":0.10000000149011612,"discharged":4.099999904632568,"maxPv":4.14}
