{"generated":7.5,"consumed":5.92564111328125,"exported":0.10000000149011612,"imported":3.5999999046325684,"discharged":1.2000000476837158,"maxPv":4.895}
