{"generated":18.900001525878906,"consumed":12.766375,"exported":0,"imported":0.20000000298023224,"discharged":3.5,"maxPv":10.264}
