{"generated":14.100000381469727,"consumed":8.2098349609375,"exported":0,"imported":0.10000000149011612,"discharged":4.400000095367432,"maxPv":6.156}
