{"generated":21.80000114440918,"consumed":14.7295732421875,"exported":0.10000000149011612,"imported":0.20000000298023224,"discharged":3.299999952316284,"maxPv":8.025}
