{"generated":19.400001525878906,"consumed":49.8752734375,"exported":0.10000000149011612,"imported":33.9000015258789,"discharged":6.400000095367432,"maxPv":6.163}
