{"generated":0.4000000059604645,"consumed":5.30302392578125,"exported":0,"imported":0,"discharged":5.300000190734863,"maxPv":0.722}
