{"generated":0,"consumed":2.72852783203125,"exported":0.10000000149011612,"imported":0,"discharged":3.4000000953674316,"maxPv":0}
