{"generated":14.699999809265137,"consumed":15.5845185546875,"exported":0.10000000149011612,"imported":0.10000000149011612,"discharged":9.800000190734863,"maxPv":6.492}
