{"generated":0,"consumed":30.242998046875,"exported":0,"imported":0,"discharged":29.200000762939453,"maxPv":0}
