{"generated":0.300000011920929,"consumed":5.42349072265625,"exported":0.10000000149011612,"imported":0,"discharged":5.800000190734863,"maxPv":1.034}
