{"generated":0.10000000149011612,"consumed":4.76676806640625,"exported":0,"imported":0.10000000149011612,"discharged":4.300000190734863,"maxPv":0.684}
