{"generated":52.000003814697266,"consumed":14.1068154296875,"exported":29.799999237060547,"imported":0.4000000059604645,"discharged":5.400000095367432,"maxPv":11.9}
