{"generated":11.200000762939453,"consumed":8.5943671875,"exported":0,"imported":0.10000000149011612,"discharged":5.5,"maxPv":6.859}
