{"generated":1.7000000476837158,"consumed":7.77809619140625,"exported":0,"imported":0,"discharged":6.099999904632568,"maxPv":2.327}
