{"generated":23.600000381469727,"consumed":12.159080078125,"exported":0.10000000149011612,"imported":0.20000000298023224,"discharged":5.800000190734863,"maxPv":5.916}
