{"generated":66,"consumed":31.527248046875,"exported":28.299999237060547,"imported":0.20000000298023224,"discharged":5.800000190734863,"maxPv":8.952}
