{"generated":13.899999618530273,"consumed":15.678044921875,"exported":0.10000000149011612,"imported":0.20000000298023224,"discharged":9.699999809265137,"maxPv":7.09}
