{"generated":49.29999923706055,"consumed":21.49999914318323,"exported":20.600000381469727}
