{"generated":40.79999923706055,"consumed":23.470953125,"exported":0.10000000149011612,"imported":0.10000000149011612,"discharged":6.400000095367432,"maxPv":8.56}
