{"generated":59.20000076293945,"consumed":12.3314658203125,"exported":21.5,"imported":0.4000000059604645,"discharged":4.400000095367432,"maxPv":8.714}
