{"generated":26.600000381469727,"consumed":18.51703125,"exported":1.899999976158142,"imported":0.10000000149011612,"discharged":10.300000190734863,"maxPv":6.207}
