{"generated":8,"consumed":5.9379658203125,"exported":0,"imported":0.20000000298023224,"discharged":3,"maxPv":6.049}
