{"generated":14.399999618530273,"consumed":20.00210546875,"exported":0.10000000149011612,"imported":5.900000095367432,"discharged":8.5,"maxPv":8.719}
