{"generated":58.20000076293945,"consumed":14.1280546875,"exported":41.29999923706055,"imported":0.10000000149011612,"discharged":5,"maxPv":8.507}
