{"generated":15.300000190734863,"consumed":6.69083935546875,"exported":5.5,"imported":0.10000000149011612,"discharged":3.299999952316284,"maxPv":11.92}
