{"generated":44,"consumed":22.65128515625,"exported":13,"imported":0.300000011920929,"discharged":4.699999809265137,"maxPv":11.24}
