{"generated":16.200000762939453,"consumed":19.5157578125,"exported":0.10000000149011612,"imported":0.20000000298023224,"discharged":13.300000190734863,"maxPv":4.594}
