{"generated":8,"consumed":7.6201103515625,"exported":0,"imported":0.20000000298023224,"discharged":4.800000190734863,"maxPv":6.884}
