{"generated":47.999996185302734,"consumed":41.81688671875,"exported":0.10000000149011612,"imported":0.20000000298023224,"discharged":25.700000762939453,"maxPv":10.556}
