{"generated":32.4000015258789,"consumed":13.67709375,"exported":12.300000190734863,"imported":0.10000000149011612,"discharged":5.5,"maxPv":9.154}
