{"generated":2.799999952316284,"consumed":18.957650390625,"exported":0,"imported":10.5,"discharged":4.699999809265137,"maxPv":1.265}
