{"generated":52,"consumed":15.5661591796875,"exported":7.599999904632568,"imported":0.10000000149011612,"discharged":5.199999809265137,"maxPv":12.265}
