{"generated":18.899999618530273,"consumed":58.7267109375,"exported":0.10000000149011612,"imported":31.5,"discharged":10.100000381469727,"maxPv":5.423}
