{"generated":19.200000762939453,"consumed":12.8978720703125,"exported":0.10000000149011612,"imported":0.10000000149011612,"discharged":4.300000190734863,"maxPv":6.11}
