{"generated":2.799999952316284,"consumed":15.6535830078125,"exported":0,"imported":7.400000095367432,"discharged":4.699999809265137,"maxPv":1.265}
