{"generated":12.90000057220459,"consumed":9.8133193359375,"exported":0.10000000149011612,"imported":0,"discharged":5.300000190734863,"maxPv":13.091}
