{"generated":18,"consumed":20.9329453125,"exported":0.10000000149011612,"imported":14.199999809265137,"discharged":0,"maxPv":5.327}
