{"generated":46.9000015258789,"consumed":26.36798828125,"exported":13.800000190734863,"imported":15.699999809265137,"discharged":23.600000381469727,"maxPv":8.076}
