{"generated":5.5,"consumed":8.3259189453125,"exported":0,"imported":0.10000000149011612,"discharged":5.300000190734863,"maxPv":5.627}
