{"generated":52.9000015258789,"consumed":22.601869140625,"exported":30.5,"imported":0.20000000298023224,"discharged":11.800000190734863,"maxPv":13.221}
