{"generated":45.5,"consumed":9.7653974609375,"exported":32.0999984741211,"imported":0.10000000149011612,"discharged":3.4000000953674316,"maxPv":12.053}
