{"generated":9.300000190734863,"consumed":10.0219482421875,"exported":0.10000000149011612,"imported":0.10000000149011612,"discharged":4.900000095367432,"maxPv":6.756}
