{"generated":55.39999771118164,"consumed":11.730513671875,"exported":32.9000015258789,"imported":0.10000000149011612,"discharged":3.700000047683716,"maxPv":9.785}
