{"generated":51.5999984741211,"consumed":0.5881766967773437,"exported":33.0999984741211,"imported":0.10000000149011612,"discharged":11.199999809265137,"maxPv":0}
