{"generated":53.29999923706055,"consumed":11.428458984375,"exported":39.20000076293945,"imported":0.10000000149011612,"discharged":4.199999809265137,"maxPv":12.068}
