{"generated":3.5,"consumed":8.3050849609375,"exported":0,"imported":0.10000000149011612,"discharged":5.599999904632568,"maxPv":10.715}
