{"generated":55.5999984741211,"consumed":13.449583984375,"exported":33.5,"imported":0.20000000298023224,"discharged":3.700000047683716,"maxPv":11.188}
