{"generated":32.00000047683716,"consumed":29.000000573694706,"exported":0.10000000149011612}
