{"generated":29.89999771118164,"consumed":12.40193359375,"exported":10.899999618530273,"imported":0.10000000149011612,"discharged":4.5,"maxPv":8.472}
