{"generated":66.4000015258789,"consumed":42.511953125,"exported":19.600000381469727,"imported":0.20000000298023224,"discharged":6.800000190734863,"maxPv":8.831}
