{"generated":40.10000228881836,"consumed":50.826203125,"exported":17.899999618530273,"imported":30.200000762939453,"discharged":9.199999809265137,"maxPv":7.008}
