{"generated":15.09999942779541,"consumed":9.4294658203125,"exported":1,"imported":0.10000000149011612,"discharged":4.900000095367432,"maxPv":13.362}
