{"generated":36.79999923706055,"consumed":14.2336923828125,"exported":13.699999809265137,"imported":0.10000000149011612,"discharged":5.699999809265137,"maxPv":13.383}
