{"generated":18.700000762939453,"consumed":53.23653125,"exported":0.10000000149011612,"imported":31.399999618530273,"discharged":5.300000190734863,"maxPv":5.423}
