{"generated":25.799999713897705,"consumed":18.460640625,"exported":0.600000023841858,"imported":0.10000000149011612,"discharged":5.199999809265137,"maxPv":8.843}
