{"generated":15.100000381469727,"consumed":37.813265625,"exported":0,"imported":30.100000381469727,"discharged":2.799999952316284,"maxPv":6.516}
