{"generated":15.40000057220459,"consumed":13.0848330078125,"exported":0.10000000149011612,"imported":0.20000000298023224,"discharged":5.800000190734863,"maxPv":9.872}
