{"generated":12.199999809265137,"consumed":8.762421875,"exported":0.10000000149011612,"imported":0.10000000149011612,"discharged":4.599999904632568,"maxPv":5.313}
