{"generated":1.5,"consumed":7.58554931640625,"exported":0.10000000149011612,"imported":0.10000000149011612,"discharged":6.300000190734863,"maxPv":1.413}
