{"generated":0.800000011920929,"consumed":4.049257568359375,"exported":0.10000000149011612,"imported":0.300000011920929,"discharged":2.799999952316284,"maxPv":2.524}
