{"generated":53.30000305175781,"consumed":14.0055517578125,"exported":36.79999923706055,"imported":0.10000000149011612,"discharged":5,"maxPv":8.312}
