{"generated":0,"consumed":1.7179803466796875,"exported":0,"imported":12.899999618530273,"discharged":0,"maxPv":0}
