{"generated":45.9000015258789,"consumed":11.0408154296875,"exported":25.399999618530273,"imported":0.4000000059604645,"discharged":4.300000190734863,"maxPv":11.9}
