{"generated":7,"consumed":9.3974921875,"exported":0.10000000149011612,"imported":6.800000190734863,"discharged":5.5,"maxPv":6.596}
