{"generated":35.09999942779541,"consumed":29.99999962747097,"exported":0.20000000298023224,"imported":0.300000011920929,"discharged":8.600000381469727,"maxPv":12.126}
