{"generated":18.899999618530273,"consumed":12.1847255859375,"exported":0.10000000149011612,"imported":0.10000000149011612,"discharged":4.900000095367432,"maxPv":6.921}
