{"generated":68,"consumed":20.095255859375,"exported":46.79999923706055,"imported":0.20000000298023224,"discharged":9.699999809265137,"maxPv":8.891}
