{"generated":53.9000015258789,"consumed":0.747122802734375,"exported":20.600000381469727,"imported":0.300000011920929,"discharged":8.800000190734863,"maxPv":0}
