{"generated":29.5,"consumed":47,"exported":0,"imported":26.200000762939453,"discharged":14.899999618530273,"maxPv":8.91}
