{"generated":42.29999923706055,"consumed":10.1870205078125,"exported":26.299999237060547,"imported":0.10000000149011612,"discharged":3.5999999046325684,"maxPv":12.666}
