{"generated":0,"consumed":4.726814453125,"exported":0,"imported":0,"discharged":5.099999904632568,"maxPv":0}
