{"generated":32.899999141693115,"consumed":29.748408203125,"exported":0.10000000149011612,"imported":0.20000000298023224,"discharged":6.400000095367432,"maxPv":12.77}
