{"generated":24.5,"consumed":8.871484375,"exported":8.399999618530273,"imported":0.20000000298023224,"discharged":4.099999904632568,"maxPv":8.598}
