{"generated":0,"consumed":3.549420654296875,"exported":0,"imported":0.10000000149011612,"discharged":3.9000000953674316,"maxPv":0}
