{"generated":3.299999952316284,"consumed":6.77831884765625,"exported":0,"imported":0.20000000298023224,"discharged":4.699999809265137,"maxPv":6.411}
