{"generated":0,"consumed":4.47944775390625,"exported":0,"imported":8.699999809265137,"discharged":0,"maxPv":0.208}
