{"generated":32.5999984741211,"consumed":13.5466259765625,"exported":14.199999809265137,"imported":0.10000000149011612,"discharged":3.799999952316284,"maxPv":14.077}
