{"generated":47,"consumed":11.1158837890625,"exported":30.700000762939453,"imported":0.10000000149011612,"discharged":3.799999952316284,"maxPv":13.023}
