{"generated":20.5,"consumed":13.0079814453125,"exported":0,"imported":0.10000000149011612,"discharged":7.400000095367432,"maxPv":6.336}
