{"generated":13.199999809265137,"consumed":10.3260244140625,"exported":0.20000000298023224,"imported":0.20000000298023224,"discharged":5.199999809265137,"maxPv":5.061}
