{"generated":41.39999771118164,"consumed":9.6591044921875,"exported":6.099999904632568,"imported":5.5,"discharged":4.300000190734863,"maxPv":7.562}
