{"generated":0.8000000044703484,"consumed":6.85566357421875,"exported":0,"imported":0,"discharged":5.5,"maxPv":1.176}
