{"generated":42.9000015258789,"consumed":0.5867269897460937,"exported":23.5,"imported":0.10000000149011612,"discharged":8.600000381469727,"maxPv":0}
