{"generated":17.299999237060547,"consumed":18.62393359375,"exported":0.20000000298023224,"imported":0.300000011920929,"discharged":11.199999809265137,"maxPv":5.061}
