{"generated":51.70000076293945,"consumed":14.335849609375,"exported":10.100000381469727,"imported":0.10000000149011612,"discharged":3.700000047683716,"maxPv":8.733}
