{"generated":0,"consumed":3.5276650390625,"exported":0,"imported":7.5,"discharged":3.299999952316284,"maxPv":0}
