{"generated":39.5999984741211,"consumed":10.4048740234375,"exported":20,"imported":0.4000000059604645,"discharged":4.300000190734863,"maxPv":11.9}
