{"generated":26.5,"consumed":15.657498046875,"exported":8.100000381469727,"imported":0.20000000298023224,"discharged":5.300000190734863,"maxPv":10.944}
