{"generated":57.30000114440918,"consumed":31.300001338124275,"exported":6.699999809265137}
