{"generated":2.299999952316284,"consumed":12.009154296875,"exported":0,"imported":4.599999904632568,"discharged":4.699999809265137,"maxPv":1.265}
