{"generated":37.79999923706055,"consumed":8.9149267578125,"exported":2.200000047683716,"imported":0.10000000149011612,"discharged":3.799999952316284,"maxPv":8.199}
