{"generated":64.00000095367432,"consumed":19.124662109375,"exported":33.79999923706055,"imported":0.20000000298023224,"discharged":11.800000190734863,"maxPv":9.018}
