{"generated":5.800000190734863,"consumed":5.85752490234375,"exported":0,"imported":12.899999618530273,"discharged":0,"maxPv":4.474}
