{"generated":38.89999771118164,"consumed":17.003091796875,"exported":20,"imported":0.20000000298023224,"discharged":5.800000190734863,"maxPv":13.223}
