{"generated":29.30000114440918,"consumed":12.6046640625,"exported":10.5,"imported":0.20000000298023224,"discharged":5.699999809265137,"maxPv":13.009}
