{"generated":0,"consumed":4.78490185546875,"exported":0,"imported":4.099999904632568,"discharged":4.199999809265137,"maxPv":0.052}
