{"generated":26.5,"consumed":24.268978515625,"exported":0.20000000298023224,"imported":0.20000000298023224,"discharged":8.100000381469727,"maxPv":6.11}
