{"generated":65.4000015258789,"consumed":44.03799609375,"exported":22.200000762939453,"imported":0.10000000149011612,"discharged":11.5,"maxPv":8.277}
