{"generated":14.300000190734863,"consumed":12.9740673828125,"exported":0.10000000149011612,"imported":0.20000000298023224,"discharged":3.200000047683716,"maxPv":10.539}
