{"generated":2.4000000953674316,"consumed":6.00868115234375,"exported":0,"imported":0.20000000298023224,"discharged":3.5,"maxPv":2.553}
