{"generated":0,"consumed":2.66642431640625,"exported":0,"imported":15.600000381469727,"discharged":1.7999999523162842,"maxPv":0}
