{"generated":22.200000762939453,"consumed":8.5707607421875,"exported":7.699999809265137,"imported":0.20000000298023224,"discharged":4.199999809265137,"maxPv":7.92}
