{"generated":11.399999618530273,"consumed":6.195583984375,"exported":0,"imported":19.799999237060547,"discharged":1.2999999523162842,"maxPv":5.84}
