{"generated":24.900001525878906,"consumed":13.8583857421875,"exported":7.599999904632568,"imported":0.20000000298023224,"discharged":4.800000190734863,"maxPv":10.944}
