{"generated":14.09999942779541,"consumed":11.4599482421875,"exported":0,"imported":0.10000000149011612,"discharged":4.400000095367432,"maxPv":12.436}
