{"generated":65.9000015258789,"consumed":32.488703125,"exported":25.600000381469727,"imported":0.10000000149011612,"discharged":3.200000047683716,"maxPv":9.45}
