{"generated":19.80000114440918,"consumed":16.3396171875,"exported":0.10000000149011612,"imported":3.200000047683716,"discharged":7.400000095367432,"maxPv":4.77}
