{"generated":3.5,"consumed":5.922162109375,"exported":0,"imported":0.10000000149011612,"discharged":4.400000095367432,"maxPv":3.882}
