{"generated":1.100000023841858,"consumed":5.97302392578125,"exported":0,"imported":0,"discharged":5.400000095367432,"maxPv":1.556}
