{"generated":25,"consumed":24.250876953125,"exported":0.10000000149011612,"imported":0.4000000059604645,"discharged":16.600000381469727,"maxPv":6.533}
