{"generated":58.0999984741211,"consumed":12.3206591796875,"exported":39.9000015258789,"imported":0.10000000149011612,"discharged":4.599999904632568,"maxPv":9.192}
