{"generated":0,"consumed":6.11959912109375,"exported":0,"imported":2.9000000953674316,"discharged":3.0999999046325684,"maxPv":0}
