{"generated":0.5,"consumed":6.3007802734375,"exported":0,"imported":0.10000000149011612,"discharged":5.5,"maxPv":1.014}
