{"generated":0,"consumed":2.81068359375,"exported":0,"imported":0.10000000149011612,"discharged":3.200000047683716,"maxPv":0}
