{"generated":57,"consumed":27.018833984375,"exported":6.199999809265137,"imported":0.10000000149011612,"discharged":15.600000381469727,"maxPv":9.386}
