{"generated":38.39999771118164,"consumed":27.45596484375,"exported":8.600000381469727,"imported":0.20000000298023224,"discharged":4.800000190734863,"maxPv":12.563}
