{"generated":35.5,"consumed":9.17027734375,"exported":0.800000011920929,"imported":0.10000000149011612,"discharged":4.5,"maxPv":8.928}
