{"generated":0,"consumed":16.299999594688416,"exported":0,"imported":2.5,"discharged":14.899999618530273,"maxPv":0}
