{"generated":20.80000114440918,"consumed":14.9678115234375,"exported":0.10000000149011612,"imported":0.10000000149011612,"discharged":5.800000190734863,"maxPv":6.921}
