{"generated":30.700000762939453,"consumed":12.4931962890625,"exported":13.899999618530273,"imported":0.10000000149011612,"discharged":4.300000190734863,"maxPv":13.169}
