{"generated":43.20000076293945,"consumed":11.32494140625,"exported":11.699999809265137,"imported":5.5,"discharged":9.399999618530273,"maxPv":7.562}
