{"generated":3.3999999091029167,"consumed":9.09999991953373,"exported":0.10000000149011612}
