{"generated":36.50000047683716,"consumed":10.7970537109375,"exported":15.100000381469727,"imported":0.10000000149011612,"discharged":4.599999904632568,"maxPv":8.84}
