{"generated":0,"consumed":2.70718115234375,"exported":0,"imported":0.10000000149011612,"discharged":2.5,"maxPv":0}
