{"generated":0.4000000059604645,"consumed":4.30225537109375,"exported":0,"imported":0.20000000298023224,"discharged":3.299999952316284,"maxPv":1.514}
