{"generated":7.600000381469727,"consumed":5.5894072265625,"exported":0,"imported":0.10000000149011612,"discharged":2.9000000953674316,"maxPv":5.631}
