{"generated":55.5999984741211,"consumed":20.718287109375,"exported":30,"imported":0.20000000298023224,"discharged":8.399999618530273,"maxPv":11.611}
