{"generated":0,"consumed":4.1193544921875,"exported":0,"imported":0,"discharged":3.700000047683716,"maxPv":0}
