{"generated":12.199999809265137,"consumed":28.417001953125,"exported":0,"imported":25.299999237060547,"discharged":0.4000000059604645,"maxPv":5.576}
