{"generated":59.5,"consumed":15.97451953125,"exported":38.29999923706055,"imported":0.20000000298023224,"discharged":25.399999618530273,"maxPv":8.734}
