{"generated":0,"consumed":2.692346435546875,"exported":0,"imported":10.800000190734863,"discharged":0,"maxPv":0}
