{"generated":58.80000019073486,"consumed":35.300001338124275,"exported":6.699999809265137}
