{"generated":67.2999954223633,"consumed":35.269703125,"exported":23.5,"imported":0.20000000298023224,"discharged":5.699999809265137,"maxPv":11.092}
