{"generated":18.100000381469727,"consumed":16.0139990234375,"exported":0,"imported":0.20000000298023224,"discharged":9,"maxPv":5.058}
