{"generated":19,"consumed":7.212162109375,"exported":7.5,"imported":0.10000000149011612,"discharged":3.299999952316284,"maxPv":7.043}
