{"generated":0,"consumed":1.150065673828125,"exported":0,"imported":0,"discharged":1.100000023841858,"maxPv":0}
