{"generated":59.69999885559082,"consumed":60.14294140625,"exported":0.10000000149011612,"imported":2.9000000953674316,"discharged":31.5,"maxPv":9.478}
