{"generated":2.0000000596046448,"consumed":18.09999930858612,"exported":0,"imported":0,"discharged":16.799999237060547,"maxPv":4.247}
