{"generated":49.29999923706055,"consumed":0.6181165161132812,"exported":28.5,"imported":0.10000000149011612,"discharged":7.699999809265137,"maxPv":0}
