{"generated":0,"consumed":6.8304716796875,"exported":0,"imported":31.299999237060547,"discharged":3.200000047683716,"maxPv":0.036}
