{"generated":29.69999885559082,"consumed":7.02126416015625,"exported":14,"imported":0.10000000149011612,"discharged":3.4000000953674316,"maxPv":8.447}
