{"generated":0.20000000298023224,"consumed":4.83367333984375,"exported":0,"imported":0.10000000149011612,"discharged":4.300000190734863,"maxPv":0.589}
