{"generated":0.300000011920929,"consumed":6.47949365234375,"exported":0.10000000149011612,"imported":0,"discharged":5.900000095367432,"maxPv":0.212}
