{"generated":38.89999771118164,"consumed":0.623097412109375,"exported":20,"imported":0.20000000298023224,"discharged":7.599999904632568,"maxPv":0}
