{"generated":31.5,"consumed":26.87316015625,"exported":0.10000000149011612,"imported":0.10000000149011612,"discharged":5,"maxPv":7.025}
