{"generated":7.699999809265137,"consumed":6.6363525390625,"exported":0,"imported":0.20000000298023224,"discharged":3,"maxPv":5.985}
