{"generated":56.30000305175781,"consumed":19.489896484375,"exported":36.0999984741211,"imported":0.10000000149011612,"discharged":9.5,"maxPv":11.101}
