{"generated":5.400000095367432,"consumed":6.92360595703125,"exported":0,"imported":0,"discharged":4.400000095367432,"maxPv":3.622}
