{"generated":7.600000381469727,"consumed":8.958923828125,"exported":0.10000000149011612,"imported":0.10000000149011612,"discharged":5.199999809265137,"maxPv":6.429}
