{"generated":23.399999618530273,"consumed":10.4540380859375,"exported":0.10000000149011612,"imported":0.10000000149011612,"discharged":4.5,"maxPv":6.207}
