{"generated":10.699999809265137,"consumed":7.1711181640625,"exported":0,"imported":0.10000000149011612,"discharged":4.800000190734863,"maxPv":6.381}
