{"generated":33.70000076293945,"consumed":18.800001241266727,"exported":7.699999809265137}
