{"generated":6.599999904632568,"consumed":8.3793544921875,"exported":0,"imported":0,"discharged":6.199999809265137,"maxPv":5.15}
