{"generated":48.4000015258789,"consumed":39.173484375,"exported":0.300000011920929,"imported":0.4000000059604645,"discharged":3.9000000953674316,"maxPv":11.803}
