{"generated":0,"consumed":1.304678955078125,"exported":0,"imported":2.4000000953674316,"discharged":0.5,"maxPv":0}
