{"generated":50.19999694824219,"consumed":12.3343056640625,"exported":33.20000076293945,"imported":0.10000000149011612,"discharged":3.299999952316284,"maxPv":11.679}
