{"generated":1.7999999523162842,"consumed":6.42639306640625,"exported":0,"imported":0.10000000149011612,"discharged":4,"maxPv":1.559}
