{"generated":18.399999618530273,"consumed":39.5077109375,"exported":0.10000000149011612,"imported":32,"discharged":0.600000023841858,"maxPv":10.34}
