{"generated":49.70000457763672,"consumed":27.35900390625,"exported":14.399999618530273,"imported":0.5,"discharged":6.099999904632568,"maxPv":13.022}
