{"generated":67.7999954223633,"consumed":22.355939453125,"exported":42,"imported":0.10000000149011612,"discharged":7.5,"maxPv":8.821}
