{"generated":27.100000381469727,"consumed":34.3268828125,"exported":0.10000000149011612,"imported":32.20000076293945,"discharged":6,"maxPv":8.889}
