{"generated":0,"consumed":0.5432133178710937,"exported":0,"imported":19.799999237060547,"discharged":0.4000000059604645,"maxPv":0}
