{"generated":21.299999237060547,"consumed":29.123783203125,"exported":0.10000000149011612,"imported":12.300000190734863,"discharged":10,"maxPv":5.063}
