{"generated":16.700000762939453,"consumed":11.908482421875,"exported":0.10000000149011612,"imported":5,"discharged":2.700000047683716,"maxPv":4.783}
