{"generated":0,"consumed":4.699999809265137,"exported":0,"imported":0,"discharged":4.699999809265137,"maxPv":0}
