{"generated":41.10000228881836,"consumed":9.2721865234375,"exported":28.200000762939453,"imported":0.10000000149011612,"discharged":3.299999952316284,"maxPv":11.958}
