{"generated":12.300000190734863,"consumed":10.1641552734375,"exported":0.10000000149011612,"imported":0.20000000298023224,"discharged":3.5999999046325684,"maxPv":7.57}
