{"generated":45.80000066757202,"consumed":22.90000019222498,"exported":15.5}
