{"generated":65.60000610351562,"consumed":31.582498046875,"exported":33.20000076293945,"imported":0.10000000149011612,"discharged":10,"maxPv":8.577}
