{"generated":39.79999923706055,"consumed":9.997515625,"exported":24.700000762939453,"imported":0.10000000149011612,"discharged":3.799999952316284,"maxPv":10.509}
