{"generated":14.5,"consumed":17.622013671875,"exported":0.10000000149011612,"imported":3.299999952316284,"discharged":10.399999618530273,"maxPv":5.102}
