{"generated":15.09999942779541,"consumed":14.4685361328125,"exported":0,"imported":0.10000000149011612,"discharged":8.899999618530273,"maxPv":5.638}
