{"generated":11.09999942779541,"consumed":10.092595703125,"exported":0.10000000149011612,"imported":3.0999999046325684,"discharged":4.5,"maxPv":4.768}
