{"generated":5.5,"consumed":6.30107958984375,"exported":0,"imported":0,"discharged":4.099999904632568,"maxPv":4.614}
