{"generated":27.80000114440918,"consumed":8.268853515625,"exported":8.5,"imported":0.20000000298023224,"discharged":3.299999952316284,"maxPv":8.274}
