{"generated":55.79999923706055,"consumed":25.528765625,"exported":28,"imported":4.199999809265137,"discharged":27.299999237060547,"maxPv":8.733}
