{"generated":1.3000000715255737,"consumed":4.8099248046875,"exported":0,"imported":0.10000000149011612,"discharged":4.699999809265137,"maxPv":1.963}
