{"generated":61.70000076293945,"consumed":31.3333203125,"exported":33.70000076293945,"imported":0.10000000149011612,"discharged":13.199999809265137,"maxPv":8.059}
