{"generated":11.299999713897705,"consumed":8.500000096857548,"exported":0.10000000149011612}
