{"generated":44.20000457763672,"consumed":37.949671875,"exported":1.399999976158142,"imported":0.10000000149011612,"discharged":11.699999809265137,"maxPv":7.529}
