{"generated":50.79999923706055,"consumed":21.39999971538782,"exported":24.899999618530273}
