{"generated":7.299999892711639,"consumed":9.6735615234375,"exported":0.10000000149011612,"imported":0,"discharged":5.099999904632568,"maxPv":4.729}
