{"generated":0,"consumed":3.55103271484375,"exported":0,"imported":3.200000047683716,"discharged":3.299999952316284,"maxPv":0}
