{"generated":27.000001907348633,"consumed":16.2647646484375,"exported":7.900000095367432,"imported":0.20000000298023224,"discharged":4.300000190734863,"maxPv":11.961}
