{"generated":67.7999954223633,"consumed":25.341087890625,"exported":38.0999984741211,"imported":0.300000011920929,"discharged":7.099999904632568,"maxPv":8.878}
