{"generated":45.30000305175781,"consumed":0.6165881958007813,"exported":28.399999618530273,"imported":0.10000000149011612,"discharged":7.599999904632568,"maxPv":0}
