{"generated":19.899999618530273,"consumed":17.423826171875,"exported":0.10000000149011612,"imported":0.20000000298023224,"discharged":10.399999618530273,"maxPv":5.033}
