{"generated":56.69999694824219,"consumed":11.5259443359375,"exported":40.20000076293945,"imported":0.10000000149011612,"discharged":3.299999952316284,"maxPv":11.16}
