{"generated":7,"consumed":6.71093310546875,"exported":0,"imported":32.79999923706055,"discharged":4.199999809265137,"maxPv":7.504}
