{"generated":0,"consumed":1.128666748046875,"exported":0,"imported":0.300000011920929,"discharged":0.5,"maxPv":0}
