{"generated":57.79999923706055,"consumed":27.78258984375,"exported":28,"imported":0.5,"discharged":10.800000190734863,"maxPv":11.049}
