{"generated":29.499998092651367,"consumed":11.2485009765625,"exported":9,"imported":0.20000000298023224,"discharged":4.300000190734863,"maxPv":11.411}
