{"generated":21.399999618530273,"consumed":16.775556640625,"exported":0,"imported":4.599999904632568,"discharged":6.599999904632568,"maxPv":5.582}
