{"generated":3.1999999657273293,"consumed":6.30803369140625,"exported":0,"imported":0,"discharged":4.800000190734863,"maxPv":4.386}
