{"generated":61.20000076293945,"consumed":11.73675,"exported":46.70000076293945,"imported":0.10000000149011612,"discharged":4.699999809265137,"maxPv":8.722}
