{"generated":5.599999904632568,"consumed":6.43968212890625,"exported":0,"imported":0,"discharged":4.300000190734863,"maxPv":4.958}
