{"generated":55.39999961853027,"consumed":37.05604296875,"exported":32.20000076293945,"imported":0.20000000298023224,"discharged":9.600000381469727,"maxPv":9.904}
