{"generated":54.400001525878906,"consumed":29.800001241266727,"exported":17.100000381469727}
