{"generated":14.90000057220459,"consumed":7.31689208984375,"exported":0.10000000149011612,"imported":30.200000762939453,"discharged":3.5,"maxPv":6.701}
