{"generated":39.0999984741211,"consumed":16.418173828125,"exported":17.899999618530273,"imported":0.20000000298023224,"discharged":3.9000000953674316,"maxPv":12.78}
