{"generated":45.4000015258789,"consumed":11.416623046875,"exported":18.799999237060547,"imported":0.699999988079071,"discharged":13.800000190734863,"maxPv":8.057}
