{"generated":45.79999923706055,"consumed":16.114126953125,"exported":24,"imported":0.20000000298023224,"discharged":5.199999809265137,"maxPv":13.502}
