{"generated":51.69999694824219,"consumed":12.9086845703125,"exported":29.799999237060547,"imported":0.4000000059604645,"discharged":4.5,"maxPv":11.9}
