{"generated":54.5,"consumed":14.2891240234375,"exported":33,"imported":0.10000000149011612,"discharged":4.099999904632568,"maxPv":8.821}
