{"generated":24.600000381469727,"consumed":11.4454033203125,"exported":8.899999618530273,"imported":0,"discharged":4.900000095367432,"maxPv":11.674}
