{"generated":0.800000011920929,"consumed":4.4816123046875,"exported":0.10000000149011612,"imported":0.10000000149011612,"discharged":2.9000000953674316,"maxPv":1.85}
