{"generated":1.100000023841858,"consumed":5.1795361328125,"exported":0,"imported":32.79999923706055,"discharged":4.099999904632568,"maxPv":4.213}
