{"generated":51.20000076293945,"consumed":24.619859375,"exported":13.300000190734863,"imported":0.300000011920929,"discharged":10.300000190734863,"maxPv":9.047}
