{"generated":68.8000030517578,"consumed":22.332859375,"exported":38.20000076293945,"imported":0.10000000149011612,"discharged":6,"maxPv":10.413}
