{"generated":2.0999999046325684,"consumed":30.5306640625,"exported":0,"imported":34.0999984741211,"discharged":5.099999904632568,"maxPv":2.37}
