{"generated":9.399999618530273,"consumed":10.295330078125,"exported":4.400000095367432,"imported":16,"discharged":5.099999904632568,"maxPv":5.437}
