{"generated":2.799999952316284,"consumed":7.50971142578125,"exported":0,"imported":0.10000000149011612,"discharged":5,"maxPv":2.624}
