{"generated":31,"consumed":18.000000953674316,"exported":0.20000000298023224,"imported":0.20000000298023224,"discharged":5.800000190734863,"maxPv":13.625}
