{"generated":62.5,"consumed":44.35373828125,"exported":11.5,"imported":0.20000000298023224,"discharged":3.299999952316284,"maxPv":8.443}
