{"generated":51.9000015258789,"consumed":19.57153515625,"exported":29,"imported":0.600000023841858,"discharged":26.700000762939453,"maxPv":9.989}
