{"generated":66.6999969482422,"consumed":28.893408203125,"exported":37,"imported":0.20000000298023224,"discharged":13,"maxPv":8.902}
