{"generated":18.5,"consumed":9.6197255859375,"exported":0.4000000059604645,"imported":0.300000011920929,"discharged":3.9000000953674316,"maxPv":10.426}
