{"generated":20,"consumed":17.821828125,"exported":0,"imported":0.10000000149011612,"discharged":11.5,"maxPv":0}
