{"generated":60.5,"consumed":16.584029296875,"exported":34.70000076293945,"imported":0.10000000149011612,"discharged":3.4000000953674316,"maxPv":8.699}
