{"generated":17.399999618530273,"consumed":30.551576171875,"exported":0.10000000149011612,"imported":31.399999618530273,"discharged":9.399999618530273,"maxPv":5.067}
