{"generated":18.200000762939453,"consumed":12.6110849609375,"exported":0,"imported":0.20000000298023224,"discharged":5.900000095367432,"maxPv":4.989}
