{"generated":0.600000023841858,"consumed":4.2239609375,"exported":0,"imported":0.4000000059604645,"discharged":2.9000000953674316,"maxPv":2.157}
