{"generated":19.100000262260437,"consumed":37.15182421875,"exported":0.10000000149011612,"imported":2.700000047683716,"discharged":29.899999618530273,"maxPv":7.892}
