{"generated":46.9000015258789,"consumed":27.909173828125,"exported":22.799999237060547,"imported":15.699999809265137,"discharged":34.4000015258789,"maxPv":8.076}
