{"generated":44.4000015258789,"consumed":0.5599324340820313,"exported":1.399999976158142,"imported":0.20000000298023224,"discharged":21.5,"maxPv":0}
