{"generated":17,"consumed":14.13598828125,"exported":0.10000000149011612,"imported":0.10000000149011612,"discharged":5.699999809265137,"maxPv":4.613}
