{"generated":2.299999989569187,"consumed":6.500000134110451,"exported":0}
