{"generated":29.700000762939453,"consumed":14.58031640625,"exported":0,"imported":0.10000000149011612,"discharged":4.800000190734863,"maxPv":6.486}
