{"generated":66.6999969482422,"consumed":26.335095703125,"exported":39,"imported":0.20000000298023224,"discharged":10,"maxPv":11.582}
