{"generated":24.200000762939453,"consumed":0.6213695678710938,"exported":8.5,"imported":0.10000000149011612,"discharged":7.699999809265137,"maxPv":0}
