{"generated":32.89999771118164,"consumed":12.831369140625,"exported":17.100000381469727,"imported":0.20000000298023224,"discharged":4.099999904632568,"maxPv":12.118}
