{"generated":45.20000076293945,"consumed":12.7464521484375,"exported":28.399999618530273,"imported":0.10000000149011612,"discharged":4.099999904632568,"maxPv":12.155}
