{"generated":36.0999984741211,"consumed":14.2271220703125,"exported":10.399999618530273,"imported":0.20000000298023224,"discharged":3.5,"maxPv":10.264}
