{"generated":18.799999237060547,"consumed":18.81670703125,"exported":0.10000000149011612,"imported":0.10000000149011612,"discharged":4.199999809265137,"maxPv":11.536}
