{"generated":18.400001525878906,"consumed":14.155771484375,"exported":4.800000190734863,"imported":0.20000000298023224,"discharged":6.699999809265137,"maxPv":6.703}
