{"generated":48.4000015258789,"consumed":14.6664443359375,"exported":7,"imported":0.20000000298023224,"discharged":5.099999904632568,"maxPv":9.004}
