{"generated":0,"consumed":3.546084716796875,"exported":0,"imported":0,"discharged":3.299999952316284,"maxPv":0}
