{"generated":50.29999923706055,"consumed":24.100000478327274,"exported":20.799999237060547}
