{"generated":64.69999885559082,"consumed":36.55578515625,"exported":23.899999618530273,"imported":0.10000000149011612,"discharged":20.299999237060547,"maxPv":9.657}
