{"generated":42.30000305175781,"consumed":9.32816796875,"exported":28,"imported":0.10000000149011612,"discharged":3.299999952316284,"maxPv":7.833}
