{"generated":0,"consumed":3.848271240234375,"exported":0,"imported":0.10000000149011612,"discharged":3.5999999046325684,"maxPv":0.061}
