{"generated":3.1999998092651367,"consumed":10.1084091796875,"exported":0.10000000149011612,"imported":0.10000000149011612,"discharged":7.199999809265137,"maxPv":2.191}
