{"generated":15.899999618530273,"consumed":14.907876953125,"exported":0.10000000149011612,"imported":0.10000000149011612,"discharged":9.300000190734863,"maxPv":6.009}
