{"generated":59.5,"consumed":17.636548828125,"exported":15.300000190734863,"imported":0.10000000149011612,"discharged":5.599999904632568,"maxPv":8.662}
