{"generated":58.5999984741211,"consumed":11.921921875,"exported":21,"imported":0.10000000149011612,"discharged":4.300000190734863,"maxPv":9.774}
