{"generated":26.600000381469727,"consumed":17.08860546875,"exported":1.899999976158142,"imported":0.10000000149011612,"discharged":9.100000381469727,"maxPv":6.207}
