{"generated":1.600000023841858,"consumed":4.64206005859375,"exported":0,"imported":0,"discharged":3.700000047683716,"maxPv":2.723}
