{"generated":0,"consumed":22.21591015625,"exported":0,"imported":20.100000381469727,"discharged":0.899999976158142,"maxPv":0}
