{"generated":7.5,"consumed":5.9587314453125,"exported":0.10000000149011612,"imported":0.10000000149011612,"discharged":3,"maxPv":6.058}
