{"generated":9.199999809265137,"consumed":7.8921787109375,"exported":0.10000000149011612,"imported":0.10000000149011612,"discharged":3.9000000953674316,"maxPv":13.158}
