{"generated":0,"consumed":4.51892626953125,"exported":0,"imported":0.10000000149011612,"discharged":3.5,"maxPv":0.285}
