{"generated":36.5,"consumed":16.2886455078125,"exported":0.20000000298023224,"imported":6.900000095367432,"discharged":3.9000000953674316,"maxPv":11.367}
