{"generated":23.699999809265137,"consumed":32.554998046875,"exported":0.10000000149011612,"imported":0.20000000298023224,"discharged":7.300000190734863,"maxPv":12.826}
