{"generated":30.999999046325684,"consumed":11.1353017578125,"exported":0,"imported":0,"discharged":5.5,"maxPv":9.386}
