{"generated":32.89999961853027,"consumed":34.09999952465296,"exported":0.10000000149011612}
