{"generated":57.500000953674316,"consumed":14.3687958984375,"exported":35.5999984741211,"imported":0.10000000149011612,"discharged":5.099999904632568,"maxPv":8.57}
