{"generated":11.800000190734863,"consumed":7.94258837890625,"exported":0,"imported":0,"discharged":4.5,"maxPv":6.552}
