{"generated":36.10000228881836,"consumed":0.613678466796875,"exported":20.200000762939453,"imported":0.10000000149011612,"discharged":10.399999618530273,"maxPv":0}
