{"generated":1.7999999523162842,"consumed":25.62937109375,"exported":0,"imported":17.799999237060547,"discharged":4.400000095367432,"maxPv":2.741}
