{"generated":1.9000000953674316,"consumed":6.53361669921875,"exported":0,"imported":0,"discharged":4.599999904632568,"maxPv":2.213}
