{"generated":7.700000286102295,"consumed":8.6022431640625,"exported":0,"imported":0,"discharged":4.900000095367432,"maxPv":9.094}
