{"generated":0.600000023841858,"consumed":4.546728515625,"exported":0,"imported":0.10000000149011612,"discharged":3.299999952316284,"maxPv":1.725}
