{"generated":32.5,"consumed":9.867482421875,"exported":15.300000190734863,"imported":0.10000000149011612,"discharged":3.9000000953674316,"maxPv":9.412}
