{"generated":66.30000114440918,"consumed":11.354666015625,"exported":44.20000076293945,"imported":0.10000000149011612,"discharged":9.300000190734863,"maxPv":8.865}
