{"generated":11.699999809265137,"consumed":17.56209375,"exported":0,"imported":6.400000095367432,"discharged":7,"maxPv":3.845}
