{"generated":61.70000076293945,"consumed":16.415421875,"exported":39.20000076293945,"imported":0.20000000298023224,"discharged":6.5,"maxPv":8.787}
