{"generated":17.799999237060547,"consumed":18.585646484375,"exported":0.10000000149011612,"imported":5.099999904632568,"discharged":7.900000095367432,"maxPv":4.783}
