{"generated":66.6999969482422,"consumed":22.148509765625,"exported":43.20000076293945,"imported":0.10000000149011612,"discharged":9.399999618530273,"maxPv":8.802}
