{"generated":5.300000190734863,"consumed":7.84002197265625,"exported":0,"imported":0.10000000149011612,"discharged":3.799999952316284,"maxPv":6.514}
