{"generated":17,"consumed":18.984845703125,"exported":0.10000000149011612,"imported":0.10000000149011612,"discharged":10.199999809265137,"maxPv":4.613}
