{"generated":0.699999988079071,"consumed":5.073345703125,"exported":0,"imported":0.20000000298023224,"discharged":3.299999952316284,"maxPv":2.055}
