{"generated":13.899999618530273,"consumed":19.28026171875,"exported":0.10000000149011612,"imported":0.20000000298023224,"discharged":13.100000381469727,"maxPv":7.09}
