{"generated":53.4000015258789,"consumed":14.305703125,"exported":33,"imported":0.300000011920929,"discharged":24.399999618530273,"maxPv":8.928}
