{"generated":22.099998474121094,"consumed":31.709732421875,"exported":0.300000011920929,"imported":0.20000000298023224,"discharged":22.200000762939453,"maxPv":10.903}
