{"generated":14.5,"consumed":8.50027734375,"exported":0.10000000149011612,"imported":0.300000011920929,"discharged":2.799999952316284,"maxPv":8.316}
