{"generated":0.5,"consumed":5.81588818359375,"exported":0,"imported":0,"discharged":5.800000190734863,"maxPv":1.483}
