{"generated":18,"consumed":11.099999904632568,"exported":0.10000000149011612,"imported":0.10000000149011612,"discharged":5.400000095367432,"maxPv":13.43}
