{"generated":13.699999809265137,"consumed":12.475794921875,"exported":0.10000000149011612,"imported":0.10000000149011612,"discharged":2.799999952316284,"maxPv":6.89}
