{"generated":0,"consumed":10.0350419921875,"exported":0,"imported":7.800000190734863,"discharged":2.0999999046325684,"maxPv":0}
