{"generated":28.200000762939453,"consumed":9.2826923828125,"exported":0.10000000149011612,"imported":3.200000047683716,"discharged":4.199999809265137,"maxPv":11.187}
