{"generated":7.200000286102295,"consumed":27.654111328125,"exported":0,"imported":25.200000762939453,"discharged":0.4000000059604645,"maxPv":5.463}
