{"generated":0.699999988079071,"consumed":23.35117578125,"exported":0,"imported":24.5,"discharged":0,"maxPv":1.663}
