{"generated":0,"consumed":1.1237174072265625,"exported":0,"imported":0.10000000149011612,"discharged":0.5,"maxPv":0}
