{"generated":25.200000762939453,"consumed":13.9059150390625,"exported":6.699999809265137,"imported":0.20000000298023224,"discharged":3.9000000953674316,"maxPv":12.78}
