{"generated":8,"consumed":8.9374345703125,"exported":0.10000000149011612,"imported":0.20000000298023224,"discharged":4.099999904632568,"maxPv":10.781}
