{"generated":0,"consumed":4.900000095367432,"exported":0,"imported":0,"discharged":4.900000095367432,"maxPv":0}
