{"generated":27.5,"consumed":13.475390625,"exported":7.699999809265137,"imported":0.10000000149011612,"discharged":4.400000095367432,"maxPv":13.652}
