{"generated":56.09999942779541,"consumed":15.399998284876354,"exported":34.9000015258789}
