{"generated":33.5,"consumed":32.8506875,"exported":0.20000000298023224,"imported":0.300000011920929,"discharged":4.099999904632568,"maxPv":10.832}
