{"generated":44.5999984741211,"consumed":18.100203125,"exported":22.299999237060547,"imported":0.20000000298023224,"discharged":7.5,"maxPv":12.974}
