{"generated":62,"consumed":53.25412109375,"exported":6.800000190734863,"imported":0.20000000298023224,"discharged":10.600000381469727,"maxPv":9.261}
