{"generated":63.69999694824219,"consumed":21.804708984375,"exported":33.4000015258789,"imported":0.10000000149011612,"discharged":2.9000000953674316,"maxPv":8.743}
