{"generated":21.30000114440918,"consumed":57.98084375,"exported":0.4000000059604645,"imported":60,"discharged":12.899999618530273,"maxPv":8.709}
