{"generated":2.1000001430511475,"consumed":14.135318359375,"exported":0,"imported":0.20000000298023224,"discharged":11,"maxPv":2.3}
