{"generated":54.5999984741211,"consumed":35.293703125,"exported":11.600000381469727,"imported":0.20000000298023224,"discharged":3.4000000953674316,"maxPv":8.831}
