{"generated":45.70000076293945,"consumed":11.34340234375,"exported":29.399999618530273,"imported":0.10000000149011612,"discharged":3.4000000953674316,"maxPv":8.796}
