{"generated":0.7000000476837158,"consumed":5.251005859375,"exported":0,"imported":0.20000000298023224,"discharged":3.700000047683716,"maxPv":1.618}
