{"generated":40.99999952316284,"consumed":20.000000096857548,"exported":13.899999618530273}
