{"generated":53.9000015258789,"consumed":26.700177734375,"exported":20.600000381469727,"imported":0.300000011920929,"discharged":6.199999809265137,"maxPv":11.24}
