{"generated":2.0999999046325684,"consumed":6.507140625,"exported":0,"imported":0.10000000149011612,"discharged":4.599999904632568,"maxPv":8.087}
