{"generated":43.4000015258789,"consumed":24.03297265625,"exported":6.400000095367432,"imported":0.300000011920929,"discharged":10.300000190734863,"maxPv":9.047}
