{"generated":26.600000381469727,"consumed":14.2307001953125,"exported":1.899999976158142,"imported":0.10000000149011612,"discharged":6.400000095367432,"maxPv":6.207}
