{"generated":0.4000000059604645,"consumed":7.200000196695328,"exported":0}
