{"generated":60.5,"consumed":20.5978203125,"exported":39.79999923706055,"imported":0.10000000149011612,"discharged":10.199999809265137,"maxPv":8.705}
