{"generated":25.300000190734863,"consumed":17.700000286102295,"exported":0.10000000149011612}
