{"generated":0,"consumed":4.14340380859375,"exported":0,"imported":4.300000190734863,"discharged":0,"maxPv":0}
