{"generated":40.80000305175781,"consumed":66.0265390625,"exported":18.799999237060547,"imported":46,"discharged":3.799999952316284,"maxPv":7.14}
