{"generated":0,"consumed":2.701413330078125,"exported":0,"imported":0.300000011920929,"discharged":1.7000000476837158,"maxPv":0}
