{"generated":0,"consumed":12.6930068359375,"exported":0.10000000149011612,"imported":0.20000000298023224,"discharged":12.199999809265137,"maxPv":0}
