{"generated":39.69999980926514,"consumed":15.000000096857548,"exported":13.699999809265137}
