{"generated":0.20000000298023224,"consumed":4.2226318359375,"exported":0,"imported":0.20000000298023224,"discharged":3.200000047683716,"maxPv":1.305}
