{"generated":62,"consumed":50.9368515625,"exported":6.800000190734863,"imported":0.20000000298023224,"discharged":8.600000381469727,"maxPv":9.261}
