{"generated":49.69999694824219,"consumed":19.513810546875,"exported":27.899999618530273,"imported":0.10000000149011612,"discharged":9.399999618530273,"maxPv":12.477}
