{"generated":0.4000000059604645,"consumed":27.73819140625,"exported":0,"imported":34.0999984741211,"discharged":4,"maxPv":0.46}
