{"generated":10.300000190734863,"consumed":10.28766796875,"exported":0.20000000298023224,"imported":0.300000011920929,"discharged":4.800000190734863,"maxPv":6.112}
