{"generated":24.200000762939453,"consumed":13.625294921875,"exported":8.5,"imported":0.10000000149011612,"discharged":5.900000095367432,"maxPv":9.931}
