{"generated":13.899999618530273,"consumed":7.72325146484375,"exported":0,"imported":0.10000000149011612,"discharged":4.300000190734863,"maxPv":8.987}
