{"generated":18.799999237060547,"consumed":16.721248046875,"exported":0.10000000149011612,"imported":3,"discharged":8.300000190734863,"maxPv":4.585}
