{"generated":5.899999618530273,"consumed":5.43687158203125,"exported":0,"imported":0.10000000149011612,"discharged":3.700000047683716,"maxPv":5.447}
