{"generated":45.19999694824219,"consumed":11.7741162109375,"exported":30.200000762939453,"imported":28.5,"discharged":4.099999904632568,"maxPv":7.573}
