{"generated":0.4000000059604645,"consumed":5.0820361328125,"exported":0,"imported":0.20000000298023224,"discharged":3.799999952316284,"maxPv":1.213}
