{"generated":65.4000015258789,"consumed":40.3209375,"exported":22.200000762939453,"imported":0.10000000149011612,"discharged":8.100000381469727,"maxPv":8.277}
