{"generated":18,"consumed":6.8334111328125,"exported":7,"imported":0.20000000298023224,"discharged":3.200000047683716,"maxPv":6.818}
