{"generated":31.400001525878906,"consumed":12.3662890625,"exported":13.800000190734863,"imported":0.20000000298023224,"discharged":4,"maxPv":13.248}
