{"generated":23.399999618530273,"consumed":17.268890625,"exported":0.10000000149011612,"imported":0.10000000149011612,"discharged":4.300000190734863,"maxPv":6.11}
