{"generated":57.399998664855964,"consumed":45.28065625,"exported":4,"imported":0.20000000298023224,"discharged":5.099999904632568,"maxPv":9.261}
