{"generated":40.4000015258789,"consumed":14.561171875,"exported":42.5999984741211,"imported":0.20000000298023224,"discharged":9,"maxPv":13.502}
