{"generated":0.4000000059604645,"consumed":5.58864599609375,"exported":0,"imported":0,"discharged":5,"maxPv":0.777}
