{"generated":7.699999809265137,"consumed":49.2569453125,"exported":2.0999999046325684,"imported":79,"discharged":1.2999999523162842,"maxPv":3.927}
