{"generated":3.3999998569488525,"consumed":4.57625341796875,"exported":0,"imported":0.10000000149011612,"discharged":3.4000000953674316,"maxPv":3.789}
