{"generated":22,"consumed":8.995421875,"exported":6.400000095367432,"imported":0.10000000149011612,"discharged":4.099999904632568,"maxPv":8.298}
