{"generated":0.10000000149011612,"consumed":6.06198095703125,"exported":0,"imported":0,"discharged":5.400000095367432,"maxPv":0.201}
