{"generated":23.100000381469727,"consumed":9.9180791015625,"exported":8.5,"imported":0,"discharged":5.099999904632568,"maxPv":12.159}
