{"generated":58.30000305175781,"consumed":23.039025390625,"exported":33.9000015258789,"imported":0.20000000298023224,"discharged":10.300000190734863,"maxPv":11.188}
