{"generated":24.5,"consumed":19.542744140625,"exported":1.600000023841858,"imported":0.10000000149011612,"discharged":9.300000190734863,"maxPv":5.617}
