{"generated":12.5,"consumed":8.7342841796875,"exported":0.10000000149011612,"imported":0.10000000149011612,"discharged":3.4000000953674316,"maxPv":8.496}
