{"generated":12.899999618530273,"consumed":13.2488408203125,"exported":0,"imported":2.299999952316284,"discharged":5.699999809265137,"maxPv":5.228}
