{"generated":21.399999618530273,"consumed":12.5930361328125,"exported":0,"imported":4.599999904632568,"discharged":2.799999952316284,"maxPv":5.582}
