{"generated":38.10000228881836,"consumed":20.105857421875,"exported":8.199999809265137,"imported":0.20000000298023224,"discharged":3.0999999046325684,"maxPv":10.595}
