{"generated":67.9000015258789,"consumed":32.507703125,"exported":30.600000381469727,"imported":0.10000000149011612,"discharged":5.699999809265137,"maxPv":8.975}
