{"generated":9.899999737739563,"consumed":8.9942705078125,"exported":0.10000000149011612,"imported":0.10000000149011612,"discharged":5.599999904632568,"maxPv":6.998}
