{"generated":60.20000457763672,"consumed":12.00643359375,"exported":46,"imported":0,"discharged":4.800000190734863,"maxPv":10.789}
