{"generated":17.700000762939453,"consumed":12.8683115234375,"exported":2.4000000953674316,"imported":0.300000011920929,"discharged":4.400000095367432,"maxPv":5.604}
