{"generated":2.5,"consumed":7.26467529296875,"exported":0,"imported":0.10000000149011612,"discharged":5.199999809265137,"maxPv":3.583}
