{"generated":50.9000015258789,"consumed":15.29997265625,"exported":29.700000762939453,"imported":0.20000000298023224,"discharged":6.199999809265137,"maxPv":13.221}
