{"generated":45.0999984741211,"consumed":12.736654296875,"exported":28.100000381469727,"imported":0.10000000149011612,"discharged":4.5,"maxPv":12.342}
