{"generated":65.7999954223633,"consumed":15.3210146484375,"exported":47.9000015258789,"imported":0.10000000149011612,"discharged":4.900000095367432,"maxPv":9.102}
