{"generated":34.39999961853027,"consumed":27.59999905526638,"exported":0.20000000298023224,"imported":0.300000011920929,"discharged":6.699999809265137,"maxPv":12.126}
