{"generated":20.30000114440918,"consumed":18.770267578125,"exported":0.300000011920929,"imported":0.600000023841858,"discharged":9.300000190734863,"maxPv":6.169}
