{"generated":48.9000015258789,"consumed":11.3226884765625,"exported":9.899999618530273,"imported":0.10000000149011612,"discharged":4.5,"maxPv":8.662}
