{"generated":27.30000114440918,"consumed":44.5740859375,"exported":3.299999952316284,"imported":32.20000076293945,"discharged":15.100000381469727,"maxPv":8.889}
