{"generated":0.10000000149011612,"consumed":5.781484375,"exported":0,"imported":7,"discharged":4.400000095367432,"maxPv":0.229}
