{"generated":44.9000015258789,"consumed":22.750494140625,"exported":1.100000023841858,"imported":4.400000095367432,"discharged":4.400000095367432,"maxPv":8.389}
