{"generated":46.799999713897705,"consumed":12.7506328125,"exported":0.20000000298023224,"imported":0.10000000149011612,"discharged":5.5,"maxPv":9.386}
