{"generated":51.79999542236328,"consumed":31.742771484375,"exported":5,"imported":0.300000011920929,"discharged":16.899999618530273,"maxPv":12.01}
