{"generated":37.79999923706055,"consumed":37.4664453125,"exported":0.20000000298023224,"imported":34.9000015258789,"discharged":18.899999618530273,"maxPv":7.851}
