{"generated":32.70000076293945,"consumed":37.94678125,"exported":0.10000000149011612,"imported":28.399999618530273,"discharged":2.200000047683716,"maxPv":7.72}
