{"generated":2.299999952316284,"consumed":4.89849658203125,"exported":0,"imported":0.10000000149011612,"discharged":3.299999952316284,"maxPv":3.44}
