{"generated":0,"consumed":1.4308592529296875,"exported":0,"imported":12.899999618530273,"discharged":0.10000000149011612,"maxPv":0}
