{"generated":65.2999954223633,"consumed":12.551287109375,"exported":47.79999923706055,"imported":0.10000000149011612,"discharged":3,"maxPv":9.102}
