{"generated":0,"consumed":4.0098349609375,"exported":0,"imported":0,"discharged":3.5999999046325684,"maxPv":0}
