{"generated":59.29999923706055,"consumed":13.2577568359375,"exported":30.299999237060547,"imported":0.4000000059604645,"discharged":14.300000190734863,"maxPv":8.714}
