{"generated":0,"consumed":5.4261181640625,"exported":0,"imported":0.10000000149011612,"discharged":5,"maxPv":0.065}
