{"generated":2.9000000953674316,"consumed":5.26428955078125,"exported":0,"imported":0.300000011920929,"discharged":3.299999952316284,"maxPv":5.764}
