{"generated":0,"consumed":13.29924609375,"exported":0,"imported":16.700000762939453,"discharged":0.5,"maxPv":0}
