{"generated":2.4000000953674316,"consumed":9.9025634765625,"exported":0,"imported":6.800000190734863,"discharged":0,"maxPv":2.043}
