{"generated":20.40000009536743,"consumed":10.500000573694706,"exported":0}
