{"generated":23.30000114440918,"consumed":10.07755078125,"exported":0.20000000298023224,"imported":0.20000000298023224,"discharged":5,"maxPv":12.049}
