{"generated":10.100000381469727,"consumed":8.7785283203125,"exported":0.10000000149011612,"imported":0,"discharged":4.900000095367432,"maxPv":10.564}
