{"generated":54.9000015258789,"consumed":15.7257705078125,"exported":30.100000381469727,"imported":0.20000000298023224,"discharged":4.599999904632568,"maxPv":11.411}
