{"generated":3.4000000953674316,"consumed":5.94458154296875,"exported":0,"imported":0.10000000149011612,"discharged":3.9000000953674316,"maxPv":5.425}
