{"generated":21,"consumed":18.106306640625,"exported":0,"imported":8.199999809265137,"discharged":10.100000381469727,"maxPv":5.904}
