{"generated":0,"consumed":0.5866809692382813,"exported":0,"imported":13.300000190734863,"discharged":0.5,"maxPv":0}
