{"generated":1,"consumed":6.66776416015625,"exported":0,"imported":0.20000000298023224,"discharged":4.099999904632568,"maxPv":1.662}
