{"generated":40.39999771118164,"consumed":11.4202216796875,"exported":5.300000190734863,"imported":1.600000023841858,"discharged":4.699999809265137,"maxPv":10.392}
