{"generated":48.30000019073486,"consumed":59.299999713897705,"exported":0.20000000298023224}
