{"generated":52.900001525878906,"consumed":46.50000227987766,"exported":0.300000011920929}
