{"generated":41.89999771118164,"consumed":12.0025380859375,"exported":22,"imported":0.10000000149011612,"discharged":4.300000190734863,"maxPv":7.146}
