{"generated":16.899999618530273,"consumed":6.723888671875,"exported":0.10000000149011612,"imported":0.20000000298023224,"discharged":3.299999952316284,"maxPv":6.861}
