{"generated":0,"consumed":3.962991943359375,"exported":0,"imported":0,"discharged":3.700000047683716,"maxPv":0.059}
