{"generated":3,"consumed":5.79345068359375,"exported":0,"imported":0.10000000149011612,"discharged":3.4000000953674316,"maxPv":4.418}
