{"generated":0,"consumed":4.20389990234375,"exported":0,"imported":3.200000047683716,"discharged":3.9000000953674316,"maxPv":0.067}
