{"generated":16.69999885559082,"consumed":17.63809375,"exported":0.10000000149011612,"imported":0.10000000149011612,"discharged":10.199999809265137,"maxPv":6.429}
