{"generated":36.70000076293945,"consumed":28.095341796875,"exported":0.20000000298023224,"imported":34.9000015258789,"discharged":11,"maxPv":7.851}
