{"generated":16.200000762939453,"consumed":21.222265625,"exported":0.10000000149011612,"imported":0.20000000298023224,"discharged":14.899999618530273,"maxPv":4.594}
