{"generated":45.5999984741211,"consumed":11.242970703125,"exported":28.100000381469727,"imported":0.10000000149011612,"discharged":4.599999904632568,"maxPv":9.168}
