{"generated":0,"consumed":36.94780078125,"exported":0,"imported":53.29999923706055,"discharged":1.600000023841858,"maxPv":0}
