{"generated":38.5,"consumed":20.17569140625,"exported":7.400000095367432,"imported":0.20000000298023224,"discharged":3.299999952316284,"maxPv":11.092}
