{"generated":1.7000000476837158,"consumed":6.17377197265625,"exported":0,"imported":0,"discharged":4.800000190734863,"maxPv":2.639}
