{"generated":23,"consumed":26.706560546875,"exported":0.10000000149011612,"imported":0.20000000298023224,"discharged":13.5,"maxPv":5.609}
