{"generated":64.5999984741211,"consumed":36.00876953125,"exported":27.399999618530273,"imported":0.10000000149011612,"discharged":8.800000190734863,"maxPv":9.635}
