{"generated":52.000003814697266,"consumed":14.8459794921875,"exported":29.799999237060547,"imported":0.4000000059604645,"discharged":6.099999904632568,"maxPv":11.9}
