{"generated":21.5,"consumed":18.649009765625,"exported":0.10000000149011612,"imported":0.10000000149011612,"discharged":9.100000381469727,"maxPv":7.291}
