{"generated":30.5,"consumed":9.323294921875,"exported":15.100000381469727,"imported":0.20000000298023224,"discharged":4.199999809265137,"maxPv":8.695}
