{"generated":48.70000076293945,"consumed":7.68090771484375,"exported":36.4000015258789,"imported":0.10000000149011612,"discharged":3.200000047683716,"maxPv":8.722}
