{"generated":0,"consumed":1.878712158203125,"exported":0,"imported":0.20000000298023224,"discharged":1.7999999523162842,"maxPv":0}
