{"generated":11.199999809265137,"consumed":10.0858369140625,"exported":0.10000000149011612,"imported":0.10000000149011612,"discharged":6.300000190734863,"maxPv":4.649}
