{"generated":39.10000228881836,"consumed":7.68587109375,"exported":20,"imported":0.10000000149011612,"discharged":8.699999809265137,"maxPv":9.025}
