{"generated":47.5999984741211,"consumed":7.7780576171875,"exported":35.79999923706055,"imported":0,"discharged":3,"maxPv":10.789}
