{"generated":32.4000015258789,"consumed":23.91972265625,"exported":13.399999618530273,"imported":18.100000381469727,"discharged":20.899999618530273,"maxPv":0.118}
