{"generated":0,"consumed":4.15725732421875,"exported":0,"imported":0.20000000298023224,"discharged":3,"maxPv":0}
