{"generated":4.700000286102295,"consumed":17.431142578125,"exported":0,"imported":10.899999618530273,"discharged":9.600000381469727,"maxPv":2.91}
