{"generated":0,"consumed":0.6929186401367188,"exported":0,"imported":0,"discharged":0.600000023841858,"maxPv":0}
