{"generated":20.599998474121094,"consumed":7.418259765625,"exported":8.5,"imported":0.10000000149011612,"discharged":3.299999952316284,"maxPv":7.889}
