{"generated":44.70000076293945,"consumed":9.1613388671875,"exported":29.200000762939453,"imported":0.10000000149011612,"discharged":3.299999952316284,"maxPv":10.515}
