{"generated":0,"consumed":4.18946337890625,"exported":0,"imported":0.20000000298023224,"discharged":3.200000047683716,"maxPv":0.063}
