{"generated":7.799999713897705,"consumed":7.13987841796875,"exported":0,"imported":0.10000000149011612,"discharged":4.300000190734863,"maxPv":5.713}
