{"generated":56.20000076293945,"consumed":0.6128386840820312,"exported":38.4000015258789,"imported":0.10000000149011612,"discharged":7.699999809265137,"maxPv":0}
