{"generated":1.9000000953674316,"consumed":6.6795283203125,"exported":0,"imported":0.10000000149011612,"discharged":4.699999809265137,"maxPv":2.171}
