{"generated":0.20000000298023224,"consumed":3.486909912109375,"exported":0,"imported":0.10000000149011612,"discharged":3.299999952316284,"maxPv":0.151}
