{"generated":17,"consumed":6.89366943359375,"exported":0,"imported":0.699999988079071,"discharged":3.9000000953674316,"maxPv":7.565}
