{"generated":1.2000000476837158,"consumed":4.05557275390625,"exported":0,"imported":0.10000000149011612,"discharged":3.0999999046325684,"maxPv":2.876}
