{"generated":0.20000000298023224,"consumed":5.19375634765625,"exported":0,"imported":1,"discharged":4.300000190734863,"maxPv":0.875}
