{"generated":14.399999618530273,"consumed":15.482515625,"exported":0.10000000149011612,"imported":5.400000095367432,"discharged":3.9000000953674316,"maxPv":8.155}
