{"generated":20.299999237060547,"consumed":14.413267578125,"exported":0.300000011920929,"imported":0.300000011920929,"discharged":6.5,"maxPv":7.674}
