{"generated":3.4000000953674316,"consumed":13.6574775390625,"exported":0.10000000149011612,"imported":2,"discharged":8,"maxPv":2.225}
