{"generated":26.80000114440918,"consumed":11.565611328125,"exported":13.600000381469727,"imported":13.399999618530273,"discharged":18.899999618530273,"maxPv":11.489}
