{"generated":0,"consumed":35.36974609375,"exported":0,"imported":74.0999984741211,"discharged":0.10000000149011612,"maxPv":0}
