{"generated":7.299999713897705,"consumed":38.261296875,"exported":0,"imported":31.899999618530273,"discharged":0.600000023841858,"maxPv":7.65}
