{"generated":60,"consumed":16.031248046875,"exported":38.20000076293945,"imported":0.10000000149011612,"discharged":6.5,"maxPv":10.051}
