{"generated":19,"consumed":13.914169921875,"exported":0.10000000149011612,"imported":0.20000000298023224,"discharged":8.300000190734863,"maxPv":5.48}
