{"generated":0.20000000298023224,"consumed":34.50181640625,"exported":0,"imported":31.600000381469727,"discharged":0.600000023841858,"maxPv":0.791}
