{"generated":16.59999990463257,"consumed":10.900000095367432,"exported":0.10000000149011612,"imported":0.10000000149011612,"discharged":7.300000190734863,"maxPv":10.971}
