{"generated":8.299999237060547,"consumed":6.96533544921875,"exported":0,"imported":0.300000011920929,"discharged":4.199999809265137,"maxPv":5.094}
