{"generated":56,"consumed":15.0894111328125,"exported":37.5,"imported":0.10000000149011612,"discharged":4.5,"maxPv":11.679}
