{"generated":55.9000015258789,"consumed":24.545068359375,"exported":25,"imported":0.20000000298023224,"discharged":8.399999618530273,"maxPv":10.264}
