{"generated":19.399999618530273,"consumed":14.0944091796875,"exported":0.10000000149011612,"imported":0.10000000149011612,"discharged":4.900000095367432,"maxPv":5.609}
