{"generated":29.600000381469727,"consumed":16.80318359375,"exported":5.900000095367432,"imported":0.20000000298023224,"discharged":3.799999952316284,"maxPv":10.272}
