{"generated":29.700000762939453,"consumed":9.2399365234375,"exported":15.100000381469727,"imported":0.10000000149011612,"discharged":4.599999904632568,"maxPv":9.192}
