{"generated":67,"consumed":43.71396875,"exported":19.899999618530273,"imported":0.20000000298023224,"discharged":6.800000190734863,"maxPv":10.557}
