{"generated":59.89999771118164,"consumed":25.0670625,"exported":35.5999984741211,"imported":0.20000000298023224,"discharged":11.800000190734863,"maxPv":8.766}
