{"generated":23.799999475479126,"consumed":9.7848779296875,"exported":7.199999809265137,"imported":0.10000000149011612,"discharged":4.800000190734863,"maxPv":10.933}
