{"generated":8.59999942779541,"consumed":6.7931015625,"exported":0.10000000149011612,"imported":0.300000011920929,"discharged":3.299999952316284,"maxPv":9.062}
