{"generated":4.599999904632568,"consumed":7.35141455078125,"exported":0,"imported":4.599999904632568,"discharged":1.899999976158142,"maxPv":2.536}
