{"generated":32.70000076293945,"consumed":11.53055078125,"exported":1.600000023841858,"imported":0.20000000298023224,"discharged":4.599999904632568,"maxPv":8.987}
