{"generated":66.3000030517578,"consumed":18.367435546875,"exported":37,"imported":0.20000000298023224,"discharged":3.700000047683716,"maxPv":8.902}
