{"generated":61.70000076293945,"consumed":28.735380859375,"exported":26.5,"imported":0.10000000149011612,"discharged":4.300000190734863,"maxPv":8.975}
