{"generated":0.699999988079071,"consumed":4.43351708984375,"exported":0,"imported":0.10000000149011612,"discharged":3,"maxPv":2.065}
