{"generated":39.20000076293945,"consumed":11.1384609375,"exported":19.299999237060547,"imported":0.300000011920929,"discharged":2.799999952316284,"maxPv":8.878}
