{"generated":0,"consumed":5.196169921875,"exported":0,"imported":5.300000190734863,"discharged":5,"maxPv":0}
