{"generated":17.899999618530273,"consumed":21.081353515625,"exported":0.10000000149011612,"imported":0.10000000149011612,"discharged":12.100000381469727,"maxPv":2.163}
