{"generated":16.200000762939453,"consumed":34.67331640625,"exported":0.10000000149011612,"imported":20.700000762939453,"discharged":6.900000095367432,"maxPv":5.277}
