{"generated":22.200000762939453,"consumed":8.8798115234375,"exported":0.10000000149011612,"imported":3.4000000953674316,"discharged":3.5,"maxPv":11.507}
