{"generated":7.300000190734863,"consumed":20.7780390625,"exported":0.10000000149011612,"imported":14.300000190734863,"discharged":6.699999809265137,"maxPv":5.403}
