{"generated":58.0999984741211,"consumed":18.447640625,"exported":24.600000381469727,"imported":0.20000000298023224,"discharged":3.299999952316284,"maxPv":8.436}
