{"generated":26.5,"consumed":10.3608095703125,"exported":0.10000000149011612,"imported":13.399999618530273,"discharged":4.099999904632568,"maxPv":11.489}
