{"generated":0,"consumed":2.205008544921875,"exported":0,"imported":25.799999237060547,"discharged":0.600000023841858,"maxPv":0}
