{"generated":17.799999237060547,"consumed":59.7958828125,"exported":6.900000095367432,"imported":39.70000076293945,"discharged":10.699999809265137,"maxPv":4.457}
