{"generated":17.200000762939453,"consumed":6.78112939453125,"exported":0,"imported":19.799999237060547,"discharged":1.2999999523162842,"maxPv":8.324}
