{"generated":56.5999984741211,"consumed":16.555166015625,"exported":33.20000076293945,"imported":0.10000000149011612,"discharged":7.300000190734863,"maxPv":9.785}
