{"generated":0.10000000149011612,"consumed":4.46265380859375,"exported":0,"imported":32.79999923706055,"discharged":4.099999904632568,"maxPv":0.207}
