{"generated":0.4000000059604645,"consumed":4.9273349609375,"exported":0,"imported":0,"discharged":4.300000190734863,"maxPv":1.307}
