{"generated":14.899999618530273,"consumed":11.6041142578125,"exported":0,"imported":0,"discharged":6.400000095367432,"maxPv":5.638}
