{"generated":52.39999866485596,"consumed":35.570109375,"exported":7.599999904632568,"imported":0.10000000149011612,"discharged":24.200000762939453,"maxPv":12.265}
