{"generated":4,"consumed":6.5910419921875,"exported":0,"imported":0.10000000149011612,"discharged":4.800000190734863,"maxPv":4.193}
