{"generated":9.399999618530273,"consumed":9.74084375,"exported":0,"imported":0,"discharged":6.699999809265137,"maxPv":5.664}
