{"generated":13.700000762939453,"consumed":9.76309375,"exported":0.10000000149011612,"imported":0.20000000298023224,"discharged":3.200000047683716,"maxPv":7.512}
