{"generated":61.30000305175781,"consumed":22.77965234375,"exported":28.299999237060547,"imported":0.20000000298023224,"discharged":3.0999999046325684,"maxPv":10.905}
