{"generated":0,"consumed":2.104063720703125,"exported":0,"imported":13.399999618530273,"discharged":0.699999988079071,"maxPv":0}
