{"generated":2,"consumed":6.325529296875,"exported":0,"imported":0,"discharged":4.699999809265137,"maxPv":3.849}
