{"generated":0,"consumed":5.173919921875,"exported":0.10000000149011612,"imported":0,"discharged":4.599999904632568,"maxPv":0.222}
