{"generated":58.19999694824219,"consumed":11.5046748046875,"exported":40.4000015258789,"imported":0.10000000149011612,"discharged":3.299999952316284,"maxPv":10.515}
