{"generated":51.79999542236328,"consumed":15.6950634765625,"exported":11.800000190734863,"imported":0.600000023841858,"discharged":5.400000095367432,"maxPv":9.989}
