{"generated":0,"consumed":3.342525634765625,"exported":0,"imported":2.9000000953674316,"discharged":1.2000000476837158,"maxPv":0}
