{"generated":40.9000015258789,"consumed":12.269921875,"exported":12.300000190734863,"imported":0.20000000298023224,"discharged":3.299999952316284,"maxPv":7.264}
