{"generated":0.300000011920929,"consumed":6.68288671875,"exported":0,"imported":1.5,"discharged":5.900000095367432,"maxPv":0.571}
