{"generated":64.5,"consumed":22.60129296875,"exported":33.79999923706055,"imported":0.10000000149011612,"discharged":2.9000000953674316,"maxPv":8.743}
