{"generated":23.600000381469727,"consumed":14.85464453125,"exported":0.10000000149011612,"imported":0.20000000298023224,"discharged":8.399999618530273,"maxPv":5.916}
