{"generated":19.80000114440918,"consumed":9.07920703125,"exported":5,"imported":0.10000000149011612,"discharged":4,"maxPv":11.129}
