{"generated":65.60000038146973,"consumed":23.03021875,"exported":30.700000762939453,"imported":0.20000000298023224,"discharged":4.699999809265137,"maxPv":9.796}
