{"generated":0,"consumed":5.53663916015625,"exported":0,"imported":0,"discharged":5.900000095367432,"maxPv":0.027}
