{"generated":58.5999984741211,"consumed":27.32024609375,"exported":31,"imported":0.20000000298023224,"discharged":11.699999809265137,"maxPv":10.377}
