{"generated":16.100000381469727,"consumed":10.0493291015625,"exported":0.10000000149011612,"imported":0.10000000149011612,"discharged":4.800000190734863,"maxPv":6.921}
