{"generated":8,"consumed":6.28280126953125,"exported":0,"imported":0.10000000149011612,"discharged":2.5999999046325684,"maxPv":5.634}
