{"generated":21.30000114440918,"consumed":57.128953125,"exported":0.4000000059604645,"imported":60,"discharged":12.100000381469727,"maxPv":8.709}
