{"generated":39,"consumed":8.899353515625,"exported":4.599999904632568,"imported":12,"discharged":4,"maxPv":10.752}
