{"generated":67.4000015258789,"consumed":44.74526953125,"exported":18,"imported":0.20000000298023224,"discharged":8.699999809265137,"maxPv":9.713}
