{"generated":2.5999999046325684,"consumed":6.455630859375,"exported":0,"imported":3.5999999046325684,"discharged":4.300000190734863,"maxPv":1.99}
