{"generated":4.400000095367432,"consumed":7.19515869140625,"exported":0,"imported":0.10000000149011612,"discharged":3.9000000953674316,"maxPv":3.666}
