{"generated":14.700000762939453,"consumed":42.41978125,"exported":0.300000011920929,"imported":60,"discharged":4.599999904632568,"maxPv":8.709}
