{"generated":0,"consumed":4.3986142578125,"exported":0.10000000149011612,"imported":0.10000000149011612,"discharged":4.199999809265137,"maxPv":0.063}
