{"generated":18.100000381469727,"consumed":8.52865234375,"exported":0,"imported":0.10000000149011612,"discharged":4.5,"maxPv":7.781}
