{"generated":20.30000114440918,"consumed":19.538673828125,"exported":0.300000011920929,"imported":0.600000023841858,"discharged":10.100000381469727,"maxPv":6.169}
