{"generated":40.0999984741211,"consumed":31.56425390625,"exported":7.800000190734863,"imported":0.20000000298023224,"discharged":8.800000190734863,"maxPv":11.536}
