{"generated":0,"consumed":0.5795211791992188,"exported":0,"imported":15.699999809265137,"discharged":0.5,"maxPv":0}
