{"generated":29,"consumed":9.264953125,"exported":13,"imported":0.10000000149011612,"discharged":4.099999904632568,"maxPv":8.477}
