{"generated":21.899999618530273,"consumed":10.55317578125,"exported":7.300000190734863,"imported":0.10000000149011612,"discharged":4.300000190734863,"maxPv":9.931}
