{"generated":21.799999237060547,"consumed":19.52072265625,"exported":0.10000000149011612,"imported":0.20000000298023224,"discharged":11.800000190734863,"maxPv":5.579}
