{"generated":54.20000076293945,"consumed":13.110751953125,"exported":29.299999237060547,"imported":0.300000011920929,"discharged":3,"maxPv":12.098}
