{"generated":9.90000057220459,"consumed":7.7186513671875,"exported":0,"imported":0.20000000298023224,"discharged":3.9000000953674316,"maxPv":7.881}
