{"generated":13,"consumed":16.0134482421875,"exported":0,"imported":0.10000000149011612,"discharged":7.300000190734863,"maxPv":4.639}
