{"generated":6,"consumed":7.4187001953125,"exported":0.10000000149011612,"imported":0.10000000149011612,"discharged":4.599999904632568,"maxPv":9.192}
