{"generated":44.69999694824219,"consumed":23.43907421875,"exported":7.199999809265137,"imported":6.800000190734863,"discharged":13,"maxPv":12.708}
