{"generated":2.6000001430511475,"consumed":7.22804638671875,"exported":0,"imported":0.10000000149011612,"discharged":4.199999809265137,"maxPv":2.757}
