{"generated":61.70000076293945,"consumed":32.082404296875,"exported":33.70000076293945,"imported":0.10000000149011612,"discharged":13.899999618530273,"maxPv":8.059}
