{"generated":5.200000286102295,"consumed":6.3206484375,"exported":0,"imported":13.399999618530273,"discharged":4.099999904632568,"maxPv":4.68}
