{"generated":21.5,"consumed":6.38036669921875,"exported":6.800000190734863,"imported":0.10000000149011612,"discharged":3.4000000953674316,"maxPv":7.821}
