{"generated":19.200000762939453,"consumed":13.7320302734375,"exported":0,"imported":0.10000000149011612,"discharged":7.599999904632568,"maxPv":6.026}
