{"generated":23.700000762939453,"consumed":48.47871875,"exported":0.10000000149011612,"imported":26.200000762939453,"discharged":9.199999809265137,"maxPv":5.453}
