{"generated":8.5,"consumed":8.0171982421875,"exported":0.10000000149011612,"imported":0.10000000149011612,"discharged":5.400000095367432,"maxPv":4.553}
