{"generated":67.0999984741211,"consumed":41.20305859375,"exported":18,"imported":0.20000000298023224,"discharged":5.5,"maxPv":9.713}
