{"generated":17.700000762939453,"consumed":13.7015087890625,"exported":0.10000000149011612,"imported":5.099999904632568,"discharged":3.4000000953674316,"maxPv":4.783}
