{"generated":0.300000011920929,"consumed":7.17022900390625,"exported":0,"imported":0,"discharged":7.099999904632568,"maxPv":0.544}
