{"generated":14.100000381469727,"consumed":7.87316015625,"exported":0,"imported":0.10000000149011612,"discharged":4.800000190734863,"maxPv":7.125}
