{"generated":16.200000762939453,"consumed":13.1966923828125,"exported":10.100000381469727,"imported":3.5999999046325684,"discharged":17.200000762939453,"maxPv":3.78}
