{"generated":4.300000190734863,"consumed":19.57323046875,"exported":0,"imported":13.100000381469727,"discharged":2.4000000953674316,"maxPv":4.396}
