{"generated":49.0999984741211,"consumed":13.088626953125,"exported":31.799999237060547,"imported":0.10000000149011612,"discharged":4.400000095367432,"maxPv":10.509}
