{"generated":61.5,"consumed":56.4848828125,"exported":0.20000000298023224,"imported":0.5,"discharged":13.199999809265137,"maxPv":11.682}
