{"generated":14.699999809265137,"consumed":17.11825,"exported":0.10000000149011612,"imported":0.10000000149011612,"discharged":11.199999809265137,"maxPv":6.492}
