{"generated":0,"consumed":3.9795498046875,"exported":0,"imported":12.899999618530273,"discharged":0,"maxPv":0}
