{"generated":12.899999618530273,"consumed":8.12325537109375,"exported":0,"imported":0.10000000149011612,"discharged":4.900000095367432,"maxPv":7.333}
