{"generated":2,"consumed":6.29956787109375,"exported":0,"imported":0.20000000298023224,"discharged":4.199999809265137,"maxPv":5.293}
