{"generated":45.20000076293945,"consumed":48.70000267028808,"exported":0,"imported":26.200000762939453,"discharged":14.899999618530273,"maxPv":9.375}
