{"generated":0,"consumed":3.875937744140625,"exported":0,"imported":0.10000000149011612,"discharged":3,"maxPv":0.067}
