{"generated":0,"consumed":2.86910693359375,"exported":0,"imported":0.10000000149011612,"discharged":2.0999999046325684,"maxPv":0}
