{"generated":52.900001525878906,"consumed":43.10000170767307,"exported":0.300000011920929}
