{"generated":10.899999618530273,"consumed":9.814162109375,"exported":0.10000000149011612,"imported":2.9000000953674316,"discharged":4.400000095367432,"maxPv":4.512}
