{"generated":18.299999237060547,"consumed":18.20714453125,"exported":0,"imported":0.300000011920929,"discharged":11.199999809265137,"maxPv":4.989}
