{"generated":20.5,"consumed":44.0328359375,"exported":0,"imported":26,"discharged":7.699999809265137,"maxPv":5.487}
