{"generated":21.30000114440918,"consumed":52.8746328125,"exported":0.4000000059604645,"imported":60,"discharged":8.199999809265137,"maxPv":8.709}
