{"generated":50.0999984741211,"consumed":16.13797265625,"exported":23.5,"imported":0.20000000298023224,"discharged":4.900000095367432,"maxPv":12.665}
