{"generated":61.70000076293945,"consumed":14.5226962890625,"exported":39.20000076293945,"imported":0.20000000298023224,"discharged":4.800000190734863,"maxPv":8.787}
