{"generated":0,"consumed":1.2485723876953125,"exported":0,"imported":0,"discharged":0.600000023841858,"maxPv":0}
