{"generated":64,"consumed":24.2107734375,"exported":32.9000015258789,"imported":0.10000000149011612,"discharged":4.699999809265137,"maxPv":8.577}
