{"generated":32.200000286102295,"consumed":32.554998046875,"exported":0.20000000298023224,"imported":0.20000000298023224,"discharged":7.400000095367432,"maxPv":12.826}
