{"generated":5.600000381469727,"consumed":7.0094970703125,"exported":0,"imported":0,"discharged":4.5,"maxPv":8.928}
