{"generated":9.5,"consumed":12.3606083984375,"exported":0.10000000149011612,"imported":0.10000000149011612,"discharged":7,"maxPv":6.168}
