{"generated":0,"consumed":2.786369873046875,"exported":0,"imported":13.399999618530273,"discharged":1.399999976158142,"maxPv":0}
