{"generated":24.5,"consumed":22.604330078125,"exported":1.600000023841858,"imported":0.10000000149011612,"discharged":12.100000381469727,"maxPv":5.617}
