{"generated":43.19999694824219,"consumed":36.08637109375,"exported":0.20000000298023224,"imported":0.20000000298023224,"discharged":5.599999904632568,"maxPv":11.404}
