{"generated":2.3999998569488525,"consumed":10.808537109375,"exported":0,"imported":0.20000000298023224,"discharged":9.699999809265137,"maxPv":2.889}
