{"generated":57,"consumed":19.01216015625,"exported":31.299999237060547,"imported":0.20000000298023224,"discharged":3.799999952316284,"maxPv":12.933}
