{"generated":23.100000381469727,"consumed":20.084796875,"exported":0.20000000298023224,"imported":0.699999988079071,"discharged":4,"maxPv":12.803}
