{"generated":0.600000023841858,"consumed":4.4353056640625,"exported":0,"imported":0.20000000298023224,"discharged":3.700000047683716,"maxPv":0.819}
