{"generated":0.899999976158142,"consumed":5.6726943359375,"exported":0.10000000149011612,"imported":15.699999809265137,"discharged":4.599999904632568,"maxPv":2.114}
