{"generated":4.499999940395355,"consumed":9.500000178813934,"exported":0,"imported":0,"discharged":7.300000190734863,"maxPv":5.749}
