{"generated":47.29999923706055,"consumed":13.1200966796875,"exported":29.700000762939453,"imported":0.10000000149011612,"discharged":4.5,"maxPv":13.413}
