{"generated":33,"consumed":9.0816005859375,"exported":0,"imported":0.10000000149011612,"discharged":4.5,"maxPv":8.611}
