{"generated":18.5,"consumed":23.805013671875,"exported":0.10000000149011612,"imported":14.199999809265137,"discharged":2.200000047683716,"maxPv":5.327}
