{"generated":15.799999237060547,"consumed":9.2022578125,"exported":0,"imported":18.100000381469727,"discharged":4.599999904632568,"maxPv":7.119}
