{"generated":29.200000762939453,"consumed":9.415458984375,"exported":14.600000381469727,"imported":0.10000000149011612,"discharged":3.9000000953674316,"maxPv":7.326}
