{"generated":17.700000762939453,"consumed":17.64038671875,"exported":0,"imported":0.10000000149011612,"discharged":11.5,"maxPv":5.664}
