{"generated":16.200000762939453,"consumed":6.7055830078125,"exported":0.10000000149011612,"imported":0.20000000298023224,"discharged":3.700000047683716,"maxPv":7.874}
