{"generated":45.29999923706055,"consumed":11.560375,"exported":29.799999237060547,"imported":0.10000000149011612,"discharged":4.099999904632568,"maxPv":7.833}
