{"generated":64.3000030517578,"consumed":15.0212373046875,"exported":41.5999984741211,"imported":0.10000000149011612,"discharged":4.5,"maxPv":10.95}
