{"generated":34.09999990463257,"consumed":12.576259765625,"exported":0.20000000298023224,"imported":0.10000000149011612,"discharged":5.099999904632568,"maxPv":12.265}
