{"generated":0,"consumed":0.6866279907226562,"exported":0,"imported":4.400000095367432,"discharged":0,"maxPv":0}
