{"generated":42.20000076293945,"consumed":11.4415947265625,"exported":25.5,"imported":0.20000000298023224,"discharged":3.5999999046325684,"maxPv":7.181}
