{"generated":20.899999618530273,"consumed":10.4515751953125,"exported":1.5,"imported":0.20000000298023224,"discharged":4.300000190734863,"maxPv":11.411}
