{"generated":64.79999732971191,"consumed":17.16323828125,"exported":32.20000076293945,"imported":0.20000000298023224,"discharged":10.899999618530273,"maxPv":11.424}
