{"generated":0.4000000059604645,"consumed":4.8405634765625,"exported":0,"imported":0.20000000298023224,"discharged":3.5999999046325684,"maxPv":0.794}
