{"generated":60.70000171661376,"consumed":27.22826953125,"exported":28,"imported":0.10000000149011612,"discharged":6.699999809265137,"maxPv":8.843}
