{"generated":43.499999046325684,"consumed":15.6928037109375,"exported":20.799999237060547,"imported":0.10000000149011612,"discharged":5.599999904632568,"maxPv":9.96}
