{"generated":57.500003814697266,"consumed":17.54912109375,"exported":36.29999923706055,"imported":0.10000000149011612,"discharged":6.900000095367432,"maxPv":10.891}
