{"generated":25.299999713897705,"consumed":26.49999962002039,"exported":0.10000000149011612}
