{"generated":0,"consumed":0.994328369140625,"exported":0,"imported":0.10000000149011612,"discharged":1,"maxPv":0}
