{"generated":20.5,"consumed":17.211046875,"exported":0.10000000149011612,"imported":0.20000000298023224,"discharged":10.699999809265137,"maxPv":5.374}
