{"generated":21.200000762939453,"consumed":13.66596875,"exported":0.10000000149011612,"imported":0.20000000298023224,"discharged":5.800000190734863,"maxPv":9.126}
