{"generated":37.79999923706055,"consumed":36.7046328125,"exported":0.20000000298023224,"imported":34.9000015258789,"discharged":18.200000762939453,"maxPv":7.851}
