{"generated":24.100000381469727,"consumed":11.7635830078125,"exported":7.099999904632568,"imported":0.20000000298023224,"discharged":3.4000000953674316,"maxPv":12.276}
