{"generated":64.5999984741211,"consumed":28.814208984375,"exported":27.5,"imported":0.20000000298023224,"discharged":5.5,"maxPv":9.124}
