{"generated":0,"consumed":7.78919873046875,"exported":0,"imported":0.20000000298023224,"discharged":7.800000190734863,"maxPv":0}
