{"generated":57.599998474121094,"consumed":16.89999771118164,"exported":37.20000076293945}
