{"generated":20.80000114440918,"consumed":14.1170615234375,"exported":0.10000000149011612,"imported":0.10000000149011612,"discharged":5,"maxPv":6.921}
