{"generated":0,"consumed":1.338548583984375,"exported":0,"imported":0.10000000149011612,"discharged":0.600000023841858,"maxPv":0}
