{"generated":12,"consumed":11.0755908203125,"exported":0,"imported":19.5,"discharged":5.800000190734863,"maxPv":6.47}
