{"generated":21.700000286102295,"consumed":11.03162890625,"exported":4.300000190734863,"imported":0,"discharged":5.199999809265137,"maxPv":8.934}
