{"generated":58.60000228881836,"consumed":12.6202939453125,"exported":40.4000015258789,"imported":0.10000000149011612,"discharged":4,"maxPv":10.515}
