{"generated":0,"consumed":3.875581298828125,"exported":0,"imported":0.20000000298023224,"discharged":3.5999999046325684,"maxPv":0}
