{"generated":0,"consumed":1.9171524658203125,"exported":0,"imported":0,"discharged":1.7999999523162842,"maxPv":0}
