{"generated":53.70000076293945,"consumed":37.61907421875,"exported":6.199999809265137,"imported":0.20000000298023224,"discharged":5.599999904632568,"maxPv":11.404}
