{"generated":16.5,"consumed":9.5120341796875,"exported":0,"imported":0.10000000149011612,"discharged":5.5,"maxPv":8.777}
