{"generated":2.499999761581421,"consumed":6.05219921875,"exported":0,"imported":0,"discharged":4.400000095367432,"maxPv":3.624}
