{"generated":37.60000228881836,"consumed":9.8279462890625,"exported":22.600000381469727,"imported":0.10000000149011612,"discharged":3.299999952316284,"maxPv":8.766}
