{"generated":0.4000000059604645,"consumed":5.9106875,"exported":0,"imported":5.599999904632568,"discharged":0,"maxPv":0.873}
