{"generated":62.20000076293945,"consumed":14.5360068359375,"exported":38.79999923706055,"imported":0.10000000149011612,"discharged":4.400000095367432,"maxPv":8.981}
