{"generated":9.199999809265137,"consumed":6.1108857421875,"exported":0.300000011920929,"imported":0.10000000149011612,"discharged":3.4000000953674316,"maxPv":10.023}
