{"generated":13.300000190734863,"consumed":6.71780810546875,"exported":0.10000000149011612,"imported":0.10000000149011612,"discharged":2.9000000953674316,"maxPv":10.271}
