{"generated":0.20000000298023224,"consumed":4.540146484375,"exported":0,"imported":13.399999618530273,"discharged":4.099999904632568,"maxPv":0.712}
