{"generated":0,"consumed":15.5845673828125,"exported":0,"imported":11.699999809265137,"discharged":4.099999904632568,"maxPv":0}
