{"generated":0.6000000089406967,"consumed":6.799999818205833,"exported":0}
