{"generated":44.70000076293945,"consumed":9.877603515625,"exported":30.299999237060547,"imported":0.10000000149011612,"discharged":3.4000000953674316,"maxPv":8.312}
