{"generated":2.8999998569488525,"consumed":5.43810205078125,"exported":0,"imported":0.10000000149011612,"discharged":4.699999809265137,"maxPv":2.788}
