{"generated":29,"consumed":61.30434375,"exported":9.800000190734863,"imported":46,"discharged":2.0999999046325684,"maxPv":7.14}
