{"generated":18.899999618530273,"consumed":18.269828125,"exported":0.10000000149011612,"imported":0.10000000149011612,"discharged":10.199999809265137,"maxPv":5.554}
