{"generated":12,"consumed":10.466177734375,"exported":0.10000000149011612,"imported":0.10000000149011612,"discharged":5.699999809265137,"maxPv":12.683}
