{"generated":64.5,"consumed":16.1044267578125,"exported":44.70000076293945,"imported":0.10000000149011612,"discharged":4.199999809265137,"maxPv":8.978}
