{"generated":40.20000076293945,"consumed":42.64878515625,"exported":0.20000000298023224,"imported":0.4000000059604645,"discharged":6.900000095367432,"maxPv":10.832}
