{"generated":0.10000000149011612,"consumed":4.5075234375,"exported":0,"imported":0.20000000298023224,"discharged":3.5999999046325684,"maxPv":0.125}
