{"generated":4.099999904632568,"consumed":26.438423828125,"exported":0,"imported":17.799999237060547,"discharged":4.400000095367432,"maxPv":4.014}
