{"generated":58.69999694824219,"consumed":15.614759765625,"exported":39.9000015258789,"imported":0.10000000149011612,"discharged":7.199999809265137,"maxPv":9.192}
