{"generated":29.399999618530273,"consumed":13.754130859375,"exported":8,"imported":0.20000000298023224,"discharged":4.400000095367432,"maxPv":8.191}
