{"generated":35.89999771118164,"consumed":12.039451171875,"exported":21.600000381469727,"imported":3.200000047683716,"discharged":23.899999618530273,"maxPv":10.937}
