{"generated":1.7000000476837158,"consumed":6.167625,"exported":0,"imported":0.20000000298023224,"discharged":5.199999809265137,"maxPv":2.21}
