{"generated":26.499999284744263,"consumed":23.172759765625,"exported":0.10000000149011612,"imported":0.10000000149011612,"discharged":5,"maxPv":8.5}
