{"generated":0.10000000149011612,"consumed":3.771207275390625,"exported":0,"imported":0.20000000298023224,"discharged":2.9000000953674316,"maxPv":0.074}
