{"generated":57.10000228881836,"consumed":14.4910947265625,"exported":40.29999923706055,"imported":0.10000000149011612,"discharged":5.800000190734863,"maxPv":11.16}
