{"generated":23.5,"consumed":18.820314453125,"exported":0,"imported":0.20000000298023224,"discharged":3.0999999046325684,"maxPv":9.126}
