{"generated":37.5999984741211,"consumed":31.281630859375,"exported":0.10000000149011612,"imported":0.20000000298023224,"discharged":3.0999999046325684,"maxPv":8.443}
