{"generated":22.599998474121094,"consumed":12.9567666015625,"exported":6.599999904632568,"imported":0.20000000298023224,"discharged":6.199999809265137,"maxPv":11.129}
