{"generated":27.900001525878906,"consumed":13.3563623046875,"exported":0.10000000149011612,"imported":0.20000000298023224,"discharged":5.5,"maxPv":8.777}
