{"generated":55.10000228881836,"consumed":0.6848786010742187,"exported":30.100000381469727,"imported":0.20000000298023224,"discharged":9.399999618530273,"maxPv":0}
