{"generated":0,"consumed":3.339177490234375,"exported":0,"imported":30.200000762939453,"discharged":2.5999999046325684,"maxPv":0}
