{"generated":0.5,"consumed":30.978578125,"exported":0,"imported":36.9000015258789,"discharged":0,"maxPv":0.78}
