{"generated":10.100000381469727,"consumed":8.6941484375,"exported":0,"imported":0.10000000149011612,"discharged":4.599999904632568,"maxPv":11.251}
