{"generated":0,"consumed":3.027244873046875,"exported":0,"imported":0,"discharged":2.799999952316284,"maxPv":0}
