{"generated":10.300000190734863,"consumed":43.0471171875,"exported":0.10000000149011612,"imported":34.9000015258789,"discharged":1.5,"maxPv":5.404}
