{"generated":38.5,"consumed":15.1681884765625,"exported":15,"imported":0.20000000298023224,"discharged":3.299999952316284,"maxPv":11.582}
