{"generated":19.80000114440918,"consumed":14.81513671875,"exported":0.10000000149011612,"imported":3.200000047683716,"discharged":5.900000095367432,"maxPv":4.77}
