{"generated":0,"consumed":1.7652642822265625,"exported":0,"imported":0,"discharged":2.4000000953674316,"maxPv":0}
