{"generated":14.800000190734863,"consumed":10.9167314453125,"exported":0,"imported":1.600000023841858,"discharged":5.5,"maxPv":5.397}
