{"generated":42,"consumed":10.272365234375,"exported":28.600000381469727,"imported":0.10000000149011612,"discharged":3.5,"maxPv":11.958}
