{"generated":1.100000023841858,"consumed":10.0439755859375,"exported":0,"imported":5.300000190734863,"discharged":7.599999904632568,"maxPv":2.254}
