{"generated":22.30000114440918,"consumed":19.937421875,"exported":0.4000000059604645,"imported":0.4000000059604645,"discharged":5.900000095367432,"maxPv":13.022}
