{"generated":16.199999570846558,"consumed":11.4896416015625,"exported":0,"imported":0.10000000149011612,"discharged":5.800000190734863,"maxPv":6.306}
