{"generated":26.5,"consumed":23.56596875,"exported":0.20000000298023224,"imported":0.20000000298023224,"discharged":7.400000095367432,"maxPv":6.11}
