{"generated":65.5,"consumed":25.278607421875,"exported":26.600000381469727,"imported":0.10000000149011612,"discharged":5.199999809265137,"maxPv":8.667}
