{"generated":2.299999952316284,"consumed":5.99094873046875,"exported":0,"imported":0.20000000298023224,"discharged":3.700000047683716,"maxPv":2.486}
