{"generated":23.200000762939453,"consumed":20.564873046875,"exported":0.10000000149011612,"imported":0.20000000298023224,"discharged":10.800000190734863,"maxPv":9.126}
