{"generated":42.60000228881836,"consumed":12.111064453125,"exported":25.5,"imported":0.20000000298023224,"discharged":3.799999952316284,"maxPv":7.181}
