{"generated":0,"consumed":2.58514208984375,"exported":0,"imported":13.699999809265137,"discharged":1.5,"maxPv":0}
