{"generated":13.800000190734863,"consumed":10.131322265625,"exported":0.10000000149011612,"imported":0.20000000298023224,"discharged":4.5,"maxPv":9.872}
