{"generated":3.5999999046325684,"consumed":8.7446826171875,"exported":0.10000000149011612,"imported":0.10000000149011612,"discharged":4.900000095367432,"maxPv":7.324}
