{"generated":4,"consumed":45.75533984375,"exported":0.10000000149011612,"imported":59.79999923706055,"discharged":1.7999999523162842,"maxPv":2.7}
