{"generated":24.899999618530273,"consumed":8.691419921875,"exported":0.300000011920929,"imported":0.20000000298023224,"discharged":4.199999809265137,"maxPv":11.343}
