{"generated":0,"consumed":5.100000001490116,"exported":0,"imported":0.10000000149011612,"discharged":5,"maxPv":0.214}
