{"generated":13,"consumed":17.137626953125,"exported":0,"imported":0.10000000149011612,"discharged":8.399999618530273,"maxPv":4.639}
