{"generated":3.4000000953674316,"consumed":6.5697216796875,"exported":0,"imported":0.20000000298023224,"discharged":4.099999904632568,"maxPv":6.667}
