{"generated":17,"consumed":7.1923525390625,"exported":5.900000095367432,"imported":0.10000000149011612,"discharged":3.4000000953674316,"maxPv":6.736}
