{"generated":33.80000305175781,"consumed":52.96783203125,"exported":10.100000381469727,"imported":34.9000015258789,"discharged":1.5,"maxPv":6.869}
