{"generated":31.700000762939453,"consumed":11.2425166015625,"exported":10.399999618530273,"imported":0.10000000149011612,"discharged":4.900000095367432,"maxPv":13.383}
