{"generated":32.5999984741211,"consumed":12.2122392578125,"exported":17.100000381469727,"imported":0.20000000298023224,"discharged":3.9000000953674316,"maxPv":12.118}
