{"generated":19.200000762939453,"consumed":16.711296875,"exported":0,"imported":0.10000000149011612,"discharged":10.399999618530273,"maxPv":6.026}
