{"generated":43.20000076293945,"consumed":16.608861328125,"exported":28.700000762939453,"imported":5.5,"discharged":32.0999984741211,"maxPv":7.562}
