{"generated":63.4000015258789,"consumed":9.395474609375,"exported":49.5999984741211,"imported":0,"discharged":3.200000047683716,"maxPv":8.917}
