{"generated":38.39999771118164,"consumed":11.21944140625,"exported":0,"imported":12.899999618530273,"discharged":0,"maxPv":7.47}
