{"generated":0.7000000476837158,"consumed":5.79480029296875,"exported":0,"imported":0.10000000149011612,"discharged":4,"maxPv":1.025}
