{"generated":37.9000015258789,"consumed":9.130640625,"exported":24.100000381469727,"imported":0.10000000149011612,"discharged":3.4000000953674316,"maxPv":10.511}
