{"generated":55.9000015258789,"consumed":11.716349609375,"exported":33.5,"imported":0.10000000149011612,"discharged":4.800000190734863,"maxPv":8.775}
