{"generated":0.20000000298023224,"consumed":5.67758447265625,"exported":0,"imported":0,"discharged":5.099999904632568,"maxPv":0.211}
