{"generated":9.5,"consumed":8.2374970703125,"exported":0,"imported":3.5999999046325684,"discharged":4.300000190734863,"maxPv":3.621}
