{"generated":38.39999771118164,"consumed":28.140767578125,"exported":2.5999999046325684,"imported":0.10000000149011612,"discharged":3,"maxPv":9.45}
