{"generated":37.09999942779541,"consumed":31.499999523162842,"exported":0.10000000149011612}
