{"generated":20.600000381469727,"consumed":12.17309375,"exported":0.10000000149011612,"imported":0.10000000149011612,"discharged":5.5,"maxPv":6.281}
