{"generated":61.70000076293945,"consumed":32.81772265625,"exported":33.70000076293945,"imported":0.10000000149011612,"discharged":14.600000381469727,"maxPv":8.059}
