{"generated":57,"consumed":25.215693359375,"exported":18.399999618530273,"imported":0.300000011920929,"discharged":10.300000190734863,"maxPv":9.047}
