{"generated":52,"consumed":11.9375654296875,"exported":35,"imported":0.10000000149011612,"discharged":3.4000000953674316,"maxPv":8.796}
