{"generated":26,"consumed":22.861689453125,"exported":0.10000000149011612,"imported":0.20000000298023224,"discharged":7.699999809265137,"maxPv":5.645}
