{"generated":55.500003814697266,"consumed":19.584154296875,"exported":11,"imported":0.10000000149011612,"discharged":5.5,"maxPv":8.733}
