{"generated":59.5,"consumed":14.9691806640625,"exported":38.20000076293945,"imported":0.20000000298023224,"discharged":24.299999237060547,"maxPv":8.734}
