{"generated":67,"consumed":45.28161328125,"exported":19.899999618530273,"imported":0.20000000298023224,"discharged":8.300000190734863,"maxPv":10.557}
