{"generated":0.20000000298023224,"consumed":6.30598876953125,"exported":0,"imported":0.10000000149011612,"discharged":5.699999809265137,"maxPv":0.282}
