{"generated":17.50000023841858,"consumed":10.100000619888306,"exported":0.10000000149011612}
