{"generated":58,"consumed":18.923119140625,"exported":35.5999984741211,"imported":0.10000000149011612,"discharged":9,"maxPv":8.57}
