{"generated":10.399999618530273,"consumed":9.22590625,"exported":0.10000000149011612,"imported":0.20000000298023224,"discharged":4.800000190734863,"maxPv":9.742}
