{"generated":0,"consumed":1.6757767333984375,"exported":0,"imported":0.10000000149011612,"discharged":1,"maxPv":0}
