{"generated":0,"consumed":2.501771484375,"exported":0,"imported":0.20000000298023224,"discharged":2.4000000953674316,"maxPv":0}
