{"generated":15.899999618530273,"consumed":15.6675732421875,"exported":0.10000000149011612,"imported":0.10000000149011612,"discharged":10,"maxPv":6.009}
