{"generated":0,"consumed":2.980510009765625,"exported":0,"imported":0,"discharged":3.4000000953674316,"maxPv":0}
