{"generated":8.90000057220459,"consumed":7.42990771484375,"exported":0,"imported":0.10000000149011612,"discharged":4.699999809265137,"maxPv":6.106}
