{"generated":38.299999713897705,"consumed":18.000000096857548,"exported":7.199999809265137}
