{"generated":10.5,"consumed":8.47206640625,"exported":0.10000000149011612,"imported":2.5999999046325684,"discharged":3.0999999046325684,"maxPv":6.17}
