{"generated":25.100000381469727,"consumed":51.41898828125,"exported":1,"imported":33.79999923706055,"discharged":6.699999809265137,"maxPv":6.162}
