{"generated":13.800000190734863,"consumed":17.9295078125,"exported":0.10000000149011612,"imported":4.800000190734863,"discharged":4.699999809265137,"maxPv":5.423}
