{"generated":0.20000000298023224,"consumed":5.27066015625,"exported":0,"imported":0.10000000149011612,"discharged":4.800000190734863,"maxPv":0.455}
