{"generated":15.5,"consumed":9.55431640625,"exported":0,"imported":0.10000000149011612,"discharged":4.800000190734863,"maxPv":5.904}
