{"generated":37.79999923706055,"consumed":8.7453828125,"exported":24.200000762939453,"imported":0.10000000149011612,"discharged":3.299999952316284,"maxPv":7.833}
