{"generated":23.899999618530273,"consumed":8.1597216796875,"exported":10.100000381469727,"imported":0.10000000149011612,"discharged":3.5,"maxPv":7.368}
