{"generated":16.299999237060547,"consumed":10.229263671875,"exported":0.10000000149011612,"imported":0.10000000149011612,"discharged":4.800000190734863,"maxPv":5.554}
