{"generated":17.5,"consumed":7.75574072265625,"exported":0.20000000298023224,"imported":6.800000190734863,"discharged":4.400000095367432,"maxPv":11.105}
