{"generated":62.9000015258789,"consumed":10.8675595703125,"exported":47.5999984741211,"imported":0.10000000149011612,"discharged":2.9000000953674316,"maxPv":8.834}
