{"generated":66.1999969482422,"consumed":18.51175390625,"exported":42.79999923706055,"imported":0.10000000149011612,"discharged":6.099999904632568,"maxPv":9.168}
