{"generated":2.299999952316284,"consumed":5.89304248046875,"exported":0,"imported":0.20000000298023224,"discharged":3.9000000953674316,"maxPv":6.006}
