{"generated":63.89999771118164,"consumed":14.9856337890625,"exported":43.4000015258789,"imported":0.5,"discharged":2.9000000953674316,"maxPv":9.004}
