{"generated":32.4000015258789,"consumed":15.0564150390625,"exported":12.300000190734863,"imported":0.10000000149011612,"discharged":6.900000095367432,"maxPv":9.154}
