{"generated":43.80000305175781,"consumed":11.2378505859375,"exported":27.100000381469727,"imported":0.10000000149011612,"discharged":5.099999904632568,"maxPv":12.165}
