{"generated":17.799999237060547,"consumed":50.7186484375,"exported":6.900000095367432,"imported":38.0999984741211,"discharged":3.700000047683716,"maxPv":4.457}
