{"generated":19.899999618530273,"consumed":10.594720703125,"exported":0,"imported":0.10000000149011612,"discharged":6.800000190734863,"maxPv":7.351}
