{"generated":0,"consumed":1.5036273193359375,"exported":0,"imported":0.4000000059604645,"discharged":1.899999976158142,"maxPv":0}
