{"generated":0.10000000149011612,"consumed":27.16368359375,"exported":0,"imported":34.0999984741211,"discharged":3.5999999046325684,"maxPv":0.074}
