{"generated":42.50000047683716,"consumed":20.83641796875,"exported":14.399999618530273,"imported":0.10000000149011612,"discharged":5.199999809265137,"maxPv":8.843}
