{"generated":7.900000095367432,"consumed":6.2372939453125,"exported":0,"imported":0.10000000149011612,"discharged":3.299999952316284,"maxPv":5.486}
