{"generated":42.79999923706055,"consumed":14.1977431640625,"exported":23.5,"imported":0.10000000149011612,"discharged":4.5,"maxPv":7.205}
