{"generated":8.90000057220459,"consumed":9.4928369140625,"exported":0.10000000149011612,"imported":0.10000000149011612,"discharged":5.300000190734863,"maxPv":6.975}
