{"generated":1.5999999046325684,"consumed":6.58840283203125,"exported":0,"imported":0.10000000149011612,"discharged":4.099999904632568,"maxPv":1.352}
