{"generated":0.20000000298023224,"consumed":5.531349609375,"exported":0,"imported":0,"discharged":4.900000095367432,"maxPv":0.373}
