{"generated":56.80000305175781,"consumed":14.084455078125,"exported":39.4000015258789,"imported":0.10000000149011612,"discharged":5,"maxPv":8.593}
