{"generated":36.5,"consumed":56.6561328125,"exported":10.199999809265137,"imported":34.9000015258789,"discharged":2.200000047683716,"maxPv":6.869}
