{"generated":43,"consumed":15.4566455078125,"exported":12.5,"imported":0.20000000298023224,"discharged":4.199999809265137,"maxPv":7.264}
