{"generated":50.79999923706055,"consumed":9.392115234375,"exported":16.200000762939453,"imported":0.10000000149011612,"discharged":3.5,"maxPv":9.123}
