{"generated":3.0999999046325684,"consumed":5.10801025390625,"exported":0,"imported":0.10000000149011612,"discharged":3.299999952316284,"maxPv":3.131}
