{"generated":0,"consumed":33.501078125,"exported":0,"imported":30.100000381469727,"discharged":1.2999999523162842,"maxPv":0}
