{"generated":16.80000114440918,"consumed":30.921298828125,"exported":0,"imported":25.299999237060547,"discharged":0.699999988079071,"maxPv":6.018}
