{"generated":10.600000381469727,"consumed":9.5830068359375,"exported":0.10000000149011612,"imported":0.10000000149011612,"discharged":6.099999904632568,"maxPv":12.543}
