{"generated":13,"consumed":11.9294521484375,"exported":0,"imported":0.4000000059604645,"discharged":4.900000095367432,"maxPv":7.797}
