{"generated":68.4000015258789,"consumed":25.21541015625,"exported":43,"imported":0.10000000149011612,"discharged":12.5,"maxPv":8.981}
