{"generated":53.19999694824219,"consumed":19.432166015625,"exported":29.899999618530273,"imported":0.20000000298023224,"discharged":4.800000190734863,"maxPv":12.276}
