{"generated":3.799999713897705,"consumed":5.57743994140625,"exported":0,"imported":0.20000000298023224,"discharged":3.700000047683716,"maxPv":3.034}
