{"generated":36,"consumed":19.4115546875,"exported":0.20000000298023224,"imported":0.300000011920929,"discharged":4.699999809265137,"maxPv":7.018}
