{"generated":10.200000762939453,"consumed":9.3636708984375,"exported":0,"imported":0.10000000149011612,"discharged":5.300000190734863,"maxPv":6.172}
