{"generated":63.10000228881836,"consumed":31.159171875,"exported":29.100000381469727,"imported":0.300000011920929,"discharged":9.699999809265137,"maxPv":10.905}
