{"generated":66.49999904632568,"consumed":48.02080859375,"exported":32.20000076293945,"imported":0.20000000298023224,"discharged":11.800000190734863,"maxPv":9.904}
