{"generated":13.200000405311584,"consumed":44.80000078678131,"exported":0,"imported":26.100000381469727,"discharged":14.899999618530273,"maxPv":7.104}
