{"generated":2.5999999046325684,"consumed":7.42152880859375,"exported":0.10000000149011612,"imported":13.399999618530273,"discharged":3.799999952316284,"maxPv":2.208}
