{"generated":7.099999904632568,"consumed":35.2454140625,"exported":0.10000000149011612,"imported":26,"discharged":3.799999952316284,"maxPv":4.489}
