{"generated":15.399999618530273,"consumed":7.42297314453125,"exported":0.10000000149011612,"imported":0.10000000149011612,"discharged":4.699999809265137,"maxPv":5.465}
