{"generated":25.30000114440918,"consumed":9.6319443359375,"exported":11.800000190734863,"imported":0.10000000149011612,"discharged":3.9000000953674316,"maxPv":10.603}
