{"generated":44.4000015258789,"consumed":42.2721484375,"exported":1.399999976158142,"imported":0.10000000149011612,"discharged":15.5,"maxPv":7.529}
