{"generated":38.29999923706055,"consumed":16.616255859375,"exported":1.899999976158142,"imported":4.099999904632568,"discharged":7.099999904632568,"maxPv":6.867}
