{"generated":65.4000015258789,"consumed":27.9983671875,"exported":33.20000076293945,"imported":0.10000000149011612,"discharged":6.800000190734863,"maxPv":8.577}
