{"generated":0,"consumed":0.6847367553710938,"exported":0,"imported":0,"discharged":0.699999988079071,"maxPv":0}
