{"generated":66.8000030517578,"consumed":41.805234375,"exported":19.899999618530273,"imported":0.20000000298023224,"discharged":5.300000190734863,"maxPv":10.557}
