{"generated":20.700000762939453,"consumed":10.5636279296875,"exported":5.800000190734863,"imported":0,"discharged":4.900000095367432,"maxPv":11.674}
