{"generated":40.9000015258789,"consumed":9.5889775390625,"exported":0.10000000149011612,"imported":19.799999237060547,"discharged":1.2999999523162842,"maxPv":8.324}
