{"generated":6.800000190734863,"consumed":8.8949736328125,"exported":0,"imported":0,"discharged":5.699999809265137,"maxPv":4.893}
