{"generated":60.70000171661376,"consumed":30.452603515625,"exported":28,"imported":0.10000000149011612,"discharged":9.699999809265137,"maxPv":8.843}
