{"generated":32.5,"consumed":9.3353916015625,"exported":18.200000762939453,"imported":0.10000000149011612,"discharged":3.799999952316284,"maxPv":10.509}
