{"generated":46.0999984741211,"consumed":10.738845703125,"exported":30.399999618530273,"imported":0.10000000149011612,"discharged":3.0999999046325684,"maxPv":8.978}
