{"generated":0,"consumed":3.6305595703125,"exported":0,"imported":0,"discharged":3.4000000953674316,"maxPv":0}
