{"generated":9.199999809265137,"consumed":6.78163232421875,"exported":0,"imported":0.10000000149011612,"discharged":3.9000000953674316,"maxPv":7.092}
