{"generated":4.700000286102295,"consumed":7.16700927734375,"exported":0,"imported":0.20000000298023224,"discharged":4.199999809265137,"maxPv":7.897}
