{"generated":26.600000381469727,"consumed":20.77628125,"exported":0.10000000149011612,"imported":0.10000000149011612,"discharged":6.300000190734863,"maxPv":7.641}
