{"generated":0,"consumed":2.0133499755859376,"exported":0,"imported":0.10000000149011612,"discharged":1.2999999523162842,"maxPv":0}
