{"generated":14.699999809265137,"consumed":10.7187216796875,"exported":0.10000000149011612,"imported":0.10000000149011612,"discharged":4.5,"maxPv":7.136}
