{"generated":6.300000190734863,"consumed":7.71045947265625,"exported":0,"imported":0.10000000149011612,"discharged":4.300000190734863,"maxPv":9.584}
