{"generated":22.900001525878906,"consumed":13.4561142578125,"exported":10.100000381469727,"imported":4.599999904632568,"discharged":12.399999618530273,"maxPv":9.789}
