{"generated":1.2000000476837158,"consumed":9.32787890625,"exported":0.10000000149011612,"imported":0,"discharged":7.199999809265137,"maxPv":1.334}
