{"generated":54.599998474121094,"consumed":52.19999933242798,"exported":3.5999999046325684,"imported":26.200000762939453,"discharged":16.200000762939453,"maxPv":9.375}
