{"generated":15.899999618530273,"consumed":16.405640625,"exported":0.10000000149011612,"imported":0.10000000149011612,"discharged":10.699999809265137,"maxPv":6.009}
