{"generated":38.70000076293945,"consumed":28.711982421875,"exported":0.800000011920929,"imported":0.20000000298023224,"discharged":4.5,"maxPv":10.343}
