{"generated":56.30000305175781,"consumed":18.748759765625,"exported":36.0999984741211,"imported":0.10000000149011612,"discharged":8.800000190734863,"maxPv":11.101}
