{"generated":56.60000228881836,"consumed":11.686765625,"exported":39,"imported":0.10000000149011612,"discharged":4.599999904632568,"maxPv":9.192}
