{"generated":9.699999809265137,"consumed":38.0271640625,"exported":0,"imported":17.899999618530273,"discharged":11.699999809265137,"maxPv":6.564}
