{"generated":22.900001525878906,"consumed":15.89359765625,"exported":10.100000381469727,"imported":4.599999904632568,"discharged":14.800000190734863,"maxPv":9.789}
