{"generated":56.69999694824219,"consumed":11.3166181640625,"exported":40.20000076293945,"imported":0.10000000149011612,"discharged":3.5,"maxPv":9.267}
