{"generated":66.4000015258789,"consumed":12.57853125,"exported":47.20000076293945,"imported":0.10000000149011612,"discharged":3.4000000953674316,"maxPv":9.549}
