{"generated":41.69999694824219,"consumed":9.37204296875,"exported":26.899999618530273,"imported":0.20000000298023224,"discharged":3.700000047683716,"maxPv":9.078}
