{"generated":1.9000000953674316,"consumed":6.4843564453125,"exported":0,"imported":0.300000011920929,"discharged":3.5999999046325684,"maxPv":1.512}
