{"generated":43.79999923706055,"consumed":27.532814453125,"exported":16.600000381469727,"imported":3.799999952316284,"discharged":26.399999618530273,"maxPv":7.838}
