{"generated":42.60000228881836,"consumed":14.8901435546875,"exported":12.5,"imported":0.20000000298023224,"discharged":4.099999904632568,"maxPv":7.264}
