{"generated":35.4000015258789,"consumed":7.27165576171875,"exported":24.200000762939453,"imported":0.10000000149011612,"discharged":3.0999999046325684,"maxPv":12.068}
