{"generated":40.5,"consumed":19.092455078125,"exported":20.600000381469727,"imported":0.20000000298023224,"discharged":7.900000095367432,"maxPv":13.248}
