{"generated":65.0999984741211,"consumed":14.2144169921875,"exported":45.79999923706055,"imported":0.10000000149011612,"discharged":3.200000047683716,"maxPv":8.82}
