{"generated":29.5,"consumed":8.463330078125,"exported":16.700000762939453,"imported":0.10000000149011612,"discharged":3.4000000953674316,"maxPv":9.37}
