{"generated":35.79999923706055,"consumed":12.357279296875,"exported":18.5,"imported":0.20000000298023224,"discharged":4.800000190734863,"maxPv":11.593}
