{"generated":64.6999969482422,"consumed":37.5653359375,"exported":19.399999618530273,"imported":0.20000000298023224,"discharged":3.4000000953674316,"maxPv":8.831}
