{"generated":41.5999984741211,"consumed":16.111052734375,"exported":8.800000190734863,"imported":0.10000000149011612,"discharged":3.200000047683716,"maxPv":7.259}
