{"generated":0,"consumed":4.13433984375,"exported":0,"imported":7.5,"discharged":3.799999952316284,"maxPv":0}
