{"generated":25.600000381469727,"consumed":6.04072998046875,"exported":15.699999809265137,"imported":0.10000000149011612,"discharged":2.9000000953674316,"maxPv":8.657}
