{"generated":20.5,"consumed":20.293630859375,"exported":0.20000000298023224,"imported":2.799999952316284,"discharged":10.899999618530273,"maxPv":6.411}
