{"generated":18.700000762939453,"consumed":10.4347255859375,"exported":0.20000000298023224,"imported":2.700000047683716,"discharged":3.0999999046325684,"maxPv":6.411}
