{"generated":69.6999969482422,"consumed":56.4555859375,"exported":11.600000381469727,"imported":0.10000000149011612,"discharged":8.699999809265137,"maxPv":9.841}
