{"generated":44.9000015258789,"consumed":10.0582470703125,"exported":9.399999618530273,"imported":12,"discharged":4,"maxPv":10.752}
