{"generated":14.299999237060547,"consumed":10.309279296875,"exported":0.10000000149011612,"imported":0.10000000149011612,"discharged":4.599999904632568,"maxPv":6.859}
