{"generated":0.800000011920929,"consumed":4.793142578125,"exported":0,"imported":0.10000000149011612,"discharged":3.4000000953674316,"maxPv":1.217}
