{"generated":16.69999885559082,"consumed":15.622814453125,"exported":0.10000000149011612,"imported":0.10000000149011612,"discharged":8.300000190734863,"maxPv":6.429}
