{"generated":57.70000076293945,"consumed":11.7748115234375,"exported":37.9000015258789,"imported":0.10000000149011612,"discharged":4.099999904632568,"maxPv":9.446}
