{"generated":47.70000076293945,"consumed":11.178919921875,"exported":28.299999237060547,"imported":0.20000000298023224,"discharged":4.400000095367432,"maxPv":8.948}
