{"generated":53.29999923706055,"consumed":10.4101416015625,"exported":39.20000076293945,"imported":0.10000000149011612,"discharged":3.299999952316284,"maxPv":12.068}
