{"generated":54,"consumed":48.76316796875,"exported":0.20000000298023224,"imported":0.10000000149011612,"discharged":4.400000095367432,"maxPv":8.558}
