{"generated":50,"consumed":12.4151142578125,"exported":31.5,"imported":0.10000000149011612,"discharged":4.699999809265137,"maxPv":11.101}
