{"generated":35.20000076293945,"consumed":8.5078515625,"exported":18.700000762939453,"imported":0,"discharged":3.799999952316284,"maxPv":7.145}
