{"generated":0.20000000298023224,"consumed":4.1438330078125,"exported":0,"imported":0.10000000149011612,"discharged":3.299999952316284,"maxPv":0.07}
