{"generated":42.39999771118164,"consumed":0.5991980590820313,"exported":26.5,"imported":0.10000000149011612,"discharged":7.099999904632568,"maxPv":0}
