{"generated":2.9000000953674316,"consumed":7.56263623046875,"exported":0,"imported":0,"discharged":6.199999809265137,"maxPv":3.464}
