{"generated":15.09999942779541,"consumed":12.3167392578125,"exported":0,"imported":0,"discharged":6.900000095367432,"maxPv":5.638}
