{"generated":43.20000076293945,"consumed":11.9095185546875,"exported":20.600000381469727,"imported":5.5,"discharged":19.100000381469727,"maxPv":7.562}
