{"generated":49.89999771118164,"consumed":47.80899609375,"exported":0.300000011920929,"imported":0.4000000059604645,"discharged":10.399999618530273,"maxPv":11.803}
