{"generated":66.8000030517578,"consumed":15.30614453125,"exported":48.29999923706055,"imported":0.10000000149011612,"discharged":4.400000095367432,"maxPv":8.959}
