{"generated":53.69999694824219,"consumed":11.54149609375,"exported":37.29999923706055,"imported":0.10000000149011612,"discharged":3.4000000953674316,"maxPv":12.086}
