{"generated":45.4000015258789,"consumed":30.5936640625,"exported":8.399999618530273,"imported":9.600000381469727,"discharged":16.299999237060547,"maxPv":8.874}
