{"generated":30.700000762939453,"consumed":12.929185546875,"exported":24,"imported":12,"discharged":29.899999618530273,"maxPv":11.882}
