{"generated":1.3000000268220901,"consumed":6.700000211596489,"exported":0}
