{"generated":16,"consumed":12.8917763671875,"exported":0.10000000149011612,"imported":0.10000000149011612,"discharged":4.599999904632568,"maxPv":12.312}
