{"generated":6.5,"consumed":7.375044921875,"exported":0,"imported":1,"discharged":4.300000190734863,"maxPv":4.231}
