{"generated":0,"consumed":3.716685791015625,"exported":0,"imported":0.20000000298023224,"discharged":3.5999999046325684,"maxPv":0}
