{"generated":67.10000038146973,"consumed":14.5106171875,"exported":44.0999984741211,"imported":0.20000000298023224,"discharged":12.100000381469727,"maxPv":9.026}
