{"generated":30.499998092651367,"consumed":10.1422861328125,"exported":14.399999618530273,"imported":0.10000000149011612,"discharged":3.700000047683716,"maxPv":7.205}
