{"generated":34.9000015258789,"consumed":62.242640625,"exported":14.800000190734863,"imported":46,"discharged":2.0999999046325684,"maxPv":7.14}
