{"generated":17.700000405311584,"consumed":10.300000786781311,"exported":0.10000000149011612}
