{"generated":26.899999141693115,"consumed":30.699999190866947,"exported":0.10000000149011612}
