{"generated":39.29999923706055,"consumed":25.598072265625,"exported":5.800000190734863,"imported":0.5,"discharged":6.099999904632568,"maxPv":13.022}
