{"generated":8.700000077486038,"consumed":7.599999696016312,"exported":0}
