{"generated":46.60000228881836,"consumed":19.54653125,"exported":18.899999618530273,"imported":0.10000000149011612,"discharged":2.9000000953674316,"maxPv":8.743}
