{"generated":15.899999618530273,"consumed":45.64881640625,"exported":0.10000000149011612,"imported":33.9000015258789,"discharged":3.799999952316284,"maxPv":6.163}
