{"generated":44.0999984741211,"consumed":22.77726953125,"exported":17.399999618530273,"imported":0.20000000298023224,"discharged":11.600000381469727,"maxPv":7.287}
