{"generated":45.30000305175781,"consumed":14.571931640625,"exported":28.399999618530273,"imported":0.10000000149011612,"discharged":5.800000190734863,"maxPv":12.155}
