{"generated":46.29999923706055,"consumed":12.2814384765625,"exported":28.5,"imported":0.5,"discharged":2.9000000953674316,"maxPv":9.004}
