{"generated":43.60000228881836,"consumed":8.4829423828125,"exported":9.800000190734863,"imported":0.10000000149011612,"discharged":3.700000047683716,"maxPv":8.031}
