{"generated":8.09999942779541,"consumed":8.487849609375,"exported":0.10000000149011612,"imported":0.10000000149011612,"discharged":4.400000095367432,"maxPv":5.843}
