{"generated":24,"consumed":16.735380859375,"exported":0.10000000149011612,"imported":0.20000000298023224,"discharged":5.5,"maxPv":6.186}
