{"generated":18.200000762939453,"consumed":11.6954189453125,"exported":0.10000000149011612,"imported":0.10000000149011612,"discharged":4.900000095367432,"maxPv":10.422}
