{"generated":10,"consumed":7.0476455078125,"exported":0.10000000149011612,"imported":0.10000000149011612,"discharged":4.699999809265137,"maxPv":5.176}
