{"generated":44.9000015258789,"consumed":19.476087890625,"exported":22.299999237060547,"imported":0.20000000298023224,"discharged":8.5,"maxPv":12.974}
