{"generated":48.5,"consumed":15.9222763671875,"exported":9.699999809265137,"imported":3.4000000953674316,"discharged":6.900000095367432,"maxPv":8.542}
