{"generated":38.5,"consumed":10.7989140625,"exported":5,"imported":6.800000190734863,"discharged":4.400000095367432,"maxPv":11.105}
