{"generated":4.700000286102295,"consumed":13.2655927734375,"exported":0,"imported":7.599999904632568,"discharged":8.300000190734863,"maxPv":2.91}
