{"generated":45.39999961853027,"consumed":19.699999429285526,"exported":12.600000381469727}
