{"generated":0.4000000059604645,"consumed":5.1904443359375,"exported":0,"imported":0.20000000298023224,"discharged":3.9000000953674316,"maxPv":0.917}
