{"generated":7.299999713897705,"consumed":5.9544384765625,"exported":0,"imported":0.10000000149011612,"discharged":3.299999952316284,"maxPv":4.723}
