{"generated":5.899999618530273,"consumed":42.199296875,"exported":0,"imported":34.9000015258789,"discharged":1.5,"maxPv":4.351}
