{"generated":1.9000000953674316,"consumed":5.85932861328125,"exported":0.10000000149011612,"imported":5.300000190734863,"discharged":0,"maxPv":3.253}
