{"generated":9.899999737739563,"consumed":9.199999831616879,"exported":0.10000000149011612,"imported":0,"discharged":5.800000190734863,"maxPv":8.819}
