{"generated":3.0999999046325684,"consumed":6.3913740234375,"exported":0,"imported":4.900000095367432,"discharged":0,"maxPv":2.207}
