{"generated":21.200000762939453,"consumed":20.565162109375,"exported":0.20000000298023224,"imported":0.20000000298023224,"discharged":9.699999809265137,"maxPv":9.928}
