{"generated":6.400000095367432,"consumed":8.18895068359375,"exported":0.10000000149011612,"imported":0.10000000149011612,"discharged":5.5,"maxPv":5.153}
