{"generated":8.700000762939453,"consumed":15.967232421875,"exported":0,"imported":6.900000095367432,"discharged":2.0999999046325684,"maxPv":4.571}
