{"generated":30.599998474121094,"consumed":12.59983984375,"exported":13,"imported":0.10000000149011612,"discharged":3.799999952316284,"maxPv":14.077}
