{"generated":55.500000953674316,"consumed":22.929880859375,"exported":25.100000381469727,"imported":0.10000000149011612,"discharged":5.300000190734863,"maxPv":8.843}
