{"generated":38,"consumed":16.3472998046875,"exported":13.899999618530273,"imported":0.10000000149011612,"discharged":2.9000000953674316,"maxPv":8.743}
