{"generated":53.000000953674316,"consumed":12.8371728515625,"exported":32.5999984741211,"imported":0.10000000149011612,"discharged":5,"maxPv":8.57}
