{"generated":16.100000381469727,"consumed":6.91293896484375,"exported":0.10000000149011612,"imported":10.800000190734863,"discharged":0,"maxPv":11.521}
