{"generated":42.10000228881836,"consumed":27.677453125,"exported":0.10000000149011612,"imported":4.5,"discharged":2.299999952316284,"maxPv":7.395}
