{"generated":1.7000000327825546,"consumed":7.495169921875,"exported":0,"imported":0,"discharged":5.800000190734863,"maxPv":2.498}
