{"generated":48.5,"consumed":8.856771484375,"exported":14.300000190734863,"imported":0.10000000149011612,"discharged":3.5,"maxPv":9.123}
