{"generated":11.600000381469727,"consumed":7.8409375,"exported":0.10000000149011612,"imported":0.20000000298023224,"discharged":3.0999999046325684,"maxPv":5.969}
