{"generated":66.39999771118164,"consumed":5.453298828125,"exported":0.5,"imported":0.20000000298023224,"discharged":12.100000381469727,"maxPv":1.844}
