{"generated":33.79999923706055,"consumed":16.453630859375,"exported":8.100000381469727,"imported":0.20000000298023224,"discharged":16.799999237060547,"maxPv":0.171}
