{"generated":46.79999923706055,"consumed":11.811025390625,"exported":31.299999237060547,"imported":0.10000000149011612,"discharged":4.300000190734863,"maxPv":7.388}
