{"generated":17.700000762939453,"consumed":9.5230517578125,"exported":0.10000000149011612,"imported":0.10000000149011612,"discharged":5.400000095367432,"maxPv":5.216}
