{"generated":36.89999771118164,"consumed":8.5214677734375,"exported":23.899999618530273,"imported":0.10000000149011612,"discharged":3.200000047683716,"maxPv":9.036}
