{"generated":21.69999885559082,"consumed":15.024939453125,"exported":0.10000000149011612,"imported":0.10000000149011612,"discharged":8.800000190734863,"maxPv":5.216}
