{"generated":20.30000114440918,"consumed":11.0077041015625,"exported":0.10000000149011612,"imported":1,"discharged":4.300000190734863,"maxPv":5.631}
