{"generated":40.899999141693115,"consumed":16.699999429285526,"exported":13.899999618530273}
