{"generated":0.10000000149011612,"consumed":5.99629345703125,"exported":0,"imported":0,"discharged":6,"maxPv":0.559}
