{"generated":59.5999984741211,"consumed":0.694190673828125,"exported":3.299999952316284,"imported":0.20000000298023224,"discharged":9.899999618530273,"maxPv":0}
