{"generated":44.9000015258789,"consumed":11.5728193359375,"exported":28,"imported":0.10000000149011612,"discharged":3.700000047683716,"maxPv":12.342}
