{"generated":0,"consumed":2.459687255859375,"exported":0,"imported":0,"discharged":2.299999952316284,"maxPv":0}
