{"generated":8.09999942779541,"consumed":7.79581884765625,"exported":0,"imported":0.10000000149011612,"discharged":3.799999952316284,"maxPv":7.241}
