{"generated":0.20000000298023224,"consumed":6.399999812245369,"exported":0,"imported":0,"discharged":6.199999809265137,"maxPv":0.196}
