{"generated":0,"consumed":4.98795361328125,"exported":0,"imported":0.10000000149011612,"discharged":5.400000095367432,"maxPv":0}
