{"generated":10.399999976158142,"consumed":7.4999998807907104,"exported":0}
