{"generated":4.600000381469727,"consumed":45.82132421875,"exported":0.10000000149011612,"imported":36.4000015258789,"discharged":16.700000762939453,"maxPv":2.37}
