{"generated":3.3000001907348633,"consumed":21.275384765625,"exported":0.10000000149011612,"imported":10.100000381469727,"discharged":6.900000095367432,"maxPv":1.279}
