{"generated":4,"consumed":7.21414208984375,"exported":0.10000000149011612,"imported":0.10000000149011612,"discharged":4.699999809265137,"maxPv":6.339}
