{"generated":0.899999976158142,"consumed":6.87828759765625,"exported":0,"imported":14.600000381469727,"discharged":5.099999904632568,"maxPv":1.033}
