{"generated":30.399999618530273,"consumed":18.817060546875,"exported":8,"imported":0.20000000298023224,"discharged":8.300000190734863,"maxPv":8.191}
