{"generated":0,"consumed":3.841126708984375,"exported":0,"imported":0.10000000149011612,"discharged":3,"maxPv":0.059}
