{"generated":43.5999984741211,"consumed":17.227693359375,"exported":21.5,"imported":0.20000000298023224,"discharged":3.9000000953674316,"maxPv":12.78}
