{"generated":0.20000000298023224,"consumed":4.5217666015625,"exported":0,"imported":0,"discharged":4.099999904632568,"maxPv":0.652}
