{"generated":27,"consumed":28.879138671875,"exported":0.10000000149011612,"imported":0.20000000298023224,"discharged":10.300000190734863,"maxPv":7.199}
