{"generated":43.79999923706055,"consumed":26.875626953125,"exported":16.299999237060547,"imported":3.799999952316284,"discharged":25.5,"maxPv":7.838}
