{"generated":35.00000047683716,"consumed":11.700000382959843,"exported":16.100000381469727}
