{"generated":56.80000305175781,"consumed":11.0078115234375,"exported":40.70000076293945,"imported":0.10000000149011612,"discharged":3.299999952316284,"maxPv":8.507}
