{"generated":10.799999952316284,"consumed":9.875462890625,"exported":0,"imported":0.10000000149011612,"discharged":5.800000190734863,"maxPv":6.306}
