{"generated":11.399999618530273,"consumed":10.0571337890625,"exported":0,"imported":0.10000000149011612,"discharged":4.699999809265137,"maxPv":7.797}
