{"generated":14.800000190734863,"consumed":7.99439794921875,"exported":1.2000000476837158,"imported":0.20000000298023224,"discharged":4.199999809265137,"maxPv":7.079}
