{"generated":11.100000381469727,"consumed":9.7197294921875,"exported":0,"imported":0.300000011920929,"discharged":3.700000047683716,"maxPv":4.43}
