{"generated":33.79999923706055,"consumed":13.4536337890625,"exported":11.600000381469727,"imported":0.10000000149011612,"discharged":5,"maxPv":6.837}
