{"generated":20.599998474121094,"consumed":13.8872060546875,"exported":0.10000000149011612,"imported":0.10000000149011612,"discharged":5.300000190734863,"maxPv":5.223}
