{"generated":15.399999618530273,"consumed":9.0947646484375,"exported":0,"imported":1,"discharged":4.300000190734863,"maxPv":5.631}
