{"generated":0.900000035762787,"consumed":5.190205078125,"exported":0,"imported":0.10000000149011612,"discharged":3.799999952316284,"maxPv":2.284}
