{"generated":30.900001525878906,"consumed":16.66866796875,"exported":13,"imported":0,"discharged":7.599999904632568,"maxPv":11.674}
