{"generated":4.600000381469727,"consumed":41.91787890625,"exported":0,"imported":36.4000015258789,"discharged":12.899999618530273,"maxPv":2.37}
