{"generated":0,"consumed":3.9155927734375,"exported":0,"imported":0,"discharged":3.700000047683716,"maxPv":0}
