{"generated":14.399999618530273,"consumed":12.2614169921875,"exported":0.10000000149011612,"imported":5.900000095367432,"discharged":1.2999999523162842,"maxPv":8.719}
