{"generated":2.4000000953674316,"consumed":4.7606328125,"exported":0,"imported":0.10000000149011612,"discharged":3,"maxPv":4.268}
