{"generated":0.4000000059604645,"consumed":7.4212451171875,"exported":0,"imported":2.299999952316284,"discharged":5.199999809265137,"maxPv":0.874}
