{"generated":51.10000038146973,"consumed":23.17487890625,"exported":19.299999237060547,"imported":0.300000011920929,"discharged":5.5,"maxPv":11.393}
