{"generated":26,"consumed":24.75899609375,"exported":0.10000000149011612,"imported":0.20000000298023224,"discharged":9.5,"maxPv":5.645}
