{"generated":8.5,"consumed":11.972365234375,"exported":0,"imported":0.20000000298023224,"discharged":9.699999809265137,"maxPv":5.452}
