{"generated":2.4000000953674316,"consumed":12.620189453125,"exported":0.10000000149011612,"imported":1.899999976158142,"discharged":8,"maxPv":1.334}
