{"generated":17.399999618530273,"consumed":45.2725,"exported":3.9000000953674316,"imported":36.9000015258789,"discharged":10.399999618530273,"maxPv":10.062}
