{"generated":41.30000019073486,"consumed":13.49999962002039,"exported":8.100000381469727,"imported":0.10000000149011612,"discharged":7.300000190734863,"maxPv":10.971}
