{"generated":11.299999237060547,"consumed":8.280876953125,"exported":0.10000000149011612,"imported":0.10000000149011612,"discharged":4.5,"maxPv":6.859}
