{"generated":43.39999771118164,"consumed":20.38583203125,"exported":0.10000000149011612,"imported":3.700000047683716,"discharged":3.0999999046325684,"maxPv":7.838}
