{"generated":1.600000023841858,"consumed":6.1013154296875,"exported":0,"imported":0,"discharged":4.599999904632568,"maxPv":1.972}
