{"generated":20.49999976158142,"consumed":9.299999572336674,"exported":3.9000000953674316}
