{"generated":37.79999923706055,"consumed":16.4516328125,"exported":14.100000381469727,"imported":0.300000011920929,"discharged":4.599999904632568,"maxPv":11.721}
