{"generated":26,"consumed":9.5879033203125,"exported":10.399999618530273,"imported":0.300000011920929,"discharged":3.299999952316284,"maxPv":11.858}
