{"generated":38.60000228881836,"consumed":13.535203125,"exported":22.399999618530273,"imported":0.10000000149011612,"discharged":4.800000190734863,"maxPv":10.603}
