{"generated":8.000000059604645,"consumed":19.780025390625,"exported":0,"imported":0,"discharged":12,"maxPv":5.69}
