{"generated":48,"consumed":10.6283251953125,"exported":29.899999618530273,"imported":0.10000000149011612,"discharged":3.299999952316284,"maxPv":8.705}
