{"generated":4.400000095367432,"consumed":6.88221923828125,"exported":0,"imported":0.10000000149011612,"discharged":3.799999952316284,"maxPv":3.092}
