{"generated":35.70000076293945,"consumed":13.810720703125,"exported":21.600000381469727,"imported":3.4000000953674316,"discharged":25.200000762939453,"maxPv":11.187}
