{"generated":23.700000762939453,"consumed":47.041984375,"exported":0.10000000149011612,"imported":26.200000762939453,"discharged":7.800000190734863,"maxPv":5.453}
