{"generated":0,"consumed":5.22117431640625,"exported":0,"imported":0.20000000298023224,"discharged":4,"maxPv":0.183}
