{"generated":67,"consumed":26.928556640625,"exported":30.899999618530273,"imported":0.20000000298023224,"discharged":7,"maxPv":9.796}
