{"generated":15.100000381469727,"consumed":9.4464033203125,"exported":0.20000000298023224,"imported":2.700000047683716,"discharged":3.0999999046325684,"maxPv":6.411}
