{"generated":0.10000000149011612,"consumed":24.631154296875,"exported":0,"imported":20.600000381469727,"discharged":3.700000047683716,"maxPv":0.17}
