{"generated":17.700000762939453,"consumed":14.347533203125,"exported":0,"imported":0.10000000149011612,"discharged":8.399999618530273,"maxPv":5.664}
