{"generated":64.99999809265137,"consumed":2.646944091796875,"exported":42.5999984741211,"imported":0.10000000149011612,"discharged":9,"maxPv":0}
