{"generated":8.40000057220459,"consumed":8.67120703125,"exported":0.10000000149011612,"imported":0.20000000298023224,"discharged":3.5,"maxPv":11.354}
