{"generated":41.4000015258789,"consumed":16.51839453125,"exported":24.100000381469727,"imported":0.10000000149011612,"discharged":8.100000381469727,"maxPv":7.326}
