{"generated":44.90000057220459,"consumed":47.60000038146973,"exported":0.20000000298023224}
