{"generated":3.0999999046325684,"consumed":8.5984775390625,"exported":0,"imported":0,"discharged":6.599999904632568,"maxPv":3.642}
