{"generated":10.899999618530273,"consumed":6.8766875,"exported":0,"imported":0.300000011920929,"discharged":4.199999809265137,"maxPv":8.614}
