{"generated":8.100000023841858,"consumed":8.100000403821468,"exported":0.10000000149011612}
