{"generated":30.30000114440918,"consumed":25.480216796875,"exported":0.10000000149011612,"imported":0.10000000149011612,"discharged":8.5,"maxPv":7.641}
