{"generated":65,"consumed":0.680485595703125,"exported":33.79999923706055,"imported":0.10000000149011612,"discharged":7.900000095367432,"maxPv":0}
