{"generated":10.300000190734863,"consumed":9.743716796875,"exported":0.10000000149011612,"imported":0,"discharged":4.800000190734863,"maxPv":5.114}
