{"generated":20.799999237060547,"consumed":16.0474482421875,"exported":0.10000000149011612,"imported":0.10000000149011612,"discharged":9.100000381469727,"maxPv":6.281}
