{"generated":40.9000015258789,"consumed":11.4227080078125,"exported":22.799999237060547,"imported":0,"discharged":4.900000095367432,"maxPv":7.145}
