{"generated":50.79999923706055,"consumed":22.49999962002039,"exported":24.899999618530273}
