{"generated":28.700000762939453,"consumed":21.71505078125,"exported":0.10000000149011612,"imported":0.10000000149011612,"discharged":6.300000190734863,"maxPv":7.641}
