{"generated":39.9000015258789,"consumed":33.64021875,"exported":0.10000000149011612,"imported":0.20000000298023224,"discharged":25.700000762939453,"maxPv":10.556}
