{"generated":2.299999713897705,"consumed":5.5205546875,"exported":0,"imported":0.10000000149011612,"discharged":3.700000047683716,"maxPv":3.626}
