{"generated":40.70000076293945,"consumed":58.1753828125,"exported":1,"imported":15.5,"discharged":22.799999237060547,"maxPv":7.803}
