{"generated":60.0999984741211,"consumed":12.8006728515625,"exported":40.5999984741211,"imported":0.10000000149011612,"discharged":4.599999904632568,"maxPv":9.168}
