{"generated":18.799999237060547,"consumed":17.472642578125,"exported":0.10000000149011612,"imported":3,"discharged":9,"maxPv":4.585}
