{"generated":0.7000000253319741,"consumed":5.14614501953125,"exported":0,"imported":0,"discharged":4.300000190734863,"maxPv":1.729}
