{"generated":52.30000114440918,"consumed":16.000001907348633,"exported":31.399999618530273}
