{"generated":21,"consumed":12.996921875,"exported":0,"imported":0.10000000149011612,"discharged":5.900000095367432,"maxPv":5.904}
