{"generated":1.7000000476837158,"consumed":8.9177587890625,"exported":0,"imported":6.599999904632568,"discharged":0,"maxPv":1.984}
