{"generated":1,"consumed":6.7840341796875,"exported":0,"imported":0.10000000149011612,"discharged":5.400000095367432,"maxPv":1.254}
