{"generated":60.80000305175781,"consumed":36.25881640625,"exported":16.700000762939453,"imported":0.20000000298023224,"discharged":3.4000000953674316,"maxPv":8.831}
