{"generated":27.5,"consumed":10.637912109375,"exported":11,"imported":0.10000000149011612,"discharged":3.799999952316284,"maxPv":7.743}
