{"generated":31.799999237060547,"consumed":12.8098759765625,"exported":24.5,"imported":13.300000190734863,"discharged":30,"maxPv":11.073}
