{"generated":0.10000000149011612,"consumed":3.88180810546875,"exported":0,"imported":0.10000000149011612,"discharged":3,"maxPv":0.065}
