{"generated":29.700000762939453,"consumed":26.69784765625,"exported":0.10000000149011612,"imported":0.10000000149011612,"discharged":4.099999904632568,"maxPv":8.799}
