{"generated":0.900000035762787,"consumed":4.58821875,"exported":0,"imported":0.20000000298023224,"discharged":3.200000047683716,"maxPv":2.338}
