{"generated":0,"consumed":29.45942578125,"exported":0,"imported":0,"discharged":2.700000047683716,"maxPv":0}
