{"generated":33.5,"consumed":14.487392578125,"exported":14.300000190734863,"imported":0.10000000149011612,"discharged":3.9000000953674316,"maxPv":14.077}
