{"generated":0.4000000059604645,"consumed":5.0193515625,"exported":0.10000000149011612,"imported":0.20000000298023224,"discharged":3.5999999046325684,"maxPv":1.505}
