{"generated":0.4000000059604645,"consumed":4.80221630859375,"exported":0,"imported":3.200000047683716,"discharged":4.099999904632568,"maxPv":1.101}
