{"generated":17.700000762939453,"consumed":16.068154296875,"exported":0,"imported":0.10000000149011612,"discharged":10,"maxPv":5.664}
