{"generated":0.5,"consumed":5.6617138671875,"exported":0,"imported":0,"discharged":4.599999904632568,"maxPv":1.048}
