{"generated":0,"consumed":2.81635546875,"exported":0,"imported":0.699999988079071,"discharged":2.700000047683716,"maxPv":0}
