{"generated":0.5,"consumed":5.8349765625,"exported":0,"imported":0.10000000149011612,"discharged":5.800000190734863,"maxPv":1.252}
