{"generated":15.499999642372131,"consumed":14.399999737739563,"exported":0.10000000149011612}
