{"generated":62.5999984741211,"consumed":23.213736328125,"exported":34,"imported":0.20000000298023224,"discharged":8.800000190734863,"maxPv":8.429}
