{"generated":0,"consumed":1.7337789306640625,"exported":0,"imported":6.800000190734863,"discharged":1.600000023841858,"maxPv":0}
