{"generated":21,"consumed":17.403265625,"exported":0,"imported":8.199999809265137,"discharged":9.399999618530273,"maxPv":5.904}
