{"generated":40.70000076293945,"consumed":11.7910498046875,"exported":5.5,"imported":1.7000000476837158,"discharged":4.400000095367432,"maxPv":11.343}
