{"generated":61.20000076293945,"consumed":11.245888671875,"exported":46.70000076293945,"imported":0.10000000149011612,"discharged":4.300000190734863,"maxPv":8.722}
