{"generated":2.5999999046325684,"consumed":8.99291015625,"exported":0,"imported":7.5,"discharged":6,"maxPv":2.91}
