{"generated":35.4000015258789,"consumed":11.009138671875,"exported":3.5,"imported":3.299999952316284,"discharged":4.199999809265137,"maxPv":11.187}
