{"generated":47.29999923706055,"consumed":14.487828125,"exported":24.5,"imported":0.20000000298023224,"discharged":3.9000000953674316,"maxPv":10.377}
