{"generated":42.5999984741211,"consumed":13.4487099609375,"exported":23.5,"imported":0.10000000149011612,"discharged":3.9000000953674316,"maxPv":7.205}
