{"generated":48.0999984741211,"consumed":17.228541015625,"exported":25.899999618530273,"imported":0.10000000149011612,"discharged":7.099999904632568,"maxPv":12.543}
