{"generated":8.100000381469727,"consumed":7.38359228515625,"exported":0,"imported":0.10000000149011612,"discharged":3.200000047683716,"maxPv":10.513}
