{"generated":10.600000381469727,"consumed":7.35427978515625,"exported":0,"imported":0,"discharged":4.099999904632568,"maxPv":5.942}
