{"generated":59.79999542236328,"consumed":12.397638671875,"exported":36.5999984741211,"imported":0.10000000149011612,"discharged":4.800000190734863,"maxPv":8.775}
