{"generated":5.799999713897705,"consumed":6.5040693359375,"exported":0,"imported":0.10000000149011612,"discharged":3.700000047683716,"maxPv":4.452}
