{"generated":15.09999942779541,"consumed":22.207818359375,"exported":0,"imported":6.5,"discharged":9.300000190734863,"maxPv":5.729}
