{"generated":50.19999694824219,"consumed":9.6269169921875,"exported":15,"imported":0.300000011920929,"discharged":3.9000000953674316,"maxPv":7.937}
