{"generated":8,"consumed":7.22030517578125,"exported":0.10000000149011612,"imported":0.10000000149011612,"discharged":3.5999999046325684,"maxPv":5.701}
