{"generated":23.799999237060547,"consumed":9.5214267578125,"exported":5,"imported":0.20000000298023224,"discharged":3.9000000953674316,"maxPv":10.981}
