{"generated":34.5999984741211,"consumed":12.768013671875,"exported":16.200000762939453,"imported":0.10000000149011612,"discharged":5.300000190734863,"maxPv":9.412}
