{"generated":7.099999904632568,"consumed":7.46017578125,"exported":0.10000000149011612,"imported":0.10000000149011612,"discharged":4.099999904632568,"maxPv":6.759}
