{"generated":44.80000305175781,"consumed":25.159548828125,"exported":24.700000762939453,"imported":6.900000095367432,"discharged":32.70000076293945,"maxPv":12.708}
