{"generated":13.199999809265137,"consumed":16.2229033203125,"exported":0,"imported":0.4000000059604645,"discharged":8.699999809265137,"maxPv":7.797}
