{"generated":39.40000009536743,"consumed":17.02036328125,"exported":11.100000381469727,"imported":0.20000000298023224,"discharged":4.699999809265137,"maxPv":9.796}
