{"generated":35.09999942779541,"consumed":31.09999905526638,"exported":0.20000000298023224,"imported":0.300000011920929,"discharged":9.699999809265137,"maxPv":12.126}
