{"generated":19.100000381469727,"consumed":20.1234453125,"exported":0.10000000149011612,"imported":32.20000076293945,"discharged":0,"maxPv":8.889}
