{"generated":29.10000228881836,"consumed":17.040810546875,"exported":0.10000000149011612,"imported":0.300000011920929,"discharged":6.300000190734863,"maxPv":9.883}
