{"generated":57.29999923706055,"consumed":36.2024375,"exported":6.199999809265137,"imported":0.10000000149011612,"discharged":23.600000381469727,"maxPv":9.386}
