{"generated":0,"consumed":1.1173892822265625,"exported":0,"imported":18.100000381469727,"discharged":1,"maxPv":0}
