{"generated":1.899999976158142,"consumed":5.487603515625,"exported":0,"imported":0.10000000149011612,"discharged":3.799999952316284,"maxPv":4.621}
