{"generated":2,"consumed":7.040427734375,"exported":0,"imported":0,"discharged":5.400000095367432,"maxPv":2.434}
