{"generated":44.79999923706055,"consumed":7.16455517578125,"exported":33.4000015258789,"imported":0.10000000149011612,"discharged":3,"maxPv":8.916}
