{"generated":44.5,"consumed":0.64121826171875,"exported":26.5,"imported":0.10000000149011612,"discharged":8.300000190734863,"maxPv":0}
