{"generated":7,"consumed":7.3477216796875,"exported":0.10000000149011612,"imported":0.20000000298023224,"discharged":5.800000190734863,"maxPv":5.896}
