{"generated":2.700000047683716,"consumed":9.145751953125,"exported":0,"imported":2.299999952316284,"discharged":5.199999809265137,"maxPv":1.831}
