{"generated":51.0999984741211,"consumed":19.842767578125,"exported":31.399999618530273,"imported":0.20000000298023224,"discharged":10.100000381469727,"maxPv":11.409}
