{"generated":61.20000076293945,"consumed":10.7546669921875,"exported":46.70000076293945,"imported":0.10000000149011612,"discharged":3.799999952316284,"maxPv":8.722}
