{"generated":23.5,"consumed":43.58521875,"exported":0.10000000149011612,"imported":26.200000762939453,"discharged":4.5,"maxPv":5.453}
