{"generated":59.5,"consumed":24.48159375,"exported":29.600000381469727,"imported":0.300000011920929,"discharged":8.5,"maxPv":12.098}
