{"generated":39.0999984741211,"consumed":14.1119951171875,"exported":18.600000381469727,"imported":0.10000000149011612,"discharged":5.800000190734863,"maxPv":12.974}
