{"generated":62.0999984741211,"consumed":21.51344140625,"exported":25.899999618530273,"imported":0.20000000298023224,"discharged":3.299999952316284,"maxPv":8.436}
