{"generated":52.60000228881836,"consumed":14.74334375,"exported":21.200000762939453,"imported":0.600000023841858,"discharged":14.300000190734863,"maxPv":10.275}
