{"generated":66,"consumed":0.5863361206054688,"exported":33.20000076293945,"imported":0.10000000149011612,"discharged":11.199999809265137,"maxPv":0}
