{"generated":0,"consumed":3.772112060546875,"exported":0,"imported":1,"discharged":3.0999999046325684,"maxPv":0}
