{"generated":23,"consumed":12.329240234375,"exported":1.899999976158142,"imported":0.10000000149011612,"discharged":4.699999809265137,"maxPv":6.233}
