{"generated":49.20000076293945,"consumed":19.1326484375,"exported":25.100000381469727,"imported":2.799999952316284,"discharged":26.899999618530273,"maxPv":9.004}
