{"generated":49.20000076293945,"consumed":17.399234375,"exported":7,"imported":2.700000047683716,"discharged":6.5,"maxPv":9.004}
