{"generated":10.799999237060547,"consumed":12.63914453125,"exported":0.10000000149011612,"imported":6.800000190734863,"discharged":5.900000095367432,"maxPv":6.596}
