{"generated":6.300000190734863,"consumed":7.2013134765625,"exported":0,"imported":0.10000000149011612,"discharged":4.900000095367432,"maxPv":6.232}
