{"generated":35.70000076293945,"consumed":10.4560380859375,"exported":16.100000381469727,"imported":0.10000000149011612,"discharged":8.699999809265137,"maxPv":12.641}
