{"generated":11.899999618530273,"consumed":9.7827353515625,"exported":0.10000000149011612,"imported":0.5,"discharged":4.300000190734863,"maxPv":11.049}
