{"generated":0,"consumed":3.784794677734375,"exported":0,"imported":0,"discharged":3.4000000953674316,"maxPv":0}
