{"generated":0,"consumed":3.207062744140625,"exported":0,"imported":3.700000047683716,"discharged":0,"maxPv":0}
