{"generated":9,"consumed":16.3658994140625,"exported":0,"imported":0.10000000149011612,"discharged":11.399999618530273,"maxPv":7.844}
