{"generated":38.20000076293945,"consumed":14.5909609375,"exported":20,"imported":0.20000000298023224,"discharged":4.300000190734863,"maxPv":13.223}
