{"generated":4.099999904632568,"consumed":28.18890625,"exported":0.20000000298023224,"imported":59.9000015258789,"discharged":1.100000023841858,"maxPv":4.622}
