{"generated":45.19999694824219,"consumed":0.5788775024414062,"exported":30.200000762939453,"imported":0.10000000149011612,"discharged":7.199999809265137,"maxPv":0}
