{"generated":9.699999809265137,"consumed":8.4912158203125,"exported":0.10000000149011612,"imported":0.10000000149011612,"discharged":4.800000190734863,"maxPv":5.201}
