{"generated":18.19999885559082,"consumed":8.611232421875,"exported":3.9000000953674316,"imported":0.10000000149011612,"discharged":4.400000095367432,"maxPv":9.635}
