{"generated":0,"consumed":1.0088265991210938,"exported":0,"imported":0.10000000149011612,"discharged":0.899999976158142,"maxPv":0}
