{"generated":10.199999809265137,"consumed":6.70693408203125,"exported":0.10000000149011612,"imported":0.10000000149011612,"discharged":4.699999809265137,"maxPv":5.237}
