{"generated":24.80000114440918,"consumed":11.869767578125,"exported":0.10000000149011612,"imported":0.20000000298023224,"discharged":5.699999809265137,"maxPv":5.865}
