{"generated":66.2999954223633,"consumed":20.9210390625,"exported":42.79999923706055,"imported":0.10000000149011612,"discharged":8.199999809265137,"maxPv":9.168}
