{"generated":0,"consumed":3.4210517578125,"exported":0,"imported":0,"discharged":3.200000047683716,"maxPv":0}
