{"generated":34,"consumed":23.157734375,"exported":10.800000190734863,"imported":0.300000011920929,"discharged":15.300000190734863,"maxPv":8.197}
