{"generated":65,"consumed":24.38177734375,"exported":33.79999923706055,"imported":0.10000000149011612,"discharged":4.099999904632568,"maxPv":8.743}
