{"generated":12.800000190734863,"consumed":9.2666962890625,"exported":0.10000000149011612,"imported":0.20000000298023224,"discharged":4.400000095367432,"maxPv":9.872}
