{"generated":19.5,"consumed":8.427720703125,"exported":0.10000000149011612,"imported":0.10000000149011612,"discharged":4.300000190734863,"maxPv":10.471}
