{"generated":66.8000030517578,"consumed":19.25298828125,"exported":37.29999923706055,"imported":0.10000000149011612,"discharged":4.099999904632568,"maxPv":10.413}
