{"generated":0.899999976158142,"consumed":5.3121181640625,"exported":0.10000000149011612,"imported":0.10000000149011612,"discharged":3.5999999046325684,"maxPv":1.089}
