{"generated":13.000000178813934,"consumed":18.30000003427267,"exported":0.10000000149011612}
