{"generated":23.100000381469727,"consumed":8.5577666015625,"exported":6.5,"imported":0.10000000149011612,"discharged":4.099999904632568,"maxPv":7.146}
