{"generated":17.19999885559082,"consumed":8.2992236328125,"exported":0.10000000149011612,"imported":3.4000000953674316,"discharged":3.5,"maxPv":11.433}
