{"generated":24.10000228881836,"consumed":18.36794921875,"exported":0.10000000149011612,"imported":0.20000000298023224,"discharged":7,"maxPv":6.186}
