{"generated":39.89999771118164,"consumed":20.757888671875,"exported":22.100000381469727,"imported":0.4000000059604645,"discharged":11.699999809265137,"maxPv":7.144}
