{"generated":38.5,"consumed":31.912083984375,"exported":0.10000000149011612,"imported":0.20000000298023224,"discharged":3.4000000953674316,"maxPv":8.824}
