{"generated":12,"consumed":12.9066650390625,"exported":0.10000000149011612,"imported":5.800000190734863,"discharged":2.4000000953674316,"maxPv":8.356}
