{"generated":51.5999984741211,"consumed":14.0072314453125,"exported":33.0999984741211,"imported":0.20000000298023224,"discharged":5.199999809265137,"maxPv":9.694}
