{"generated":43.4000015258789,"consumed":15.260158203125,"exported":25.200000762939453,"imported":0.20000000298023224,"discharged":6.199999809265137,"maxPv":13.364}
