{"generated":0,"consumed":31.602814453125,"exported":0,"imported":26.700000762939453,"discharged":2.200000047683716,"maxPv":0.06}
