{"generated":58.89999771118164,"consumed":13.5158310546875,"exported":29.799999237060547,"imported":0.4000000059604645,"discharged":14.300000190734863,"maxPv":9.774}
