{"generated":49.60000228881836,"consumed":15.8833310546875,"exported":31.100000381469727,"imported":0.10000000149011612,"discharged":7.699999809265137,"maxPv":12.165}
