{"generated":8.5,"consumed":7.30265771484375,"exported":0,"imported":0.300000011920929,"discharged":3.4000000953674316,"maxPv":7.271}
