{"generated":31.900001525878906,"consumed":29.984099609375,"exported":0.10000000149011612,"imported":0.10000000149011612,"discharged":3.5999999046325684,"maxPv":8.55}
