{"generated":0,"consumed":4.050271484375,"exported":0,"imported":0,"discharged":3.700000047683716,"maxPv":0}
