{"generated":37.29999923706055,"consumed":30.022658203125,"exported":0.4000000059604645,"imported":10.800000190734863,"discharged":17,"maxPv":11.521}
