{"generated":0,"consumed":2.618757568359375,"exported":0,"imported":0,"discharged":3.200000047683716,"maxPv":0}
