{"generated":36.70000076293945,"consumed":11.130884765625,"exported":20.799999237060547,"imported":0.10000000149011612,"discharged":3.799999952316284,"maxPv":11.412}
