{"generated":34.10000228881836,"consumed":15.3622607421875,"exported":11.600000381469727,"imported":0.10000000149011612,"discharged":6.599999904632568,"maxPv":6.837}
