{"generated":0,"consumed":3.636273681640625,"exported":0,"imported":0.300000011920929,"discharged":2.5999999046325684,"maxPv":0}
