{"generated":35,"consumed":12.1250537109375,"exported":17.100000381469727,"imported":0.10000000149011612,"discharged":3.799999952316284,"maxPv":7.743}
