{"generated":18.399999618530273,"consumed":15.666626953125,"exported":0.10000000149011612,"imported":1.600000023841858,"discharged":8.199999809265137,"maxPv":5.397}
