{"generated":27.799999237060547,"consumed":21.58692578125,"exported":6.900000095367432,"imported":0.20000000298023224,"discharged":9.300000190734863,"maxPv":12.51}
