{"generated":17.399999618530273,"consumed":34.0586015625,"exported":0.10000000149011612,"imported":31.399999618530273,"discharged":12.600000381469727,"maxPv":5.067}
