{"generated":37.60000228881836,"consumed":0.6112318115234375,"exported":18.399999618530273,"imported":0.10000000149011612,"discharged":8.399999618530273,"maxPv":0}
