{"generated":25.50000023841858,"consumed":11.914123046875,"exported":0.20000000298023224,"imported":0.10000000149011612,"discharged":5.099999904632568,"maxPv":12.265}
