{"generated":25.600000381469727,"consumed":7.99986474609375,"exported":0,"imported":0.20000000298023224,"discharged":4.300000190734863,"maxPv":8.117}
