{"generated":20.299999237060547,"consumed":28.4597109375,"exported":0.300000011920929,"imported":13.800000190734863,"discharged":6.199999809265137,"maxPv":6.186}
