{"generated":47.60000228881836,"consumed":28.6401328125,"exported":3.5999999046325684,"imported":0.300000011920929,"discharged":16.899999618530273,"maxPv":12.01}
