{"generated":0,"consumed":3.457663330078125,"exported":0,"imported":0.10000000149011612,"discharged":3.299999952316284,"maxPv":0.073}
