{"generated":16.30000114440918,"consumed":23.61060546875,"exported":0.20000000298023224,"imported":13.699999809265137,"discharged":11.399999618530273,"maxPv":4.665}
