{"generated":62.19999885559083,"consumed":39.4048671875,"exported":1.100000023841858,"imported":0.10000000149011612,"discharged":14.100000381469727,"maxPv":9.039}
