{"generated":5.700000286102295,"consumed":7.8236787109375,"exported":0,"imported":0.5,"discharged":4.300000190734863,"maxPv":7.082}
