{"generated":46.5,"consumed":11.1519306640625,"exported":20.200000762939453,"imported":0.300000011920929,"discharged":13.600000381469727,"maxPv":8.638}
