{"generated":5.400000095367432,"consumed":6.7174482421875,"exported":0,"imported":0.20000000298023224,"discharged":3.4000000953674316,"maxPv":8.192}
