{"generated":27.400001525878906,"consumed":15.70601171875,"exported":4.900000095367432,"imported":0.20000000298023224,"discharged":3.700000047683716,"maxPv":12.592}
