{"generated":47.9000015258789,"consumed":17.308658203125,"exported":20.799999237060547,"imported":0.10000000149011612,"discharged":4.099999904632568,"maxPv":10.413}
