{"generated":4.700000286102295,"consumed":6.08552880859375,"exported":0,"imported":0.10000000149011612,"discharged":3.9000000953674316,"maxPv":5.802}
