{"generated":52.9000015258789,"consumed":17.927693359375,"exported":30.5,"imported":0.20000000298023224,"discharged":7.400000095367432,"maxPv":13.221}
