{"generated":0,"consumed":4.068352294921875,"exported":0,"imported":0.20000000298023224,"discharged":3.799999952316284,"maxPv":0.068}
