{"generated":2.5999999046325684,"consumed":6.82041259765625,"exported":0,"imported":0.4000000059604645,"discharged":4.300000190734863,"maxPv":2.336}
