{"generated":13,"consumed":20.0204140625,"exported":0,"imported":0.10000000149011612,"discharged":10.899999618530273,"maxPv":4.639}
