{"generated":16.100000381469727,"consumed":10.655353515625,"exported":0,"imported":3.5999999046325684,"discharged":4.5,"maxPv":3.78}
