{"generated":43.20000076293945,"consumed":19.2667578125,"exported":28.700000762939453,"imported":5.5,"discharged":34.5,"maxPv":7.562}
