{"generated":54.29999923706055,"consumed":14.4864482421875,"exported":34.5,"imported":0.20000000298023224,"discharged":4.800000190734863,"maxPv":11.593}
