{"generated":38.89999771118164,"consumed":16.394775390625,"exported":20,"imported":0.20000000298023224,"discharged":5.199999809265137,"maxPv":13.223}
