{"generated":0.300000011920929,"consumed":4.2650341796875,"exported":0,"imported":0.10000000149011612,"discharged":3.5999999046325684,"maxPv":0.684}
