{"generated":0,"consumed":1.5407174072265626,"exported":0,"imported":0.10000000149011612,"discharged":1.399999976158142,"maxPv":0}
