{"generated":66.49999904632568,"consumed":45.5303828125,"exported":21.600000381469727,"imported":0.5,"discharged":12.5,"maxPv":11.208}
