{"generated":21,"consumed":11.8199765625,"exported":0.10000000149011612,"imported":5.900000095367432,"discharged":0.699999988079071,"maxPv":5.485}
