{"generated":0,"consumed":1.88071337890625,"exported":0,"imported":0.5,"discharged":1.100000023841858,"maxPv":0}
