{"generated":0,"consumed":39.65470703125,"exported":0,"imported":35.9000015258789,"discharged":0.899999976158142,"maxPv":0}
