{"generated":59.60000228881836,"consumed":16.759392578125,"exported":35.5999984741211,"imported":0.20000000298023224,"discharged":4.5,"maxPv":8.766}
