{"generated":48.39999961853027,"consumed":27.90000019222498,"exported":16.799999237060547}
