{"generated":0.7000000104308128,"consumed":6.000000104308128,"exported":0,"imported":0.10000000149011612,"discharged":5.400000095367432,"maxPv":2.966}
