{"generated":38.80000305175781,"consumed":32.279521484375,"exported":0.300000011920929,"imported":0.4000000059604645,"discharged":3.799999952316284,"maxPv":11.803}
