{"generated":29.80000114440918,"consumed":10.429109375,"exported":13.5,"imported":0.10000000149011612,"discharged":5,"maxPv":12.566}
