{"generated":5.099999904632568,"consumed":19.566109375,"exported":0.10000000149011612,"imported":17.5,"discharged":10.699999809265137,"maxPv":2.225}
