{"generated":64.5999984741211,"consumed":17.077208984375,"exported":43.5999984741211,"imported":0.5,"discharged":4.199999809265137,"maxPv":9.004}
