{"generated":44.4000015258789,"consumed":44.34733984375,"exported":1.399999976158142,"imported":0.10000000149011612,"discharged":17.600000381469727,"maxPv":7.529}
