{"generated":18.100000381469727,"consumed":7.14716748046875,"exported":0.10000000149011612,"imported":12,"discharged":4,"maxPv":10.752}
