{"generated":29.5,"consumed":18.7476796875,"exported":0.20000000298023224,"imported":0.300000011920929,"discharged":7.5,"maxPv":9.883}
