{"generated":0.6000000014901161,"consumed":5.32233544921875,"exported":0.10000000149011612,"imported":0.10000000149011612,"discharged":4.599999904632568,"maxPv":1.602}
