{"generated":28.799999237060547,"consumed":13.160685546875,"exported":0,"imported":0.10000000149011612,"discharged":4.400000095367432,"maxPv":6.486}
