{"generated":21.099998474121094,"consumed":19.180025390625,"exported":0.10000000149011612,"imported":5.900000095367432,"discharged":7.599999904632568,"maxPv":5.485}
