{"generated":40.20000076293945,"consumed":43.44752734375,"exported":0.20000000298023224,"imported":0.4000000059604645,"discharged":7.699999809265137,"maxPv":10.832}
