{"generated":0.300000011920929,"consumed":5.4284970703125,"exported":0,"imported":0.4000000059604645,"discharged":4.199999809265137,"maxPv":0.593}
