{"generated":25.299999237060547,"consumed":7.7379833984375,"exported":0.20000000298023224,"imported":12,"discharged":4,"maxPv":10.752}
