{"generated":57.19999885559082,"consumed":10.0357734375,"exported":34.9000015258789,"imported":0.10000000149011612,"discharged":9.600000381469727,"maxPv":9.021}
