{"generated":64.3000030517578,"consumed":9.2581748046875,"exported":50.5,"imported":0.10000000149011612,"discharged":3,"maxPv":8.916}
