{"generated":0,"consumed":4.07259814453125,"exported":0,"imported":0,"discharged":3.9000000953674316,"maxPv":0.07}
