{"generated":57.4000015258789,"consumed":14.21921875,"exported":36.9000015258789,"imported":0.10000000149011612,"discharged":4.900000095367432,"maxPv":8.685}
