{"generated":17.40000009536743,"consumed":8.9204365234375,"exported":1.7999999523162842,"imported":0.10000000149011612,"discharged":4.800000190734863,"maxPv":10.088}
