{"generated":23.80000114440918,"consumed":10.36493359375,"exported":4.900000095367432,"imported":0.300000011920929,"discharged":3.9000000953674316,"maxPv":11.721}
