{"generated":0,"consumed":2.772005126953125,"exported":0,"imported":0,"discharged":3.200000047683716,"maxPv":0}
