{"generated":0.800000011920929,"consumed":6.1438935546875,"exported":0,"imported":1.2999999523162842,"discharged":4.5,"maxPv":1.963}
