{"generated":14.499999046325684,"consumed":6.77323486328125,"exported":0.10000000149011612,"imported":0.10000000149011612,"discharged":3.799999952316284,"maxPv":6.94}
