{"generated":0,"consumed":4.800000190734863,"exported":0,"imported":0,"discharged":4.800000190734863,"maxPv":0.092}
