{"generated":3.5999999046325684,"consumed":5.32222607421875,"exported":0,"imported":12,"discharged":4,"maxPv":5.082}
