{"generated":26.299999237060547,"consumed":22.84576953125,"exported":0.10000000149011612,"imported":0.300000011920929,"discharged":10.300000190734863,"maxPv":9.047}
