{"generated":9.5,"consumed":8.40596484375,"exported":0,"imported":0.10000000149011612,"discharged":4.300000190734863,"maxPv":10.448}
