{"generated":27.59999990463257,"consumed":11.7731376953125,"exported":9.199999809265137,"imported":0.10000000149011612,"discharged":5.599999904632568,"maxPv":9.96}
