{"generated":14.699999809265137,"consumed":17.891662109375,"exported":0.10000000149011612,"imported":0.10000000149011612,"discharged":12,"maxPv":6.492}
