{"generated":6,"consumed":7.58343115234375,"exported":0,"imported":0.10000000149011612,"discharged":4.800000190734863,"maxPv":4.256}
