{"generated":17.299999237060547,"consumed":11.0784873046875,"exported":0,"imported":0.20000000298023224,"discharged":5.199999809265137,"maxPv":4.989}
