{"generated":27.599998474121094,"consumed":18.24880859375,"exported":8,"imported":0.20000000298023224,"discharged":5.699999809265137,"maxPv":11.961}
