{"generated":2.9000000953674316,"consumed":6.7178984375,"exported":0,"imported":0.20000000298023224,"discharged":4,"maxPv":3.655}
