{"generated":29.299999237060547,"consumed":8.913560546875,"exported":0,"imported":12.899999618530273,"discharged":0,"maxPv":7.47}
