{"generated":23.200000762939453,"consumed":9.02060546875,"exported":5.400000095367432,"imported":0.4000000059604645,"discharged":4.300000190734863,"maxPv":11.9}
