{"generated":24.299999237060547,"consumed":8.48458984375,"exported":10.5,"imported":0.10000000149011612,"discharged":3.5999999046325684,"maxPv":12.342}
