{"generated":0,"consumed":5.06154833984375,"exported":0,"imported":0,"discharged":4.800000190734863,"maxPv":0.075}
