{"generated":26.899999618530273,"consumed":15.8980703125,"exported":6.900000095367432,"imported":0.20000000298023224,"discharged":4.900000095367432,"maxPv":12.51}
