{"generated":60.4000015258789,"consumed":12.8527041015625,"exported":38.79999923706055,"imported":0.20000000298023224,"discharged":4.300000190734863,"maxPv":8.787}
