{"generated":7.100000381469727,"consumed":8.1725634765625,"exported":0,"imported":8.699999809265137,"discharged":0,"maxPv":4.356}
