{"generated":0,"consumed":0.5793434448242187,"exported":0,"imported":0,"discharged":1.100000023841858,"maxPv":0}
