{"generated":66.39999771118164,"consumed":13.143232421875,"exported":40.4000015258789,"imported":0.20000000298023224,"discharged":12.100000381469727,"maxPv":9.026}
