{"generated":0.10000000149011612,"consumed":4.774810546875,"exported":0,"imported":0.10000000149011612,"discharged":3.799999952316284,"maxPv":0.978}
