{"generated":21.900001525878906,"consumed":7.4346943359375,"exported":0.10000000149011612,"imported":0.10000000149011612,"discharged":3.799999952316284,"maxPv":7.96}
