{"generated":8.59999942779541,"consumed":7.10117724609375,"exported":0.10000000149011612,"imported":0.10000000149011612,"discharged":4.300000190734863,"maxPv":5.009}
