{"generated":1.5,"consumed":7.7804169921875,"exported":0,"imported":0,"discharged":6.599999904632568,"maxPv":1.751}
