{"generated":69.09999942779541,"consumed":2.038897705078125,"exported":46.79999923706055,"imported":0.10000000149011612,"discharged":11.899999618530273,"maxPv":0}
