{"generated":45.4000015258789,"consumed":31.939625,"exported":16.700000762939453,"imported":9.600000381469727,"discharged":26.200000762939453,"maxPv":8.874}
