{"generated":38.0999984741211,"consumed":14.931716796875,"exported":15.899999618530273,"imported":0.20000000298023224,"discharged":5.5,"maxPv":10.981}
