{"generated":18.700000762939453,"consumed":8.18495654296875,"exported":6.400000095367432,"imported":0.10000000149011612,"discharged":3.9000000953674316,"maxPv":11.789}
