{"generated":36.0999984741211,"consumed":8.223931640625,"exported":21.299999237060547,"imported":0.10000000149011612,"discharged":3.299999952316284,"maxPv":9.07}
