{"generated":23,"consumed":16.19703515625,"exported":0.10000000149011612,"imported":0.20000000298023224,"discharged":6.800000190734863,"maxPv":9.126}
