{"generated":44.39999771118164,"consumed":14.734712890625,"exported":26.5,"imported":0.10000000149011612,"discharged":4.599999904632568,"maxPv":13.648}
