{"generated":57.19999885559082,"consumed":18.91252734375,"exported":34.9000015258789,"imported":0.10000000149011612,"discharged":8.800000190734863,"maxPv":11.511}
