{"generated":56.79999923706055,"consumed":38.871296875,"exported":0.300000011920929,"imported":6.199999809265137,"discharged":3.4000000953674316,"maxPv":8.917}
