{"generated":58.60000228881836,"consumed":0.5648406982421875,"exported":40.4000015258789,"imported":0.10000000149011612,"discharged":6.199999809265137,"maxPv":0}
