{"generated":40,"consumed":0.7566876831054687,"exported":19.700000762939453,"imported":0.10000000149011612,"discharged":8,"maxPv":0}
