{"generated":0,"consumed":1.4662430419921875,"exported":0,"imported":0,"discharged":1.2999999523162842,"maxPv":0}
