{"generated":33.69999694824219,"consumed":13.299310546875,"exported":16.700000762939453,"imported":0.20000000298023224,"discharged":4.300000190734863,"maxPv":13.223}
