{"generated":38.39999771118164,"consumed":11.5254736328125,"exported":20.100000381469727,"imported":0.10000000149011612,"discharged":4.300000190734863,"maxPv":8.975}
