{"generated":14.000000476837158,"consumed":36.90000081062317,"exported":0,"imported":3.799999952316284,"discharged":30.5,"maxPv":8.259}
