{"generated":23.700000762939453,"consumed":46.2373828125,"exported":0.10000000149011612,"imported":26.200000762939453,"discharged":7.099999904632568,"maxPv":5.453}
