{"generated":36.4000015258789,"consumed":23.676853515625,"exported":3.9000000953674316,"imported":0.10000000149011612,"discharged":4.400000095367432,"maxPv":9.124}
