{"generated":57.0999984741211,"consumed":19.57585546875,"exported":35.70000076293945,"imported":0.20000000298023224,"discharged":7.900000095367432,"maxPv":11.593}
