{"generated":7.5,"consumed":6.26819287109375,"exported":0.10000000149011612,"imported":0.10000000149011612,"discharged":2.799999952316284,"maxPv":5.343}
