{"generated":21.899999618530273,"consumed":11.6204638671875,"exported":3.9000000953674316,"imported":0.10000000149011612,"discharged":4.5,"maxPv":8.442}
