{"generated":21.5,"consumed":20.25888671875,"exported":0.10000000149011612,"imported":0.10000000149011612,"discharged":10.600000381469727,"maxPv":7.291}
