{"generated":0,"consumed":0.60814013671875,"exported":0,"imported":0,"discharged":0.600000023841858,"maxPv":0}
