{"generated":0,"consumed":8.96394140625,"exported":0,"imported":16.700000762939453,"discharged":0.10000000149011612,"maxPv":0}
