{"generated":1.7999999523162842,"consumed":6.8939482421875,"exported":0,"imported":0.20000000298023224,"discharged":4.400000095367432,"maxPv":1.937}
