{"generated":56.5999984741211,"consumed":0.6397306518554687,"exported":33.20000076293945,"imported":0.10000000149011612,"discharged":11.5,"maxPv":0}
