{"generated":49.9000015258789,"consumed":14.422537109375,"exported":29.799999237060547,"imported":0.10000000149011612,"discharged":5.300000190734863,"maxPv":12.566}
