{"generated":61.4000015258789,"consumed":17.022826171875,"exported":54.5999984741211,"imported":0.4000000059604645,"discharged":25.899999618530273,"maxPv":8.775}
