{"generated":0,"consumed":1.8761226806640625,"exported":0,"imported":0.4000000059604645,"discharged":1.100000023841858,"maxPv":0}
