{"generated":0,"consumed":34.697578125,"exported":0,"imported":30.100000381469727,"discharged":2.4000000953674316,"maxPv":0}
