{"generated":29.899999618530273,"consumed":17.385783203125,"exported":0,"imported":0.10000000149011612,"discharged":7.400000095367432,"maxPv":6.486}
