{"generated":10.59999942779541,"consumed":20.298095703125,"exported":4.5,"imported":18.5,"discharged":10.800000190734863,"maxPv":5.437}
