{"generated":0,"consumed":5.9890927734375,"exported":0,"imported":5.5,"discharged":1.7000000476837158,"maxPv":0}
