{"generated":56.90000057220459,"consumed":15.762525390625,"exported":34,"imported":0.10000000149011612,"discharged":5.199999809265137,"maxPv":8.934}
