{"generated":22,"consumed":10.434025390625,"exported":0.10000000149011612,"imported":4.599999904632568,"discharged":0,"maxPv":9.789}
