{"generated":20.700000762939453,"consumed":21.547453125,"exported":0.300000011920929,"imported":0.4000000059604645,"discharged":12.800000190734863,"maxPv":7.674}
