{"generated":66,"consumed":30.84445703125,"exported":28.299999237060547,"imported":0.20000000298023224,"discharged":5.199999809265137,"maxPv":8.952}
