{"generated":46.5,"consumed":20.957591796875,"exported":22.899999618530273,"imported":0.20000000298023224,"discharged":5.699999809265137,"maxPv":12.78}
