{"generated":6.899999618530273,"consumed":10.5174267578125,"exported":0,"imported":0.10000000149011612,"discharged":7.099999904632568,"maxPv":6.376}
