{"generated":8.699999809265137,"consumed":10.130748046875,"exported":0.10000000149011612,"imported":0.10000000149011612,"discharged":5.099999904632568,"maxPv":5.182}
