{"generated":11.600000381469727,"consumed":7.09146044921875,"exported":0,"imported":0.10000000149011612,"discharged":3.5,"maxPv":5.87}
