{"generated":35.5,"consumed":9.582671875,"exported":3.0999999046325684,"imported":6.800000190734863,"discharged":4.400000095367432,"maxPv":11.105}
