{"generated":0,"consumed":1.72228173828125,"exported":0.10000000149011612,"imported":0.300000011920929,"discharged":1.100000023841858,"maxPv":0}
