{"generated":42.79999923706055,"consumed":14.246251953125,"exported":25.5,"imported":0.20000000298023224,"discharged":5.699999809265137,"maxPv":7.181}
