{"generated":41.29999923706055,"consumed":10.2743720703125,"exported":22.299999237060547,"imported":0.10000000149011612,"discharged":3.299999952316284,"maxPv":10}
