{"generated":16.299999237060547,"consumed":6.92416162109375,"exported":5,"imported":0.10000000149011612,"discharged":3.5,"maxPv":6.922}
