{"generated":4.800000190734863,"consumed":7.03474658203125,"exported":0,"imported":0.10000000149011612,"discharged":4.699999809265137,"maxPv":3.04}
