{"generated":31.799999237060547,"consumed":11.5948837890625,"exported":15.399999618530273,"imported":13.300000190734863,"discharged":19.299999237060547,"maxPv":11.073}
