{"generated":26.80000114440918,"consumed":19.994919921875,"exported":4.099999904632568,"imported":0.10000000149011612,"discharged":10.199999809265137,"maxPv":6.233}
