{"generated":27.399999618530273,"consumed":41.03827734375,"exported":0.300000011920929,"imported":32.0999984741211,"discharged":0.600000023841858,"maxPv":10.34}
