{"generated":19.299999237060547,"consumed":20.694185546875,"exported":0.20000000298023224,"imported":7.099999904632568,"discharged":7,"maxPv":6.45}
