{"generated":19.299999237060547,"consumed":5.58108935546875,"exported":10.300000190734863,"imported":0.10000000149011612,"discharged":3,"maxPv":8.731}
