{"generated":64.5999984741211,"consumed":34.37291796875,"exported":27.399999618530273,"imported":0.10000000149011612,"discharged":7.300000190734863,"maxPv":9.635}
