{"generated":38.5999984741211,"consumed":48.13476953125,"exported":0,"imported":19.700000762939453,"discharged":5,"maxPv":7.97}
