{"generated":2.799999713897705,"consumed":34.79076953125,"exported":0.10000000149011612,"imported":28.399999618530273,"discharged":2.200000047683716,"maxPv":3.944}
