{"generated":0,"consumed":4.229333984375,"exported":0,"imported":4.099999904632568,"discharged":3.700000047683716,"maxPv":0}
