{"generated":63.4000015258789,"consumed":14.975224609375,"exported":44.79999923706055,"imported":0.10000000149011612,"discharged":6.300000190734863,"maxPv":9.07}
