{"generated":1.3000000715255737,"consumed":5.4382978515625,"exported":0,"imported":0.10000000149011612,"discharged":4.300000190734863,"maxPv":2.008}
