{"generated":2.599999964237213,"consumed":7.500000059604645,"exported":0}
