{"generated":2.5999999046325684,"consumed":6.01141357421875,"exported":0,"imported":0,"discharged":4.400000095367432,"maxPv":2.872}
