{"generated":62.0999984741211,"consumed":19.195068359375,"exported":34,"imported":0.20000000298023224,"discharged":5.599999904632568,"maxPv":8.429}
