{"generated":29.5,"consumed":22.462912109375,"exported":0.20000000298023224,"imported":0.300000011920929,"discharged":10.899999618530273,"maxPv":9.883}
