{"generated":13.09999942779541,"consumed":10.0438857421875,"exported":0,"imported":32.79999923706055,"discharged":5,"maxPv":7.504}
