{"generated":59.29999923706055,"consumed":15.6466767578125,"exported":39,"imported":0.4000000059604645,"discharged":25.600000381469727,"maxPv":8.714}
