{"generated":65.9000015258789,"consumed":29.5683671875,"exported":29.899999618530273,"imported":0.10000000149011612,"discharged":4.300000190734863,"maxPv":8.975}
