{"generated":0,"consumed":15.4524443359375,"exported":0,"imported":0.699999988079071,"discharged":3.5999999046325684,"maxPv":0.13}
