{"generated":3.4000000953674316,"consumed":6.56246240234375,"exported":0.10000000149011612,"imported":0,"discharged":4.400000095367432,"maxPv":5.004}
