{"generated":29.599998474121094,"consumed":11.150923828125,"exported":8.399999618530273,"imported":0.20000000298023224,"discharged":3.200000047683716,"maxPv":8.804}
