{"generated":20.100000381469727,"consumed":16.126076171875,"exported":0,"imported":0.10000000149011612,"discharged":7.400000095367432,"maxPv":6.306}
