{"generated":20.30000114440918,"consumed":16.109046875,"exported":0,"imported":0.10000000149011612,"discharged":11.600000381469727,"maxPv":7.351}
