{"generated":2.0999999046325684,"consumed":7.84118408203125,"exported":0,"imported":0,"discharged":5.699999809265137,"maxPv":2.536}
