{"generated":14.100000381469727,"consumed":11.3229580078125,"exported":0,"imported":0,"discharged":5.199999809265137,"maxPv":4.613}
