{"generated":12.5,"consumed":19.95555859375,"exported":0,"imported":30.200000762939453,"discharged":11.199999809265137,"maxPv":6.47}
