{"generated":0,"consumed":25.89415625,"exported":0,"imported":0,"discharged":3.799999952316284,"maxPv":0}
