{"generated":21.900001525878906,"consumed":6.64550732421875,"exported":0.10000000149011612,"imported":0.10000000149011612,"discharged":3.5,"maxPv":7.639}
