{"generated":49.000003814697266,"consumed":14.36815234375,"exported":23.200000762939453,"imported":0.20000000298023224,"discharged":4.199999809265137,"maxPv":12.665}
