{"generated":27.800000190734863,"consumed":9.969904296875,"exported":7.5,"imported":0.10000000149011612,"discharged":4.599999904632568,"maxPv":8.627}
