{"generated":33.20000076293945,"consumed":13.4264140625,"exported":15.5,"imported":0.10000000149011612,"discharged":4.900000095367432,"maxPv":13.362}
