{"generated":35.89999771118164,"consumed":10.827916015625,"exported":3.700000047683716,"imported":3.200000047683716,"discharged":4.199999809265137,"maxPv":10.937}
