{"generated":11.90000057220459,"consumed":8.716291015625,"exported":0,"imported":0.10000000149011612,"discharged":4.900000095367432,"maxPv":6.736}
