{"generated":57.5,"consumed":22.619677734375,"exported":28,"imported":0.5,"discharged":6.300000190734863,"maxPv":11.049}
