{"generated":0,"consumed":0.8497634887695312,"exported":0,"imported":0.800000011920929,"discharged":0,"maxPv":0}
