{"generated":30.30000114440918,"consumed":23.634064453125,"exported":0.10000000149011612,"imported":0.10000000149011612,"discharged":6.800000190734863,"maxPv":7.641}
