{"generated":50.10000228881836,"consumed":11.6127041015625,"exported":30.399999618530273,"imported":0.10000000149011612,"discharged":2.700000047683716,"maxPv":8.059}
