{"generated":54.9000015258789,"consumed":15.7162548828125,"exported":37.29999923706055,"imported":0.10000000149011612,"discharged":6.199999809265137,"maxPv":10.511}
