{"generated":29.499998092651367,"consumed":24.557044921875,"exported":0.20000000298023224,"imported":0.20000000298023224,"discharged":13.399999618530273,"maxPv":9.754}
