{"generated":0,"consumed":2.257599365234375,"exported":0,"imported":18.100000381469727,"discharged":2.0999999046325684,"maxPv":0}
