{"generated":13,"consumed":8.960947265625,"exported":0,"imported":0.10000000149011612,"discharged":4.300000190734863,"maxPv":5.617}
