{"generated":49.29999923706055,"consumed":10.952658203125,"exported":33.5999984741211,"imported":0.10000000149011612,"discharged":3.4000000953674316,"maxPv":12.086}
