{"generated":0.10000000149011612,"consumed":5.48847265625,"exported":0,"imported":5.5,"discharged":0,"maxPv":0.27}
