{"generated":1.7000000178813934,"consumed":8.700000196695328,"exported":0,"imported":0,"discharged":7.300000190734863,"maxPv":2.735}
