{"generated":23.900001525878906,"consumed":10.794302734375,"exported":0.10000000149011612,"imported":0.10000000149011612,"discharged":5.900000095367432,"maxPv":5.41}
