{"generated":41.60000228881836,"consumed":10.943826171875,"exported":26,"imported":0.10000000149011612,"discharged":3.700000047683716,"maxPv":12.155}
