{"generated":0,"consumed":2.597472412109375,"exported":0.10000000149011612,"imported":0.10000000149011612,"discharged":2.4000000953674316,"maxPv":0}
