{"generated":26.200000762939453,"consumed":8.3543876953125,"exported":0,"imported":0.20000000298023224,"discharged":4.400000095367432,"maxPv":9.004}
