{"generated":14.100000381469727,"consumed":6.9942099609375,"exported":0,"imported":0.10000000149011612,"discharged":3.299999952316284,"maxPv":7.193}
