{"generated":12.699999809265137,"consumed":7.5583916015625,"exported":0.10000000149011612,"imported":0.300000011920929,"discharged":4.099999904632568,"maxPv":8.197}
