{"generated":29.499998092651367,"consumed":20.144361328125,"exported":0.20000000298023224,"imported":0.20000000298023224,"discharged":9.300000190734863,"maxPv":9.754}
