{"generated":70.1999969482422,"consumed":15.0638896484375,"exported":47.70000076293945,"imported":0.10000000149011612,"discharged":4.5,"maxPv":9.446}
