{"generated":0,"consumed":1.592820068359375,"exported":0,"imported":0,"discharged":1.399999976158142,"maxPv":0}
