{"generated":19.200000762939453,"consumed":14.2673056640625,"exported":0.10000000149011612,"imported":5.199999809265137,"discharged":1.600000023841858,"maxPv":6.45}
