{"generated":1.2000000476837158,"consumed":6.11693115234375,"exported":0,"imported":0,"discharged":4.800000190734863,"maxPv":1.736}
