{"generated":50.60000228881836,"consumed":18.48617578125,"exported":22.200000762939453,"imported":0.20000000298023224,"discharged":3.299999952316284,"maxPv":9.453}
