{"generated":30.80000114440918,"consumed":30.157091796875,"exported":0.10000000149011612,"imported":0.10000000149011612,"discharged":4,"maxPv":9.05}
