{"generated":3.1999998092651367,"consumed":4.92033349609375,"exported":0,"imported":0.10000000149011612,"discharged":2.9000000953674316,"maxPv":3.822}
