{"generated":40.4000015258789,"consumed":10.6185234375,"exported":25.5,"imported":0.10000000149011612,"discharged":3.700000047683716,"maxPv":11.792}
