{"generated":20.899999856948853,"consumed":8.600000143051147,"exported":6.199999809265137}
