{"generated":46.5,"consumed":10.5459052734375,"exported":11.300000190734863,"imported":0.300000011920929,"discharged":3.799999952316284,"maxPv":8.638}
