{"generated":46.79999923706055,"consumed":13.4220009765625,"exported":31.299999237060547,"imported":0.10000000149011612,"discharged":5.800000190734863,"maxPv":7.388}
