{"generated":39.9000015258789,"consumed":33.489171875,"exported":9.300000190734863,"imported":0.20000000298023224,"discharged":9.5,"maxPv":12.563}
