{"generated":0,"consumed":4.42706591796875,"exported":0,"imported":0.10000000149011612,"discharged":3.4000000953674316,"maxPv":0.097}
