{"generated":31.19999885559082,"consumed":8.9808779296875,"exported":0.5,"imported":6.800000190734863,"discharged":4.400000095367432,"maxPv":11.105}
