{"generated":27,"consumed":17.719501953125,"exported":7.900000095367432,"imported":0.10000000149011612,"discharged":10.800000190734863,"maxPv":6.156}
