{"generated":0,"consumed":1.41901025390625,"exported":0,"imported":0.300000011920929,"discharged":0.600000023841858,"maxPv":0}
