{"generated":38.29999542236328,"consumed":12.3371923828125,"exported":22.399999618530273,"imported":0.10000000149011612,"discharged":4,"maxPv":10.603}
