{"generated":0,"consumed":24.213537109375,"exported":0,"imported":59.9000015258789,"discharged":0.20000000298023224,"maxPv":0.087}
