{"generated":62.400001525878906,"consumed":9.7430947265625,"exported":11.699999809265137,"imported":0.5,"discharged":11.899999618530273,"maxPv":8.827}
