{"generated":38.9000015258789,"consumed":11.5019755859375,"exported":11.699999809265137,"imported":0.10000000149011612,"discharged":3.4000000953674316,"maxPv":8.667}
