{"generated":15.09999942779541,"consumed":16.598220703125,"exported":0,"imported":6.5,"discharged":3.9000000953674316,"maxPv":5.729}
