{"generated":44,"consumed":13.7385390625,"exported":17.399999618530273,"imported":0.20000000298023224,"discharged":3.200000047683716,"maxPv":7.287}
