{"generated":0,"consumed":3.910886474609375,"exported":0.10000000149011612,"imported":0.10000000149011612,"discharged":3.700000047683716,"maxPv":0}
