{"generated":7.500000059604645,"consumed":8.7992216796875,"exported":0,"imported":0,"discharged":5.5,"maxPv":7.364}
