{"generated":0,"consumed":2.27001611328125,"exported":0,"imported":0.300000011920929,"discharged":2.0999999046325684,"maxPv":0}
