{"generated":41.60000228881836,"consumed":12.3620517578125,"exported":25,"imported":0.10000000149011612,"discharged":3.9000000953674316,"maxPv":13.648}
