{"generated":47.60000038146973,"consumed":12.10183984375,"exported":27.899999618530273,"imported":0.10000000149011612,"discharged":5,"maxPv":8.57}
