{"generated":0,"consumed":2.789023681640625,"exported":0,"imported":32.79999923706055,"discharged":2.5999999046325684,"maxPv":0}
