{"generated":2.1000001430511475,"consumed":5.13237353515625,"exported":0,"imported":13.399999618530273,"discharged":4.099999904632568,"maxPv":4.68}
