{"generated":21.100000381469727,"consumed":19.5537734375,"exported":0.20000000298023224,"imported":0.20000000298023224,"discharged":4.699999809265137,"maxPv":11.24}
