{"generated":24.899999618530273,"consumed":12.0690859375,"exported":0.10000000149011612,"imported":0.20000000298023224,"discharged":5.199999809265137,"maxPv":6.533}
