{"generated":18.899999618530273,"consumed":54.64871875,"exported":0.10000000149011612,"imported":31.399999618530273,"discharged":6.5,"maxPv":5.423}
