{"generated":37.89999771118164,"consumed":9.870732421875,"exported":18.700000762939453,"imported":30.200000762939453,"discharged":3.5,"maxPv":7.52}
