{"generated":59.89999771118164,"consumed":23.463529296875,"exported":35.5999984741211,"imported":0.20000000298023224,"discharged":10.300000190734863,"maxPv":8.766}
