{"generated":46.69999694824219,"consumed":10.4571787109375,"exported":25.700000762939453,"imported":0.10000000149011612,"discharged":3.700000047683716,"maxPv":9.785}
