{"generated":0.20000000298023224,"consumed":4.67276220703125,"exported":0,"imported":0.20000000298023224,"discharged":3.700000047683716,"maxPv":0.186}
