{"generated":8.09999942779541,"consumed":9.2006318359375,"exported":0.10000000149011612,"imported":0.20000000298023224,"discharged":3.299999952316284,"maxPv":9.35}
