{"generated":15.09999942779541,"consumed":13.756720703125,"exported":0,"imported":0,"discharged":8.199999809265137,"maxPv":5.638}
