{"generated":50.20000457763672,"consumed":16.86701953125,"exported":29.799999237060547,"imported":0.10000000149011612,"discharged":7.400000095367432,"maxPv":12.566}
