{"generated":0,"consumed":3.768785888671875,"exported":0,"imported":0.20000000298023224,"discharged":3,"maxPv":0.065}
