{"generated":64.19999980926514,"consumed":17.255779296875,"exported":36.70000076293945,"imported":0.10000000149011612,"discharged":5.300000190734863,"maxPv":8.84}
