{"generated":50.20000076293945,"consumed":18.674521484375,"exported":23.5,"imported":0.20000000298023224,"discharged":7.199999809265137,"maxPv":12.665}
