{"generated":57.20000076293945,"consumed":13.661099609375,"exported":40.20000076293945,"imported":0.10000000149011612,"discharged":5.300000190734863,"maxPv":9.267}
