{"generated":17,"consumed":17.308705078125,"exported":0.10000000149011612,"imported":0.10000000149011612,"discharged":8.600000381469727,"maxPv":4.613}
