{"generated":61.89999771118165,"consumed":47.8571953125,"exported":6.800000190734863,"imported":0.20000000298023224,"discharged":5.699999809265137,"maxPv":9.261}
