{"generated":0.5000000074505806,"consumed":5.700000196695328,"exported":0}
