{"generated":56.79999923706055,"consumed":15.225955078125,"exported":33.79999923706055,"imported":0.20000000298023224,"discharged":4.400000095367432,"maxPv":11.188}
