{"generated":9,"consumed":10.80684375,"exported":0.10000000149011612,"imported":6.800000190734863,"discharged":5.599999904632568,"maxPv":6.596}
