{"generated":39.600000858306885,"consumed":37.30000066757202,"exported":0.20000000298023224,"imported":0.20000000298023224,"discharged":9.399999618530273,"maxPv":11.567}
