{"generated":4.099999904632568,"consumed":7.2009560546875,"exported":0,"imported":18.100000381469727,"discharged":4.599999904632568,"maxPv":4.478}
