{"generated":16.899999618530273,"consumed":50.781140625,"exported":0.10000000149011612,"imported":37.29999923706055,"discharged":8.399999618530273,"maxPv":4.812}
