{"generated":0,"consumed":6.9992685546875,"exported":0,"imported":5.900000095367432,"discharged":1,"maxPv":0}
