{"generated":3.0999999046325684,"consumed":7.40103076171875,"exported":0,"imported":0.10000000149011612,"discharged":5.099999904632568,"maxPv":2.656}
