{"generated":1,"consumed":5.814451171875,"exported":0,"imported":0.10000000149011612,"discharged":3.9000000953674316,"maxPv":1.147}
