{"generated":67,"consumed":14.93509375,"exported":44.0999984741211,"imported":0.20000000298023224,"discharged":4.800000190734863,"maxPv":8.948}
