{"generated":19.200000762939453,"consumed":9.6759091796875,"exported":5.099999904632568,"imported":0.10000000149011612,"discharged":3.799999952316284,"maxPv":11.412}
