{"generated":14.90000057220459,"consumed":6.0857841796875,"exported":0.10000000149011612,"imported":0.10000000149011612,"discharged":3.5,"maxPv":6.689}
