{"generated":15.600000381469727,"consumed":13.931169921875,"exported":0.20000000298023224,"imported":0.20000000298023224,"discharged":6.5,"maxPv":9.872}
