{"generated":0,"consumed":2.01041650390625,"exported":0,"imported":0,"discharged":1.899999976158142,"maxPv":0}
