{"generated":0.300000011920929,"consumed":4.51296240234375,"exported":0,"imported":30.200000762939453,"discharged":3.5,"maxPv":0.804}
