{"generated":0,"consumed":2.477013916015625,"exported":0,"imported":0.20000000298023224,"discharged":1.7000000476837158,"maxPv":0}
