{"generated":67.6999969482422,"consumed":23.29515234375,"exported":38.0999984741211,"imported":0.300000011920929,"discharged":5.300000190734863,"maxPv":8.878}
