{"generated":67.89999389648438,"consumed":0.6228336181640625,"exported":38.0999984741211,"imported":0.20000000298023224,"discharged":11.399999618530273,"maxPv":0}
