{"generated":19.500001907348633,"consumed":16.7806484375,"exported":0,"imported":0.20000000298023224,"discharged":9.800000190734863,"maxPv":9.212}
