{"generated":6.800000190734863,"consumed":35.64305859375,"exported":0.10000000149011612,"imported":28.399999618530273,"discharged":2.200000047683716,"maxPv":4.554}
