{"generated":0.10000000149011612,"consumed":6.21400244140625,"exported":0,"imported":0,"discharged":6.400000095367432,"maxPv":0.231}
