{"generated":2.5,"consumed":7.0946513671875,"exported":0,"imported":0.300000011920929,"discharged":3.700000047683716,"maxPv":1.568}
