{"generated":20.799999237060547,"consumed":8.450064453125,"exported":0,"imported":0.10000000149011612,"discharged":4.300000190734863,"maxPv":8.987}
