{"generated":57.5,"consumed":11.3058447265625,"exported":20.399999618530273,"imported":0.10000000149011612,"discharged":4.300000190734863,"maxPv":9.774}
