{"generated":63.19999694824219,"consumed":34.7849140625,"exported":9.899999618530273,"imported":0.10000000149011612,"discharged":11.699999809265137,"maxPv":9.323}
