{"generated":27.599998474121094,"consumed":21.74452734375,"exported":8,"imported":0.20000000298023224,"discharged":9.100000381469727,"maxPv":11.961}
