{"generated":8.399999618530273,"consumed":9.0712470703125,"exported":0,"imported":0.300000011920929,"discharged":3.700000047683716,"maxPv":4.234}
