{"generated":7.600000023841858,"consumed":13.1000000461936,"exported":0.10000000149011612}
