{"generated":66.0999984741211,"consumed":19.0137421875,"exported":38,"imported":0.300000011920929,"discharged":2.799999952316284,"maxPv":8.878}
