{"generated":52.39999866485596,"consumed":25.994302734375,"exported":7.599999904632568,"imported":0.10000000149011612,"discharged":15,"maxPv":12.265}
