{"generated":2.5999999046325684,"consumed":9.649908203125,"exported":0,"imported":24.899999618530273,"discharged":5.300000190734863,"maxPv":4.015}
