{"generated":1.3000000268220901,"consumed":6.700000025331974,"exported":0.10000000149011612,"imported":0,"discharged":5.5,"maxPv":1.468}
