{"generated":27.799999237060547,"consumed":23.12574609375,"exported":6.900000095367432,"imported":0.20000000298023224,"discharged":10.699999809265137,"maxPv":12.51}
