{"generated":22.59999990463257,"consumed":10.248564453125,"exported":0,"imported":0,"discharged":5.5,"maxPv":9.386}
