{"generated":40.80000305175781,"consumed":69.0811796875,"exported":18.799999237060547,"imported":46,"discharged":6.699999809265137,"maxPv":7.14}
