{"generated":30.299999237060547,"consumed":20.71037109375,"exported":0.300000011920929,"imported":0.699999988079071,"discharged":4,"maxPv":12.803}
