{"generated":0,"consumed":26.22241015625,"exported":0,"imported":0,"discharged":1.600000023841858,"maxPv":0}
