{"generated":30.30000066757202,"consumed":16.70000121742487,"exported":0.600000023841858}
