{"generated":67,"consumed":18.84935546875,"exported":44.29999923706055,"imported":0.10000000149011612,"discharged":8.399999618530273,"maxPv":8.684}
