{"generated":2.4000000953674316,"consumed":25.85079296875,"exported":0,"imported":59.9000015258789,"discharged":0.4000000059604645,"maxPv":3.285}
