{"generated":7.3999999314546585,"consumed":11.800000004470348,"exported":0}
