{"generated":26.80000114440918,"consumed":31.1441796875,"exported":0.10000000149011612,"imported":32.20000076293945,"discharged":3.4000000953674316,"maxPv":8.889}
