{"generated":49.89999771118164,"consumed":10.9598056640625,"exported":30.200000762939453,"imported":0.20000000298023224,"discharged":4.300000190734863,"maxPv":8.787}
