{"generated":42.79999923706055,"consumed":10.0351982421875,"exported":28.799999237060547,"imported":28.5,"discharged":3.700000047683716,"maxPv":7.573}
