{"generated":9.699999809265137,"consumed":14.1738056640625,"exported":0.10000000149011612,"imported":0.10000000149011612,"discharged":8.100000381469727,"maxPv":5.182}
