{"generated":21.5,"consumed":8.7956953125,"exported":5.5,"imported":0.10000000149011612,"discharged":4.099999904632568,"maxPv":7.981}
