{"generated":50.20000076293945,"consumed":20.470080078125,"exported":23.5,"imported":0.20000000298023224,"discharged":8.899999618530273,"maxPv":12.665}
