{"generated":23.200000762939453,"consumed":17.41703515625,"exported":0.10000000149011612,"imported":0.20000000298023224,"discharged":7.900000095367432,"maxPv":9.126}
