{"generated":37.70000076293945,"consumed":11.973642578125,"exported":16.299999237060547,"imported":0.20000000298023224,"discharged":4.300000190734863,"maxPv":11.411}
