{"generated":14.899999618530273,"consumed":6.4002822265625,"exported":0.10000000149011612,"imported":0,"discharged":3.700000047683716,"maxPv":6.745}
