{"generated":24.5,"consumed":23.316755859375,"exported":1.600000023841858,"imported":0.10000000149011612,"discharged":12.800000190734863,"maxPv":5.617}
