{"generated":18.5,"consumed":27.632255859375,"exported":0.10000000149011612,"imported":14.199999809265137,"discharged":5.599999904632568,"maxPv":5.327}
