{"generated":47.70000076293945,"consumed":10.313587890625,"exported":32.4000015258789,"imported":0.10000000149011612,"discharged":3.5999999046325684,"maxPv":8.593}
