{"generated":0.5,"consumed":6.24479931640625,"exported":0,"imported":0.20000000298023224,"discharged":4.400000095367432,"maxPv":1.208}
