{"generated":54.60000038146973,"consumed":30.599999524652958,"exported":17.200000762939453}
