{"generated":14.699999809265137,"consumed":16.331451171875,"exported":0.10000000149011612,"imported":0.10000000149011612,"discharged":10,"maxPv":6.859}
