{"generated":43.29999923706055,"consumed":12.721119140625,"exported":24.799999237060547,"imported":0.10000000149011612,"discharged":4.900000095367432,"maxPv":8.685}
