{"generated":27.700000762939453,"consumed":11.12975,"exported":11.800000190734863,"imported":0.10000000149011612,"discharged":4.300000190734863,"maxPv":13.169}
