{"generated":42.9000015258789,"consumed":0.6160759887695313,"exported":23.100000381469727,"imported":0.20000000298023224,"discharged":8.199999809265137,"maxPv":0}
