{"generated":14.69999885559082,"consumed":8.76372265625,"exported":0,"imported":0.10000000149011612,"discharged":5.900000095367432,"maxPv":5.41}
