{"generated":0.20000000298023224,"consumed":5.24232958984375,"exported":0,"imported":0.10000000149011612,"discharged":4,"maxPv":0.647}
