{"generated":14.299999237060547,"consumed":23.1246328125,"exported":0.20000000298023224,"imported":13.600000381469727,"discharged":4.300000190734863,"maxPv":6.186}
