{"generated":27.300000190734863,"consumed":11.100000381469727,"exported":0.300000011920929}
