{"generated":0,"consumed":3.85809716796875,"exported":0,"imported":3.4000000953674316,"discharged":3.5,"maxPv":0.079}
