{"generated":52.79999923706055,"consumed":12.12983203125,"exported":33.9000015258789,"imported":0.300000011920929,"discharged":3.299999952316284,"maxPv":11.858}
