{"generated":36,"consumed":73.336375,"exported":0.10000000149011612,"imported":32.79999923706055,"discharged":19.5,"maxPv":5.387}
