{"generated":28.30000114440918,"consumed":7.39141259765625,"exported":9.699999809265137,"imported":0.300000011920929,"discharged":3,"maxPv":11.121}
