{"generated":55.60000228881836,"consumed":42.2125546875,"exported":7,"imported":0.20000000298023224,"discharged":8.600000381469727,"maxPv":11.404}
