{"generated":40.70000076293945,"consumed":10.3556748046875,"exported":25,"imported":0.300000011920929,"discharged":3.4000000953674316,"maxPv":13.08}
