{"generated":23.200000762939453,"consumed":21.383099609375,"exported":0.10000000149011612,"imported":0.20000000298023224,"discharged":11.600000381469727,"maxPv":9.126}
