{"generated":4.800000190734863,"consumed":7.19101220703125,"exported":0,"imported":5.800000190734863,"discharged":0.4000000059604645,"maxPv":2.558}
