{"generated":63.4000015258789,"consumed":13.6578095703125,"exported":44.70000076293945,"imported":0.10000000149011612,"discharged":5,"maxPv":9.07}
