{"generated":1.5,"consumed":44.402296875,"exported":0.10000000149011612,"imported":38,"discharged":2.200000047683716,"maxPv":1.905}
