{"generated":53.9000015258789,"consumed":27.961748046875,"exported":20.600000381469727,"imported":0.300000011920929,"discharged":7.300000190734863,"maxPv":11.24}
