{"generated":40.0999984741211,"consumed":20.929466796875,"exported":0.10000000149011612,"imported":0.20000000298023224,"discharged":4.400000095367432,"maxPv":8.389}
