{"generated":0,"consumed":1.6150806884765625,"exported":0,"imported":0,"discharged":2.200000047683716,"maxPv":0}
