{"generated":65.5999984741211,"consumed":0.6178116455078125,"exported":26.600000381469727,"imported":0.20000000298023224,"discharged":10.600000381469727,"maxPv":0}
