{"generated":69.09999942779541,"consumed":21.835029296875,"exported":46.79999923706055,"imported":0.10000000149011612,"discharged":11.100000381469727,"maxPv":9.179}
