{"generated":8.199999809265137,"consumed":8.59151171875,"exported":0.10000000149011612,"imported":0.10000000149011612,"discharged":5.900000095367432,"maxPv":10.112}
