{"generated":1.5000001192092896,"consumed":4.9863544921875,"exported":0,"imported":0.10000000149011612,"discharged":3.5,"maxPv":3.777}
