{"generated":0.5,"consumed":5.51861572265625,"exported":0,"imported":0.10000000149011612,"discharged":4.099999904632568,"maxPv":0.771}
