{"generated":0,"consumed":9.0452265625,"exported":0,"imported":8,"discharged":0.899999976158142,"maxPv":0}
