{"generated":0,"consumed":1.70189208984375,"exported":0,"imported":0.300000011920929,"discharged":1.600000023841858,"maxPv":0}
