{"generated":9.5,"consumed":7.6110107421875,"exported":0.10000000149011612,"imported":0.10000000149011612,"discharged":4.5,"maxPv":6.859}
