{"generated":31.700000762939453,"consumed":7.8085439453125,"exported":0.10000000149011612,"imported":0.20000000298023224,"discharged":3.700000047683716,"maxPv":8.638}
