{"generated":21.899999618530273,"consumed":15.1802841796875,"exported":0.5,"imported":0.20000000298023224,"discharged":3.0999999046325684,"maxPv":8.423}
