{"generated":44.0999984741211,"consumed":26.38126171875,"exported":17.399999618530273,"imported":0.20000000298023224,"discharged":15,"maxPv":7.287}
