{"generated":0.20000000298023224,"consumed":4.5207255859375,"exported":0,"imported":0,"discharged":4.199999809265137,"maxPv":0.277}
