{"generated":0,"consumed":4.79862255859375,"exported":0,"imported":0.20000000298023224,"discharged":3.5999999046325684,"maxPv":0.218}
