{"generated":63.4000015258789,"consumed":12.171890625,"exported":44.70000076293945,"imported":0.10000000149011612,"discharged":3.799999952316284,"maxPv":9.07}
