{"generated":16.899999618530273,"consumed":50.10202734375,"exported":0.10000000149011612,"imported":37.29999923706055,"discharged":7.699999809265137,"maxPv":4.812}
