{"generated":0,"consumed":1.9055518798828126,"exported":0,"imported":0.10000000149011612,"discharged":1.100000023841858,"maxPv":0}
