{"generated":25,"consumed":9.225388671875,"exported":0.10000000149011612,"imported":13.399999618530273,"discharged":4.099999904632568,"maxPv":11.489}
