{"generated":0,"consumed":2.2464951171875,"exported":0,"imported":0,"discharged":1.399999976158142,"maxPv":0}
