{"generated":48.29999923706055,"consumed":9.2425595703125,"exported":13.899999618530273,"imported":0,"discharged":3.700000047683716,"maxPv":8.248}
