{"generated":14.300000131130219,"consumed":9.8077529296875,"exported":0.10000000149011612,"imported":0.10000000149011612,"discharged":4.599999904632568,"maxPv":7.543}
