{"generated":16.299999237060547,"consumed":12.1795029296875,"exported":0.10000000149011612,"imported":0.10000000149011612,"discharged":5.400000095367432,"maxPv":6.429}
