{"generated":21.69999885559082,"consumed":11.5599443359375,"exported":0.10000000149011612,"imported":0.10000000149011612,"discharged":5.699999809265137,"maxPv":5.216}
