{"generated":67.3000030517578,"consumed":43.50347265625,"exported":18,"imported":0.20000000298023224,"discharged":7.599999904632568,"maxPv":9.713}
