{"generated":40.10000228881836,"consumed":54.873921875,"exported":9.800000190734863,"imported":19.799999237060547,"discharged":19.799999237060547,"maxPv":7.97}
