{"generated":14.200000047683716,"consumed":9.300000049173832,"exported":0}
