{"generated":9.800000190734863,"consumed":8.1034873046875,"exported":0,"imported":0,"discharged":4.800000190734863,"maxPv":6.062}
