{"generated":2.1000001430511475,"consumed":16.98645703125,"exported":0,"imported":9.199999809265137,"discharged":4.5,"maxPv":3.374}
