{"generated":30.399999618530273,"consumed":21.967634765625,"exported":8,"imported":0.20000000298023224,"discharged":11.100000381469727,"maxPv":8.191}
