{"generated":26.700000762939453,"consumed":24.048486328125,"exported":0.10000000149011612,"imported":0.20000000298023224,"discharged":6.199999809265137,"maxPv":7.199}
