{"generated":48.79999923706055,"consumed":15.848966796875,"exported":26.5,"imported":0.20000000298023224,"discharged":5.699999809265137,"maxPv":13.009}
