{"generated":36.29999923706055,"consumed":9.5408896484375,"exported":20.600000381469727,"imported":0.20000000298023224,"discharged":3.799999952316284,"maxPv":9.694}
