{"generated":0,"consumed":8.939859375,"exported":0,"imported":0.20000000298023224,"discharged":8.899999618530273,"maxPv":0}
