{"generated":4.8999999314546585,"consumed":8.200000122189522,"exported":0}
