{"generated":67,"consumed":30.130017578125,"exported":30.899999618530273,"imported":0.20000000298023224,"discharged":10,"maxPv":9.796}
