{"generated":14.399999618530273,"consumed":13.7610419921875,"exported":0.10000000149011612,"imported":5.400000095367432,"discharged":2.299999952316284,"maxPv":8.155}
