{"generated":8.90000057220459,"consumed":7.5546201171875,"exported":0,"imported":0.10000000149011612,"discharged":4.400000095367432,"maxPv":5.012}
