{"generated":29.1999990940094,"consumed":21.391423828125,"exported":0.10000000149011612,"imported":0.10000000149011612,"discharged":12.199999809265137,"maxPv":9.657}
