{"generated":0,"consumed":31.046431640625,"exported":0.10000000149011612,"imported":0.20000000298023224,"discharged":29.799999237060547,"maxPv":0}
