{"generated":10.399999618530273,"consumed":14.671787109375,"exported":0,"imported":1.600000023841858,"discharged":8.300000190734863,"maxPv":5.355}
