{"generated":45.20000076293945,"consumed":8.7353134765625,"exported":31.799999237060547,"imported":0.10000000149011612,"discharged":3,"maxPv":9.102}
