{"generated":12.5,"consumed":6.61023486328125,"exported":2,"imported":0.10000000149011612,"discharged":3,"maxPv":8.529}
