{"generated":20.700000762939453,"consumed":16.0650439453125,"exported":0.300000011920929,"imported":0.300000011920929,"discharged":7.800000190734863,"maxPv":7.674}
