{"generated":9.600000381469727,"consumed":16.896017578125,"exported":0.10000000149011612,"imported":31.399999618530273,"discharged":4.099999904632568,"maxPv":5.018}
