{"generated":62.39999961853027,"consumed":56.0441484375,"exported":4.5,"imported":2.799999952316284,"discharged":33.70000076293945,"maxPv":10.877}
