{"generated":6.499999523162842,"consumed":8.02563671875,"exported":0,"imported":0.20000000298023224,"discharged":5.199999809265137,"maxPv":4.989}
