{"generated":46.9000015258789,"consumed":33.26394921875,"exported":5.900000095367432,"imported":0.20000000298023224,"discharged":3.4000000953674316,"maxPv":8.831}
