{"generated":0,"consumed":4.03164599609375,"exported":0,"imported":0.10000000149011612,"discharged":3.700000047683716,"maxPv":0.105}
