{"generated":46.5,"consumed":14.819333984375,"exported":25.200000762939453,"imported":0.10000000149011612,"discharged":6.099999904632568,"maxPv":12.543}
