{"generated":14.300000190734863,"consumed":8.04093115234375,"exported":2.5999999046325684,"imported":0.20000000298023224,"discharged":3.9000000953674316,"maxPv":11.13}
