{"generated":67.6999969482422,"consumed":50.0085234375,"exported":11.199999809265137,"imported":0.10000000149011612,"discharged":4.099999904632568,"maxPv":9.841}
