{"generated":19.899999618530273,"consumed":17.98948828125,"exported":0.10000000149011612,"imported":0.20000000298023224,"discharged":11,"maxPv":5.033}
