{"generated":28.399999618530273,"consumed":6.67165966796875,"exported":18,"imported":0.10000000149011612,"discharged":3.0999999046325684,"maxPv":12.068}
