{"generated":38.5,"consumed":17.33418359375,"exported":1.2999999523162842,"imported":6.900000095367432,"discharged":3.9000000953674316,"maxPv":11.367}
