{"generated":1.8000000715255737,"consumed":5.757841796875,"exported":0,"imported":0.10000000149011612,"discharged":4.599999904632568,"maxPv":3.046}
