{"generated":52.5,"consumed":13.9226923828125,"exported":12.399999618530273,"imported":0.600000023841858,"discharged":4.400000095367432,"maxPv":10.275}
