{"generated":4.5,"consumed":7.5249501953125,"exported":0,"imported":0.20000000298023224,"discharged":4.400000095367432,"maxPv":6.171}
