{"generated":8.09999942779541,"consumed":28.53127734375,"exported":0.10000000149011612,"imported":20.700000762939453,"discharged":4,"maxPv":4.735}
