{"generated":0,"consumed":2.245170654296875,"exported":0,"imported":13.399999618530273,"discharged":2.0999999046325684,"maxPv":0}
