{"generated":0,"consumed":3.39028125,"exported":0,"imported":13.399999618530273,"discharged":3.200000047683716,"maxPv":0}
