{"generated":36.10000228881836,"consumed":12.8755966796875,"exported":20.200000762939453,"imported":0.10000000149011612,"discharged":4.400000095367432,"maxPv":11.911}
