{"generated":58.9000015258789,"consumed":40.86712890625,"exported":11,"imported":0.20000000298023224,"discharged":3.0999999046325684,"maxPv":8.443}
