{"generated":1.8000000715255737,"consumed":5.791794921875,"exported":0,"imported":0,"discharged":4.5,"maxPv":3.847}
