{"generated":32.5999984741211,"consumed":9.3123125,"exported":16.700000762939453,"imported":0.20000000298023224,"discharged":3.700000047683716,"maxPv":11.409}
