{"generated":32.29999923706055,"consumed":12.880578125,"exported":1.399999976158142,"imported":9.5,"discharged":5.300000190734863,"maxPv":13.091}
