{"generated":58.10000228881836,"consumed":39.7140625,"exported":18,"imported":8.699999809265137,"discharged":29.600000381469727,"maxPv":8.56}
