{"generated":46.9000015258789,"consumed":28.615998046875,"exported":22.799999237060547,"imported":15.699999809265137,"discharged":35,"maxPv":8.076}
