{"generated":2.1000001430511475,"consumed":5.91559130859375,"exported":0,"imported":0.20000000298023224,"discharged":3.700000047683716,"maxPv":4.065}
