{"generated":50.70000076293945,"consumed":13.4661943359375,"exported":31.399999618530273,"imported":0.20000000298023224,"discharged":4.5,"maxPv":11.409}
