{"generated":0,"consumed":3.961519287109375,"exported":0,"imported":4.699999809265137,"discharged":0.600000023841858,"maxPv":0}
