{"generated":2.9000000953674316,"consumed":6.53885205078125,"exported":0,"imported":0.10000000149011612,"discharged":4.800000190734863,"maxPv":7.469}
