{"generated":46.20000457763672,"consumed":17.198373046875,"exported":24.100000381469727,"imported":0.20000000298023224,"discharged":6,"maxPv":13.502}
