{"generated":26.5,"consumed":0.687572021484375,"exported":8.100000381469727,"imported":0.10000000149011612,"discharged":8.600000381469727,"maxPv":0}
