{"generated":20.69999885559082,"consumed":19.986240234375,"exported":0.10000000149011612,"imported":0.10000000149011612,"discharged":11,"maxPv":5.223}
