{"generated":67.8000030517578,"consumed":31.4167109375,"exported":30.600000381469727,"imported":0.10000000149011612,"discharged":4.900000095367432,"maxPv":8.975}
