{"generated":45.29999923706055,"consumed":37.4254765625,"exported":0.10000000149011612,"imported":0.10000000149011612,"discharged":14.100000381469727,"maxPv":9.039}
