{"generated":53.80000305175781,"consumed":12.0063349609375,"exported":35.0999984741211,"imported":0.10000000149011612,"discharged":4.599999904632568,"maxPv":9.168}
