{"generated":1,"consumed":5.11518310546875,"exported":0,"imported":0.20000000298023224,"discharged":4.199999809265137,"maxPv":1.922}
