{"generated":58.29999923706055,"consumed":16.3233662109375,"exported":39.70000076293945,"imported":0.10000000149011612,"discharged":6.099999904632568,"maxPv":8.796}
