{"generated":1,"consumed":6.37399951171875,"exported":0.10000000149011612,"imported":0.10000000149011612,"discharged":4.599999904632568,"maxPv":1.171}
