{"generated":45.70000076293945,"consumed":33.29264453125,"exported":5.300000190734863,"imported":0.20000000298023224,"discharged":3.0999999046325684,"maxPv":8.443}
