{"generated":9.699999809265137,"consumed":13.187587890625,"exported":0.10000000149011612,"imported":0.10000000149011612,"discharged":7.199999809265137,"maxPv":5.182}
