{"generated":0,"consumed":4.01598779296875,"exported":0,"imported":0.10000000149011612,"discharged":3.0999999046325684,"maxPv":0}
