{"generated":40.70000076293945,"consumed":0.7481076049804688,"exported":1,"imported":15.600000381469727,"discharged":30.200000762939453,"maxPv":0}
