{"generated":15.399999618530273,"consumed":11.2614599609375,"exported":0.10000000149011612,"imported":0.10000000149011612,"discharged":5.199999809265137,"maxPv":6.429}
