{"generated":50.5999984741211,"consumed":9.794828125,"exported":15.699999809265137,"imported":0,"discharged":3.700000047683716,"maxPv":8.248}
