{"generated":0.20000000298023224,"consumed":5.03703662109375,"exported":0,"imported":1.600000023841858,"discharged":4.5,"maxPv":0.236}
