{"generated":0,"consumed":13.057677734375,"exported":0,"imported":15.899999618530273,"discharged":0,"maxPv":0}
