{"generated":29.499998092651367,"consumed":21.43725390625,"exported":0.20000000298023224,"imported":0.20000000298023224,"discharged":10.5,"maxPv":9.754}
