{"generated":17.200000762939453,"consumed":7.87657763671875,"exported":0.20000000298023224,"imported":0.10000000149011612,"discharged":4.199999809265137,"maxPv":11.343}
