{"generated":49.20000076293945,"consumed":18.569833984375,"exported":25,"imported":2.799999952316284,"discharged":26.200000762939453,"maxPv":9.004}
