{"generated":0,"consumed":9.9688291015625,"exported":0,"imported":20.700000762939453,"discharged":1.7999999523162842,"maxPv":0}
