{"generated":23.600000381469727,"consumed":9.1089306640625,"exported":8.600000381469727,"imported":0.10000000149011612,"discharged":3.700000047683716,"maxPv":7.205}
