{"generated":55.4000015258789,"consumed":39.35524609375,"exported":7,"imported":0.20000000298023224,"discharged":6.199999809265137,"maxPv":11.404}
