{"generated":57,"consumed":19.813728515625,"exported":31.299999237060547,"imported":0.20000000298023224,"discharged":4.5,"maxPv":12.933}
