{"generated":52.5999984741211,"consumed":24.154947265625,"exported":20.100000381469727,"imported":0.300000011920929,"discharged":4.699999809265137,"maxPv":11.24}
