{"generated":14.40000057220459,"consumed":10.502849609375,"exported":0,"imported":0.10000000149011612,"discharged":5.300000190734863,"maxPv":7.291}
