{"generated":55.39999771118164,"consumed":17.615521484375,"exported":30,"imported":0.20000000298023224,"discharged":5.699999809265137,"maxPv":11.611}
