{"generated":24.999999523162842,"consumed":17.5,"exported":0.10000000149011612}
