{"generated":29.5,"consumed":20.626048828125,"exported":0.20000000298023224,"imported":0.300000011920929,"discharged":9.199999809265137,"maxPv":9.883}
