{"generated":14.5,"consumed":15.377166015625,"exported":0,"imported":3.200000047683716,"discharged":8.199999809265137,"maxPv":5.102}
