{"generated":38.70000076293945,"consumed":21.954775390625,"exported":14.199999809265137,"imported":0.300000011920929,"discharged":8.899999618530273,"maxPv":11.721}
