{"generated":4.100000381469727,"consumed":13.312697265625,"exported":0.10000000149011612,"imported":1.5,"discharged":8.800000190734863,"maxPv":2.191}
