{"generated":38.5999984741211,"consumed":22.708958984375,"exported":1.899999976158142,"imported":4.099999904632568,"discharged":12.699999809265137,"maxPv":6.867}
