{"generated":26.400001525878906,"consumed":17.181078125,"exported":0.10000000149011612,"imported":0.20000000298023224,"discharged":9.5,"maxPv":0.935}
