{"generated":0,"consumed":4.22099560546875,"exported":0,"imported":0.300000011920929,"discharged":3.9000000953674316,"maxPv":0}
