{"generated":0,"consumed":0.5734371948242187,"exported":0,"imported":0.300000011920929,"discharged":0.5,"maxPv":0}
