{"generated":1.5999999046325684,"consumed":5.94206494140625,"exported":0,"imported":0.10000000149011612,"discharged":4.5,"maxPv":2.2}
