{"generated":20.69999885559082,"consumed":15.760517578125,"exported":0.10000000149011612,"imported":1.100000023841858,"discharged":8.399999618530273,"maxPv":5.631}
