{"generated":0,"consumed":1.722271728515625,"exported":0,"imported":3.5999999046325684,"discharged":1.600000023841858,"maxPv":0}
