{"generated":0.4000000059604645,"consumed":4.90559326171875,"exported":0.10000000149011612,"imported":0,"discharged":4.300000190734863,"maxPv":1.877}
