{"generated":0,"consumed":2.43915576171875,"exported":0,"imported":0,"discharged":2.299999952316284,"maxPv":0}
