{"generated":31.799999237060547,"consumed":10.9895244140625,"exported":6.5,"imported":13.300000190734863,"discharged":9.600000381469727,"maxPv":11.073}
