{"generated":18.899999618530273,"consumed":17.559595703125,"exported":0.10000000149011612,"imported":0.10000000149011612,"discharged":9.600000381469727,"maxPv":5.554}
