{"generated":22.900001525878906,"consumed":7.2222490234375,"exported":0,"imported":0.10000000149011612,"discharged":3.5999999046325684,"maxPv":8.203}
