{"generated":0,"consumed":9.274193359375,"exported":0,"imported":5.300000190734863,"discharged":7.599999904632568,"maxPv":0.08}
