{"generated":34.4000015258789,"consumed":14.930322265625,"exported":11.899999618530273,"imported":0.300000011920929,"discharged":4.599999904632568,"maxPv":11.721}
