{"generated":6.099999904632568,"consumed":7.2432294921875,"exported":0.10000000149011612,"imported":0.10000000149011612,"discharged":4.400000095367432,"maxPv":3.734}
