{"generated":0,"consumed":3.6332529296875,"exported":0.10000000149011612,"imported":0.20000000298023224,"discharged":2.5999999046325684,"maxPv":0}
