{"generated":46.5,"consumed":13.3464228515625,"exported":26.299999237060547,"imported":0.10000000149011612,"discharged":4.099999904632568,"maxPv":8.821}
