{"generated":14.300000190734863,"consumed":12.6742109375,"exported":0.10000000149011612,"imported":0.10000000149011612,"discharged":3,"maxPv":7.056}
