{"generated":0,"consumed":2.83839404296875,"exported":0,"imported":8.699999809265137,"discharged":0,"maxPv":0}
