{"generated":1.4000000953674316,"consumed":5.39096875,"exported":0,"imported":0,"discharged":4.300000190734863,"maxPv":4.023}
