{"generated":40.4000015258789,"consumed":10.7391025390625,"exported":24.299999237060547,"imported":0.20000000298023224,"discharged":3.5999999046325684,"maxPv":7.181}
