{"generated":44.79999923706055,"consumed":8.8957529296875,"exported":29.100000381469727,"imported":0.10000000149011612,"discharged":3.299999952316284,"maxPv":9.07}
