{"generated":58.39999771118164,"consumed":30.701953125,"exported":23.100000381469727,"imported":0.20000000298023224,"discharged":7.400000095367432,"maxPv":9.681}
