{"generated":33.9000015258789,"consumed":9.156388671875,"exported":0,"imported":0.20000000298023224,"discharged":4.400000095367432,"maxPv":9.004}
