{"generated":0.20000000298023224,"consumed":15.99205859375,"exported":0,"imported":0.699999988079071,"discharged":3.9000000953674316,"maxPv":0.4}
