{"generated":41.89999771118164,"consumed":10.3153115234375,"exported":23.100000381469727,"imported":0.20000000298023224,"discharged":4.300000190734863,"maxPv":8.787}
