{"generated":57.70000076293945,"consumed":11.4911689453125,"exported":20.399999618530273,"imported":0.10000000149011612,"discharged":4.5,"maxPv":8.734}
