{"generated":17.899999618530273,"consumed":19.56673828125,"exported":0.10000000149011612,"imported":0.10000000149011612,"discharged":10.600000381469727,"maxPv":2.163}
