{"generated":22.59999990463257,"consumed":19.699999809265137,"exported":0.10000000149011612}
