{"generated":1.2000000476837158,"consumed":5.55808740234375,"exported":0.10000000149011612,"imported":0.20000000298023224,"discharged":3.700000047683716,"maxPv":1.724}
