{"generated":4.100000381469727,"consumed":11.629509765625,"exported":0.10000000149011612,"imported":0.10000000149011612,"discharged":8,"maxPv":2.191}
