{"generated":52.30000114440918,"consumed":15.20000171661377,"exported":31.399999618530273}
