{"generated":58.39999771118164,"consumed":0.6296676635742188,"exported":23.100000381469727,"imported":0.20000000298023224,"discharged":11.100000381469727,"maxPv":0}
