{"generated":2.1000001430511475,"consumed":5.9547744140625,"exported":0.10000000149011612,"imported":0.10000000149011612,"discharged":3.5999999046325684,"maxPv":1.767}
