{"generated":0,"consumed":34.08927734375,"exported":0,"imported":30.100000381469727,"discharged":1.7999999523162842,"maxPv":0}
