{"generated":10.399999618530273,"consumed":18.774921875,"exported":0,"imported":3.5,"discharged":11.100000381469727,"maxPv":5.355}
