{"generated":52.900001525878906,"consumed":45.80000151693821,"exported":0.300000011920929}
