{"generated":0,"consumed":3.24565673828125,"exported":0,"imported":0,"discharged":3.0999999046325684,"maxPv":0}
