{"generated":43.89999771118164,"consumed":20.7081171875,"exported":10.199999809265137,"imported":0.10000000149011612,"discharged":6.5,"maxPv":7.259}
