{"generated":22.5,"consumed":17.8484453125,"exported":0.10000000149011612,"imported":0.20000000298023224,"discharged":7.800000190734863,"maxPv":7.49}
