{"generated":59.70000076293945,"consumed":11.9007119140625,"exported":42.0999984741211,"imported":0.10000000149011612,"discharged":3.299999952316284,"maxPv":8.777}
