{"generated":21.099998474121094,"consumed":18.895494140625,"exported":0.20000000298023224,"imported":0.20000000298023224,"discharged":8.199999809265137,"maxPv":9.928}
