{"generated":1.9000000283122063,"consumed":6.402560546875,"exported":0,"imported":0,"discharged":5,"maxPv":3.655}
