{"generated":2.299999952316284,"consumed":11.672859375,"exported":0.10000000149011612,"imported":2.5999999046325684,"discharged":6.900000095367432,"maxPv":1.279}
