{"generated":0.800000011920929,"consumed":6.3191123046875,"exported":0,"imported":2.0999999046325684,"discharged":3.9000000953674316,"maxPv":1.084}
