{"generated":21.700000762939453,"consumed":20.1290078125,"exported":0.10000000149011612,"imported":0.10000000149011612,"discharged":3,"maxPv":7.863}
