{"generated":35.9000015258789,"consumed":25.925705078125,"exported":7.400000095367432,"imported":0.20000000298023224,"discharged":4.800000190734863,"maxPv":12.563}
