{"generated":42.9000015258789,"consumed":15.1907060546875,"exported":23.5,"imported":0.10000000149011612,"discharged":5.400000095367432,"maxPv":7.205}
