{"generated":15.59999942779541,"consumed":7.84464453125,"exported":2.799999952316284,"imported":0.10000000149011612,"discharged":3.5999999046325684,"maxPv":12.342}
