{"generated":4.299999713897705,"consumed":7.3090224609375,"exported":0,"imported":0.10000000149011612,"discharged":3.4000000953674316,"maxPv":7.242}
