{"generated":16.69999885559082,"consumed":13.8699619140625,"exported":0.10000000149011612,"imported":0.10000000149011612,"discharged":6.599999904632568,"maxPv":6.429}
