{"generated":66.3000030517578,"consumed":13.4757626953125,"exported":48.9000015258789,"imported":0.10000000149011612,"discharged":4.099999904632568,"maxPv":9.064}
