{"generated":66.8000030517578,"consumed":15.8891162109375,"exported":48.29999923706055,"imported":0.10000000149011612,"discharged":5,"maxPv":8.959}
