{"generated":34.70000076293945,"consumed":10.34859765625,"exported":16.799999237060547,"imported":0.10000000149011612,"discharged":2.700000047683716,"maxPv":8.026}
