{"generated":37.19999980926514,"consumed":26.399999476969242,"exported":1.2999999523162842,"imported":0.10000000149011612,"discharged":17.299999237060547,"maxPv":10.548}
