{"generated":70.5999984741211,"consumed":18.71422265625,"exported":47.70000076293945,"imported":0.10000000149011612,"discharged":7.699999809265137,"maxPv":9.446}
