{"generated":14.100000381469727,"consumed":8.0210908203125,"exported":0,"imported":0.10000000149011612,"discharged":4.099999904632568,"maxPv":7.103}
