{"generated":5.300000190734863,"consumed":7.11113134765625,"exported":0,"imported":0.20000000298023224,"discharged":3.5,"maxPv":5.184}
