{"generated":25.200000762939453,"consumed":8.1940791015625,"exported":13.199999809265137,"imported":28.5,"discharged":3.700000047683716,"maxPv":7.573}
