{"generated":0,"consumed":2.9067998046875,"exported":0,"imported":0,"discharged":3.299999952316284,"maxPv":0}
