{"generated":4.099999904632568,"consumed":5.33041796875,"exported":0.10000000149011612,"imported":0,"discharged":3.799999952316284,"maxPv":4.535}
