{"generated":37.90000057220459,"consumed":20.700000859797,"exported":9.699999809265137}
