{"generated":45.30000305175781,"consumed":13.9797646484375,"exported":28.399999618530273,"imported":0.10000000149011612,"discharged":5.199999809265137,"maxPv":12.155}
