{"generated":57.20000076293945,"consumed":22.032244140625,"exported":24.899999618530273,"imported":0.20000000298023224,"discharged":3.0999999046325684,"maxPv":10.905}
