{"generated":0.800000011920929,"consumed":3.974822265625,"exported":0,"imported":0,"discharged":3.200000047683716,"maxPv":1.75}
