{"generated":50.90000057220459,"consumed":13.900001049041748,"exported":30.899999618530273}
