{"generated":0,"consumed":4.013226318359375,"exported":0,"imported":0.10000000149011612,"discharged":3.700000047683716,"maxPv":0}
