{"generated":36.29999923706055,"consumed":22.75665234375,"exported":10.899999618530273,"imported":0.20000000298023224,"discharged":7.099999904632568,"maxPv":12.592}
