{"generated":14.399999618530273,"consumed":16.98734765625,"exported":0.10000000149011612,"imported":5.400000095367432,"discharged":5.300000190734863,"maxPv":8.155}
