{"generated":0,"consumed":1.3930186767578125,"exported":0,"imported":13.699999809265137,"discharged":0.4000000059604645,"maxPv":0}
