{"generated":14.699999809265137,"consumed":14.8167587890625,"exported":0.10000000149011612,"imported":0.10000000149011612,"discharged":9.100000381469727,"maxPv":6.492}
