{"generated":65.4000015258789,"consumed":31.711326171875,"exported":22.700000762939453,"imported":0.20000000298023224,"discharged":3.299999952316284,"maxPv":11.092}
