{"generated":10,"consumed":17.773234375,"exported":0.10000000149011612,"imported":34.9000015258789,"discharged":11,"maxPv":5.12}
