{"generated":67.4000015258789,"consumed":45.94676171875,"exported":18,"imported":0.20000000298023224,"discharged":9.800000190734863,"maxPv":9.713}
