{"generated":43,"consumed":10.7387646484375,"exported":26.600000381469727,"imported":0.10000000149011612,"discharged":3.700000047683716,"maxPv":12.666}
