{"generated":47.10000228881836,"consumed":22.5451953125,"exported":19.600000381469727,"imported":0.20000000298023224,"discharged":3.799999952316284,"maxPv":8.629}
