{"generated":59.20000076293945,"consumed":12.790234375,"exported":21.100000381469727,"imported":0.20000000298023224,"discharged":4.5,"maxPv":8.734}
