{"generated":52.4000015258789,"consumed":15.7656669921875,"exported":31.700000762939453,"imported":0.10000000149011612,"discharged":4.900000095367432,"maxPv":11.932}
