{"generated":18.299999237060547,"consumed":16.54790625,"exported":0,"imported":0.300000011920929,"discharged":9.600000381469727,"maxPv":4.989}
