{"generated":0,"consumed":0.7654631958007813,"exported":0,"imported":0,"discharged":1.399999976158142,"maxPv":0}
