{"generated":0.300000011920929,"consumed":4.958427734375,"exported":0,"imported":0.10000000149011612,"discharged":3.799999952316284,"maxPv":0.779}
