{"generated":2.099999964237213,"consumed":41.999999940395355,"exported":0,"imported":26.100000381469727,"discharged":14.899999618530273,"maxPv":2.84}
