{"generated":27.700000762939453,"consumed":14.6554873046875,"exported":0.10000000149011612,"imported":5.300000190734863,"discharged":7.599999904632568,"maxPv":7.475}
