{"generated":6.899999618530273,"consumed":8.9657158203125,"exported":0.10000000149011612,"imported":2.9000000953674316,"discharged":4.400000095367432,"maxPv":4.236}
