{"generated":0,"consumed":2.2943984375,"exported":0,"imported":0.10000000149011612,"discharged":1.5,"maxPv":0}
