{"generated":2.799999952316284,"consumed":16.88288671875,"exported":0,"imported":8.5,"discharged":4.699999809265137,"maxPv":1.265}
