{"generated":30.399999618530273,"consumed":22.624890625,"exported":8,"imported":0.20000000298023224,"discharged":11.699999809265137,"maxPv":8.191}
