{"generated":38.29999923706055,"consumed":7.7899375,"exported":21.5,"imported":0.10000000149011612,"discharged":3.4000000953674316,"maxPv":8.665}
