{"generated":7.799999713897705,"consumed":6.9051982421875,"exported":0.10000000149011612,"imported":0.10000000149011612,"discharged":4.099999904632568,"maxPv":7.875}
