{"generated":3.5999999046325684,"consumed":6.68502294921875,"exported":0.10000000149011612,"imported":2.5999999046325684,"discharged":3.0999999046325684,"maxPv":3.611}
