{"generated":2.8999998569488525,"consumed":6.89954638671875,"exported":0,"imported":0,"discharged":5.900000095367432,"maxPv":3.712}
