{"generated":10.5,"consumed":4.9923486328125,"exported":2.5999999046325684,"imported":0,"discharged":3.200000047683716,"maxPv":6.868}
