{"generated":26.80000114440918,"consumed":12.74590234375,"exported":22.700000762939453,"imported":13.399999618530273,"discharged":29.5,"maxPv":11.489}
