{"generated":3,"consumed":6.9912529296875,"exported":0,"imported":0.10000000149011612,"discharged":4.800000190734863,"maxPv":3.246}
