{"generated":42,"consumed":19.600935546875,"exported":12.899999618530273,"imported":0.10000000149011612,"discharged":4.900000095367432,"maxPv":12.622}
