{"generated":15.199999809265137,"consumed":12.2546025390625,"exported":0.10000000149011612,"imported":0.20000000298023224,"discharged":5.199999809265137,"maxPv":9.872}
