{"generated":1.9000000953674316,"consumed":44.5188359375,"exported":0,"imported":59.70000076293945,"discharged":1.7999999523162842,"maxPv":2.394}
