{"generated":11,"consumed":16.15199609375,"exported":0,"imported":0.10000000149011612,"discharged":10.300000190734863,"maxPv":6.376}
