{"generated":66.0999984741211,"consumed":12.881591796875,"exported":46,"imported":0.20000000298023224,"discharged":4.199999809265137,"maxPv":8.891}
