{"generated":50.29999923706055,"consumed":43.8120078125,"exported":5.099999904632568,"imported":0.300000011920929,"discharged":11.100000381469727,"maxPv":10.343}
