{"generated":1.399999976158142,"consumed":5.607802734375,"exported":0,"imported":4.900000095367432,"discharged":0,"maxPv":2.207}
