{"generated":1.2000000476837158,"consumed":7.14229541015625,"exported":0,"imported":0,"discharged":5.5,"maxPv":2.397}
