{"generated":34.10000228881836,"consumed":19.960458984375,"exported":11.600000381469727,"imported":0.10000000149011612,"discharged":10.899999618530273,"maxPv":6.837}
