{"generated":1.100000023841858,"consumed":6.605732421875,"exported":0,"imported":5.699999809265137,"discharged":0,"maxPv":1.944}
