{"generated":43.79999923706055,"consumed":28.835939453125,"exported":16.600000381469727,"imported":3.799999952316284,"discharged":27.600000381469727,"maxPv":7.838}
