{"generated":0,"consumed":4.4821015625,"exported":0,"imported":0.20000000298023224,"discharged":3.4000000953674316,"maxPv":0.053}
