{"generated":25.100000381469727,"consumed":11.7033720703125,"exported":7.5,"imported":0.10000000149011612,"discharged":5.800000190734863,"maxPv":12.974}
