{"generated":40.60000228881836,"consumed":22.270521484375,"exported":0,"imported":0.20000000298023224,"discharged":3.4000000953674316,"maxPv":8.917}
