{"generated":9.5,"consumed":15.730978515625,"exported":0.10000000149011612,"imported":0.20000000298023224,"discharged":10.199999809265137,"maxPv":6.756}
