{"generated":0,"consumed":1.142207763671875,"exported":0,"imported":3.5999999046325684,"discharged":1.100000023841858,"maxPv":0}
