{"generated":4.700000286102295,"consumed":14.885193359375,"exported":0,"imported":7.800000190734863,"discharged":9.600000381469727,"maxPv":2.91}
