{"generated":13.700000762939453,"consumed":10.2460634765625,"exported":0,"imported":0,"discharged":6,"maxPv":5.638}
