{"generated":16.799999237060547,"consumed":10.6228544921875,"exported":0,"imported":0.10000000149011612,"discharged":4.800000190734863,"maxPv":5.058}
