{"generated":38.4000015258789,"consumed":42.6001640625,"exported":17.399999618530273,"imported":30.200000762939453,"discharged":2.799999952316284,"maxPv":7.008}
