{"generated":16.200000762939453,"consumed":20.3701015625,"exported":0.10000000149011612,"imported":0.20000000298023224,"discharged":14.100000381469727,"maxPv":4.594}
