{"generated":0,"consumed":33.76552734375,"exported":0,"imported":1.100000023841858,"discharged":31.399999618530273,"maxPv":0}
