{"generated":10.199999809265137,"consumed":11.7797412109375,"exported":4.5,"imported":16.700000762939453,"discharged":5.099999904632568,"maxPv":5.437}
