{"generated":53.19999694824219,"consumed":34.69769921875,"exported":5,"imported":0.4000000059604645,"discharged":18.399999618530273,"maxPv":12.01}
