{"generated":60.5999984741211,"consumed":52.83133203125,"exported":0.20000000298023224,"imported":0.10000000149011612,"discharged":4.5,"maxPv":8.558}
