{"generated":52.30000305175781,"consumed":17.477546875,"exported":29.799999237060547,"imported":0.20000000298023224,"discharged":3.799999952316284,"maxPv":12.276}
