{"generated":51.30000019073486,"consumed":35.000000193715096,"exported":9.399999618530273}
