{"generated":24.900001525878906,"consumed":16.06140625,"exported":0.10000000149011612,"imported":0.20000000298023224,"discharged":9.699999809265137,"maxPv":5.865}
