{"generated":46.4000015258789,"consumed":18.834271484375,"exported":22.899999618530273,"imported":0.20000000298023224,"discharged":4,"maxPv":12.78}
