{"generated":28.399999618530273,"consumed":8.7964208984375,"exported":13.800000190734863,"imported":0.20000000298023224,"discharged":3.799999952316284,"maxPv":9.694}
