{"generated":18.600000381469727,"consumed":39.78704296875,"exported":0.10000000149011612,"imported":25.5,"discharged":7.800000190734863,"maxPv":6.018}
