{"generated":49.4000015258789,"consumed":23.36376171875,"exported":17.700000762939453,"imported":0.300000011920929,"discharged":4.699999809265137,"maxPv":11.24}
