{"generated":30.30000066757202,"consumed":12.800001241266727,"exported":5.199999809265137}
