{"generated":4.5,"consumed":6.5978037109375,"exported":0.10000000149011612,"imported":0.10000000149011612,"discharged":3.5999999046325684,"maxPv":4.092}
