{"generated":43.5,"consumed":14.2417646484375,"exported":22.600000381469727,"imported":0.20000000298023224,"discharged":5.699999809265137,"maxPv":13.009}
