{"generated":20.800000190734863,"consumed":28.575140625,"exported":0,"imported":0.10000000149011612,"discharged":13.5,"maxPv":7.625}
