{"generated":41,"consumed":15.6956904296875,"exported":13.699999809265137,"imported":2.799999952316284,"discharged":15.300000190734863,"maxPv":11.343}
