{"generated":64.6999969482422,"consumed":0.7062860107421876,"exported":40.79999923706055,"imported":0.10000000149011612,"discharged":10.100000381469727,"maxPv":0}
