{"generated":47.30000019073486,"consumed":30.499999716877937,"exported":6.900000095367432}
