{"generated":63.499996185302734,"consumed":49.19302734375,"exported":7.800000190734863,"imported":0.10000000149011612,"discharged":4.099999904632568,"maxPv":9.841}
