{"generated":26.5,"consumed":17.99999962002039,"exported":0.10000000149011612}
