{"generated":0,"consumed":1.23401611328125,"exported":0,"imported":0.20000000298023224,"discharged":0.5,"maxPv":0}
