{"generated":0,"consumed":3.976943115234375,"exported":0,"imported":0,"discharged":3.5999999046325684,"maxPv":0}
