{"generated":60.10000228881836,"consumed":18.790794921875,"exported":33.4000015258789,"imported":0.10000000149011612,"discharged":2.700000047683716,"maxPv":8.059}
