{"generated":17.100000381469727,"consumed":16.66436328125,"exported":0.20000000298023224,"imported":0.20000000298023224,"discharged":7.599999904632568,"maxPv":9.928}
