{"generated":23.799999237060547,"consumed":10.229630859375,"exported":8.5,"imported":0.10000000149011612,"discharged":3.799999952316284,"maxPv":7.641}
