{"generated":5.099999904632568,"consumed":6.0880009765625,"exported":0,"imported":3.200000047683716,"discharged":4.199999809265137,"maxPv":5.761}
