{"generated":14.399999618530273,"consumed":14.3861796875,"exported":0.10000000149011612,"imported":0.20000000298023224,"discharged":3.0999999046325684,"maxPv":7.577}
