{"generated":31.999999523162842,"consumed":39.27791015625,"exported":11.800000190734863,"imported":0.10000000149011612,"discharged":5.199999809265137,"maxPv":11.023}
