{"generated":5,"consumed":18.02293359375,"exported":0,"imported":0.699999988079071,"discharged":4,"maxPv":4.026}
