{"generated":65,"consumed":25.17380859375,"exported":33.79999923706055,"imported":0.10000000149011612,"discharged":4.800000190734863,"maxPv":8.743}
