{"generated":2.799999713897705,"consumed":7.363970703125,"exported":0.10000000149011612,"imported":0.10000000149011612,"discharged":5.199999809265137,"maxPv":2.16}
