{"generated":3.8000001907348633,"consumed":6.1679697265625,"exported":0,"imported":0.10000000149011612,"discharged":4.199999809265137,"maxPv":4.422}
