{"generated":3.499999761581421,"consumed":5.01028759765625,"exported":0,"imported":4.5,"discharged":0,"maxPv":3.889}
