{"generated":0.300000011920929,"consumed":5.65825927734375,"exported":0,"imported":0,"discharged":5.099999904632568,"maxPv":0.634}
