{"generated":66,"consumed":30.04355078125,"exported":33.20000076293945,"imported":0.20000000298023224,"discharged":7.300000190734863,"maxPv":8.527}
