{"generated":25,"consumed":26.6881953125,"exported":0.10000000149011612,"imported":0.4000000059604645,"discharged":18.899999618530273,"maxPv":6.533}
