{"generated":53.30000305175781,"consumed":12.2906689453125,"exported":36.79999923706055,"imported":0.10000000149011612,"discharged":3.5,"maxPv":8.312}
