{"generated":31.999998092651367,"consumed":9.135453125,"exported":0,"imported":0.10000000149011612,"discharged":4.699999809265137,"maxPv":8.952}
