{"generated":8.399999618530273,"consumed":8.5195908203125,"exported":0.10000000149011612,"imported":0.10000000149011612,"discharged":4.5,"maxPv":5.862}
