{"generated":3.3999998569488525,"consumed":4.97944970703125,"exported":0,"imported":0.20000000298023224,"discharged":3,"maxPv":3.842}
