{"generated":54.89999771118164,"consumed":33.51839453125,"exported":10.399999618530273,"imported":4.199999809265137,"discharged":15.699999809265137,"maxPv":8.761}
