{"generated":40.89999771118164,"consumed":7.1566923828125,"exported":29.399999618530273,"imported":0.10000000149011612,"discharged":3.200000047683716,"maxPv":8.722}
