{"generated":54.79999923706055,"consumed":17.1449921875,"exported":10.899999618530273,"imported":0.10000000149011612,"discharged":4,"maxPv":8.733}
