{"generated":0,"consumed":3.428692138671875,"exported":0,"imported":34.9000015258789,"discharged":3.200000047683716,"maxPv":0}
