{"generated":0.5,"consumed":4.3559501953125,"exported":0,"imported":0.20000000298023224,"discharged":3.0999999046325684,"maxPv":1.609}
