{"generated":46.89999771118164,"consumed":10.8940400390625,"exported":27.799999237060547,"imported":0.10000000149011612,"discharged":4.099999904632568,"maxPv":8.684}
