{"generated":7.299999713897705,"consumed":5.5298994140625,"exported":0,"imported":0.10000000149011612,"discharged":3,"maxPv":5.566}
