{"generated":19.69999885559082,"consumed":18.199412109375,"exported":0,"imported":0.20000000298023224,"discharged":11.100000381469727,"maxPv":9.212}
