{"generated":62.89999771118164,"consumed":25.008576171875,"exported":29.100000381469727,"imported":0.20000000298023224,"discharged":4.300000190734863,"maxPv":10.905}
