{"generated":16.899999618530273,"consumed":46.36460546875,"exported":0.10000000149011612,"imported":37.29999923706055,"discharged":4.300000190734863,"maxPv":4.812}
