{"generated":63.0999984741211,"consumed":32.92917578125,"exported":22.100000381469727,"imported":0.4000000059604645,"discharged":15.300000190734863,"maxPv":9.047}
