{"generated":17.399999618530273,"consumed":8.445392578125,"exported":3,"imported":0.300000011920929,"discharged":3.299999952316284,"maxPv":11.858}
