{"generated":44.10000228881836,"consumed":16.416439453125,"exported":21.200000762939453,"imported":0.10000000149011612,"discharged":4.400000095367432,"maxPv":13.652}
