{"generated":52.4000015258789,"consumed":16.1487919921875,"exported":30.5,"imported":0.20000000298023224,"discharged":6.300000190734863,"maxPv":13.221}
