{"generated":37.79999923706055,"consumed":11.634833984375,"exported":21,"imported":0.5,"discharged":2.9000000953674316,"maxPv":9.004}
