{"generated":0,"consumed":4.25286083984375,"exported":0.10000000149011612,"imported":0.10000000149011612,"discharged":4,"maxPv":0.042}
