{"generated":19.099998474121094,"consumed":7.91296728515625,"exported":4.199999809265137,"imported":0.10000000149011612,"discharged":2.700000047683716,"maxPv":7.187}
