{"generated":43.5999984741211,"consumed":24.229466796875,"exported":0,"imported":0.10000000149011612,"discharged":5,"maxPv":9.323}
