{"generated":5.099999904632568,"consumed":21.116466796875,"exported":0.10000000149011612,"imported":17.5,"discharged":12.100000381469727,"maxPv":2.225}
