{"generated":23.700000762939453,"consumed":44.47088671875,"exported":0.10000000149011612,"imported":26.200000762939453,"discharged":5.400000095367432,"maxPv":5.453}
