{"generated":65.5999984741211,"consumed":26.175291015625,"exported":26.600000381469727,"imported":0.10000000149011612,"discharged":6,"maxPv":8.667}
