{"generated":42.79999923706055,"consumed":14.9656328125,"exported":25.5,"imported":0.20000000298023224,"discharged":6.400000095367432,"maxPv":7.181}
