{"generated":0,"consumed":1.7680008544921875,"exported":0,"imported":0,"discharged":1.7000000476837158,"maxPv":0}
