{"generated":33.999999046325684,"consumed":49.299999140203,"exported":0.10000000149011612,"imported":3.9000000953674316,"discharged":30.600000381469727,"maxPv":9.057}
