{"generated":66.6999969482422,"consumed":39.9172421875,"exported":18,"imported":0.20000000298023224,"discharged":4.800000190734863,"maxPv":9.713}
