{"generated":28.09999990463257,"consumed":22.200000286102295,"exported":0.20000000298023224,"imported":0.20000000298023224,"discharged":6.5,"maxPv":12.126}
