{"generated":1.8000000715255737,"consumed":5.7760771484375,"exported":0,"imported":0.10000000149011612,"discharged":4.699999809265137,"maxPv":2.525}
