{"generated":0.4000000059604645,"consumed":24.81995703125,"exported":0,"imported":19.600000381469727,"discharged":3.5999999046325684,"maxPv":1.372}
