{"generated":21.099998474121094,"consumed":14.5834853515625,"exported":0.10000000149011612,"imported":5.900000095367432,"discharged":3.200000047683716,"maxPv":5.485}
