{"generated":57.79999923706055,"consumed":52.79325,"exported":0.10000000149011612,"imported":0.20000000298023224,"discharged":4.5,"maxPv":8.55}
