{"generated":0,"consumed":1.6652105712890626,"exported":0,"imported":0,"discharged":1.600000023841858,"maxPv":0}
