{"generated":0,"consumed":2.252882080078125,"exported":0,"imported":0,"discharged":2.0999999046325684,"maxPv":0}
