{"generated":66.30000114440918,"consumed":4.2100380859375,"exported":42.79999923706055,"imported":0.10000000149011612,"discharged":9.600000381469727,"maxPv":0.069}
