{"generated":4.700000286102295,"consumed":16.5711796875,"exported":0,"imported":10.199999809265137,"discharged":9.600000381469727,"maxPv":2.91}
