{"generated":7.099999904632568,"consumed":48.42261328125,"exported":2.0999999046325684,"imported":78.9000015258789,"discharged":1.2000000476837158,"maxPv":3.927}
