{"generated":43.10000228881836,"consumed":27.2920859375,"exported":18.299999237060547,"imported":0.10000000149011612,"discharged":10.899999618530273,"maxPv":7.368}
