{"generated":32.0999984741211,"consumed":9.3689599609375,"exported":18.5,"imported":0.10000000149011612,"discharged":3.700000047683716,"maxPv":11.792}
