{"generated":12.600000381469727,"consumed":7.9262353515625,"exported":0.20000000298023224,"imported":0.10000000149011612,"discharged":4.599999904632568,"maxPv":9.192}
