{"generated":24.5,"consumed":14.8451318359375,"exported":0.10000000149011612,"imported":0.20000000298023224,"discharged":6.199999809265137,"maxPv":9.883}
