{"generated":3.5999999046325684,"consumed":6.101986328125,"exported":0,"imported":32.79999923706055,"discharged":4.199999809265137,"maxPv":5.115}
