{"generated":14.699999809265137,"consumed":14.0546201171875,"exported":0.10000000149011612,"imported":0.10000000149011612,"discharged":8.399999618530273,"maxPv":6.492}
