{"generated":0,"consumed":1.6483878173828126,"exported":0,"imported":0.20000000298023224,"discharged":1.600000023841858,"maxPv":0}
