{"generated":19.80000114440918,"consumed":12.4096357421875,"exported":1.2999999523162842,"imported":0.10000000149011612,"discharged":4.400000095367432,"maxPv":13.652}
