{"generated":61.000003814697266,"consumed":0.6425504760742188,"exported":37.5999984741211,"imported":0.20000000298023224,"discharged":10.800000190734863,"maxPv":0}
