{"generated":55.20000076293945,"consumed":12.1759658203125,"exported":38.29999923706055,"imported":0.10000000149011612,"discharged":3.4000000953674316,"maxPv":12.086}
