{"generated":45.80000114440918,"consumed":43.000000953674316,"exported":0.20000000298023224}
