{"generated":45,"consumed":10.640625,"exported":29.200000762939453,"imported":0.10000000149011612,"discharged":3.799999952316284,"maxPv":10.509}
