{"generated":0,"consumed":0.9270150756835938,"exported":0,"imported":0,"discharged":0.899999976158142,"maxPv":0}
