{"generated":13.199999809265137,"consumed":14.75044921875,"exported":0,"imported":0.4000000059604645,"discharged":7.300000190734863,"maxPv":7.797}
