{"generated":36.20000076293945,"consumed":22.98460546875,"exported":0.20000000298023224,"imported":0.300000011920929,"discharged":7.699999809265137,"maxPv":7.018}
