{"generated":18.69999933242798,"consumed":10.699999332427979,"exported":0.10000000149011612}
