{"generated":22.700000762939453,"consumed":45.3674296875,"exported":6.400000095367432,"imported":34.9000015258789,"discharged":1.5,"maxPv":6.869}
