{"generated":69.6999969482422,"consumed":55.2603671875,"exported":11.600000381469727,"imported":0.10000000149011612,"discharged":7.599999904632568,"maxPv":9.841}
