{"generated":42,"consumed":0.718258544921875,"exported":22,"imported":0.10000000149011612,"discharged":8.800000190734863,"maxPv":0}
