{"generated":16.899999618530273,"consumed":16.0404833984375,"exported":0,"imported":0.10000000149011612,"discharged":9.600000381469727,"maxPv":5.904}
