{"generated":18.899999618530273,"consumed":18.880724609375,"exported":0.10000000149011612,"imported":0.10000000149011612,"discharged":10.800000190734863,"maxPv":5.554}
