{"generated":52.89999771118164,"consumed":14.1447236328125,"exported":29.200000762939453,"imported":0.20000000298023224,"discharged":4.300000190734863,"maxPv":11.411}
