{"generated":0.20000000298023224,"consumed":4.6578095703125,"exported":0,"imported":0.10000000149011612,"discharged":3.5,"maxPv":1.328}
