{"generated":0,"consumed":2.461876953125,"exported":0,"imported":32.20000076293945,"discharged":0,"maxPv":0}
