{"generated":0.40000001341104513,"consumed":6.200000204145908,"exported":0}
