{"generated":41,"consumed":9.3330517578125,"exported":6.099999904632568,"imported":0.10000000149011612,"discharged":4.300000190734863,"maxPv":8.714}
