{"generated":0,"consumed":2.155325439453125,"exported":0,"imported":0.10000000149011612,"discharged":2.0999999046325684,"maxPv":0}
