{"generated":4.300000190734863,"consumed":8.955587890625,"exported":0,"imported":0.10000000149011612,"discharged":5.800000190734863,"maxPv":4.164}
