{"generated":63.20000076293945,"consumed":12.934263671875,"exported":47.5999984741211,"imported":0.10000000149011612,"discharged":4.599999904632568,"maxPv":8.834}
