{"generated":0.20000000298023224,"consumed":4.5401708984375,"exported":0,"imported":0.10000000149011612,"discharged":3.5999999046325684,"maxPv":0.787}
