{"generated":9,"consumed":15.1685546875,"exported":0,"imported":0.10000000149011612,"discharged":10.300000190734863,"maxPv":7.844}
