{"generated":3.3000001907348633,"consumed":44.17894921875,"exported":1.100000023841858,"imported":78.1999969482422,"discharged":1,"maxPv":2.633}
