{"generated":13.5,"consumed":11.0049638671875,"exported":0.10000000149011612,"imported":0.10000000149011612,"discharged":6.599999904632568,"maxPv":6.492}
