{"generated":59.4000015258789,"consumed":51.01021875,"exported":3.299999952316284,"imported":0.20000000298023224,"discharged":5.300000190734863,"maxPv":10.271}
