{"generated":18.5,"consumed":12.8538994140625,"exported":0.10000000149011612,"imported":3,"discharged":4.800000190734863,"maxPv":4.585}
