{"generated":24.09999990463257,"consumed":16.600000381469727,"exported":0.10000000149011612}
