{"generated":24.400001525878906,"consumed":10.62086328125,"exported":0.10000000149011612,"imported":0.20000000298023224,"discharged":5,"maxPv":5.865}
