{"generated":15.699999809265137,"consumed":11.3936630859375,"exported":0,"imported":0.10000000149011612,"discharged":6.300000190734863,"maxPv":5.904}
