{"generated":32.79999923706055,"consumed":9.209392578125,"exported":0.10000000149011612,"imported":1.600000023841858,"discharged":4.5,"maxPv":10.392}
