{"generated":35.39999771118164,"consumed":10.5723037109375,"exported":18.399999618530273,"imported":0.10000000149011612,"discharged":4.400000095367432,"maxPv":9.635}
