{"generated":25.600000381469727,"consumed":8.8234189453125,"exported":5,"imported":0.300000011920929,"discharged":4.099999904632568,"maxPv":8.197}
