{"generated":2.299999952316284,"consumed":5.54496875,"exported":0,"imported":0.10000000149011612,"discharged":3.700000047683716,"maxPv":5.516}
