{"generated":18.5,"consumed":15.476796875,"exported":0.10000000149011612,"imported":0.10000000149011612,"discharged":8.399999618530273,"maxPv":10.422}
