{"generated":66.6999969482422,"consumed":0.751662109375,"exported":39,"imported":0.20000000298023224,"discharged":11.399999618530273,"maxPv":0}
