{"generated":3.0999999046325684,"consumed":10.1388955078125,"exported":0,"imported":6.900000095367432,"discharged":0,"maxPv":1.861}
