{"generated":48,"consumed":11.877037109375,"exported":30.5,"imported":0.10000000149011612,"discharged":5.099999904632568,"maxPv":12.165}
