{"generated":35.29999923706055,"consumed":32.01869921875,"exported":0.10000000149011612,"imported":0.10000000149011612,"discharged":5.099999904632568,"maxPv":8.93}
