{"generated":57.30000019073486,"consumed":16.447892578125,"exported":34,"imported":0.10000000149011612,"discharged":5.5,"maxPv":8.934}
