{"generated":0,"consumed":1.9098831787109376,"exported":0.10000000149011612,"imported":0.10000000149011612,"discharged":1.7999999523162842,"maxPv":0}
