{"generated":33.5,"consumed":13.000000454485416,"exported":0.600000023841858}
