{"generated":0,"consumed":0.7119335327148437,"exported":0,"imported":0,"discharged":1.399999976158142,"maxPv":0}
