{"generated":36.79999923706055,"consumed":16.54375390625,"exported":13.699999809265137,"imported":0.10000000149011612,"discharged":7.900000095367432,"maxPv":13.383}
