{"generated":0,"consumed":37.30381640625,"exported":0,"imported":37.20000076293945,"discharged":2,"maxPv":0}
