{"generated":47.30000019073486,"consumed":13.8963388671875,"exported":4.300000190734863,"imported":0.10000000149011612,"discharged":5.099999904632568,"maxPv":12.265}
