{"generated":44.4000015258789,"consumed":12.475603515625,"exported":16.799999237060547,"imported":0.20000000298023224,"discharged":3.299999952316284,"maxPv":8.436}
