{"generated":8.100000381469727,"consumed":7.25993994140625,"exported":0.10000000149011612,"imported":15.699999809265137,"discharged":4.599999904632568,"maxPv":5.522}
