{"generated":62.0999984741211,"consumed":12.1236552734375,"exported":42.70000076293945,"imported":0.20000000298023224,"discharged":4.199999809265137,"maxPv":8.891}
