{"generated":42.5999984741211,"consumed":7.1879912109375,"exported":31.100000381469727,"imported":0.10000000149011612,"discharged":2.9000000953674316,"maxPv":8.834}
