{"generated":1.7999999523162842,"consumed":8.2035693359375,"exported":0,"imported":7.5,"discharged":6,"maxPv":2.91}
