{"generated":54.89999771118164,"consumed":36.91068359375,"exported":18.700000762939453,"imported":4.199999809265137,"discharged":27.5,"maxPv":8.761}
