{"generated":52.29999923706055,"consumed":17.761251953125,"exported":7.599999904632568,"imported":0.10000000149011612,"discharged":7,"maxPv":12.265}
