{"generated":61.000003814697266,"consumed":20.5946875,"exported":37.5,"imported":0.20000000298023224,"discharged":6.300000190734863,"maxPv":9.078}
