{"generated":66.5999984741211,"consumed":17.684171875,"exported":43.20000076293945,"imported":0.10000000149011612,"discharged":5.199999809265137,"maxPv":8.802}
