{"generated":0.20000000298023224,"consumed":3.56023876953125,"exported":0,"imported":0,"discharged":3.200000047683716,"maxPv":0.157}
