{"generated":18.80000114440918,"consumed":10.079611328125,"exported":4.099999904632568,"imported":0.10000000149011612,"discharged":4.900000095367432,"maxPv":13.362}
