{"generated":0,"consumed":25.959013671875,"exported":0,"imported":42.5999984741211,"discharged":1.399999976158142,"maxPv":0}
