{"generated":65.0999984741211,"consumed":33.87636328125,"exported":35.79999923706055,"imported":0.10000000149011612,"discharged":13.399999618530273,"maxPv":8.831}
