{"generated":0,"consumed":1.2045355224609375,"exported":0,"imported":1.600000023841858,"discharged":1,"maxPv":0}
