{"generated":36.10000228881836,"consumed":17.19577734375,"exported":20.200000762939453,"imported":0.10000000149011612,"discharged":8.600000381469727,"maxPv":11.911}
