{"generated":13.5,"consumed":7.96811181640625,"exported":0.10000000149011612,"imported":15.699999809265137,"discharged":4.599999904632568,"maxPv":6.279}
