{"generated":5.699999809265137,"consumed":8.14308251953125,"exported":0,"imported":1.2999999523162842,"discharged":4.5,"maxPv":4.105}
