{"generated":40.09999990463257,"consumed":22.30000001192093,"exported":6.300000190734863}
