{"generated":0.6000000089406967,"consumed":5.9712890625,"exported":0,"imported":0,"discharged":5.099999904632568,"maxPv":4.755}
