{"generated":50.20000076293945,"consumed":17.8731171875,"exported":23.5,"imported":0.20000000298023224,"discharged":6.400000095367432,"maxPv":12.665}
