{"generated":0,"consumed":2.897802978515625,"exported":0,"imported":13.300000190734863,"discharged":2.700000047683716,"maxPv":0}
