{"generated":29.30000114440918,"consumed":10.839158203125,"exported":14.800000190734863,"imported":0.20000000298023224,"discharged":3.9000000953674316,"maxPv":12.118}
