{"generated":31.200000762939453,"consumed":15.1253828125,"exported":13.899999618530273,"imported":0.10000000149011612,"discharged":6.199999809265137,"maxPv":13.169}
