{"generated":65.5999984741211,"consumed":19.658720703125,"exported":37,"imported":0.10000000149011612,"discharged":3.4000000953674316,"maxPv":8.699}
