{"generated":7.899999618530273,"consumed":7.26343408203125,"exported":0.10000000149011612,"imported":0.10000000149011612,"discharged":4,"maxPv":5.949}
