{"generated":32.5999984741211,"consumed":65.13775,"exported":0,"imported":32.70000076293945,"discharged":13.300000190734863,"maxPv":5.387}
