{"generated":22.5,"consumed":8.524337890625,"exported":0,"imported":0.10000000149011612,"discharged":4.300000190734863,"maxPv":8.177}
