{"generated":38.70000076293945,"consumed":18.39992578125,"exported":14.199999809265137,"imported":0.300000011920929,"discharged":5.400000095367432,"maxPv":11.721}
