{"generated":0.300000011920929,"consumed":6.999916015625,"exported":0,"imported":0,"discharged":6.199999809265137,"maxPv":0.523}
