{"generated":41.4000015258789,"consumed":18.10156640625,"exported":24.100000381469727,"imported":0.10000000149011612,"discharged":9.5,"maxPv":7.326}
