{"generated":2.9000000953674316,"consumed":7.9850576171875,"exported":0,"imported":0,"discharged":6,"maxPv":2.631}
