{"generated":30.400001525878906,"consumed":10.6172001953125,"exported":4.300000190734863,"imported":0.10000000149011612,"discharged":3.4000000953674316,"maxPv":8.667}
