{"generated":26.900001525878906,"consumed":9.051685546875,"exported":10.800000190734863,"imported":0.10000000149011612,"discharged":4.5,"maxPv":8.735}
