{"generated":49.0999984741211,"consumed":14.29971875,"exported":31.799999237060547,"imported":0.10000000149011612,"discharged":5.599999904632568,"maxPv":10.509}
