{"generated":0,"consumed":3.155760986328125,"exported":0,"imported":0.5,"discharged":2.200000047683716,"maxPv":0}
