{"generated":16.799999237060547,"consumed":12.9049013671875,"exported":0,"imported":0.10000000149011612,"discharged":6.800000190734863,"maxPv":5.904}
