{"generated":11,"consumed":25.30525,"exported":0.10000000149011612,"imported":11.5,"discharged":13.399999618530273,"maxPv":6.596}
