{"generated":7.300000190734863,"consumed":23.412978515625,"exported":0.10000000149011612,"imported":16.799999237060547,"discharged":6.699999809265137,"maxPv":5.403}
