{"generated":44.9000015258789,"consumed":17.680296875,"exported":23.799999237060547,"imported":1.100000023841858,"discharged":25.700000762939453,"maxPv":10.471}
