{"generated":24.599998474121094,"consumed":11.991912109375,"exported":0.10000000149011612,"imported":0.10000000149011612,"discharged":6.300000190734863,"maxPv":5.41}
