{"generated":32.90000057220459,"consumed":32.554998046875,"exported":0.20000000298023224,"imported":0.20000000298023224,"discharged":11.600000381469727,"maxPv":12.826}
