{"generated":42.30000305175781,"consumed":20.3265703125,"exported":12.899999618530273,"imported":0.10000000149011612,"discharged":5.400000095367432,"maxPv":12.622}
