{"generated":34.10000228881836,"consumed":9.2549013671875,"exported":15.399999618530273,"imported":30.200000762939453,"discharged":3.5,"maxPv":7.52}
