{"generated":44.4000015258789,"consumed":46.946796875,"exported":1.399999976158142,"imported":0.10000000149011612,"discharged":19.899999618530273,"maxPv":7.529}
