{"generated":3.8999998569488525,"consumed":34.1207421875,"exported":0.10000000149011612,"imported":26,"discharged":3.799999952316284,"maxPv":3.324}
