{"generated":49.89999771118164,"consumed":45.8653046875,"exported":0.300000011920929,"imported":0.4000000059604645,"discharged":8.600000381469727,"maxPv":11.803}
