{"generated":19.899999618530273,"consumed":22.977822265625,"exported":0,"imported":12.300000190734863,"discharged":5.099999904632568,"maxPv":5.063}
