{"generated":14.399999618530273,"consumed":16.222541015625,"exported":0.10000000149011612,"imported":5.900000095367432,"discharged":5,"maxPv":8.719}
