{"generated":12,"consumed":13.6521015625,"exported":0.10000000149011612,"imported":5.800000190734863,"discharged":3.200000047683716,"maxPv":8.356}
