{"generated":6.300000190734863,"consumed":25.999359375,"exported":0,"imported":31.700000762939453,"discharged":10.300000190734863,"maxPv":4.015}
