{"generated":0,"consumed":5.8573427734375,"exported":0,"imported":2.9000000953674316,"discharged":2.799999952316284,"maxPv":0}
