{"generated":0,"consumed":3.924767333984375,"exported":0,"imported":8.699999809265137,"discharged":0,"maxPv":0}
