{"generated":0,"consumed":24.985826171875,"exported":0,"imported":0.10000000149011612,"discharged":23.700000762939453,"maxPv":0}
