{"generated":0,"consumed":1.2742213134765625,"exported":0,"imported":0,"discharged":0.600000023841858,"maxPv":0}
