{"generated":29.299999237060547,"consumed":9.4083427734375,"exported":15.5,"imported":0.10000000149011612,"discharged":3.0999999046325684,"maxPv":8.978}
