{"generated":51.0999984741211,"consumed":10.6828583984375,"exported":15.5,"imported":0.300000011920929,"discharged":3.799999952316284,"maxPv":8.031}
