{"generated":66.5,"consumed":21.76821484375,"exported":39,"imported":0.20000000298023224,"discharged":5.800000190734863,"maxPv":11.582}
