{"generated":0,"consumed":3.89203662109375,"exported":0.10000000149011612,"imported":0.20000000298023224,"discharged":3,"maxPv":0.048}
