{"generated":51.60000228881836,"consumed":25.203658203125,"exported":0.699999988079071,"imported":0.10000000149011612,"discharged":5,"maxPv":9.323}
