{"generated":45,"consumed":10.481740234375,"exported":29.799999237060547,"imported":0.10000000149011612,"discharged":3.4000000953674316,"maxPv":7.833}
