{"generated":17.799999237060547,"consumed":5.50541259765625,"exported":9.100000381469727,"imported":0,"discharged":3.200000047683716,"maxPv":7.976}
