{"generated":16,"consumed":9.774123046875,"exported":0.10000000149011612,"imported":0.10000000149011612,"discharged":4.5,"maxPv":5.579}
