{"generated":12.800000190734863,"consumed":7.7526982421875,"exported":0.699999988079071,"imported":0.10000000149011612,"discharged":3.799999952316284,"maxPv":13.023}
