{"generated":66.1999969482422,"consumed":21.169330078125,"exported":37.0999984741211,"imported":0.10000000149011612,"discharged":4.300000190734863,"maxPv":8.699}
