{"generated":20.5,"consumed":16.38401953125,"exported":0,"imported":0.10000000149011612,"discharged":10.699999809265137,"maxPv":6.336}
