{"generated":44.80000305175781,"consumed":26.7869453125,"exported":24.799999237060547,"imported":6.900000095367432,"discharged":34.29999923706055,"maxPv":12.708}
