{"generated":53.79999923706055,"consumed":18.089431640625,"exported":28.700000762939453,"imported":0.10000000149011612,"discharged":5.599999904632568,"maxPv":9.96}
