{"generated":56.79999923706055,"consumed":23.97909375,"exported":24.100000381469727,"imported":0.300000011920929,"discharged":5.5,"maxPv":11.393}
