{"generated":59.9000015258789,"consumed":9.856169921875,"exported":46,"imported":0,"discharged":3,"maxPv":10.789}
