{"generated":20.399999618530273,"consumed":9.8594990234375,"exported":0.10000000149011612,"imported":4.599999904632568,"discharged":0,"maxPv":9.789}
