{"generated":44.200000286102295,"consumed":27.800000965595245,"exported":7.400000095367432}
