{"generated":20.30000114440918,"consumed":13.809369140625,"exported":0,"imported":0.10000000149011612,"discharged":9.399999618530273,"maxPv":7.351}
