{"generated":0,"consumed":4.8610048828125,"exported":0,"imported":31.299999237060547,"discharged":1.2999999523162842,"maxPv":0}
