{"generated":58.5999984741211,"consumed":10.170029296875,"exported":41.29999923706055,"imported":0.10000000149011612,"discharged":3.299999952316284,"maxPv":9.07}
