{"generated":7.399999618530273,"consumed":7.8453828125,"exported":0,"imported":0.10000000149011612,"discharged":4.599999904632568,"maxPv":4.538}
