{"generated":2.700000047683716,"consumed":5.8414931640625,"exported":0.10000000149011612,"imported":0.10000000149011612,"discharged":4.099999904632568,"maxPv":4.833}
