{"generated":0,"consumed":3.659371337890625,"exported":0,"imported":3.0999999046325684,"discharged":1.899999976158142,"maxPv":0}
