{"generated":36.700000286102295,"consumed":40.77764453125,"exported":15.100000381469727,"imported":0.10000000149011612,"discharged":5.199999809265137,"maxPv":11.023}
