{"generated":26.69999885559082,"consumed":8.540287109375,"exported":10.899999618530273,"imported":0.10000000149011612,"discharged":2.700000047683716,"maxPv":7.929}
