{"generated":0,"consumed":11.77215625,"exported":0,"imported":15.600000381469727,"discharged":2.0999999046325684,"maxPv":0}
