{"generated":65.09999942779541,"consumed":22.266111328125,"exported":39.79999923706055,"imported":0.20000000298023224,"discharged":10.899999618530273,"maxPv":9.313}
