{"generated":41.69999694824219,"consumed":12.6353271484375,"exported":16,"imported":0.20000000298023224,"discharged":3.0999999046325684,"maxPv":7.287}
