{"generated":0,"consumed":1.09868115234375,"exported":0,"imported":30.200000762939453,"discharged":0.5,"maxPv":0}
