{"generated":9.199999809265137,"consumed":8.2396982421875,"exported":0.10000000149011612,"imported":5.300000190734863,"discharged":0,"maxPv":8.155}
