{"generated":44.30000305175781,"consumed":41.55246484375,"exported":1.399999976158142,"imported":0.10000000149011612,"discharged":14.899999618530273,"maxPv":7.529}
