{"generated":65.5999984741211,"consumed":15.0416279296875,"exported":41.5999984741211,"imported":0.10000000149011612,"discharged":4.900000095367432,"maxPv":8.898}
