{"generated":15.09999942779541,"consumed":23.03380859375,"exported":0,"imported":7.599999904632568,"discharged":9.399999618530273,"maxPv":5.729}
