{"generated":0,"consumed":1.451293212890625,"exported":0,"imported":2.5,"discharged":0.4000000059604645,"maxPv":0}
