{"generated":30.60000228881836,"consumed":13.5387607421875,"exported":13,"imported":0,"discharged":4.900000095367432,"maxPv":11.674}
