{"generated":0.699999988079071,"consumed":4.01782177734375,"exported":0,"imported":0.10000000149011612,"discharged":3.4000000953674316,"maxPv":1.885}
