{"generated":31.899999141693115,"consumed":10.4454033203125,"exported":14.199999809265137,"imported":0.10000000149011612,"discharged":5,"maxPv":8.57}
