{"generated":22.600000381469727,"consumed":15.0936953125,"exported":0.10000000149011612,"imported":0.20000000298023224,"discharged":6.199999809265137,"maxPv":9.126}
