{"generated":12.299999237060547,"consumed":7.55238330078125,"exported":0,"imported":0.300000011920929,"discharged":4.199999809265137,"maxPv":9.307}
