{"generated":39.80000305175781,"consumed":34.21148828125,"exported":0.10000000149011612,"imported":0.10000000149011612,"discharged":4.400000095367432,"maxPv":8.558}
