{"generated":2,"consumed":35.9699609375,"exported":0,"imported":30.100000381469727,"discharged":2.799999952316284,"maxPv":3.328}
