{"generated":22.999999523162842,"consumed":10.500000476837158,"exported":0.20000000298023224}
