{"generated":68.8000030517578,"consumed":25.70153125,"exported":38.20000076293945,"imported":0.10000000149011612,"discharged":9.199999809265137,"maxPv":10.413}
