{"generated":18.600000381469727,"consumed":9.1982646484375,"exported":4.099999904632568,"imported":0.10000000149011612,"discharged":4.699999809265137,"maxPv":11.101}
