{"generated":20.30000114440918,"consumed":21.04824609375,"exported":0.4000000059604645,"imported":0.600000023841858,"discharged":11.5,"maxPv":6.169}
