{"generated":46.20000076293945,"consumed":10.182373046875,"exported":31.200000762939453,"imported":0.10000000149011612,"discharged":3.299999952316284,"maxPv":7.388}
