{"generated":9.599999904632568,"consumed":8.99999962002039,"exported":0,"imported":0.10000000149011612,"discharged":6.099999904632568,"maxPv":9.993}
