{"generated":18.799999237060547,"consumed":13.6525322265625,"exported":0.10000000149011612,"imported":0.20000000298023224,"discharged":7.199999809265137,"maxPv":5.486}
