{"generated":26.100000381469727,"consumed":11.710421875,"exported":9.300000190734863,"imported":0.20000000298023224,"discharged":4,"maxPv":13.248}
