{"generated":62.5999984741211,"consumed":22.447388671875,"exported":34,"imported":0.20000000298023224,"discharged":8.100000381469727,"maxPv":8.429}
