{"generated":0,"consumed":3.484690673828125,"exported":0,"imported":0.10000000149011612,"discharged":3.200000047683716,"maxPv":0}
