{"generated":47.20000076293945,"consumed":12.339306640625,"exported":18.799999237060547,"imported":0.10000000149011612,"discharged":3.4000000953674316,"maxPv":8.667}
