{"generated":0,"consumed":12.7460224609375,"exported":0,"imported":11.699999809265137,"discharged":0.899999976158142,"maxPv":0}
