{"generated":36.0999984741211,"consumed":12.6138076171875,"exported":13.5,"imported":0.10000000149011612,"discharged":4.900000095367432,"maxPv":13.383}
