{"generated":1.2999999523162842,"consumed":5.85035009765625,"exported":0,"imported":3.5999999046325684,"discharged":4.300000190734863,"maxPv":1.438}
