{"generated":17.399999618530273,"consumed":6.798623046875,"exported":0,"imported":0.10000000149011612,"discharged":3.200000047683716,"maxPv":6.991}
