{"generated":0.7000000476837158,"consumed":5.00930712890625,"exported":0,"imported":0,"discharged":4.400000095367432,"maxPv":1.569}
