{"generated":30.30000114440918,"consumed":24.772009765625,"exported":0.10000000149011612,"imported":0.10000000149011612,"discharged":7.800000190734863,"maxPv":7.641}
