{"generated":9,"consumed":5.52992919921875,"exported":0,"imported":0.10000000149011612,"discharged":3.5,"maxPv":5.426}
