{"generated":4.100000381469727,"consumed":14.31853515625,"exported":0.10000000149011612,"imported":2.700000047683716,"discharged":8.800000190734863,"maxPv":2.191}
