{"generated":0.20000000298023224,"consumed":4.842896484375,"exported":0,"imported":0.10000000149011612,"discharged":3.9000000953674316,"maxPv":0.165}
