{"generated":10.09999966621399,"consumed":7.499999284744263,"exported":0.10000000149011612}
