{"generated":22.599998474121094,"consumed":23.792458984375,"exported":0.10000000149011612,"imported":32.20000076293945,"discharged":0.4000000059604645,"maxPv":8.889}
