{"generated":38.20000457763672,"consumed":18.0409296875,"exported":0.10000000149011612,"imported":0.10000000149011612,"discharged":3.799999952316284,"maxPv":8.761}
