{"generated":7.199999809265137,"consumed":46.68344921875,"exported":0.10000000149011612,"imported":59.79999923706055,"discharged":1.7999999523162842,"maxPv":4.464}
