{"generated":9.199999809265137,"consumed":18.798025390625,"exported":0,"imported":0.699999988079071,"discharged":4,"maxPv":9.912}
