{"generated":23.80000114440918,"consumed":10.7358095703125,"exported":8.5,"imported":0.10000000149011612,"discharged":4.900000095367432,"maxPv":13.362}
