{"generated":21.199999809265137,"consumed":46.19999980926514,"exported":0,"imported":26.100000381469727,"discharged":14.899999618530273,"maxPv":8.91}
