{"generated":0,"consumed":2.5815849609375,"exported":0,"imported":0,"discharged":3.0999999046325684,"maxPv":0}
