{"generated":15.600000381469727,"consumed":16.31051953125,"exported":0.20000000298023224,"imported":0.20000000298023224,"discharged":8.600000381469727,"maxPv":9.872}
