{"generated":0,"consumed":1.6138006591796874,"exported":0,"imported":3.200000047683716,"discharged":1.5,"maxPv":0}
