{"generated":0,"consumed":14.96012109375,"exported":0,"imported":10.399999618530273,"discharged":3.4000000953674316,"maxPv":0}
