{"generated":35.89999771118164,"consumed":12.606681640625,"exported":21.799999237060547,"imported":3.200000047683716,"discharged":24.600000381469727,"maxPv":10.937}
