{"generated":0,"consumed":8.92809765625,"exported":0,"imported":7.900000095367432,"discharged":0,"maxPv":0}
