{"generated":7.500000476837158,"consumed":7.40291455078125,"exported":0,"imported":0.10000000149011612,"discharged":3.0999999046325684,"maxPv":5.225}
