{"generated":51.60000228881836,"consumed":12.04148046875,"exported":33.9000015258789,"imported":0.20000000298023224,"discharged":23.600000381469727,"maxPv":8.248}
