{"generated":6.300000190734863,"consumed":28.696388671875,"exported":0,"imported":31.700000762939453,"discharged":12.800000190734863,"maxPv":4.015}
