{"generated":22.899999618530273,"consumed":12.4891474609375,"exported":4.099999904632568,"imported":0.10000000149011612,"discharged":5.400000095367432,"maxPv":10.502}
