{"generated":36.39999771118164,"consumed":11.3534296875,"exported":20.200000762939453,"imported":0.10000000149011612,"discharged":4.699999809265137,"maxPv":13.364}
