{"generated":0,"consumed":5.53155126953125,"exported":0,"imported":0,"discharged":5.800000190734863,"maxPv":0.066}
