{"generated":0.20000000298023224,"consumed":4.62047119140625,"exported":0,"imported":0.20000000298023224,"discharged":3.5,"maxPv":0.945}
