{"generated":4,"consumed":40.539765625,"exported":0.10000000149011612,"imported":33.70000076293945,"discharged":2.9000000953674316,"maxPv":3.403}
