{"generated":10.199999809265137,"consumed":7.807052734375,"exported":0,"imported":0.20000000298023224,"discharged":3.4000000953674316,"maxPv":6.703}
