{"generated":0.10000000149011612,"consumed":5.36762646484375,"exported":0,"imported":0.20000000298023224,"discharged":3.799999952316284,"maxPv":0.111}
