{"generated":22.099998474121094,"consumed":32.516955078125,"exported":0.300000011920929,"imported":0.20000000298023224,"discharged":22.899999618530273,"maxPv":10.903}
