{"generated":54.5,"consumed":19.964037109375,"exported":34.4000015258789,"imported":0.300000011920929,"discharged":9.5,"maxPv":11.858}
