{"generated":5.700000286102295,"consumed":7.996767578125,"exported":0,"imported":0,"discharged":4.699999809265137,"maxPv":7.797}
