{"generated":59.79999542236328,"consumed":19.539447265625,"exported":24,"imported":0.4000000059604645,"discharged":15.699999809265137,"maxPv":8.662}
