{"generated":57.999996185302734,"consumed":45.1167109375,"exported":16.799999237060547,"imported":6.599999904632568,"discharged":24.899999618530273,"maxPv":8.917}
