{"generated":54.69999694824219,"consumed":17.398498046875,"exported":28,"imported":0.5,"discharged":4.300000190734863,"maxPv":11.049}
