{"generated":24.5,"consumed":17.863,"exported":1.600000023841858,"imported":0.10000000149011612,"discharged":7.699999809265137,"maxPv":5.617}
