{"generated":0.10000000149011612,"consumed":40.98769921875,"exported":0,"imported":78.0999984741211,"discharged":0.600000023841858,"maxPv":0.232}
