{"generated":19.30000114440918,"consumed":7.53323291015625,"exported":7.5,"imported":0.10000000149011612,"discharged":3.5,"maxPv":7.891}
