{"generated":9,"consumed":10.21895703125,"exported":0,"imported":0,"discharged":5.800000190734863,"maxPv":7.844}
