{"generated":51.09999942779541,"consumed":32.29999943077564,"exported":9.399999618530273}
