{"generated":7.599999904632568,"consumed":12.4830888671875,"exported":0,"imported":6.900000095367432,"discharged":0,"maxPv":4.571}
