{"generated":0.5,"consumed":4.84608154296875,"exported":0.10000000149011612,"imported":0.10000000149011612,"discharged":4.300000190734863,"maxPv":1.55}
