{"generated":21.69999885559082,"consumed":16.451646484375,"exported":0.10000000149011612,"imported":0.20000000298023224,"discharged":10.100000381469727,"maxPv":5.216}
