{"generated":7.299999713897705,"consumed":8.14406982421875,"exported":0,"imported":0.10000000149011612,"discharged":5.800000190734863,"maxPv":6.336}
