{"generated":68,"consumed":18.05834765625,"exported":46.79999923706055,"imported":0.20000000298023224,"discharged":7.900000095367432,"maxPv":8.891}
