{"generated":24.099998474121094,"consumed":6.9699794921875,"exported":0,"imported":0.10000000149011612,"discharged":3.4000000953674316,"maxPv":8.332}
