{"generated":18.69999885559082,"consumed":7.4788935546875,"exported":7,"imported":0.10000000149011612,"discharged":3.700000047683716,"maxPv":10.189}
