{"generated":26.5,"consumed":16.3678671875,"exported":8.100000381469727,"imported":0.20000000298023224,"discharged":6,"maxPv":10.944}
