{"generated":27.30000114440918,"consumed":8.7408564453125,"exported":14.300000190734863,"imported":0.10000000149011612,"discharged":3.700000047683716,"maxPv":11.792}
