{"generated":1.7000000476837158,"consumed":5.73182373046875,"exported":0.10000000149011612,"imported":2.5999999046325684,"discharged":3.0999999046325684,"maxPv":3.116}
