{"generated":2.499999761581421,"consumed":4.88021875,"exported":0,"imported":0.20000000298023224,"discharged":3.200000047683716,"maxPv":4.091}
