{"generated":7.199999809265137,"consumed":5.83792529296875,"exported":0,"imported":4.5,"discharged":0,"maxPv":4.462}
