{"generated":22.900001525878906,"consumed":19.9596484375,"exported":10.199999809265137,"imported":7.800000190734863,"discharged":15.600000381469727,"maxPv":9.789}
