{"generated":0,"consumed":2.24218603515625,"exported":0,"imported":0.20000000298023224,"discharged":1.399999976158142,"maxPv":0}
