{"generated":36.79999923706055,"consumed":12.7007412109375,"exported":18.700000762939453,"imported":0.10000000149011612,"discharged":3.799999952316284,"maxPv":7.641}
