{"generated":4.099999904632568,"consumed":13.1090302734375,"exported":0,"imported":8.199999809265137,"discharged":0,"maxPv":4.396}
