{"generated":21.099998474121094,"consumed":18.373333984375,"exported":0.10000000149011612,"imported":5.900000095367432,"discharged":6.800000190734863,"maxPv":5.485}
