{"generated":36.10000228881836,"consumed":14.5609130859375,"exported":20.200000762939453,"imported":0.10000000149011612,"discharged":6.099999904632568,"maxPv":11.911}
