{"generated":50.29999923706055,"consumed":43.1373046875,"exported":5.099999904632568,"imported":0.300000011920929,"discharged":10.5,"maxPv":10.343}
