{"generated":56,"consumed":17.974576171875,"exported":27.899999618530273,"imported":0.10000000149011612,"discharged":4.099999904632568,"maxPv":10.413}
