{"generated":29.499998092651367,"consumed":23.384095703125,"exported":0.20000000298023224,"imported":0.20000000298023224,"discharged":12.300000190734863,"maxPv":9.754}
