{"generated":46.4000015258789,"consumed":11.1269306640625,"exported":8.100000381469727,"imported":0.10000000149011612,"discharged":3.700000047683716,"maxPv":8.733}
