{"generated":38.9000015258789,"consumed":63.01368359375,"exported":17.899999618530273,"imported":46,"discharged":2.0999999046325684,"maxPv":7.14}
