{"generated":21.699999570846558,"consumed":12.399999916553497,"exported":2.200000047683716}
