{"generated":46.5,"consumed":10.4613935546875,"exported":30.100000381469727,"imported":0.10000000149011612,"discharged":4.599999904632568,"maxPv":9.192}
