{"generated":63.89999771118164,"consumed":54.55565625,"exported":11.600000381469727,"imported":0.20000000298023224,"discharged":11.5,"maxPv":8.443}
