{"generated":0,"consumed":4.070673583984375,"exported":0,"imported":0.300000011920929,"discharged":3,"maxPv":0}
