{"generated":39.20000076293945,"consumed":39.4756171875,"exported":0.20000000298023224,"imported":0.300000011920929,"discharged":4.800000190734863,"maxPv":10.832}
