{"generated":27.5,"consumed":10.44330078125,"exported":13.100000381469727,"imported":0.10000000149011612,"discharged":3.299999952316284,"maxPv":11.679}
