{"generated":58.80000019073486,"consumed":14.3304423828125,"exported":33.29999923706055,"imported":0.10000000149011612,"discharged":4.599999904632568,"maxPv":8.84}
