{"generated":10.100000202655792,"consumed":8.2579990234375,"exported":0,"imported":0,"discharged":4.800000190734863,"maxPv":9.687}
