{"generated":20.700000762939453,"consumed":16.999712890625,"exported":0.300000011920929,"imported":0.300000011920929,"discharged":8.600000381469727,"maxPv":7.674}
