{"generated":18.700000762939453,"consumed":46.3991796875,"exported":0.4000000059604645,"imported":60,"discharged":4.800000190734863,"maxPv":8.709}
