{"generated":9.899999618530273,"consumed":9.5994345703125,"exported":0,"imported":0.10000000149011612,"discharged":5.599999904632568,"maxPv":7.969}
