{"generated":10.100000381469727,"consumed":5.0259013671875,"exported":1.7000000476837158,"imported":0.10000000149011612,"discharged":2.9000000953674316,"maxPv":7.23}
