{"generated":42.5,"consumed":0.5921253051757812,"exported":25.899999618530273,"imported":0.10000000149011612,"discharged":6.699999809265137,"maxPv":0}
