{"generated":64.5999984741211,"consumed":14.282541015625,"exported":45.70000076293945,"imported":0.10000000149011612,"discharged":4,"maxPv":8.777}
