{"generated":57.20000076293945,"consumed":14.2674736328125,"exported":40.20000076293945,"imported":0.10000000149011612,"discharged":5.800000190734863,"maxPv":9.267}
