{"generated":17.299999237060547,"consumed":14.2984658203125,"exported":0.20000000298023224,"imported":0.300000011920929,"discharged":7.199999809265137,"maxPv":5.061}
