{"generated":4.599999904632568,"consumed":8.7272509765625,"exported":1,"imported":16,"discharged":5.099999904632568,"maxPv":5.07}
