{"generated":9.699999809265137,"consumed":32.5969375,"exported":0,"imported":17.799999237060547,"discharged":6.599999904632568,"maxPv":6.564}
