{"generated":54.39999771118164,"consumed":11.2423994140625,"exported":35.4000015258789,"imported":0.10000000149011612,"discharged":3.299999952316284,"maxPv":8.705}
