{"generated":0.20000000298023224,"consumed":24.048283203125,"exported":0,"imported":17.799999237060547,"discharged":4,"maxPv":0.404}
