{"generated":38.10000228881836,"consumed":22.804404296875,"exported":1.2999999523162842,"imported":0.10000000149011612,"discharged":3.5999999046325684,"maxPv":7.529}
