{"generated":54.29999923706055,"consumed":17.602833984375,"exported":24.899999618530273,"imported":0.20000000298023224,"discharged":3.5,"maxPv":10.264}
