{"generated":0,"consumed":12.91373046875,"exported":0,"imported":10.5,"discharged":2.299999952316284,"maxPv":0}
