{"generated":1.2000000476837158,"consumed":6.44142724609375,"exported":0,"imported":0,"discharged":4.900000095367432,"maxPv":1.73}
