{"generated":36.29999923706055,"consumed":9.96277734375,"exported":21,"imported":0.20000000298023224,"discharged":3.5999999046325684,"maxPv":7.181}
