{"generated":56.80000305175781,"consumed":15.2854873046875,"exported":39.4000015258789,"imported":0.10000000149011612,"discharged":6.099999904632568,"maxPv":8.593}
