{"generated":10.799999237060547,"consumed":9.502755859375,"exported":0,"imported":0,"discharged":6,"maxPv":5.638}
