{"generated":53.80000305175781,"consumed":8.2875615234375,"exported":41.29999923706055,"imported":0,"discharged":3,"maxPv":10.789}
