{"generated":15.100000381469727,"consumed":12.9803271484375,"exported":0.20000000298023224,"imported":0.20000000298023224,"discharged":5.099999904632568,"maxPv":12.557}
