{"generated":5.300000190734863,"consumed":8.249869140625,"exported":0,"imported":0.10000000149011612,"discharged":3.700000047683716,"maxPv":6.959}
