{"generated":65.1999969482422,"consumed":0.5850183715820313,"exported":45.79999923706055,"imported":0.10000000149011612,"discharged":10,"maxPv":0}
