{"generated":5.200000286102295,"consumed":8.89673828125,"exported":0.10000000149011612,"imported":0.10000000149011612,"discharged":6.099999904632568,"maxPv":5.666}
