{"generated":57.79999923706055,"consumed":55.02184375,"exported":0.10000000149011612,"imported":0.20000000298023224,"discharged":6.599999904632568,"maxPv":8.55}
