{"generated":38.0999984741211,"consumed":37.0365,"exported":1,"imported":15.199999809265137,"discharged":6.099999904632568,"maxPv":7.803}
