{"generated":21.10000228881836,"consumed":24.3311484375,"exported":0.10000000149011612,"imported":12.300000190734863,"discharged":5.5,"maxPv":5.063}
