{"generated":1.5999999046325684,"consumed":5.73199267578125,"exported":0,"imported":8.699999809265137,"discharged":0,"maxPv":1.586}
