{"generated":27,"consumed":32.072359375,"exported":0.10000000149011612,"imported":0.20000000298023224,"discharged":13.300000190734863,"maxPv":7.199}
