{"generated":42.9000015258789,"consumed":16.8526484375,"exported":23.100000381469727,"imported":0.20000000298023224,"discharged":5.800000190734863,"maxPv":7.641}
