{"generated":17.799999237060547,"consumed":59.14565625,"exported":6.900000095367432,"imported":39.70000076293945,"discharged":10.100000381469727,"maxPv":4.457}
