{"generated":58.79999542236328,"consumed":8.7055234375,"exported":45.4000015258789,"imported":0.10000000149011612,"discharged":3.200000047683716,"maxPv":8.722}
