{"generated":21.899999618530273,"consumed":20.23559765625,"exported":0.10000000149011612,"imported":0.20000000298023224,"discharged":3.799999952316284,"maxPv":8.133}
