{"generated":37.29999923706055,"consumed":29.40269140625,"exported":0.4000000059604645,"imported":10.800000190734863,"discharged":16.399999618530273,"maxPv":11.521}
