{"generated":18.299999237060547,"consumed":14.93851171875,"exported":0,"imported":0.300000011920929,"discharged":8,"maxPv":4.989}
