{"generated":9.5,"consumed":11.4300419921875,"exported":0.10000000149011612,"imported":0.10000000149011612,"discharged":6.099999904632568,"maxPv":6.756}
