{"generated":21.899999618530273,"consumed":38.43915234375,"exported":5.400000095367432,"imported":30.200000762939453,"discharged":2.799999952316284,"maxPv":7.008}
