{"generated":4.299999713897705,"consumed":6.4470146484375,"exported":0,"imported":0.10000000149011612,"discharged":4.300000190734863,"maxPv":3.562}
