{"generated":53.5,"consumed":23.19906640625,"exported":29.700000762939453,"imported":0.20000000298023224,"discharged":7.199999809265137,"maxPv":11.181}
