{"generated":56.30000305175781,"consumed":17.63027734375,"exported":36.0999984741211,"imported":0.10000000149011612,"discharged":7.699999809265137,"maxPv":11.101}
