{"generated":1.7999999523162842,"consumed":6.7428271484375,"exported":0,"imported":0.10000000149011612,"discharged":4.800000190734863,"maxPv":2.581}
