{"generated":1.5999999046325684,"consumed":7.2961484375,"exported":0.10000000149011612,"imported":0.10000000149011612,"discharged":5.199999809265137,"maxPv":1.643}
