{"generated":40.4000015258789,"consumed":9.71413671875,"exported":22.700000762939453,"imported":0,"discharged":3.799999952316284,"maxPv":7.145}
