{"generated":10.300000190734863,"consumed":6.53922509765625,"exported":0,"imported":0.10000000149011612,"discharged":4.199999809265137,"maxPv":7.776}
