{"generated":8.5,"consumed":7.78928662109375,"exported":0,"imported":0.10000000149011612,"discharged":4.699999809265137,"maxPv":4.669}
