{"generated":0,"consumed":0.6694556884765624,"exported":0,"imported":0.10000000149011612,"discharged":1.100000023841858,"maxPv":0}
