{"generated":10.40000057220459,"consumed":7.065833984375,"exported":0.10000000149011612,"imported":0.4000000059604645,"discharged":3.299999952316284,"maxPv":8.883}
