{"generated":4.300000190734863,"consumed":7.049541015625,"exported":0,"imported":3.5999999046325684,"discharged":4.300000190734863,"maxPv":2.417}
