{"generated":0,"consumed":4.0103017578125,"exported":0,"imported":4.099999904632568,"discharged":3.799999952316284,"maxPv":0.059}
