{"generated":3.0999999046325684,"consumed":6.78026123046875,"exported":0,"imported":0,"discharged":4.800000190734863,"maxPv":2.662}
