{"generated":37.79999923706055,"consumed":32.710833984375,"exported":0.20000000298023224,"imported":34.9000015258789,"discharged":14.600000381469727,"maxPv":7.851}
