{"generated":7.699999809265137,"consumed":7.09069775390625,"exported":0,"imported":0.10000000149011612,"discharged":4.099999904632568,"maxPv":5.696}
