{"generated":17.599998474121094,"consumed":7.0380078125,"exported":6.400000095367432,"imported":0.10000000149011612,"discharged":3.299999952316284,"maxPv":8.246}
