{"generated":63.9000015258789,"consumed":11.9109541015625,"exported":49.5999984741211,"imported":0.10000000149011612,"discharged":4.900000095367432,"maxPv":8.917}
