{"generated":0,"consumed":4.38677783203125,"exported":0,"imported":0.20000000298023224,"discharged":4.099999904632568,"maxPv":0.073}
