{"generated":65.4000015258789,"consumed":42.36871484375,"exported":22.200000762939453,"imported":0.10000000149011612,"discharged":9.899999618530273,"maxPv":8.277}
