{"generated":22.599998474121094,"consumed":8.2524990234375,"exported":7,"imported":0.10000000149011612,"discharged":3.9000000953674316,"maxPv":9.412}
