{"generated":58.10000228881836,"consumed":38.13197265625,"exported":9.199999809265137,"imported":8.699999809265137,"discharged":18.899999618530273,"maxPv":8.56}
