{"generated":0,"consumed":22.61703515625,"exported":0,"imported":19.100000381469727,"discharged":3.200000047683716,"maxPv":0}
