{"generated":18.799999237060547,"consumed":12.415462890625,"exported":0.10000000149011612,"imported":5.199999809265137,"discharged":0.4000000059604645,"maxPv":6.45}
