{"generated":14.700000286102295,"consumed":10.099999904632568,"exported":0}
