{"generated":66.0999984741211,"consumed":19.8508984375,"exported":41.5999984741211,"imported":0.10000000149011612,"discharged":9,"maxPv":8.898}
