{"generated":54.4000015258789,"consumed":19.263130859375,"exported":27.700000762939453,"imported":0.20000000298023224,"discharged":3.0999999046325684,"maxPv":8.527}
