{"generated":0.5,"consumed":40.57006640625,"exported":0,"imported":34.79999923706055,"discharged":1.5,"maxPv":1.636}
