{"generated":9.100000381469727,"consumed":6.1530390625,"exported":0.10000000149011612,"imported":0.20000000298023224,"discharged":3.700000047683716,"maxPv":7.829}
