{"generated":0,"consumed":26.755796875,"exported":0,"imported":0,"discharged":4.599999904632568,"maxPv":0}
