{"generated":3.3000001907348633,"consumed":4.030085205078125,"exported":0,"imported":0.10000000149011612,"discharged":3,"maxPv":4.13}
