{"generated":49.0999984741211,"consumed":0.61614111328125,"exported":31.799999237060547,"imported":0.10000000149011612,"discharged":7.300000190734863,"maxPv":0}
