{"generated":46.79999923706055,"consumed":12.8873427734375,"exported":31.299999237060547,"imported":0.10000000149011612,"discharged":5.300000190734863,"maxPv":7.388}
