{"generated":45.10000228881836,"consumed":26.82990625,"exported":0.300000011920929,"imported":6.5,"discharged":5.599999904632568,"maxPv":8.874}
