{"generated":25.299999237060547,"consumed":10.7676796875,"exported":6.599999904632568,"imported":0.20000000298023224,"discharged":4.400000095367432,"maxPv":8.191}
