{"generated":27.30000114440918,"consumed":16.8545859375,"exported":8,"imported":0.20000000298023224,"discharged":4.5,"maxPv":11.961}
