{"generated":40.5999984741211,"consumed":16.245130859375,"exported":5.900000095367432,"imported":18.100000381469727,"discharged":7.099999904632568,"maxPv":7.885}
