{"generated":2.9000000953674316,"consumed":6.16083203125,"exported":0,"imported":0.20000000298023224,"discharged":3.9000000953674316,"maxPv":5.11}
