{"generated":13.699999809265137,"consumed":13.0867138671875,"exported":0,"imported":6.5,"discharged":1.7000000476837158,"maxPv":5.729}
