{"generated":0,"consumed":4.10378515625,"exported":0,"imported":0.10000000149011612,"discharged":3.200000047683716,"maxPv":0.048}
