{"generated":15.600000381469727,"consumed":7.45472705078125,"exported":0.899999976158142,"imported":0.10000000149011612,"discharged":3.9000000953674316,"maxPv":9.412}
