{"generated":0.600000023841858,"consumed":5.4049111328125,"exported":0,"imported":0.10000000149011612,"discharged":3.9000000953674316,"maxPv":3.488}
