{"generated":38.60000228881836,"consumed":15.2163076171875,"exported":20,"imported":0.20000000298023224,"discharged":4.300000190734863,"maxPv":13.223}
