{"generated":19.80000114440918,"consumed":13.715923828125,"exported":0.300000011920929,"imported":0.300000011920929,"discharged":6.5,"maxPv":7.674}
