{"generated":8.600000381469727,"consumed":7.46300732421875,"exported":0,"imported":0.20000000298023224,"discharged":3.5999999046325684,"maxPv":8.467}
