{"generated":30.899999618530273,"consumed":54.102828125,"exported":10.100000381469727,"imported":32.0999984741211,"discharged":19.600000381469727,"maxPv":10.34}
