{"generated":48.79999923706055,"consumed":11.5264609375,"exported":30.5,"imported":0.300000011920929,"discharged":3.299999952316284,"maxPv":11.858}
