{"generated":29.200000762939453,"consumed":7.89168701171875,"exported":13.399999618530273,"imported":0,"discharged":3.799999952316284,"maxPv":7.145}
