{"generated":22.299999237060547,"consumed":31.373119140625,"exported":0.10000000149011612,"imported":0.20000000298023224,"discharged":25.700000762939453,"maxPv":9.582}
