{"generated":4.099999904632568,"consumed":8.3460595703125,"exported":0,"imported":0.10000000149011612,"discharged":6,"maxPv":5.001}
