{"generated":0,"consumed":39.99009765625,"exported":0,"imported":34.79999923706055,"discharged":1.2999999523162842,"maxPv":0.059}
