{"generated":8.100000381469727,"consumed":54.93085546875,"exported":5.900000095367432,"imported":80.4000015258789,"discharged":10,"maxPv":3.927}
