{"generated":0.800000011920929,"consumed":6.79297412109375,"exported":0,"imported":0.10000000149011612,"discharged":5.699999809265137,"maxPv":0.978}
