{"generated":42.69999694824219,"consumed":10.8932021484375,"exported":25,"imported":0.300000011920929,"discharged":3.299999952316284,"maxPv":11.858}
