{"generated":42.9000015258789,"consumed":17.536181640625,"exported":23.100000381469727,"imported":0.20000000298023224,"discharged":6.5,"maxPv":7.641}
