{"generated":19.100000143051147,"consumed":10.7957646484375,"exported":1.899999976158142,"imported":0.10000000149011612,"discharged":5.599999904632568,"maxPv":7.901}
