{"generated":0,"consumed":4.13394775390625,"exported":0,"imported":2.299999952316284,"discharged":3.799999952316284,"maxPv":0}
