{"generated":25.700000762939453,"consumed":7.47872021484375,"exported":13.699999809265137,"imported":0.20000000298023224,"discharged":3.200000047683716,"maxPv":8.479}
