{"generated":66.30000114440918,"consumed":5.1179443359375,"exported":42.79999923706055,"imported":0.10000000149011612,"discharged":9.600000381469727,"maxPv":1.872}
