{"generated":42.4000015258789,"consumed":20.3715546875,"exported":18.299999237060547,"imported":0.10000000149011612,"discharged":5,"maxPv":7.368}
