{"generated":66.8000030517578,"consumed":0.6398157348632812,"exported":2.299999952316284,"imported":0.5,"discharged":18.200000762939453,"maxPv":0}
