{"generated":17.299999237060547,"consumed":9.3843671875,"exported":0.10000000149011612,"imported":0.10000000149011612,"discharged":5,"maxPv":9.989}
