{"generated":5.900000095367432,"consumed":7.65789501953125,"exported":0,"imported":0.10000000149011612,"discharged":4.599999904632568,"maxPv":4.184}
