{"generated":44.0999984741211,"consumed":14.9227060546875,"exported":17.399999618530273,"imported":0.20000000298023224,"discharged":4.199999809265137,"maxPv":7.287}
