{"generated":21.5,"consumed":19.518009765625,"exported":0.10000000149011612,"imported":0.10000000149011612,"discharged":9.899999618530273,"maxPv":7.291}
