{"generated":3.4000000059604645,"consumed":7.800000198185444,"exported":0}
