{"generated":0,"consumed":51.6083046875,"exported":0,"imported":45.9000015258789,"discharged":1.600000023841858,"maxPv":0}
