{"generated":19.799999237060547,"consumed":7.9899033203125,"exported":1.899999976158142,"imported":0.20000000298023224,"discharged":3.5999999046325684,"maxPv":7.872}
