{"generated":0.699999988079071,"consumed":4.61503515625,"exported":0.10000000149011612,"imported":3.5999999046325684,"discharged":1.2000000476837158,"maxPv":2.034}
