{"generated":64.39999866485596,"consumed":31.078638671875,"exported":36.70000076293945,"imported":0.300000011920929,"discharged":18,"maxPv":8.84}
