{"generated":41.4000015258789,"consumed":0.7391954956054687,"exported":24.100000381469727,"imported":0.10000000149011612,"discharged":10.899999618530273,"maxPv":0}
