{"generated":25.700000762939453,"consumed":8.17794580078125,"exported":0.10000000149011612,"imported":0.20000000298023224,"discharged":4,"maxPv":7.802}
