{"generated":27.39999771118164,"consumed":23.618458984375,"exported":0.20000000298023224,"imported":15.100000381469727,"discharged":2.700000047683716,"maxPv":7.803}
