{"generated":21.699999451637268,"consumed":14.7459384765625,"exported":0.10000000149011612,"imported":0.20000000298023224,"discharged":4.699999809265137,"maxPv":8.663}
