{"generated":65,"consumed":17.891591796875,"exported":38.29999923706055,"imported":0.20000000298023224,"discharged":3.299999952316284,"maxPv":11.582}
