{"generated":26.700000762939453,"consumed":9.2969521484375,"exported":0,"imported":0.20000000298023224,"discharged":4.300000190734863,"maxPv":8.987}
