{"generated":1.8000000715255737,"consumed":9.944607421875,"exported":0,"imported":25.299999237060547,"discharged":0,"maxPv":3.283}
