{"generated":42.5,"consumed":12.6848017578125,"exported":25,"imported":0.10000000149011612,"discharged":4.699999809265137,"maxPv":13.364}
