{"generated":11.59999942779541,"consumed":10.128421875,"exported":0,"imported":0.10000000149011612,"discharged":3.299999952316284,"maxPv":10.513}
