{"generated":20.200000047683716,"consumed":24.399998903274536,"exported":0.10000000149011612,"imported":0.10000000149011612,"discharged":17.299999237060547,"maxPv":8.684}
