{"generated":1.399999976158142,"consumed":4.71065185546875,"exported":0,"imported":0.10000000149011612,"discharged":3.299999952316284,"maxPv":2.701}
