{"generated":18.899999618530273,"consumed":59.58393359375,"exported":0.10000000149011612,"imported":31.5,"discharged":10.899999618530273,"maxPv":5.423}
