{"generated":0,"consumed":4.09075537109375,"exported":0,"imported":0.20000000298023224,"discharged":3.0999999046325684,"maxPv":0.072}
