{"generated":1.7999999523162842,"consumed":28.798435546875,"exported":0,"imported":0.10000000149011612,"discharged":25.700000762939453,"maxPv":2.442}
