{"generated":3.1999999657273293,"consumed":6.259798828125,"exported":0.10000000149011612,"imported":0.10000000149011612,"discharged":4.599999904632568,"maxPv":3.946}
