{"generated":2,"consumed":42.942265625,"exported":0.699999988079071,"imported":78.1999969482422,"discharged":0.800000011920929,"maxPv":2.443}
