{"generated":55.70000076293945,"consumed":12.9362861328125,"exported":38.9000015258789,"imported":0.10000000149011612,"discharged":4.099999904632568,"maxPv":9.37}
