{"generated":22.399999618530273,"consumed":19.5429140625,"exported":0.10000000149011612,"imported":34.9000015258789,"discharged":11,"maxPv":6.89}
