{"generated":1.5,"consumed":4.58498583984375,"exported":0,"imported":0,"discharged":3.700000047683716,"maxPv":3.049}
