{"generated":5.100000381469727,"consumed":5.88254931640625,"exported":0,"imported":0.300000011920929,"discharged":3.299999952316284,"maxPv":5.764}
