{"generated":24.399999380111694,"consumed":9.299999475479126,"exported":9.399999618530273}
