{"generated":22.099998474121094,"consumed":33.285171875,"exported":0.300000011920929,"imported":0.20000000298023224,"discharged":23.700000762939453,"maxPv":10.903}
