{"generated":15.300000190734863,"consumed":9.481314453125,"exported":0,"imported":0,"discharged":5,"maxPv":6.009}
