{"generated":0,"consumed":4.06236474609375,"exported":0,"imported":12,"discharged":3.799999952316284,"maxPv":0.063}
