{"generated":0,"consumed":5.699999809265137,"exported":0,"imported":0,"discharged":5.699999809265137,"maxPv":0.104}
