{"generated":24.599998474121094,"consumed":17.618125,"exported":0.10000000149011612,"imported":0.10000000149011612,"discharged":11.699999809265137,"maxPv":5.41}
