{"generated":52.30000305175781,"consumed":14.0497548828125,"exported":12.300000190734863,"imported":0.10000000149011612,"discharged":4.300000190734863,"maxPv":8.199}
