{"generated":49.30000305175781,"consumed":11.0897080078125,"exported":30.5,"imported":0.10000000149011612,"discharged":4.099999904632568,"maxPv":9.446}
