{"generated":51.5,"consumed":9.9462744140625,"exported":16.399999618530273,"imported":0.10000000149011612,"discharged":3.5999999046325684,"maxPv":9.123}
