{"generated":4.899999618530273,"consumed":8.565689453125,"exported":0.20000000298023224,"imported":13.5,"discharged":3.799999952316284,"maxPv":4.126}
