{"generated":39.4000015258789,"consumed":9.7829384765625,"exported":19.200000762939453,"imported":0.10000000149011612,"discharged":3.700000047683716,"maxPv":9.785}
