{"generated":18.899999618530273,"consumed":56.731203125,"exported":0.10000000149011612,"imported":31.5,"discharged":8.399999618530273,"maxPv":5.423}
