{"generated":15.600000381469727,"consumed":9.965541015625,"exported":0,"imported":3.5999999046325684,"discharged":4.300000190734863,"maxPv":3.78}
