{"generated":13.300000190734863,"consumed":7.126896484375,"exported":2.200000047683716,"imported":0.10000000149011612,"discharged":3.4000000953674316,"maxPv":9.37}
