{"generated":14.699999809265137,"consumed":12.5127939453125,"exported":0.10000000149011612,"imported":0.10000000149011612,"discharged":7.099999904632568,"maxPv":6.492}
