{"generated":53.29999923706055,"consumed":11.9310537109375,"exported":39.20000076293945,"imported":0.10000000149011612,"discharged":4.599999904632568,"maxPv":12.068}
