{"generated":40.80000019073486,"consumed":38.40000019967556,"exported":0.20000000298023224}
