{"generated":50.20000076293945,"consumed":0.7554005126953125,"exported":23.5,"imported":0.20000000298023224,"discharged":10.699999809265137,"maxPv":0}
