{"generated":20.100000381469727,"consumed":7.28343798828125,"exported":8.600000381469727,"imported":0.10000000149011612,"discharged":3,"maxPv":8.845}
