{"generated":57.39999771118165,"consumed":14.599996566772468,"exported":37.20000076293945}
