{"generated":23.80000114440918,"consumed":59.55276953125,"exported":0.699999988079071,"imported":59.79999923706055,"discharged":9.600000381469727,"maxPv":5.41}
