{"generated":5.600000381469727,"consumed":8.09818408203125,"exported":0,"imported":0.10000000149011612,"discharged":3.4000000953674316,"maxPv":8.496}
