{"generated":7.299999713897705,"consumed":6.0728681640625,"exported":0,"imported":0.10000000149011612,"discharged":3.4000000953674316,"maxPv":6.955}
