{"generated":44.4000015258789,"consumed":24.778166015625,"exported":0.300000011920929,"imported":6.5,"discharged":4.5,"maxPv":8.874}
