{"generated":20.69999885559082,"consumed":12.6434267578125,"exported":0.10000000149011612,"imported":1.100000023841858,"discharged":5.400000095367432,"maxPv":5.631}
