{"generated":7.900000095367432,"consumed":5.9673740234375,"exported":0,"imported":0.5,"discharged":2.9000000953674316,"maxPv":5.858}
