{"generated":18.399999618530273,"consumed":16.45813671875,"exported":0.10000000149011612,"imported":1.600000023841858,"discharged":8.899999618530273,"maxPv":5.397}
