{"generated":0,"consumed":2.96118017578125,"exported":0,"imported":5.5,"discharged":2.700000047683716,"maxPv":0}
