{"generated":40.80000305175781,"consumed":10.830638671875,"exported":22.799999237060547,"imported":0,"discharged":4.400000095367432,"maxPv":7.145}
