{"generated":61.500003814697266,"consumed":24.702650390625,"exported":33.70000076293945,"imported":0.10000000149011612,"discharged":7.099999904632568,"maxPv":8.059}
