{"generated":36,"consumed":19.030095703125,"exported":10.899999618530273,"imported":0.20000000298023224,"discharged":3.700000047683716,"maxPv":12.592}
