{"generated":49.20000076293945,"consumed":19.69111328125,"exported":25.100000381469727,"imported":2.799999952316284,"discharged":27.5,"maxPv":9.004}
