{"generated":0,"consumed":31.599999964237213,"exported":0,"imported":1.899999976158142,"discharged":30.5,"maxPv":0}
