{"generated":22.599998474121094,"consumed":0.5626258544921875,"exported":6.599999904632568,"imported":0.20000000298023224,"discharged":7.300000190734863,"maxPv":0}
