{"generated":58.59999942779541,"consumed":34.400000765919685,"exported":6.699999809265137}
