{"generated":38.5999984741211,"consumed":18.56946484375,"exported":1.899999976158142,"imported":4.099999904632568,"discharged":8.800000190734863,"maxPv":6.867}
