{"generated":16.200000762939453,"consumed":9.4874658203125,"exported":0.10000000149011612,"imported":0.10000000149011612,"discharged":5,"maxPv":12.049}
