{"generated":1.4000000953674316,"consumed":5.0088623046875,"exported":0,"imported":0.20000000298023224,"discharged":3.700000047683716,"maxPv":1.667}
