{"generated":37.39999771118164,"consumed":8.5689677734375,"exported":24,"imported":0.10000000149011612,"discharged":3,"maxPv":8.958}
