{"generated":60.39999771118164,"consumed":13.243392578125,"exported":41.5,"imported":0.10000000149011612,"discharged":3.799999952316284,"maxPv":11.412}
