{"generated":66.9000015258789,"consumed":14.3881533203125,"exported":47.20000076293945,"imported":0.10000000149011612,"discharged":4.599999904632568,"maxPv":9.549}
