{"generated":29.69999885559082,"consumed":11.8006064453125,"exported":13.300000190734863,"imported":0.10000000149011612,"discharged":4.300000190734863,"maxPv":13.169}
