{"generated":30.30000114440918,"consumed":28.320296875,"exported":0.10000000149011612,"imported":0.20000000298023224,"discharged":11.199999809265137,"maxPv":7.641}
