{"generated":17.5,"consumed":48.93665625,"exported":6.900000095367432,"imported":38.0999984741211,"discharged":2.299999952316284,"maxPv":4.457}
