{"generated":17.399999618530273,"consumed":41.50121875,"exported":3.9000000953674316,"imported":36.9000015258789,"discharged":7.599999904632568,"maxPv":10.062}
