{"generated":0.20000000298023224,"consumed":5.9105703125,"exported":0,"imported":0,"discharged":5.199999809265137,"maxPv":1.02}
