{"generated":56.5999984741211,"consumed":19.161755859375,"exported":29.700000762939453,"imported":0.300000011920929,"discharged":3.200000047683716,"maxPv":11.256}
