{"generated":0.5,"consumed":3.485167724609375,"exported":0,"imported":0.10000000149011612,"discharged":2.9000000953674316,"maxPv":1.041}
