{"generated":20.799999237060547,"consumed":18.244076171875,"exported":0.20000000298023224,"imported":0.20000000298023224,"discharged":7.800000190734863,"maxPv":9.928}
