{"generated":34.59999990463257,"consumed":31.705271484375,"exported":0.20000000298023224,"imported":0.20000000298023224,"discharged":9.199999809265137,"maxPv":13.625}
