{"generated":33.89999771118164,"consumed":25.238966796875,"exported":2.4000000953674316,"imported":0.20000000298023224,"discharged":13.300000190734863,"maxPv":8.777}
