{"generated":18.799999237060547,"consumed":13.6060654296875,"exported":0.10000000149011612,"imported":3,"discharged":5.400000095367432,"maxPv":4.585}
