{"generated":58.10000228881836,"consumed":40.34970703125,"exported":18,"imported":8.699999809265137,"discharged":30.100000381469727,"maxPv":8.56}
