{"generated":19.80000114440918,"consumed":17.110349609375,"exported":0.10000000149011612,"imported":3.200000047683716,"discharged":8.100000381469727,"maxPv":4.77}
