{"generated":11.09999966621399,"consumed":10.3913173828125,"exported":0.10000000149011612,"imported":0,"discharged":5.099999904632568,"maxPv":8.816}
