{"generated":14.699999809265137,"consumed":8.2639072265625,"exported":0,"imported":0.20000000298023224,"discharged":4.400000095367432,"maxPv":7.584}
