{"generated":8.90000057220459,"consumed":9.05428125,"exported":0,"imported":0.10000000149011612,"discharged":3.9000000953674316,"maxPv":12.897}
