{"generated":2.9000000953674316,"consumed":5.16313818359375,"exported":0,"imported":0.10000000149011612,"discharged":3.299999952316284,"maxPv":2.397}
