{"generated":4.600000381469727,"consumed":38.84176953125,"exported":0,"imported":36.4000015258789,"discharged":10,"maxPv":2.37}
