{"generated":0.600000023841858,"consumed":4.45260400390625,"exported":0,"imported":19.799999237060547,"discharged":1.2999999523162842,"maxPv":1.66}
