{"generated":0,"consumed":5.29712548828125,"exported":0,"imported":0.699999988079071,"discharged":4.5,"maxPv":0.236}
