{"generated":30.200000762939453,"consumed":9.148353515625,"exported":15.899999618530273,"imported":0.300000011920929,"discharged":3.4000000953674316,"maxPv":13.08}
