{"generated":0.20000000298023224,"consumed":5.56665185546875,"exported":0,"imported":0.10000000149011612,"discharged":5.099999904632568,"maxPv":0.854}
