{"generated":21.799999237060547,"consumed":14.5862734375,"exported":0.10000000149011612,"imported":0.10000000149011612,"discharged":7.099999904632568,"maxPv":5.579}
