{"generated":13.5,"consumed":8.733091796875,"exported":0.10000000149011612,"imported":0.10000000149011612,"discharged":4.099999904632568,"maxPv":7.424}
