{"generated":6.299999713897705,"consumed":5.618791015625,"exported":0,"imported":0.10000000149011612,"discharged":3.200000047683716,"maxPv":4.444}
