{"generated":0,"consumed":3.353798828125,"exported":0,"imported":2.0999999046325684,"discharged":2.700000047683716,"maxPv":0}
