{"generated":57.20000076293945,"consumed":12.4612080078125,"exported":40.20000076293945,"imported":0.10000000149011612,"discharged":4.199999809265137,"maxPv":9.267}
