{"generated":9.5,"consumed":16.21784375,"exported":0.10000000149011612,"imported":0.10000000149011612,"discharged":10.600000381469727,"maxPv":6.168}
