{"generated":63.89999771118164,"consumed":0.6509906005859375,"exported":11.600000381469727,"imported":0.20000000298023224,"discharged":12.800000190734863,"maxPv":0}
