{"generated":27.899999618530273,"consumed":11.2569375,"exported":10.399999618530273,"imported":0.10000000149011612,"discharged":6.099999904632568,"maxPv":12.543}
