{"generated":0,"consumed":0.6624339599609375,"exported":0,"imported":10.399999618530273,"discharged":0,"maxPv":0}
