{"generated":59.30000305175781,"consumed":16.770068359375,"exported":36.9000015258789,"imported":0.20000000298023224,"discharged":3.700000047683716,"maxPv":9.078}
