{"generated":55.5999984741211,"consumed":21.4919921875,"exported":30,"imported":0.20000000298023224,"discharged":9.199999809265137,"maxPv":11.611}
