{"generated":0,"consumed":2.341478271484375,"exported":0,"imported":0.20000000298023224,"discharged":2.200000047683716,"maxPv":0}
