{"generated":5.899999618530273,"consumed":6.03388330078125,"exported":0.10000000149011612,"imported":0.10000000149011612,"discharged":3.5,"maxPv":4.284}
