{"generated":13.300000071525574,"consumed":8.100000359117985,"exported":0}
