{"generated":11.100000381469727,"consumed":7.8857314453125,"exported":0,"imported":0.10000000149011612,"discharged":4.400000095367432,"maxPv":8.056}
