{"generated":9,"consumed":9.196701171875,"exported":0.10000000149011612,"imported":1.2999999523162842,"discharged":4.5,"maxPv":5.527}
