{"generated":4.700000286102295,"consumed":7.24648974609375,"exported":0,"imported":0.10000000149011612,"discharged":5.400000095367432,"maxPv":2.883}
