{"generated":59.89999771118164,"consumed":51.99883203125,"exported":0.20000000298023224,"imported":0.10000000149011612,"discharged":4.400000095367432,"maxPv":8.558}
