{"generated":30.700000762939453,"consumed":9.1084794921875,"exported":16.700000762939453,"imported":0.10000000149011612,"discharged":3.799999952316284,"maxPv":13.023}
