{"generated":39.9000015258789,"consumed":19.34057421875,"exported":10.699999809265137,"imported":7,"discharged":13.899999618530273,"maxPv":11.367}
