{"generated":2.1999998092651367,"consumed":5.97830126953125,"exported":0.10000000149011612,"imported":0.10000000149011612,"discharged":4.099999904632568,"maxPv":3.284}
