{"generated":4.899999618530273,"consumed":6.5883994140625,"exported":0,"imported":0,"discharged":4.5,"maxPv":3.297}
