{"generated":6.699999809265137,"consumed":6.28512890625,"exported":0,"imported":28.5,"discharged":3.700000047683716,"maxPv":4.58}
