{"generated":58.89999771118164,"consumed":45.4228515625,"exported":8.800000190734863,"imported":0.4000000059604645,"discharged":8.5,"maxPv":11.109}
