{"generated":11.5,"consumed":10.8963505859375,"exported":0,"imported":5.699999809265137,"discharged":1.2000000476837158,"maxPv":3.845}
