{"generated":29.69999885559082,"consumed":10.9571982421875,"exported":13.800000190734863,"imported":0.5,"discharged":2.9000000953674316,"maxPv":8.808}
