{"generated":9.699999809265137,"consumed":14.9321005859375,"exported":0.10000000149011612,"imported":0.10000000149011612,"discharged":8.800000190734863,"maxPv":5.182}
