{"generated":0.300000011920929,"consumed":5.00417431640625,"exported":0,"imported":5.599999904632568,"discharged":0.5,"maxPv":1.554}
