{"generated":1.3000000715255737,"consumed":6.45152490234375,"exported":0,"imported":0.10000000149011612,"discharged":4.199999809265137,"maxPv":1.93}
