{"generated":34.4000015258789,"consumed":10.4565322265625,"exported":2.799999952316284,"imported":3.299999952316284,"discharged":4.199999809265137,"maxPv":11.187}
