{"generated":60.0999984741211,"consumed":10.5608935546875,"exported":44.29999923706055,"imported":0.10000000149011612,"discharged":3.200000047683716,"maxPv":9.064}
