{"generated":68.5999984741211,"consumed":20.6840546875,"exported":38.20000076293945,"imported":0.10000000149011612,"discharged":4.599999904632568,"maxPv":10.413}
