{"generated":6.800000190734863,"consumed":6.1175439453125,"exported":0,"imported":0.10000000149011612,"discharged":2.700000047683716,"maxPv":4.894}
