{"generated":16.600000381469727,"consumed":11.507373046875,"exported":1.7000000476837158,"imported":0.10000000149011612,"discharged":4.099999904632568,"maxPv":11.961}
