{"generated":66.19999885559082,"consumed":15.9655205078125,"exported":44.20000076293945,"imported":0.10000000149011612,"discharged":9.600000381469727,"maxPv":9.086}
