{"generated":9.5,"consumed":13.0929716796875,"exported":0.10000000149011612,"imported":0.10000000149011612,"discharged":7.699999809265137,"maxPv":6.756}
