{"generated":17.899999618530273,"consumed":18.81175390625,"exported":0.10000000149011612,"imported":0.10000000149011612,"discharged":9.899999618530273,"maxPv":2.163}
