{"generated":3.5999999046325684,"consumed":7.7794453125,"exported":0,"imported":0,"discharged":5,"maxPv":8.346}
