{"generated":2,"consumed":7.82189306640625,"exported":0,"imported":15.5,"discharged":5.099999904632568,"maxPv":2.626}
