{"generated":0.5,"consumed":6.7844384765625,"exported":0,"imported":4.900000095367432,"discharged":2.700000047683716,"maxPv":1.151}
