{"generated":38.19999694824219,"consumed":8.597224609375,"exported":4.5,"imported":0.699999988079071,"discharged":3.9000000953674316,"maxPv":8.057}
