{"generated":1.5999999046325684,"consumed":5.3858564453125,"exported":0,"imported":0.300000011920929,"discharged":3.4000000953674316,"maxPv":1.886}
