{"generated":35.29999923706055,"consumed":12.7855654296875,"exported":14.5,"imported":0.20000000298023224,"discharged":5.300000190734863,"maxPv":11.611}
