{"generated":0.5,"consumed":8.51415625,"exported":0,"imported":25.299999237060547,"discharged":0,"maxPv":2.073}
