{"generated":0.800000011920929,"consumed":5.35411376953125,"exported":0,"imported":0.10000000149011612,"discharged":4.400000095367432,"maxPv":1.857}
