{"generated":16.899999618530273,"consumed":48.775234375,"exported":0.10000000149011612,"imported":37.29999923706055,"discharged":6.5,"maxPv":4.812}
