{"generated":61.20000076293945,"consumed":15.8899052734375,"exported":33.9000015258789,"imported":0.20000000298023224,"discharged":3.5,"maxPv":8.429}
