{"generated":0,"consumed":5.06393115234375,"exported":0,"imported":4.300000190734863,"discharged":1.899999976158142,"maxPv":0.034}
