{"generated":46.5,"consumed":21.58942578125,"exported":22.899999618530273,"imported":0.20000000298023224,"discharged":6.300000190734863,"maxPv":12.78}
