{"generated":52.000003814697266,"consumed":0.7530371704101563,"exported":29.799999237060547,"imported":0.10000000149011612,"discharged":8.199999809265137,"maxPv":0}
