{"generated":42.39999771118164,"consumed":13.017388671875,"exported":26.5,"imported":0.10000000149011612,"discharged":4.800000190734863,"maxPv":11.792}
