{"generated":0,"consumed":2.297004638671875,"exported":0,"imported":0.10000000149011612,"discharged":1.5,"maxPv":0}
