{"generated":47.29999923706055,"consumed":13.769529296875,"exported":29.700000762939453,"imported":0.10000000149011612,"discharged":5.099999904632568,"maxPv":13.413}
