{"generated":0,"consumed":2.832211669921875,"exported":0,"imported":25.799999237060547,"discharged":1.2000000476837158,"maxPv":0}
