{"generated":39.299999713897705,"consumed":11.9471083984375,"exported":0,"imported":0.10000000149011612,"discharged":5.5,"maxPv":9.386}
