{"generated":1.600000023841858,"consumed":5.98783642578125,"exported":0.10000000149011612,"imported":0.20000000298023224,"discharged":4.800000190734863,"maxPv":3.419}
