{"generated":24.500001907348633,"consumed":8.365587890625,"exported":0.300000011920929,"imported":6.800000190734863,"discharged":4.400000095367432,"maxPv":11.105}
