{"generated":6,"consumed":6.99440478515625,"exported":0,"imported":13.300000190734863,"discharged":4.5,"maxPv":4.814}
