{"generated":26.600000381469727,"consumed":13.43850390625,"exported":1.899999976158142,"imported":0.10000000149011612,"discharged":5.699999809265137,"maxPv":6.207}
