{"generated":48.29999923706055,"consumed":10.49832421875,"exported":12,"imported":0.10000000149011612,"discharged":4.5,"maxPv":8.928}
