{"generated":30.700000762939453,"consumed":11.1163525390625,"exported":6.099999904632568,"imported":12,"discharged":9.5,"maxPv":11.882}
