{"generated":65.1999969482422,"consumed":17.005537109375,"exported":45.79999923706055,"imported":0.10000000149011612,"discharged":5.699999809265137,"maxPv":8.82}
