{"generated":32.39999771118164,"consumed":9.2710009765625,"exported":0.10000000149011612,"imported":0.10000000149011612,"discharged":4.099999904632568,"maxPv":8.604}
