{"generated":46.4000015258789,"consumed":22.11265234375,"exported":24.100000381469727,"imported":0.20000000298023224,"discharged":10.5,"maxPv":13.502}
