{"generated":1.3000000044703484,"consumed":7.099999807775021,"exported":0}
