{"generated":69.00000095367432,"consumed":15.1305849609375,"exported":46.79999923706055,"imported":0.10000000149011612,"discharged":9.600000381469727,"maxPv":9.179}
