{"generated":13.100000381469727,"consumed":16.540818359375,"exported":0,"imported":2.4000000953674316,"discharged":8.699999809265137,"maxPv":5.228}
