{"generated":6.500000476837158,"consumed":7.36107763671875,"exported":0.10000000149011612,"imported":0.10000000149011612,"discharged":4.599999904632568,"maxPv":6.756}
