{"generated":1.9000000953674316,"consumed":4.98950732421875,"exported":0,"imported":0.10000000149011612,"discharged":3.299999952316284,"maxPv":3.35}
