{"generated":35.19999885559082,"consumed":30.099997997283936,"exported":2.9000000953674316}
