{"generated":50.19999694824219,"consumed":11.67625390625,"exported":29,"imported":0.4000000059604645,"discharged":4.300000190734863,"maxPv":11.9}
