{"generated":1,"consumed":6.11971337890625,"exported":0,"imported":0.10000000149011612,"discharged":4.800000190734863,"maxPv":3.108}
