{"generated":16.200000762939453,"consumed":42.49762890625,"exported":0.10000000149011612,"imported":20.700000762939453,"discharged":14.399999618530273,"maxPv":5.277}
