{"generated":0.10000000149011612,"consumed":3.7805791015625,"exported":0,"imported":0.10000000149011612,"discharged":2.799999952316284,"maxPv":0.069}
