{"generated":1.7000000476837158,"consumed":6.49066064453125,"exported":0.10000000149011612,"imported":0,"discharged":5.800000190734863,"maxPv":2.163}
