{"generated":46.70000076293945,"consumed":9.8875244140625,"exported":30.5,"imported":0.10000000149011612,"discharged":3.4000000953674316,"maxPv":9.549}
