{"generated":3.200000047683716,"consumed":6.40444091796875,"exported":0,"imported":0.300000011920929,"discharged":3.799999952316284,"maxPv":4.809}
