{"generated":58,"consumed":17.780119140625,"exported":35.5999984741211,"imported":0.10000000149011612,"discharged":7.900000095367432,"maxPv":8.57}
