{"generated":61.80000114440917,"consumed":21.443982421875,"exported":28.600000381469727,"imported":0.20000000298023224,"discharged":4.699999809265137,"maxPv":9.796}
