{"generated":34.5999984741211,"consumed":13.522455078125,"exported":16.200000762939453,"imported":0.10000000149011612,"discharged":6,"maxPv":9.412}
