{"generated":1.5,"consumed":5.36708740234375,"exported":0,"imported":0.10000000149011612,"discharged":3.5999999046325684,"maxPv":2.944}
