{"generated":3.499999761581421,"consumed":6.28411474609375,"exported":0,"imported":0,"discharged":4.5,"maxPv":2.999}
