{"generated":40.70000076293945,"consumed":13.3286708984375,"exported":22,"imported":0.10000000149011612,"discharged":3.799999952316284,"maxPv":7.641}
