{"generated":38.70000076293945,"consumed":13.1857666015625,"exported":23,"imported":6.800000190734863,"discharged":25,"maxPv":11.105}
