{"generated":11.999999701976776,"consumed":8.6092138671875,"exported":0,"imported":0.10000000149011612,"discharged":5,"maxPv":6.531}
