{"generated":45.29999923706055,"consumed":11.872634765625,"exported":25,"imported":0.20000000298023224,"discharged":3.700000047683716,"maxPv":11.188}
