{"generated":4.300000049173832,"consumed":6.599999763071537,"exported":0}
