{"generated":13.499999046325684,"consumed":6.3400126953125,"exported":2.799999952316284,"imported":0.10000000149011612,"discharged":2.9000000953674316,"maxPv":7.674}
