{"generated":1.9000000953674316,"consumed":6.87972802734375,"exported":0,"imported":0.10000000149011612,"discharged":6.300000190734863,"maxPv":2.219}
