{"generated":0,"consumed":8.155001953125,"exported":0,"imported":36.9000015258789,"discharged":0,"maxPv":0}
