{"generated":17.700000762939453,"consumed":18.430556640625,"exported":0,"imported":0.10000000149011612,"discharged":12.199999809265137,"maxPv":5.664}
