{"generated":39,"consumed":38.52097265625,"exported":0.899999976158142,"imported":28.399999618530273,"discharged":2.200000047683716,"maxPv":7.72}
