{"generated":0.20000000298023224,"consumed":5.81169873046875,"exported":0,"imported":0.10000000149011612,"discharged":5.300000190734863,"maxPv":0.298}
