{"generated":8.09999942779541,"consumed":23.280833984375,"exported":0.10000000149011612,"imported":0.20000000298023224,"discharged":16.899999618530273,"maxPv":11.004}
