{"generated":23.399999618530273,"consumed":14.8753916015625,"exported":5.5,"imported":0.20000000298023224,"discharged":4.300000190734863,"maxPv":11.961}
