{"generated":55.9000015258789,"consumed":23.6909921875,"exported":25,"imported":0.20000000298023224,"discharged":7.599999904632568,"maxPv":10.264}
