{"generated":18.600000381469727,"consumed":12.097232421875,"exported":0.10000000149011612,"imported":0,"discharged":4.800000190734863,"maxPv":5.223}
