{"generated":0,"consumed":27.218115234375,"exported":0,"imported":0,"discharged":0.600000023841858,"maxPv":0}
