{"generated":33.4000015258789,"consumed":16.078529296875,"exported":15.5,"imported":0.10000000149011612,"discharged":7.199999809265137,"maxPv":13.362}
