{"generated":68.2000045776367,"consumed":19.9239921875,"exported":38.20000076293945,"imported":0.10000000149011612,"discharged":4.099999904632568,"maxPv":10.413}
