{"generated":6.099999904632568,"consumed":6.8301201171875,"exported":0,"imported":0,"discharged":4.5,"maxPv":5.403}
