{"generated":0,"consumed":38.6083828125,"exported":0,"imported":37.20000076293945,"discharged":3.299999952316284,"maxPv":0.038}
