{"generated":0.800000011920929,"consumed":6.18558056640625,"exported":0,"imported":0,"discharged":5.099999904632568,"maxPv":2.358}
