{"generated":0,"consumed":2.745694580078125,"exported":0,"imported":5.699999809265137,"discharged":2.200000047683716,"maxPv":0}
