{"generated":0.699999988079071,"consumed":6.8456708984375,"exported":0,"imported":0.10000000149011612,"discharged":5.599999904632568,"maxPv":3.356}
