{"generated":15.100000381469727,"consumed":6.25782373046875,"exported":0,"imported":0,"discharged":3.700000047683716,"maxPv":6.669}
