{"generated":57.39999771118164,"consumed":23.4440078125,"exported":27.700000762939453,"imported":0.20000000298023224,"discharged":4.400000095367432,"maxPv":10.272}
