{"generated":41.10000228881836,"consumed":23.33501171875,"exported":1.399999976158142,"imported":0.699999988079071,"discharged":4.400000095367432,"maxPv":12.803}
