{"generated":47.09999942779541,"consumed":51.09999942779541,"exported":0.20000000298023224}
