{"generated":7.699999809265137,"consumed":9.5692470703125,"exported":0.10000000149011612,"imported":0.10000000149011612,"discharged":4.900000095367432,"maxPv":12.276}
