{"generated":16.899999618530273,"consumed":15.272517578125,"exported":0,"imported":0.10000000149011612,"discharged":8.899999618530273,"maxPv":5.904}
