{"generated":5.800000190734863,"consumed":5.92609521484375,"exported":0,"imported":0.20000000298023224,"discharged":3.5999999046325684,"maxPv":6.478}
