{"generated":4.599999904632568,"consumed":6.6645966796875,"exported":0,"imported":0.10000000149011612,"discharged":4.400000095367432,"maxPv":7.781}
