{"generated":9.699999809265137,"consumed":12.336537109375,"exported":0.10000000149011612,"imported":0.10000000149011612,"discharged":6.300000190734863,"maxPv":5.182}
