{"generated":1.9000000283122063,"consumed":6.853748046875,"exported":0,"imported":0,"discharged":5.199999809265137,"maxPv":4.443}
