{"generated":14.90000057220459,"consumed":11.6168525390625,"exported":0,"imported":0.20000000298023224,"discharged":3,"maxPv":8.293}
