{"generated":36.70000076293945,"consumed":8.539458984375,"exported":22,"imported":0.10000000149011612,"discharged":3.299999952316284,"maxPv":10.515}
