{"generated":6.400000095367432,"consumed":7.8000000938773155,"exported":0.10000000149011612}
