{"generated":13.399999618530273,"consumed":9.399999715387821,"exported":0}
