{"generated":0.10000000149011612,"consumed":5.11565087890625,"exported":0,"imported":0.10000000149011612,"discharged":3.9000000953674316,"maxPv":0.175}
