{"generated":2.5,"consumed":7.297974609375,"exported":0,"imported":5.699999809265137,"discharged":0,"maxPv":6.477}
