{"generated":63.5999984741211,"consumed":9.8970146484375,"exported":49.5999984741211,"imported":0.10000000149011612,"discharged":3.200000047683716,"maxPv":8.917}
