{"generated":0.5000000149011612,"consumed":6.5999999195337296,"exported":0}
