{"generated":2.1000001430511475,"consumed":5.7820048828125,"exported":0.10000000149011612,"imported":0.20000000298023224,"discharged":3.299999952316284,"maxPv":2.065}
