{"generated":0.300000011920929,"consumed":6.70759521484375,"exported":0,"imported":0,"discharged":5.800000190734863,"maxPv":0.463}
