{"generated":1.2000000476837158,"consumed":7.5063466796875,"exported":0,"imported":6,"discharged":0,"maxPv":1.984}
