{"generated":19,"consumed":10.201748046875,"exported":2.799999952316284,"imported":0.10000000149011612,"discharged":5.400000095367432,"maxPv":12.477}
