{"generated":0,"consumed":20.840646484375,"exported":0,"imported":0.10000000149011612,"discharged":20.200000762939453,"maxPv":0}
