{"generated":40.80000305175781,"consumed":67.84834375,"exported":18.799999237060547,"imported":46,"discharged":5.5,"maxPv":7.14}
