{"generated":0,"consumed":1.724800048828125,"exported":0,"imported":0.300000011920929,"discharged":1.600000023841858,"maxPv":0}
