{"generated":17,"consumed":11.94816015625,"exported":0.20000000298023224,"imported":0.20000000298023224,"discharged":5.300000190734863,"maxPv":5.061}
