{"generated":22.900001525878906,"consumed":14.43090625,"exported":10.100000381469727,"imported":4.599999904632568,"discharged":13.399999618530273,"maxPv":9.789}
