{"generated":3.6000001430511475,"consumed":5.380615234375,"exported":0,"imported":0.10000000149011612,"discharged":3.299999952316284,"maxPv":5.336}
