{"generated":55,"consumed":26.693509765625,"exported":17.200000762939453,"imported":0.20000000298023224,"discharged":3.299999952316284,"maxPv":11.092}
