{"generated":0,"consumed":0.6503029174804688,"exported":0,"imported":0.10000000149011612,"discharged":0.600000023841858,"maxPv":0}
