{"generated":58.5,"consumed":15.6659716796875,"exported":35.29999923706055,"imported":0.20000000298023224,"discharged":4.099999904632568,"maxPv":8.766}
