{"generated":17.899999618530273,"consumed":17.3044765625,"exported":0.10000000149011612,"imported":0.10000000149011612,"discharged":8.5,"maxPv":2.163}
