{"generated":27.80000114440918,"consumed":12.37565625,"exported":23.899999618530273,"imported":13.399999618530273,"discharged":28.299999237060547,"maxPv":11.507}
