{"generated":0,"consumed":4.23563916015625,"exported":0,"imported":5.5,"discharged":3.799999952316284,"maxPv":0.064}
