{"generated":28,"consumed":14.970810546875,"exported":0.20000000298023224,"imported":0.20000000298023224,"discharged":5.900000095367432,"maxPv":9.754}
