{"generated":1.5999999791383743,"consumed":34.39999993145466,"exported":0,"imported":3.799999952316284,"discharged":30.5,"maxPv":3.017}
