{"generated":21.300000190734863,"consumed":20.27555859375,"exported":0,"imported":0.10000000149011612,"discharged":10,"maxPv":6.306}
