{"generated":56.20000076293945,"consumed":16.393849609375,"exported":38.4000015258789,"imported":0.10000000149011612,"discharged":6.400000095367432,"maxPv":12.086}
