{"generated":46.89999866485596,"consumed":48.2249609375,"exported":0,"imported":2.799999952316284,"discharged":31.5,"maxPv":9.478}
