{"generated":65.1999979019165,"consumed":28.234291015625,"exported":39.79999923706055,"imported":0.20000000298023224,"discharged":11.100000381469727,"maxPv":9.313}
