{"generated":6.900000095367432,"consumed":9.2568818359375,"exported":0.10000000149011612,"imported":3.0999999046325684,"discharged":4.5,"maxPv":4.411}
