{"generated":5,"consumed":5.7348115234375,"exported":0,"imported":0.699999988079071,"discharged":3.9000000953674316,"maxPv":5.73}
