{"generated":22.899999618530273,"consumed":19.402708984375,"exported":0.10000000149011612,"imported":0.20000000298023224,"discharged":6.5,"maxPv":5.609}
