{"generated":25.69999885559082,"consumed":9.1030009765625,"exported":6.800000190734863,"imported":0.10000000149011612,"discharged":4.800000190734863,"maxPv":8.775}
