{"generated":54.4000015258789,"consumed":14.8580830078125,"exported":30.100000381469727,"imported":0.20000000298023224,"discharged":4.300000190734863,"maxPv":11.411}
