{"generated":56.0999984741211,"consumed":17.538994140625,"exported":37.5,"imported":0.10000000149011612,"discharged":6.5,"maxPv":11.679}
