{"generated":0,"consumed":14.8136904296875,"exported":0,"imported":0.699999988079071,"discharged":3.0999999046325684,"maxPv":0.063}
