{"generated":29.899999618530273,"consumed":10.51247265625,"exported":12.100000381469727,"imported":0.20000000298023224,"discharged":4.800000190734863,"maxPv":9.674}
