{"generated":34.79999923706055,"consumed":15.7650654296875,"exported":0.10000000149011612,"imported":5.300000190734863,"discharged":7.599999904632568,"maxPv":8.076}
