{"generated":12.600000381469727,"consumed":8.8541171875,"exported":0.10000000149011612,"imported":0.10000000149011612,"discharged":5,"maxPv":12.566}
