{"generated":0,"consumed":1.4031966552734374,"exported":0,"imported":15.600000381469727,"discharged":0.600000023841858,"maxPv":0}
