{"generated":28.700000762939453,"consumed":15.100000858306885,"exported":0.10000000149011612,"imported":0.10000000149011612,"discharged":6.400000095367432,"maxPv":8.819}
