{"generated":53.4000015258789,"consumed":15.72616796875,"exported":33,"imported":0.300000011920929,"discharged":25.799999237060547,"maxPv":8.928}
