{"generated":49,"consumed":12.533578125,"exported":31.100000381469727,"imported":0.10000000149011612,"discharged":5.099999904632568,"maxPv":12.165}
