{"generated":4,"consumed":5.31303662109375,"exported":0,"imported":0,"discharged":3.799999952316284,"maxPv":4.512}
