{"generated":5.199999809265137,"consumed":8.5298837890625,"exported":0.10000000149011612,"imported":0.10000000149011612,"discharged":4.699999809265137,"maxPv":3.73}
