{"generated":55.5999984741211,"consumed":12.3089033203125,"exported":38.9000015258789,"imported":0.10000000149011612,"discharged":3.5999999046325684,"maxPv":9.37}
