{"generated":0.4000000059604645,"consumed":5.800000101327896,"exported":0,"imported":0,"discharged":5.400000095367432,"maxPv":0.462}
