{"generated":11.09999942779541,"consumed":8.0788349609375,"exported":0,"imported":0,"discharged":5,"maxPv":6.009}
