{"generated":27,"consumed":15.107451171875,"exported":7.900000095367432,"imported":0.10000000149011612,"discharged":8.399999618530273,"maxPv":6.156}
