{"generated":58,"consumed":16.587673828125,"exported":35.5999984741211,"imported":0.10000000149011612,"discharged":6.800000190734863,"maxPv":8.57}
