{"generated":2,"consumed":7.34304248046875,"exported":0,"imported":0.20000000298023224,"discharged":5.300000190734863,"maxPv":2.344}
