{"generated":64.8000030517578,"consumed":11.751427734375,"exported":50.5999984741211,"imported":0.10000000149011612,"discharged":4.699999809265137,"maxPv":8.916}
