{"generated":1.100000023841858,"consumed":3.99933154296875,"exported":0,"imported":0.10000000149011612,"discharged":2.9000000953674316,"maxPv":1.492}
