{"generated":2.0999999046325684,"consumed":19.249486328125,"exported":0,"imported":12.199999809265137,"discharged":5.099999904632568,"maxPv":2.89}
