{"generated":0.5,"consumed":5.25455908203125,"exported":0,"imported":0.10000000149011612,"discharged":3.9000000953674316,"maxPv":1.034}
