{"generated":15.5,"consumed":5.58863818359375,"exported":6.5,"imported":0.10000000149011612,"discharged":3.200000047683716,"maxPv":8.535}
