{"generated":10.199999809265137,"consumed":8.36386328125,"exported":0,"imported":0.10000000149011612,"discharged":6.800000190734863,"maxPv":7.351}
