{"generated":30.700000762939453,"consumed":13.5003388671875,"exported":24,"imported":12,"discharged":30.5,"maxPv":11.882}
