{"generated":29.200000762939453,"consumed":10.4624443359375,"exported":12.399999618530273,"imported":0.10000000149011612,"discharged":4.099999904632568,"maxPv":8.714}
