{"generated":3.700000047683716,"consumed":8.11599169921875,"exported":0,"imported":2.9000000953674316,"discharged":4.400000095367432,"maxPv":2.556}
