{"generated":12.899999618530273,"consumed":14.5563046875,"exported":0,"imported":0.10000000149011612,"discharged":6,"maxPv":4.639}
