{"generated":0.4000000059604645,"consumed":27.511275390625,"exported":0,"imported":0.10000000149011612,"discharged":25.700000762939453,"maxPv":0.775}
