{"generated":13.5,"consumed":19.4511484375,"exported":0.10000000149011612,"imported":14.199999809265137,"discharged":0,"maxPv":5.327}
