{"generated":19.5,"consumed":10.500875,"exported":0.10000000149011612,"imported":5.800000190734863,"discharged":0.4000000059604645,"maxPv":5.485}
