{"generated":20.100000381469727,"consumed":10.9758125,"exported":0,"imported":0.10000000149011612,"discharged":5.800000190734863,"maxPv":6.336}
