{"generated":46.9000015258789,"consumed":11.95912109375,"exported":29.600000381469727,"imported":0.10000000149011612,"discharged":3.9000000953674316,"maxPv":13.413}
