{"generated":0,"consumed":18.43184765625,"exported":0,"imported":16.200000762939453,"discharged":2.0999999046325684,"maxPv":0}
