{"generated":30.700000762939453,"consumed":14.1277568359375,"exported":10.399999618530273,"imported":0.10000000149011612,"discharged":5.400000095367432,"maxPv":10.502}
