{"generated":0.20000000298023224,"consumed":4.3631767578125,"exported":0.10000000149011612,"imported":0.10000000149011612,"discharged":3.299999952316284,"maxPv":0.575}
