{"generated":0.10000000149011612,"consumed":5.899999812245369,"exported":0}
