{"generated":25.399999618530273,"consumed":22.342861328125,"exported":0.10000000149011612,"imported":0.20000000298023224,"discharged":6,"maxPv":7.199}
