{"generated":0,"consumed":4.75972705078125,"exported":0,"imported":32.20000076293945,"discharged":0,"maxPv":0}
