{"generated":42,"consumed":12.71942578125,"exported":22,"imported":0.10000000149011612,"discharged":4.800000190734863,"maxPv":7.146}
