{"generated":1.100000023841858,"consumed":29.042794921875,"exported":0,"imported":34.0999984741211,"discharged":4.5,"maxPv":1.242}
