{"generated":48.69999980926514,"consumed":18.99999924004078,"exported":11.800000190734863,"imported":0.20000000298023224,"discharged":9,"maxPv":10.971}
