{"generated":29.5,"consumed":23.6370703125,"exported":0.20000000298023224,"imported":0.300000011920929,"discharged":11.899999618530273,"maxPv":9.883}
