{"generated":18.5,"consumed":9.800000190734863,"exported":0.20000000298023224}
