{"generated":0,"consumed":3.393647216796875,"exported":0,"imported":0.20000000298023224,"discharged":2.700000047683716,"maxPv":0}
