{"generated":0,"consumed":3.896238037109375,"exported":0,"imported":4.199999809265137,"discharged":0,"maxPv":0}
