{"generated":23.600000381469727,"consumed":17.239583984375,"exported":0.10000000149011612,"imported":0.20000000298023224,"discharged":10.5,"maxPv":5.916}
