{"generated":0,"consumed":2.679030029296875,"exported":0,"imported":3.5,"discharged":0.600000023841858,"maxPv":0}
