{"generated":51,"consumed":12.368560546875,"exported":11.800000190734863,"imported":0.20000000298023224,"discharged":4.300000190734863,"maxPv":10.275}
