{"generated":49.69999694824219,"consumed":15.884037109375,"exported":27.899999618530273,"imported":0.10000000149011612,"discharged":6.099999904632568,"maxPv":12.477}
