{"generated":6.099999904632568,"consumed":7.27947314453125,"exported":0,"imported":0,"discharged":4.900000095367432,"maxPv":5.5}
