{"generated":20.299999237060547,"consumed":30.17176953125,"exported":0.300000011920929,"imported":13.800000190734863,"discharged":7.900000095367432,"maxPv":6.186}
