{"generated":9.199999809265137,"consumed":9.7733115234375,"exported":0,"imported":0.10000000149011612,"discharged":6.300000190734863,"maxPv":5.904}
