{"generated":9.699999809265137,"consumed":16.44976171875,"exported":0.10000000149011612,"imported":0.10000000149011612,"discharged":10.300000190734863,"maxPv":5.182}
