{"generated":55.79999923706055,"consumed":10.9051767578125,"exported":39.9000015258789,"imported":0.10000000149011612,"discharged":3.299999952316284,"maxPv":11.16}
