{"generated":15.09999942779541,"consumed":15.2108349609375,"exported":0,"imported":0.10000000149011612,"discharged":9.600000381469727,"maxPv":5.638}
