{"generated":5.300000190734863,"consumed":6.89569189453125,"exported":0.10000000149011612,"imported":1.600000023841858,"discharged":4.5,"maxPv":7.141}
