{"generated":66.6999969482422,"consumed":21.381943359375,"exported":43.20000076293945,"imported":0.10000000149011612,"discharged":8.699999809265137,"maxPv":8.802}
