{"generated":0.9999999925494194,"consumed":6.299999989569187,"exported":0}
