{"generated":33,"consumed":12.70351953125,"exported":14.699999809265137,"imported":0.20000000298023224,"discharged":6.199999809265137,"maxPv":13.221}
