{"generated":11,"consumed":18.526740234375,"exported":0.10000000149011612,"imported":6.900000095367432,"discharged":11.399999618530273,"maxPv":6.596}
