{"generated":51.60000228881836,"consumed":12.585361328125,"exported":34,"imported":0.20000000298023224,"discharged":24.299999237060547,"maxPv":8.248}
