{"generated":45.19999694824219,"consumed":12.9432578125,"exported":30.200000762939453,"imported":28.5,"discharged":5.099999904632568,"maxPv":7.573}
