{"generated":0,"consumed":12.528765625,"exported":0,"imported":0.699999988079071,"discharged":0.899999976158142,"maxPv":0}
