{"generated":17.299999237060547,"consumed":8.365533203125,"exported":0.10000000149011612,"imported":0.20000000298023224,"discharged":4.099999904632568,"maxPv":5.48}
