{"generated":8.400000214576721,"consumed":9.299999929964542,"exported":0}
