{"generated":0.4000000059604645,"consumed":5.60938623046875,"exported":0,"imported":0,"discharged":4.900000095367432,"maxPv":0.877}
