{"generated":67.09999942779541,"consumed":41.0655546875,"exported":36.20000076293945,"imported":0.20000000298023224,"discharged":22.600000381469727,"maxPv":9.018}
