{"generated":54.59999942779541,"consumed":40.799998857080936,"exported":15.300000190734863,"imported":0.10000000149011612,"discharged":28.299999237060547,"maxPv":10.548}
