{"generated":9,"consumed":7.715529296875,"exported":0.10000000149011612,"imported":0.10000000149011612,"discharged":4.300000190734863,"maxPv":8.024}
