{"generated":8.699999809265137,"consumed":10.1748447265625,"exported":0,"imported":0.10000000149011612,"discharged":7,"maxPv":4.458}
