{"generated":4.400000095367432,"consumed":6.8230087890625,"exported":0,"imported":0.10000000149011612,"discharged":4.199999809265137,"maxPv":6.685}
