{"generated":15.899999618530273,"consumed":8.92752734375,"exported":0.20000000298023224,"imported":0.10000000149011612,"discharged":5,"maxPv":7.787}
