{"generated":0,"consumed":36.01170703125,"exported":0,"imported":37.20000076293945,"discharged":0.800000011920929,"maxPv":0}
