{"generated":6.200000286102295,"consumed":8.5382353515625,"exported":0,"imported":0.10000000149011612,"discharged":4.300000190734863,"maxPv":6.685}
