{"generated":0,"consumed":4.6316162109375,"exported":0,"imported":0,"discharged":4.300000190734863,"maxPv":0}
