{"generated":38.4000015258789,"consumed":13.6770390625,"exported":0.10000000149011612,"imported":3.700000047683716,"discharged":1.2000000476837158,"maxPv":7.838}
