{"generated":28.5,"consumed":7.66614306640625,"exported":14.800000190734863,"imported":0,"discharged":3.700000047683716,"maxPv":7.144}
