{"generated":0.20000000298023224,"consumed":4.62545166015625,"exported":0,"imported":0,"discharged":4.300000190734863,"maxPv":0.297}
