{"generated":35.19999694824219,"consumed":11.277751953125,"exported":1.899999976158142,"imported":3.5999999046325684,"discharged":5,"maxPv":12.049}
