{"generated":0.600000023841858,"consumed":5.51260302734375,"exported":0,"imported":18.100000381469727,"discharged":4.599999904632568,"maxPv":1.232}
