{"generated":0,"consumed":4.382822265625,"exported":0,"imported":5.300000190734863,"discharged":0.5,"maxPv":0}
