{"generated":40.29999923706055,"consumed":9.62243359375,"exported":25.899999618530273,"imported":0.10000000149011612,"discharged":3.5999999046325684,"maxPv":8.593}
