{"generated":49.89999771118164,"consumed":46.62690625,"exported":0.300000011920929,"imported":0.4000000059604645,"discharged":9.300000190734863,"maxPv":11.803}
