{"generated":66.8000030517578,"consumed":32.44831640625,"exported":23.5,"imported":0.20000000298023224,"discharged":3.299999952316284,"maxPv":11.092}
