{"generated":3.199999988079071,"consumed":9.400000132620335,"exported":0,"imported":0.10000000149011612,"discharged":7.400000095367432,"maxPv":3.227}
