{"generated":0,"consumed":1.172362060546875,"exported":0,"imported":15.699999809265137,"discharged":1,"maxPv":0}
