{"generated":21.399999618530273,"consumed":19.76994140625,"exported":0.10000000149011612,"imported":0.20000000298023224,"discharged":3.4000000953674316,"maxPv":7.974}
