{"generated":44.20000076293945,"consumed":14.6328125,"exported":22.100000381469727,"imported":0.20000000298023224,"discharged":3.299999952316284,"maxPv":12.933}
