{"generated":38.0999984741211,"consumed":0.7492864990234375,"exported":15.899999618530273,"imported":0.20000000298023224,"discharged":8.300000190734863,"maxPv":0}
