{"generated":6.300000190734863,"consumed":21.457916015625,"exported":0,"imported":31.700000762939453,"discharged":6.099999904632568,"maxPv":4.015}
