{"generated":59.10000228881836,"consumed":21.16623046875,"exported":29.600000381469727,"imported":0.300000011920929,"discharged":5.599999904632568,"maxPv":12.098}
