{"generated":25.100000381469727,"consumed":12.7216025390625,"exported":0.20000000298023224,"imported":0.20000000298023224,"discharged":5.599999904632568,"maxPv":9.754}
