{"generated":36.4000015258789,"consumed":10.3294697265625,"exported":21.399999618530273,"imported":0.10000000149011612,"discharged":3.700000047683716,"maxPv":12.155}
