{"generated":45.70000076293945,"consumed":12.964251953125,"exported":32.29999923706055,"imported":12,"discharged":29.5,"maxPv":10.752}
