{"generated":48.5,"consumed":9.90868359375,"exported":12.699999809265137,"imported":0.10000000149011612,"discharged":4.300000190734863,"maxPv":8.714}
