{"generated":57.79999923706055,"consumed":26.7873671875,"exported":28,"imported":0.5,"discharged":10,"maxPv":11.049}
