{"generated":0,"consumed":1.169717529296875,"exported":0,"imported":0.10000000149011612,"discharged":0.5,"maxPv":0}
