{"generated":24.100000381469727,"consumed":25.467390625,"exported":0,"imported":25.299999237060547,"discharged":4.199999809265137,"maxPv":9.199}
