{"generated":52.60000228881836,"consumed":15.492392578125,"exported":30.100000381469727,"imported":0.600000023841858,"discharged":24.200000762939453,"maxPv":10.275}
