{"generated":18.600000381469727,"consumed":42.121984375,"exported":0.10000000149011612,"imported":25.5,"discharged":10,"maxPv":6.018}
