{"generated":3.799999952316284,"consumed":10.8864853515625,"exported":0.10000000149011612,"imported":0.10000000149011612,"discharged":7.5,"maxPv":2.191}
