{"generated":4.900000095367432,"consumed":6.38528173828125,"exported":0,"imported":0.300000011920929,"discharged":4.199999809265137,"maxPv":4.908}
