{"generated":55.10000228881836,"consumed":23.05348828125,"exported":22.600000381469727,"imported":0.20000000298023224,"discharged":3.4000000953674316,"maxPv":9.681}
