{"generated":54.30000114440918,"consumed":20.124853515625,"exported":28.700000762939453,"imported":0.10000000149011612,"discharged":7,"maxPv":9.96}
