{"generated":5.200000286102295,"consumed":10.0109775390625,"exported":0,"imported":2.299999952316284,"discharged":5.199999809265137,"maxPv":5.228}
