{"generated":63.4000015258789,"consumed":14.357099609375,"exported":44.79999923706055,"imported":0.10000000149011612,"discharged":5.699999809265137,"maxPv":9.07}
