{"generated":58.5999984741211,"consumed":28.42904296875,"exported":31,"imported":0.20000000298023224,"discharged":12.600000381469727,"maxPv":10.377}
