{"generated":27.899999618530273,"consumed":10.88890234375,"exported":0.20000000298023224,"imported":0.20000000298023224,"discharged":4.300000190734863,"maxPv":7.018}
