{"generated":33.20000076293945,"consumed":8.74314453125,"exported":19.299999237060547,"imported":0.20000000298023224,"discharged":3.700000047683716,"maxPv":9.078}
