{"generated":66.8000030517578,"consumed":62.72190625,"exported":2.299999952316284,"imported":0.5,"discharged":16.399999618530273,"maxPv":11.682}
