{"generated":2.299999952316284,"consumed":5.5491962890625,"exported":0.10000000149011612,"imported":0.10000000149011612,"discharged":4.300000190734863,"maxPv":2.769}
