{"generated":60.79999542236328,"consumed":35.577390625,"exported":19,"imported":0.20000000298023224,"discharged":5,"maxPv":10.557}
