{"generated":23.599998474121094,"consumed":46.234203125,"exported":0.600000023841858,"imported":33.79999923706055,"discharged":2.9000000953674316,"maxPv":6.162}
