{"generated":0.600000023841858,"consumed":4.36106494140625,"exported":0,"imported":0.20000000298023224,"discharged":3,"maxPv":1.842}
