{"generated":56.59999942779541,"consumed":13.6033466796875,"exported":35.20000076293945,"imported":0.10000000149011612,"discharged":5,"maxPv":8.57}
