{"generated":1.600000023841858,"consumed":4.7491552734375,"exported":0.10000000149011612,"imported":0,"discharged":3.799999952316284,"maxPv":3.865}
