{"generated":14.399999618530273,"consumed":9.523296875,"exported":0,"imported":0.10000000149011612,"discharged":2.5999999046325684,"maxPv":7.052}
