{"generated":62,"consumed":52.46755859375,"exported":6.800000190734863,"imported":0.20000000298023224,"discharged":9.899999618530273,"maxPv":9.261}
