{"generated":42.9000015258789,"consumed":23.54657421875,"exported":18.299999237060547,"imported":0.10000000149011612,"discharged":7.5,"maxPv":7.368}
