{"generated":17.399999618530273,"consumed":5.52747802734375,"exported":8.300000190734863,"imported":0.10000000149011612,"discharged":2.9000000953674316,"maxPv":7.795}
