{"generated":63.5,"consumed":51.65599609375,"exported":1.100000023841858,"imported":0.10000000149011612,"discharged":24.600000381469727,"maxPv":9.039}
