{"generated":11.699999809265137,"consumed":9.1922470703125,"exported":0,"imported":0.10000000149011612,"discharged":4.800000190734863,"maxPv":5.058}
