{"generated":20.200000762939453,"consumed":12.9744541015625,"exported":0.10000000149011612,"imported":0.10000000149011612,"discharged":4.800000190734863,"maxPv":5.223}
