{"generated":61.4000015258789,"consumed":15.9292275390625,"exported":54.5999984741211,"imported":0.4000000059604645,"discharged":24.799999237060547,"maxPv":8.775}
