{"generated":53,"consumed":9.9103359375,"exported":39.20000076293945,"imported":0.10000000149011612,"discharged":3.0999999046325684,"maxPv":12.068}
