{"generated":0.300000011920929,"consumed":39.30709375,"exported":0,"imported":37.20000076293945,"discharged":3.700000047683716,"maxPv":1.047}
