{"generated":66.89999389648438,"consumed":32.154869140625,"exported":35.5,"imported":0.20000000298023224,"discharged":9.199999809265137,"maxPv":8.629}
