{"generated":50.30000019073486,"consumed":31.299999430775642,"exported":9.100000381469727}
