{"generated":4.600000381469727,"consumed":39.90176953125,"exported":0,"imported":36.4000015258789,"discharged":11,"maxPv":2.37}
