{"generated":15,"consumed":11.514693359375,"exported":0.10000000149011612,"imported":0.20000000298023224,"discharged":4.699999809265137,"maxPv":9.872}
