{"generated":2.5999999046325684,"consumed":6.7154775390625,"exported":0,"imported":0.10000000149011612,"discharged":4.300000190734863,"maxPv":2.769}
