{"generated":19.899999618530273,"consumed":8.15495947265625,"exported":0,"imported":0.10000000149011612,"discharged":4.300000190734863,"maxPv":10.275}
