{"generated":0.699999988079071,"consumed":4.8166162109375,"exported":0,"imported":0.10000000149011612,"discharged":3.299999952316284,"maxPv":1.709}
