{"generated":54.599998474121094,"consumed":53.999998569488525,"exported":3.5999999046325684,"imported":26.200000762939453,"discharged":18,"maxPv":9.375}
