{"generated":45.30000305175781,"consumed":26.444109375,"exported":10.899999618530273,"imported":0.5,"discharged":6.099999904632568,"maxPv":13.022}
