{"generated":48.5,"consumed":24.6179140625,"exported":3.5,"imported":4.599999904632568,"discharged":4.5,"maxPv":8.389}
