{"generated":11.09999942779541,"consumed":8.10212744140625,"exported":0,"imported":32.79999923706055,"discharged":4.199999809265137,"maxPv":7.504}
