{"generated":11.699999809265137,"consumed":36.21474609375,"exported":0.10000000149011612,"imported":28.399999618530273,"discharged":2.200000047683716,"maxPv":6.106}
