{"generated":5.099999904632568,"consumed":7.23797216796875,"exported":0,"imported":4.5,"discharged":0,"maxPv":3.572}
