{"generated":9,"consumed":8.4842060546875,"exported":0,"imported":0.10000000149011612,"discharged":4.800000190734863,"maxPv":5.058}
