{"generated":9.600000381469727,"consumed":30.71109375,"exported":0,"imported":17.799999237060547,"discharged":5,"maxPv":6.564}
