{"generated":11.699999809265137,"consumed":6.162271484375,"exported":1.399999976158142,"imported":0.20000000298023224,"discharged":3.200000047683716,"maxPv":5.935}
