{"generated":43.29999923706055,"consumed":15.986611328125,"exported":12.5,"imported":0.20000000298023224,"discharged":4.599999904632568,"maxPv":7.264}
