{"generated":5.599999904632568,"consumed":5.2969384765625,"exported":0,"imported":0,"discharged":3.700000047683716,"maxPv":4.427}
