{"generated":6,"consumed":7.86391552734375,"exported":0.10000000149011612,"imported":0,"discharged":4.800000190734863,"maxPv":3.364}
