{"generated":31.899999618530273,"consumed":12.801625,"exported":21,"imported":6.800000190734863,"discharged":24.700000762939453,"maxPv":12.445}
