{"generated":3.5999999046325684,"consumed":5.53259765625,"exported":0,"imported":0.20000000298023224,"discharged":3.200000047683716,"maxPv":3.767}
