{"generated":57.9000015258789,"consumed":8.807783203125,"exported":44.9000015258789,"imported":0,"discharged":3,"maxPv":10.789}
