{"generated":43.89999771118164,"consumed":0.5451060180664062,"exported":10.199999809265137,"imported":0.20000000298023224,"discharged":14.5,"maxPv":0}
