{"generated":18.69999885559082,"consumed":10.1199267578125,"exported":0,"imported":1,"discharged":4.300000190734863,"maxPv":5.631}
