{"generated":0,"consumed":2.193661865234375,"exported":0,"imported":0.10000000149011612,"discharged":1.5,"maxPv":0}
