{"generated":1.100000023841858,"consumed":5.0574833984375,"exported":0,"imported":0,"discharged":4.099999904632568,"maxPv":1.845}
