{"generated":0.30000000447034836,"consumed":7.300000004470348,"exported":0,"imported":0,"discharged":7,"maxPv":0.5}
