{"generated":51.30000019073486,"consumed":35.60000057518482,"exported":9.399999618530273}
