{"generated":59.5999984741211,"consumed":25.71521484375,"exported":29.600000381469727,"imported":0.300000011920929,"discharged":9.399999618530273,"maxPv":12.098}
