{"generated":27,"consumed":26.337865234375,"exported":0.10000000149011612,"imported":0.20000000298023224,"discharged":8,"maxPv":7.199}
