{"generated":21.300000190734863,"consumed":22.015091796875,"exported":0,"imported":0.10000000149011612,"discharged":11.600000381469727,"maxPv":6.306}
