{"generated":0,"consumed":1.1555576171875,"exported":0,"imported":6.800000190734863,"discharged":1.100000023841858,"maxPv":0}
