{"generated":46.80000305175781,"consumed":13.0632470703125,"exported":8.5,"imported":0.20000000298023224,"discharged":5,"maxPv":9.989}
