{"generated":0.20000000298023224,"consumed":4.69224755859375,"exported":0,"imported":6.800000190734863,"discharged":4.300000190734863,"maxPv":0.393}
