{"generated":19.299999237060547,"consumed":15.364341796875,"exported":0.20000000298023224,"imported":5.300000190734863,"discharged":2.5999999046325684,"maxPv":6.45}
