{"generated":54.000000953674316,"consumed":26.20000133663416,"exported":18}
