{"generated":8.600000381469727,"consumed":5.51083349609375,"exported":0.10000000149011612,"imported":0.300000011920929,"discharged":3,"maxPv":7.761}
