{"generated":63.4000015258789,"consumed":12.9045546875,"exported":44.70000076293945,"imported":0.10000000149011612,"discharged":4.300000190734863,"maxPv":9.07}
