{"generated":58.20000076293945,"consumed":12.2969765625,"exported":41.29999923706055,"imported":0.10000000149011612,"discharged":3.4000000953674316,"maxPv":8.507}
