{"generated":10.800000190734863,"consumed":9.98641796875,"exported":0,"imported":19.5,"discharged":5.400000095367432,"maxPv":6.47}
