{"generated":38.0999984741211,"consumed":16.47230859375,"exported":15.899999618530273,"imported":0.20000000298023224,"discharged":6.900000095367432,"maxPv":10.981}
