{"generated":42.70000457763672,"consumed":10.2257109375,"exported":7.099999904632568,"imported":5.5,"discharged":4.300000190734863,"maxPv":7.562}
