{"generated":43.0999984741211,"consumed":13.002427734375,"exported":25.899999618530273,"imported":0.10000000149011612,"discharged":3.9000000953674316,"maxPv":13.648}
