{"generated":28,"consumed":8.9772197265625,"exported":9,"imported":0.20000000298023224,"discharged":3.5999999046325684,"maxPv":8.562}
