{"generated":0,"consumed":2.0107896728515624,"exported":0,"imported":1.7999999523162842,"discharged":0,"maxPv":0}
