{"generated":0,"consumed":1.077165771484375,"exported":0,"imported":0.20000000298023224,"discharged":0.5,"maxPv":0}
