{"generated":0,"consumed":3.272245361328125,"exported":0,"imported":0.10000000149011612,"discharged":3,"maxPv":0}
