{"generated":26.5,"consumed":9.288283203125,"exported":12.300000190734863,"imported":0.10000000149011612,"discharged":3.9000000953674316,"maxPv":13.413}
