{"generated":5.400000095367432,"consumed":8.109318359375,"exported":0,"imported":0,"discharged":5.300000190734863,"maxPv":5.873}
