{"generated":0,"consumed":3.172617431640625,"exported":0,"imported":1.600000023841858,"discharged":2.799999952316284,"maxPv":0}
