{"generated":14.800000190734863,"consumed":29.8729296875,"exported":0,"imported":25.299999237060547,"discharged":0.699999988079071,"maxPv":6.018}
