{"generated":0,"consumed":22.32916015625,"exported":0,"imported":62.0999984741211,"discharged":0,"maxPv":0}
