{"generated":2.8999998569488525,"consumed":5.32738330078125,"exported":0.10000000149011612,"imported":0.10000000149011612,"discharged":3.5,"maxPv":3.498}
