{"generated":1.3000000715255737,"consumed":5.750650390625,"exported":0,"imported":0.20000000298023224,"discharged":3.9000000953674316,"maxPv":1.56}
