{"generated":4.900000095367432,"consumed":21.65039453125,"exported":0,"imported":44.70000076293945,"discharged":11.899999618530273,"maxPv":2.295}
