{"generated":23.100000381469727,"consumed":14.741361328125,"exported":1.600000023841858,"imported":0.20000000298023224,"discharged":3.700000047683716,"maxPv":12.592}
