{"generated":0,"consumed":4.7661572265625,"exported":0,"imported":0.10000000149011612,"discharged":4.199999809265137,"maxPv":0.056}
