{"generated":60.5,"consumed":13.3565439453125,"exported":39.5999984741211,"imported":0.10000000149011612,"discharged":4.099999904632568,"maxPv":8.802}
