{"generated":24.200000524520874,"consumed":9.500000335276127,"exported":8.300000190734863}
