{"generated":65.7999954223633,"consumed":0.5965504150390625,"exported":47.9000015258789,"imported":0.10000000149011612,"discharged":6.099999904632568,"maxPv":0}
