{"generated":43.89999771118164,"consumed":17.748392578125,"exported":10.199999809265137,"imported":0.10000000149011612,"discharged":3.5999999046325684,"maxPv":7.259}
