{"generated":42.5,"consumed":10.375552734375,"exported":21.799999237060547,"imported":0.10000000149011612,"discharged":4.800000190734863,"maxPv":8.775}
