{"generated":17.799999237060547,"consumed":10.0119931640625,"exported":2.4000000953674316,"imported":0.10000000149011612,"discharged":5.900000095367432,"maxPv":12.641}
