{"generated":18.899999618530273,"consumed":17.402796875,"exported":0.10000000149011612,"imported":0.20000000298023224,"discharged":10.600000381469727,"maxPv":5.486}
