{"generated":12.600000381469727,"consumed":21.504501953125,"exported":0,"imported":12.300000190734863,"discharged":5.099999904632568,"maxPv":5.063}
