{"generated":14.299999237060547,"consumed":9.7442451171875,"exported":0.10000000149011612,"imported":0.20000000298023224,"discharged":3.299999952316284,"maxPv":7.046}
