{"generated":0,"consumed":2.815963134765625,"exported":0,"imported":0.20000000298023224,"discharged":2.5999999046325684,"maxPv":0}
