{"generated":1.8000000715255737,"consumed":4.682677734375,"exported":0,"imported":0,"discharged":3.700000047683716,"maxPv":3.186}
