{"generated":33.89999771118164,"consumed":17.429251953125,"exported":9.899999618530273,"imported":0.20000000298023224,"discharged":3.700000047683716,"maxPv":12.592}
