{"generated":18.399999618530273,"consumed":21.5885390625,"exported":0.10000000149011612,"imported":14.199999809265137,"discharged":0.20000000298023224,"maxPv":5.327}
