{"generated":0,"consumed":4.34753515625,"exported":0,"imported":0.20000000298023224,"discharged":3.200000047683716,"maxPv":0.071}
