{"generated":20.30000114440918,"consumed":14.6403564453125,"exported":0,"imported":0.10000000149011612,"discharged":10.199999809265137,"maxPv":7.351}
