{"generated":16.200000762939453,"consumed":11.425134765625,"exported":8.699999809265137,"imported":3.5999999046325684,"discharged":14,"maxPv":3.78}
