{"generated":39.69999694824219,"consumed":16.921140625,"exported":22.299999237060547,"imported":3.799999952316284,"discharged":26.600000381469727,"maxPv":12.049}
