{"generated":21,"consumed":14.7587978515625,"exported":0,"imported":1.899999976158142,"discharged":7.400000095367432,"maxPv":5.904}
