{"generated":0,"consumed":22.696376953125,"exported":0,"imported":24.399999618530273,"discharged":0,"maxPv":0.172}
