{"generated":56.59999942779541,"consumed":60.80000104755163,"exported":0.10000000149011612,"imported":3.9000000953674316,"discharged":32.9000015258789,"maxPv":9.057}
