{"generated":29.100000381469727,"consumed":10.3199453125,"exported":10.800000190734863,"imported":0.20000000298023224,"discharged":3.700000047683716,"maxPv":11.188}
