{"generated":55.70000076293945,"consumed":23.485609375,"exported":19,"imported":4.199999809265137,"discharged":16,"maxPv":8.733}
