{"generated":0,"consumed":0.5580811767578125,"exported":0,"imported":18.100000381469727,"discharged":0.5,"maxPv":0}
