{"generated":7.400000214576721,"consumed":8.5000004991889,"exported":0.10000000149011612,"imported":0,"discharged":5.800000190734863,"maxPv":8.819}
