{"generated":28.09999990463257,"consumed":28.90000009536743,"exported":0.10000000149011612,"imported":0.10000000149011612,"discharged":7.800000190734863,"maxPv":11.096}
