{"generated":0,"consumed":2.87635888671875,"exported":0,"imported":34.9000015258789,"discharged":2.700000047683716,"maxPv":0}
