{"generated":15.09999942779541,"consumed":9.0599189453125,"exported":0,"imported":0.10000000149011612,"discharged":6.800000190734863,"maxPv":7.351}
