{"generated":18.899999618530273,"consumed":61.33761328125,"exported":0.10000000149011612,"imported":31.5,"discharged":12.5,"maxPv":5.423}
