{"generated":66.39999771118164,"consumed":11.71776171875,"exported":28.200000762939453,"imported":0.20000000298023224,"discharged":12.100000381469727,"maxPv":9.026}
