{"generated":11,"consumed":18.572375,"exported":0,"imported":0.10000000149011612,"discharged":12.600000381469727,"maxPv":6.376}
