{"generated":65.8000030517578,"consumed":20.15326171875,"exported":37.0999984741211,"imported":0.10000000149011612,"discharged":3.5999999046325684,"maxPv":8.699}
