{"generated":3.3000001907348633,"consumed":15.8510224609375,"exported":0.10000000149011612,"imported":5.099999904632568,"discharged":6.900000095367432,"maxPv":1.279}
