{"generated":56.10000038146973,"consumed":58.00000085681677,"exported":0.10000000149011612,"imported":3.9000000953674316,"discharged":30.600000381469727,"maxPv":9.057}
