{"generated":0.600000023841858,"consumed":6.31201904296875,"exported":0.10000000149011612,"imported":0.20000000298023224,"discharged":4.699999809265137,"maxPv":0.684}
