{"generated":4.900000095367432,"consumed":17.62243359375,"exported":0,"imported":42,"discharged":9,"maxPv":2.295}
