{"generated":55.499996185302734,"consumed":11.912890625,"exported":35.0999984741211,"imported":0.20000000298023224,"discharged":4.400000095367432,"maxPv":8.948}
