{"generated":2.3999999091029167,"consumed":34.50453125,"exported":0.10000000149011612,"imported":2.5999999046325684,"discharged":29.899999618530273,"maxPv":4.063}
