{"generated":22,"consumed":30.48554296875,"exported":0.10000000149011612,"imported":0.4000000059604645,"discharged":13,"maxPv":8.571}
