{"generated":0,"consumed":4.66425,"exported":0,"imported":0.10000000149011612,"discharged":4.300000190734863,"maxPv":0.073}
