{"generated":0.300000011920929,"consumed":5.2327939453125,"exported":0,"imported":0.300000011920929,"discharged":3.5999999046325684,"maxPv":1.189}
