{"generated":64.79999923706055,"consumed":14.48730078125,"exported":42.5999984741211,"imported":0.5,"discharged":11.899999618530273,"maxPv":8.977}
