{"generated":54.19999694824219,"consumed":12.2969794921875,"exported":37.29999923706055,"imported":0.10000000149011612,"discharged":3.5999999046325684,"maxPv":10.511}
