{"generated":23.80000114440918,"consumed":54.95364453125,"exported":0.699999988079071,"imported":59.79999923706055,"discharged":5.199999809265137,"maxPv":5.41}
