{"generated":42.69999694824219,"consumed":9.7509970703125,"exported":7.300000190734863,"imported":0.10000000149011612,"discharged":4.5,"maxPv":8.928}
