{"generated":53.90000009536743,"consumed":13.199999809265137,"exported":35}
