{"generated":17.299999237060547,"consumed":15.61866796875,"exported":0.20000000298023224,"imported":0.300000011920929,"discharged":8.399999618530273,"maxPv":5.061}
