{"generated":40.5,"consumed":37.79999981075525,"exported":0.10000000149011612}
