{"generated":42.29999923706055,"consumed":11.521181640625,"exported":25.899999618530273,"imported":0.300000011920929,"discharged":3.5999999046325684,"maxPv":13.08}
