{"generated":39.5999984741211,"consumed":10.902271484375,"exported":5.099999904632568,"imported":1.7000000476837158,"discharged":4.199999809265137,"maxPv":11.343}
