{"generated":16.40000033378601,"consumed":18.100000239908695,"exported":0}
