{"generated":36.5999984741211,"consumed":7.9599736328125,"exported":3.299999952316284,"imported":0.300000011920929,"discharged":3.9000000953674316,"maxPv":7.937}
