{"generated":0,"consumed":19.570734375,"exported":0,"imported":21.399999618530273,"discharged":0,"maxPv":0}
