{"generated":16.5,"consumed":8.00008056640625,"exported":2.799999952316284,"imported":0.10000000149011612,"discharged":3.700000047683716,"maxPv":6.714}
