{"generated":0,"consumed":17.19590625,"exported":0,"imported":35.0999984741211,"discharged":1.100000023841858,"maxPv":0}
