{"generated":31.299999237060547,"consumed":11.0208662109375,"exported":16.200000762939453,"imported":0.10000000149011612,"discharged":3.9000000953674316,"maxPv":13.648}
