{"generated":1.100000023841858,"consumed":5.6224658203125,"exported":0,"imported":0,"discharged":4.599999904632568,"maxPv":1.725}
