{"generated":10.40000057220459,"consumed":7.22006982421875,"exported":0,"imported":0.10000000149011612,"discharged":3.700000047683716,"maxPv":5.631}
