{"generated":0,"consumed":3.980471923828125,"exported":0,"imported":15.699999809265137,"discharged":3.700000047683716,"maxPv":0}
