{"generated":2.0999999046325684,"consumed":5.52859375,"exported":0,"imported":0.20000000298023224,"discharged":3.5999999046325684,"maxPv":3.46}
