{"generated":0.800000011920929,"consumed":5.2393662109375,"exported":0,"imported":0.10000000149011612,"discharged":4.300000190734863,"maxPv":1.757}
