{"generated":0,"consumed":0.57246923828125,"exported":0,"imported":0.10000000149011612,"discharged":0.5,"maxPv":0}
