{"generated":65,"consumed":11.9625986328125,"exported":46.29999923706055,"imported":0.10000000149011612,"discharged":3.4000000953674316,"maxPv":9.549}
