{"generated":3.5000000596046448,"consumed":8.60000029951334,"exported":0}
