{"generated":65.5,"consumed":24.631796875,"exported":26.600000381469727,"imported":0.10000000149011612,"discharged":4.699999809265137,"maxPv":8.667}
