{"generated":0.8000000715255737,"consumed":5.24601611328125,"exported":0,"imported":0,"discharged":4.199999809265137,"maxPv":1.404}
