{"generated":0.5,"consumed":5.9711865234375,"exported":0,"imported":0.10000000149011612,"discharged":5.699999809265137,"maxPv":1.332}
