{"generated":0,"consumed":4.09053271484375,"exported":0,"imported":25.799999237060547,"discharged":2.299999952316284,"maxPv":0}
