{"generated":11,"consumed":6.3918017578125,"exported":0.600000023841858,"imported":0.10000000149011612,"discharged":3.299999952316284,"maxPv":6.998}
