{"generated":43.4000015258789,"consumed":14.59037890625,"exported":25.200000762939453,"imported":0.20000000298023224,"discharged":5.599999904632568,"maxPv":13.364}
