{"generated":25,"consumed":49.22014453125,"exported":1,"imported":33.79999923706055,"discharged":4.699999809265137,"maxPv":6.162}
