{"generated":0,"consumed":2.169343505859375,"exported":0,"imported":36.9000015258789,"discharged":0,"maxPv":0}
