{"generated":3.700000047683716,"consumed":6.9350185546875,"exported":0,"imported":0,"discharged":4.800000190734863,"maxPv":2.639}
