{"generated":25.5,"consumed":37.37265625,"exported":0.10000000149011612,"imported":28.399999618530273,"discharged":2.200000047683716,"maxPv":7.717}
