{"generated":12.699999809265137,"consumed":6.69029443359375,"exported":0,"imported":0.20000000298023224,"discharged":3.299999952316284,"maxPv":6.932}
