{"generated":13.100000381469727,"consumed":7.289748046875,"exported":0.300000011920929,"imported":0.20000000298023224,"discharged":3.799999952316284,"maxPv":9.694}
