{"generated":0,"consumed":1.215228759765625,"exported":0,"imported":8.699999809265137,"discharged":0,"maxPv":0}
