{"generated":21.799999237060547,"consumed":7.06823388671875,"exported":8.899999618530273,"imported":0,"discharged":3.700000047683716,"maxPv":7.014}
