{"generated":17.200000762939453,"consumed":31.7274140625,"exported":0.10000000149011612,"imported":14.199999809265137,"discharged":4.800000190734863,"maxPv":5.423}
