{"generated":49.60000228881836,"consumed":14.9986044921875,"exported":31.100000381469727,"imported":0.10000000149011612,"discharged":6.900000095367432,"maxPv":12.165}
