{"generated":1.2000000476837158,"consumed":7.99240966796875,"exported":0,"imported":0,"discharged":7.099999904632568,"maxPv":1.493}
