{"generated":18.5,"consumed":8.984123046875,"exported":5.400000095367432,"imported":0.10000000149011612,"discharged":4,"maxPv":11.792}
