{"generated":65.7999954223633,"consumed":14.7535908203125,"exported":47.9000015258789,"imported":0.10000000149011612,"discharged":4.400000095367432,"maxPv":9.102}
