{"generated":38.70000076293945,"consumed":11.9868564453125,"exported":13.899999618530273,"imported":6.800000190734863,"discharged":14.399999618530273,"maxPv":11.105}
