{"generated":53.30000305175781,"consumed":37.34841796875,"exported":8.699999809265137,"imported":0.20000000298023224,"discharged":3.0999999046325684,"maxPv":8.443}
