{"generated":39.5999984741211,"consumed":10.3434697265625,"exported":5,"imported":1.600000023841858,"discharged":4.5,"maxPv":10.392}
