{"generated":17.69999885559082,"consumed":7.09752001953125,"exported":0,"imported":0.10000000149011612,"discharged":4.199999809265137,"maxPv":7.87}
