{"generated":42.19999694824219,"consumed":12.7020546875,"exported":23.5,"imported":0.10000000149011612,"discharged":3.700000047683716,"maxPv":7.205}
