{"generated":7.999999523162842,"consumed":10.0319951171875,"exported":0,"imported":0.20000000298023224,"discharged":3.799999952316284,"maxPv":5.689}
