{"generated":2.299999952316284,"consumed":6.25566162109375,"exported":0.10000000149011612,"imported":0.10000000149011612,"discharged":4.900000095367432,"maxPv":2.968}
