{"generated":5.299999713897705,"consumed":6.3070107421875,"exported":0,"imported":0.10000000149011612,"discharged":3.799999952316284,"maxPv":4.621}
