{"generated":12.5,"consumed":11.87153515625,"exported":0.10000000149011612,"imported":0.20000000298023224,"discharged":3.5,"maxPv":9.076}
