{"generated":24.799999237060547,"consumed":8.727951171875,"exported":0.20000000298023224,"imported":13.300000190734863,"discharged":4.5,"maxPv":11.073}
