{"generated":25.799999713897705,"consumed":17.199999429285526,"exported":0.10000000149011612}
