{"generated":33.20000076293945,"consumed":16.3009814453125,"exported":2.4000000953674316,"imported":0.20000000298023224,"discharged":5.599999904632568,"maxPv":8.777}
