{"generated":59.5999984741211,"consumed":28.032236328125,"exported":29.600000381469727,"imported":0.300000011920929,"discharged":11.5,"maxPv":12.098}
