{"generated":0,"consumed":3.8676669921875,"exported":0,"imported":1.600000023841858,"discharged":3.5,"maxPv":0}
