{"generated":48.60000228881836,"consumed":18.552587890625,"exported":27.5,"imported":3.4000000953674316,"discharged":27.700000762939453,"maxPv":8.542}
