{"generated":43.89999771118164,"consumed":11.7050537109375,"exported":27.700000762939453,"imported":0.10000000149011612,"discharged":3.299999952316284,"maxPv":11.679}
