{"generated":33.0999984741211,"consumed":15.3764072265625,"exported":17.100000381469727,"imported":0.20000000298023224,"discharged":6.400000095367432,"maxPv":12.118}
