{"generated":46.29999923706055,"consumed":10.8155166015625,"exported":28.100000381469727,"imported":0.10000000149011612,"discharged":4.099999904632568,"maxPv":8.802}
