{"generated":63.79999542236328,"consumed":22.0997734375,"exported":35.79999923706055,"imported":0.10000000149011612,"discharged":3.700000047683716,"maxPv":8.831}
