{"generated":26.699999809265137,"consumed":20.22490234375,"exported":0.20000000298023224,"imported":0.300000011920929,"discharged":5.5,"maxPv":10.968}
