{"generated":16.899999618530273,"consumed":16.79121484375,"exported":0,"imported":0.10000000149011612,"discharged":10.300000190734863,"maxPv":5.904}
