{"generated":0.600000023841858,"consumed":4.7599013671875,"exported":0,"imported":0.300000011920929,"discharged":3.4000000953674316,"maxPv":1.286}
