{"generated":58.89999771118164,"consumed":15.964384765625,"exported":38.5,"imported":0.4000000059604645,"discharged":25.600000381469727,"maxPv":9.774}
