{"generated":12.300000190734863,"consumed":11.984673828125,"exported":0.10000000149011612,"imported":0.20000000298023224,"discharged":3.5999999046325684,"maxPv":12.592}
