{"generated":3.3999998569488525,"consumed":5.49923486328125,"exported":0.10000000149011612,"imported":0.20000000298023224,"discharged":4,"maxPv":3.901}
