{"generated":32.70000076293945,"consumed":16.038875,"exported":1.600000023841858,"imported":0.20000000298023224,"discharged":8.800000190734863,"maxPv":8.987}
