{"generated":14.59999942779541,"consumed":10.96594921875,"exported":0,"imported":0,"discharged":6,"maxPv":5.638}
