{"generated":15.600000381469727,"consumed":17.033287109375,"exported":0.20000000298023224,"imported":0.20000000298023224,"discharged":9.300000190734863,"maxPv":9.872}
