{"generated":2.999999761581421,"consumed":4.859205078125,"exported":0,"imported":0.4000000059604645,"discharged":2.9000000953674316,"maxPv":4.35}
