{"generated":0,"consumed":1.6789820556640624,"exported":0,"imported":0.699999988079071,"discharged":1.600000023841858,"maxPv":0}
