{"generated":6.199999809265137,"consumed":7.5166328125,"exported":0.10000000149011612,"imported":2.5999999046325684,"discharged":3.0999999046325684,"maxPv":4.937}
