{"generated":7.900000095367432,"consumed":7.137083984375,"exported":0,"imported":0.10000000149011612,"discharged":4.300000190734863,"maxPv":4.774}
