{"generated":2.6000001430511475,"consumed":5.9189873046875,"exported":0,"imported":0.20000000298023224,"discharged":3.4000000953674316,"maxPv":3.642}
