{"generated":60.60000228881836,"consumed":17.427212890625,"exported":37.5,"imported":0.20000000298023224,"discharged":3.700000047683716,"maxPv":9.078}
