{"generated":5.299999713897705,"consumed":7.5254453125,"exported":0,"imported":0,"discharged":5.900000095367432,"maxPv":3.712}
