{"generated":65.4000015258789,"consumed":57.65458984375,"exported":2,"imported":0.5,"discharged":13.199999809265137,"maxPv":11.682}
