{"generated":63.29999923706055,"consumed":12.9623056640625,"exported":40.5999984741211,"imported":0.10000000149011612,"discharged":3.4000000953674316,"maxPv":8.432}
