{"generated":1.2000000029802322,"consumed":5.899999812245369,"exported":0}
