{"generated":31.399999618530273,"consumed":9.6301435546875,"exported":4.900000095367432,"imported":0.10000000149011612,"discharged":3.200000047683716,"maxPv":7.259}
