{"generated":0.5,"consumed":6.96702880859375,"exported":0,"imported":0,"discharged":6.599999904632568,"maxPv":0.937}
