{"generated":20.5,"consumed":6.86013818359375,"exported":2.5,"imported":0.20000000298023224,"discharged":2.700000047683716,"maxPv":7.93}
