{"generated":51.4000015258789,"consumed":14.429154296875,"exported":11.800000190734863,"imported":0.20000000298023224,"discharged":5.099999904632568,"maxPv":9.989}
