{"generated":57.500003814697266,"consumed":15.707302734375,"exported":36.29999923706055,"imported":0.10000000149011612,"discharged":5.199999809265137,"maxPv":10.891}
