{"generated":15.600000381469727,"consumed":14.7317607421875,"exported":0.20000000298023224,"imported":0.20000000298023224,"discharged":7.199999809265137,"maxPv":9.872}
