{"generated":0.20000000298023224,"consumed":5.55454931640625,"exported":0,"imported":2,"discharged":3.9000000953674316,"maxPv":0.625}
