{"generated":2,"consumed":6.13988916015625,"exported":0,"imported":0.10000000149011612,"discharged":3.700000047683716,"maxPv":2.413}
