{"generated":0,"consumed":1.070134765625,"exported":0,"imported":3.4000000953674316,"discharged":1,"maxPv":0}
