{"generated":49.500003814697266,"consumed":14.09862109375,"exported":31.100000381469727,"imported":0.10000000149011612,"discharged":6,"maxPv":12.165}
