{"generated":30.30000114440918,"consumed":29.683275390625,"exported":0.10000000149011612,"imported":0.20000000298023224,"discharged":12.399999618530273,"maxPv":7.641}
