{"generated":16.200000762939453,"consumed":9.869123046875,"exported":2.700000047683716,"imported":0.20000000298023224,"discharged":4.099999904632568,"maxPv":11.181}
