{"generated":39.5,"consumed":28.1349140625,"exported":9.300000190734863,"imported":0.20000000298023224,"discharged":4.800000190734863,"maxPv":12.563}
