{"generated":37.40000104904175,"consumed":37.60000133514404,"exported":0.20000000298023224,"imported":0.20000000298023224,"discharged":7.900000095367432,"maxPv":11.096}
