{"generated":0,"consumed":2.56388330078125,"exported":0,"imported":0,"discharged":2.299999952316284,"maxPv":0}
