{"generated":59.39999771118164,"consumed":9.3128681640625,"exported":45.9000015258789,"imported":0,"discharged":3,"maxPv":10.789}
