{"generated":58.29999923706055,"consumed":28.645642578125,"exported":23.100000381469727,"imported":0.20000000298023224,"discharged":5.5,"maxPv":9.681}
