{"generated":15.800000190734863,"consumed":15.22019921875,"exported":0.20000000298023224,"imported":13.600000381469727,"discharged":4.099999904632568,"maxPv":4.665}
