{"generated":3.9000000953674316,"consumed":4.515095703125,"exported":0,"imported":0.10000000149011612,"discharged":2.9000000953674316,"maxPv":7.23}
