{"generated":0,"consumed":4.45800927734375,"exported":0,"imported":1.600000023841858,"discharged":4,"maxPv":0.066}
