{"generated":1.5999999791383743,"consumed":6.099999777972698,"exported":0}
