{"generated":12,"consumed":15.9316025390625,"exported":0.10000000149011612,"imported":5.800000190734863,"discharged":5.400000095367432,"maxPv":8.356}
