{"generated":20.299999237060547,"consumed":8.709712890625,"exported":3.9000000953674316,"imported":0.10000000149011612,"discharged":4.900000095367432,"maxPv":8.802}
