{"generated":0,"consumed":6.800000190734863,"exported":0,"imported":0,"discharged":6.800000190734863,"maxPv":0}
