{"generated":19.100000381469727,"consumed":7.25861865234375,"exported":6.400000095367432,"imported":0.10000000149011612,"discharged":3.299999952316284,"maxPv":10.515}
