{"generated":10.600000381469727,"consumed":7.1739306640625,"exported":0,"imported":0,"discharged":4.300000190734863,"maxPv":6.032}
