{"generated":9.199999809265137,"consumed":6.67513916015625,"exported":0.10000000149011612,"imported":30.200000762939453,"discharged":3.5,"maxPv":5.114}
