{"generated":37.5,"consumed":11.70077734375,"exported":21.600000381469727,"imported":0.10000000149011612,"discharged":3.9000000953674316,"maxPv":13.648}
