{"generated":4,"consumed":12.56366796875,"exported":0,"imported":26.799999237060547,"discharged":5.300000190734863,"maxPv":4.015}
