{"generated":47.5,"consumed":17.399998858571053,"exported":11.600000381469727,"imported":0.20000000298023224,"discharged":8.399999618530273,"maxPv":10.971}
