{"generated":19.200000762939453,"consumed":25.332759765625,"exported":0.300000011920929,"imported":13.600000381469727,"discharged":4.300000190734863,"maxPv":6.186}
