{"generated":68.5,"consumed":13.5329716796875,"exported":46.79999923706055,"imported":0.10000000149011612,"discharged":4.099999904632568,"maxPv":9.446}
