{"generated":25.5,"consumed":13.041318359375,"exported":3.799999952316284,"imported":0.10000000149011612,"discharged":4.699999809265137,"maxPv":6.233}
