{"generated":0,"consumed":5.03951513671875,"exported":0,"imported":0,"discharged":5.400000095367432,"maxPv":0}
