{"generated":0.4000000059604645,"consumed":35.45623828125,"exported":0,"imported":2.700000047683716,"discharged":31.399999618530273,"maxPv":1.552}
