{"generated":11.09999942779541,"consumed":12.508916015625,"exported":0,"imported":0.10000000149011612,"discharged":5.900000095367432,"maxPv":4.639}
