{"generated":13.700000762939453,"consumed":10.51201953125,"exported":0,"imported":8.699999809265137,"discharged":0,"maxPv":5.088}
