{"generated":58.60000228881836,"consumed":12.034501953125,"exported":40.4000015258789,"imported":0.10000000149011612,"discharged":3.5,"maxPv":10.515}
