{"generated":2.9000000953674316,"consumed":7.34268603515625,"exported":0,"imported":0,"discharged":4.900000095367432,"maxPv":5.756}
