{"generated":10.199999809265137,"consumed":14.199999809265137,"exported":0.10000000149011612}
