{"generated":39.69999694824219,"consumed":9.026318359375,"exported":0.10000000149011612,"imported":19.799999237060547,"discharged":1.2999999523162842,"maxPv":8.324}
