{"generated":43.70000076293945,"consumed":11.66155078125,"exported":26.100000381469727,"imported":0.10000000149011612,"discharged":4.699999809265137,"maxPv":11.101}
