{"generated":29.799999237060547,"consumed":8.17870849609375,"exported":0.10000000149011612,"imported":0.10000000149011612,"discharged":3.799999952316284,"maxPv":8.199}
