{"generated":0.10000000149011612,"consumed":4.74805224609375,"exported":0,"imported":0.10000000149011612,"discharged":4.300000190734863,"maxPv":0.423}
