{"generated":1.7000000476837158,"consumed":5.5506005859375,"exported":0,"imported":0,"discharged":4.300000190734863,"maxPv":3.395}
