{"generated":20.5,"consumed":15.7026279296875,"exported":0,"imported":0.10000000149011612,"discharged":10,"maxPv":6.336}
