{"generated":0.10000000149011612,"consumed":5.900000192224979,"exported":0,"imported":0,"discharged":5.800000190734863,"maxPv":0.102}
