{"generated":31.799999237060547,"consumed":8.03112939453125,"exported":0.10000000149011612,"imported":0.699999988079071,"discharged":3.9000000953674316,"maxPv":7.889}
