{"generated":25.299999237060547,"consumed":27.85969921875,"exported":0.10000000149011612,"imported":32.20000076293945,"discharged":1.7999999523162842,"maxPv":8.889}
