{"generated":44.9000015258789,"consumed":18.3232890625,"exported":24,"imported":1.100000023841858,"discharged":26.399999618530273,"maxPv":10.471}
