{"generated":1.4000000953674316,"consumed":6.39996044921875,"exported":0.10000000149011612,"imported":0.10000000149011612,"discharged":4.300000190734863,"maxPv":1.455}
