{"generated":2.6000001430511475,"consumed":5.6004208984375,"exported":0,"imported":0.10000000149011612,"discharged":3.200000047683716,"maxPv":6.245}
