{"generated":47.4000015258789,"consumed":14.2881982421875,"exported":28.700000762939453,"imported":0.20000000298023224,"discharged":4.099999904632568,"maxPv":11.181}
