{"generated":14.100000500679016,"consumed":38.3016171875,"exported":0,"imported":2.799999952316284,"discharged":31.399999618530273,"maxPv":7.438}
