{"generated":6.900000214576721,"consumed":9.497306640625,"exported":0,"imported":0,"discharged":5.199999809265137,"maxPv":8.934}
