{"generated":35.0999984741211,"consumed":44.6591171875,"exported":0,"imported":19.700000762939453,"discharged":4.800000190734863,"maxPv":7.97}
