{"generated":53.5999984741211,"consumed":38.1774765625,"exported":5,"imported":0.4000000059604645,"discharged":21.200000762939453,"maxPv":12.01}
