{"generated":30.40000009536743,"consumed":15.099999904632568,"exported":0.300000011920929}
