{"generated":42.5,"consumed":12.671607421875,"exported":25.899999618530273,"imported":0.300000011920929,"discharged":4.5,"maxPv":13.08}
