{"generated":52.60000228881836,"consumed":16.68695703125,"exported":28.100000381469727,"imported":0.20000000298023224,"discharged":3.200000047683716,"maxPv":11.256}
