{"generated":0,"consumed":3.7906376953125,"exported":0,"imported":31.600000381469727,"discharged":0,"maxPv":0}
