{"generated":48.5999984741211,"consumed":11.9317958984375,"exported":31.799999237060547,"imported":0.10000000149011612,"discharged":3.799999952316284,"maxPv":10.509}
