{"generated":0,"consumed":2.1848759765625,"exported":0,"imported":3.200000047683716,"discharged":2,"maxPv":0}
