{"generated":60.0999984741211,"consumed":0.5698731079101562,"exported":30.100000381469727,"imported":0.300000011920929,"discharged":7.400000095367432,"maxPv":0}
