{"generated":0,"consumed":2.65965283203125,"exported":0,"imported":0.10000000149011612,"discharged":3,"maxPv":0}
