{"generated":24.799999237060547,"consumed":8.524486328125,"exported":0,"imported":0,"discharged":4.5,"maxPv":8.197}
