{"generated":61.0999984741211,"consumed":10.2445546875,"exported":46.70000076293945,"imported":0.10000000149011612,"discharged":3.4000000953674316,"maxPv":8.722}
