{"generated":1.5999999046325684,"consumed":7.57222265625,"exported":0,"imported":7.599999904632568,"discharged":4.400000095367432,"maxPv":2.7}
