{"generated":1.100000023841858,"consumed":5.653935546875,"exported":0,"imported":0.10000000149011612,"discharged":4.300000190734863,"maxPv":2.028}
