{"generated":66.89999389648438,"consumed":0.6092548828125,"exported":35.5,"imported":0.10000000149011612,"discharged":10.300000190734863,"maxPv":0}
