{"generated":21.80000114440918,"consumed":13.6888046875,"exported":1.2000000476837158,"imported":0.20000000298023224,"discharged":3.200000047683716,"maxPv":11.256}
