{"generated":33.0999984741211,"consumed":11.793796875,"exported":17.299999237060547,"imported":0.20000000298023224,"discharged":4.099999904632568,"maxPv":11.181}
