{"generated":10.300000190734863,"consumed":7.87148828125,"exported":0.10000000149011612,"imported":0.10000000149011612,"discharged":4,"maxPv":9.995}
