{"generated":50.70000076293945,"consumed":24.83409375,"exported":1.600000023841858,"imported":0.600000023841858,"discharged":3.799999952316284,"maxPv":8.761}
