{"generated":0.800000011920929,"consumed":4.025768310546875,"exported":0,"imported":0.10000000149011612,"discharged":3.200000047683716,"maxPv":1.449}
