{"generated":45.5999984741211,"consumed":37.4686171875,"exported":0.4000000059604645,"imported":0.4000000059604645,"discharged":5.599999904632568,"maxPv":11.109}
