{"generated":40.79999923706055,"consumed":18.681197265625,"exported":0.10000000149011612,"imported":5.300000190734863,"discharged":7.599999904632568,"maxPv":8.076}
