{"generated":20.799999237060547,"consumed":13.73048828125,"exported":0.10000000149011612,"imported":0.10000000149011612,"discharged":7,"maxPv":6.281}
