{"generated":41.29999923706055,"consumed":21.82736328125,"exported":23.399999618530273,"imported":18.100000381469727,"discharged":29.700000762939453,"maxPv":7.885}
