{"generated":3.1000001430511475,"consumed":6.12243701171875,"exported":0,"imported":0,"discharged":5,"maxPv":3.906}
