{"generated":32.5,"consumed":12.3825625,"exported":14.600000381469727,"imported":0.20000000298023224,"discharged":3.4000000953674316,"maxPv":12.276}
