{"generated":3.700000047683716,"consumed":11.1348427734375,"exported":0,"imported":7.099999904632568,"discharged":0,"maxPv":4.396}
