{"generated":4.600000381469727,"consumed":6.9326396484375,"exported":0,"imported":8.699999809265137,"discharged":0,"maxPv":3.119}
