{"generated":24.200000762939453,"consumed":14.2755732421875,"exported":8.5,"imported":0.10000000149011612,"discharged":6.599999904632568,"maxPv":9.931}
