{"generated":15.40000057220459,"consumed":6.64099755859375,"exported":1.2000000476837158,"imported":0,"discharged":3.799999952316284,"maxPv":6.612}
