{"generated":2,"consumed":5.43141943359375,"exported":0,"imported":0.10000000149011612,"discharged":3.4000000953674316,"maxPv":2.404}
