{"generated":28.299999713897705,"consumed":14.199999809265137,"exported":0.10000000149011612,"imported":0.10000000149011612,"discharged":5.900000095367432,"maxPv":8.819}
