{"generated":35.70000076293945,"consumed":66.569453125,"exported":0.10000000149011612,"imported":32.70000076293945,"discharged":13.300000190734863,"maxPv":5.387}
