{"generated":32.89999771118164,"consumed":10.1824365234375,"exported":0.10000000149011612,"imported":3.700000047683716,"discharged":1.2000000476837158,"maxPv":7.838}
