{"generated":49.9000015258789,"consumed":13.2491044921875,"exported":31.299999237060547,"imported":0,"discharged":5.099999904632568,"maxPv":12.159}
