{"generated":0,"consumed":3.481142822265625,"exported":0,"imported":1,"discharged":3.700000047683716,"maxPv":0}
