{"generated":34.5,"consumed":9.728515625,"exported":0,"imported":12.899999618530273,"discharged":0,"maxPv":7.47}
