{"generated":20.5,"consumed":18.23350390625,"exported":0.20000000298023224,"imported":2.700000047683716,"discharged":9,"maxPv":6.411}
