{"generated":49.29999923706055,"consumed":15.02983984375,"exported":28.5,"imported":0.10000000149011612,"discharged":5.800000190734863,"maxPv":10}
