{"generated":0.10000000149011612,"consumed":5.205794921875,"exported":0,"imported":0,"discharged":5.599999904632568,"maxPv":0.087}
