{"generated":54.89999771118164,"consumed":20.888400390625,"exported":26.600000381469727,"imported":0.20000000298023224,"discharged":3.799999952316284,"maxPv":10.272}
