{"generated":29.899999618530273,"consumed":20.469654296875,"exported":0.10000000149011612,"imported":0.10000000149011612,"discharged":10.300000190734863,"maxPv":6.486}
