{"generated":23,"consumed":20.53445703125,"exported":0.10000000149011612,"imported":0.20000000298023224,"discharged":7.599999904632568,"maxPv":5.609}
