{"generated":20.799999237060547,"consumed":7.7962998046875,"exported":9,"imported":0.10000000149011612,"discharged":3.4000000953674316,"maxPv":9.37}
