{"generated":10.799999237060547,"consumed":10.0496572265625,"exported":0.10000000149011612,"imported":0.10000000149011612,"discharged":4.400000095367432,"maxPv":9.762}
