{"generated":8.09999942779541,"consumed":8.6495263671875,"exported":0,"imported":5.599999904632568,"discharged":0.600000023841858,"maxPv":3.845}
