{"generated":19.80000114440918,"consumed":15.5865244140625,"exported":0.10000000149011612,"imported":3.200000047683716,"discharged":6.699999809265137,"maxPv":4.77}
