{"generated":0,"consumed":2.087697265625,"exported":0,"imported":0.20000000298023224,"discharged":2,"maxPv":0}
