{"generated":56.599998474121094,"consumed":13.899998188018799,"exported":37}
