{"generated":65.3000030517578,"consumed":25.017658203125,"exported":35,"imported":0.20000000298023224,"discharged":3.799999952316284,"maxPv":8.629}
