{"generated":42.70000076293945,"consumed":14.8545322265625,"exported":23.100000381469727,"imported":0.10000000149011612,"discharged":4.199999809265137,"maxPv":7.641}
