{"generated":0,"consumed":2.2906787109375,"exported":0,"imported":0.300000011920929,"discharged":2.200000047683716,"maxPv":0}
