{"generated":2.200000047683716,"consumed":5.7551416015625,"exported":0,"imported":0.10000000149011612,"discharged":4.199999809265137,"maxPv":3.73}
