{"generated":7.5,"consumed":5.9130517578125,"exported":0.10000000149011612,"imported":12,"discharged":4,"maxPv":6.073}
