{"generated":35.60000228881836,"consumed":11.455021484375,"exported":3,"imported":18.100000381469727,"discharged":4.599999904632568,"maxPv":7.885}
