{"generated":2.8000001907348633,"consumed":12.869708984375,"exported":0.10000000149011612,"imported":3,"discharged":6.900000095367432,"maxPv":1.279}
