{"generated":57.69999694824219,"consumed":25.8673984375,"exported":6,"imported":0.10000000149011612,"discharged":5,"maxPv":9.323}
