{"generated":27.099998474121094,"consumed":7.526865234375,"exported":13.300000190734863,"imported":0.10000000149011612,"discharged":3.299999952316284,"maxPv":8.979}
