{"generated":11.59999942779541,"consumed":7.7381787109375,"exported":0.10000000149011612,"imported":0.10000000149011612,"discharged":3.799999952316284,"maxPv":8.284}
