{"generated":57.80000305175781,"consumed":11.053984375,"exported":20.799999237060547,"imported":0.10000000149011612,"discharged":4.300000190734863,"maxPv":8.714}
