{"generated":66.5,"consumed":13.6276904296875,"exported":48.29999923706055,"imported":0.10000000149011612,"discharged":3.0999999046325684,"maxPv":8.959}
