{"generated":10.100000381469727,"consumed":6.80494921875,"exported":0,"imported":0.20000000298023224,"discharged":3.5999999046325684,"maxPv":5.782}
