{"generated":0,"consumed":33.29455078125,"exported":0,"imported":30.100000381469727,"discharged":1.100000023841858,"maxPv":0}
