{"generated":0,"consumed":2.57301025390625,"exported":0,"imported":0.10000000149011612,"discharged":2.5,"maxPv":0}
