{"generated":37.29999923706055,"consumed":13.5229091796875,"exported":18.399999618530273,"imported":0.10000000149011612,"discharged":3.9000000953674316,"maxPv":7.743}
