{"generated":3.5999999046325684,"consumed":10.5020703125,"exported":0,"imported":34.29999923706055,"discharged":4.900000095367432,"maxPv":2.295}
