{"generated":4.600000381469727,"consumed":40.93582421875,"exported":0,"imported":36.4000015258789,"discharged":12,"maxPv":2.37}
