{"generated":59.29999923706055,"consumed":15.1268701171875,"exported":39,"imported":0.4000000059604645,"discharged":25.100000381469727,"maxPv":8.714}
