{"generated":20.69999885559082,"consumed":14.5395927734375,"exported":0.10000000149011612,"imported":1.100000023841858,"discharged":7.199999809265137,"maxPv":5.631}
