{"generated":13.199999809265137,"consumed":8.702005859375,"exported":0.10000000149011612,"imported":0.20000000298023224,"discharged":4,"maxPv":9.928}
