{"generated":45.70000076293945,"consumed":11.7970537109375,"exported":32.0999984741211,"imported":0.10000000149011612,"discharged":5,"maxPv":12.053}
