{"generated":64.49999904632568,"consumed":64.8333984375,"exported":0.10000000149011612,"imported":2.9000000953674316,"discharged":32.79999923706055,"maxPv":9.478}
