{"generated":61.20000457763672,"consumed":24.096765625,"exported":31.799999237060547,"imported":0.20000000298023224,"discharged":3.799999952316284,"maxPv":8.629}
