{"generated":57,"consumed":21.3934140625,"exported":31.299999237060547,"imported":0.20000000298023224,"discharged":6,"maxPv":12.933}
