{"generated":19.69999885559082,"consumed":20.525830078125,"exported":0,"imported":0.20000000298023224,"discharged":13.199999809265137,"maxPv":9.212}
