{"generated":7.300000190734863,"consumed":19.9960546875,"exported":0.10000000149011612,"imported":13.600000381469727,"discharged":6.699999809265137,"maxPv":5.403}
