{"generated":18.200000762939453,"consumed":11.6028828125,"exported":4.800000190734863,"imported":0.20000000298023224,"discharged":4.5,"maxPv":6.703}
