{"generated":40.99999952316284,"consumed":19.000000096857548,"exported":13.899999618530273}
