{"generated":65.5,"consumed":18.145162109375,"exported":41.79999923706055,"imported":0.10000000149011612,"discharged":6.400000095367432,"maxPv":10.95}
