{"generated":0,"consumed":3.13891748046875,"exported":0,"imported":0,"discharged":3.700000047683716,"maxPv":0}
