{"generated":34.20000076293945,"consumed":8.12357568359375,"exported":21.399999618530273,"imported":0.20000000298023224,"discharged":3.200000047683716,"maxPv":8.692}
