{"generated":0.5,"consumed":6.5503671875,"exported":0,"imported":7.5,"discharged":4.400000095367432,"maxPv":0.882}
