{"generated":2.799999713897705,"consumed":17.244162109375,"exported":0,"imported":14.100000381469727,"discharged":0,"maxPv":2.278}
