{"generated":10.09999942779541,"consumed":9.397658203125,"exported":0.10000000149011612,"imported":0.10000000149011612,"discharged":5.400000095367432,"maxPv":12.477}
