{"generated":3,"consumed":33.0546328125,"exported":0,"imported":36,"discharged":6.199999809265137,"maxPv":2.37}
