{"generated":39.89999771118164,"consumed":19.110712890625,"exported":22.100000381469727,"imported":0,"discharged":10.399999618530273,"maxPv":7.144}
