{"generated":0,"consumed":4.0587783203125,"exported":0,"imported":13.300000190734863,"discharged":3.799999952316284,"maxPv":0.063}
