{"generated":65.29999828338623,"consumed":13.909259765625,"exported":44.20000076293945,"imported":0.10000000149011612,"discharged":9.600000381469727,"maxPv":9.086}
