{"generated":0.4000000059604645,"consumed":5.44553662109375,"exported":0,"imported":0.20000000298023224,"discharged":5.199999809265137,"maxPv":1.085}
