{"generated":47.9000015258789,"consumed":10.6819658203125,"exported":30.5,"imported":0.20000000298023224,"discharged":4.199999809265137,"maxPv":8.891}
