{"generated":0.900000035762787,"consumed":5.08505322265625,"exported":0,"imported":0,"discharged":4.300000190734863,"maxPv":3.219}
