{"generated":65.8000030517578,"consumed":28.687685546875,"exported":33.20000076293945,"imported":0.20000000298023224,"discharged":6.300000190734863,"maxPv":8.527}
