{"generated":2.5999999046325684,"consumed":5.2686640625,"exported":0,"imported":0.20000000298023224,"discharged":3.299999952316284,"maxPv":3.42}
