{"generated":42.79999923706055,"consumed":0.5922391967773437,"exported":25.5,"imported":0,"discharged":8.100000381469727,"maxPv":0}
