{"generated":66.9000015258789,"consumed":25.39880859375,"exported":30.899999618530273,"imported":0.20000000298023224,"discharged":5.699999809265137,"maxPv":9.796}
