{"generated":0,"consumed":2.6435078125,"exported":0,"imported":0.20000000298023224,"discharged":1.7999999523162842,"maxPv":0}
