{"generated":13.999999046325684,"consumed":6.9465712890625,"exported":1.7999999523162842,"imported":0.10000000149011612,"discharged":3.4000000953674316,"maxPv":9.549}
