{"generated":62.400001525878906,"consumed":10.5457587890625,"exported":19,"imported":0.5,"discharged":11.899999618530273,"maxPv":8.977}
