{"generated":38.29999923706055,"consumed":34.3699296875,"exported":0.10000000149011612,"imported":0.10000000149011612,"discharged":4.099999904632568,"maxPv":8.851}
