{"generated":66.39999771118164,"consumed":8.2212197265625,"exported":0.5,"imported":0.20000000298023224,"discharged":12.100000381469727,"maxPv":7.33}
