{"generated":1.2999999895691872,"consumed":6.33788720703125,"exported":0,"imported":0,"discharged":5,"maxPv":3.654}
