{"generated":8,"consumed":8.6734853515625,"exported":0,"imported":5.800000190734863,"discharged":0,"maxPv":8.356}
