{"generated":5.699999809265137,"consumed":8.3421708984375,"exported":0.10000000149011612,"imported":0.10000000149011612,"discharged":5,"maxPv":7.136}
