{"generated":0,"consumed":1.165254638671875,"exported":0,"imported":4.099999904632568,"discharged":1.100000023841858,"maxPv":0}
