{"generated":13.799999237060547,"consumed":7.82957275390625,"exported":0.10000000149011612,"imported":0.10000000149011612,"discharged":4.300000190734863,"maxPv":6.11}
