{"generated":36.79999923706055,"consumed":13.349421875,"exported":13.699999809265137,"imported":0.10000000149011612,"discharged":5,"maxPv":13.383}
