{"generated":55.9000015258789,"consumed":22.818779296875,"exported":25,"imported":0.20000000298023224,"discharged":6.800000190734863,"maxPv":10.264}
