{"generated":33.89999771118164,"consumed":22.85233203125,"exported":2.4000000953674316,"imported":0.20000000298023224,"discharged":11.100000381469727,"maxPv":8.777}
