{"generated":11.900000095367432,"consumed":16.3999999538064,"exported":0}
