{"generated":30.299999237060547,"consumed":15.532306640625,"exported":5.599999904632568,"imported":0.10000000149011612,"discharged":4.099999904632568,"maxPv":10.413}
