{"generated":38.0999984741211,"consumed":9.1614169921875,"exported":23,"imported":0.10000000149011612,"discharged":3.4000000953674316,"maxPv":9.549}
