{"generated":33.89999771118164,"consumed":21.695439453125,"exported":10.699999809265137,"imported":0.300000011920929,"discharged":13.899999618530273,"maxPv":8.197}
