{"generated":46.4000015258789,"consumed":14.23075,"exported":26.399999618530273,"imported":0.20000000298023224,"discharged":3.4000000953674316,"maxPv":12.276}
