{"generated":1.100000023841858,"consumed":40.923203125,"exported":0,"imported":33.79999923706055,"discharged":3.799999952316284,"maxPv":2.447}
