{"generated":1.600000023841858,"consumed":39.6905234375,"exported":0,"imported":33.70000076293945,"discharged":2.9000000953674316,"maxPv":2.699}
