{"generated":17.5,"consumed":43.135203125,"exported":0.10000000149011612,"imported":33.79999923706055,"discharged":2.9000000953674316,"maxPv":6.162}
