{"generated":14.600000381469727,"consumed":10.844427734375,"exported":0.10000000149011612,"imported":0.20000000298023224,"discharged":4.599999904632568,"maxPv":9.872}
