{"generated":0.10000000149011612,"consumed":3.789931884765625,"exported":0,"imported":0.5,"discharged":2.799999952316284,"maxPv":0.085}
