{"generated":44.0999984741211,"consumed":14.9462060546875,"exported":17.299999237060547,"imported":0.20000000298023224,"discharged":3.5,"maxPv":10.264}
