{"generated":4.300000190734863,"consumed":17.054796875,"exported":0,"imported":12.899999618530273,"discharged":0.10000000149011612,"maxPv":4.396}
