{"generated":2.499999761581421,"consumed":5.2682939453125,"exported":0,"imported":0.20000000298023224,"discharged":3.5999999046325684,"maxPv":4.105}
