{"generated":53.5999984741211,"consumed":25.699029296875,"exported":18.700000762939453,"imported":0.10000000149011612,"discharged":2.5999999046325684,"maxPv":8.277}
