{"generated":61.70000076293945,"consumed":17.10233984375,"exported":39.20000076293945,"imported":0.20000000298023224,"discharged":7.099999904632568,"maxPv":8.787}
