{"generated":1.7000000476837158,"consumed":5.9140302734375,"exported":0,"imported":0.10000000149011612,"discharged":3.9000000953674316,"maxPv":3.114}
