{"generated":4.300000190734863,"consumed":6.4485263671875,"exported":0.10000000149011612,"imported":0.20000000298023224,"discharged":3.299999952316284,"maxPv":2.958}
