{"generated":61.70000076293945,"consumed":0.7193025512695312,"exported":33.70000076293945,"imported":0.10000000149011612,"discharged":15.899999618530273,"maxPv":0}
