{"generated":64.5,"consumed":27.898158203125,"exported":27.5,"imported":0.20000000298023224,"discharged":4.800000190734863,"maxPv":9.124}
