{"generated":29.899999618530273,"consumed":18.66601171875,"exported":0.10000000149011612,"imported":0.10000000149011612,"discharged":8.600000381469727,"maxPv":6.486}
