{"generated":0,"consumed":1.130380126953125,"exported":0,"imported":0.300000011920929,"discharged":0.5,"maxPv":0}
