{"generated":42.9000015258789,"consumed":15.98190234375,"exported":23.5,"imported":0.10000000149011612,"discharged":6.199999809265137,"maxPv":7.205}
