{"generated":40.5999984741211,"consumed":11.8768740234375,"exported":22.600000381469727,"imported":0.10000000149011612,"discharged":3.700000047683716,"maxPv":7.205}
