{"generated":19.200000762939453,"consumed":8.0329267578125,"exported":0,"imported":0,"discharged":4.5,"maxPv":8.928}
