{"generated":12,"consumed":15.16726171875,"exported":0.10000000149011612,"imported":5.800000190734863,"discharged":4.599999904632568,"maxPv":8.356}
