{"generated":33.89999771118164,"consumed":20.41487890625,"exported":2.4000000953674316,"imported":0.20000000298023224,"discharged":8.800000190734863,"maxPv":8.777}
