{"generated":27.5,"consumed":13.9381845703125,"exported":10.100000381469727,"imported":0.10000000149011612,"discharged":5.800000190734863,"maxPv":11.121}
