{"generated":39.999996185302734,"consumed":13.6505283203125,"exported":20.5,"imported":0.20000000298023224,"discharged":6.199999809265137,"maxPv":13.221}
