{"generated":0.20000000298023224,"consumed":4.78240380859375,"exported":0,"imported":0.4000000059604645,"discharged":3.799999952316284,"maxPv":0.09}
