{"generated":42,"consumed":11.27103125,"exported":28.600000381469727,"imported":0.10000000149011612,"discharged":4.400000095367432,"maxPv":11.958}
