{"generated":27,"consumed":25.0980625,"exported":0.10000000149011612,"imported":0.20000000298023224,"discharged":6.900000095367432,"maxPv":7.199}
