{"generated":64.59999942779541,"consumed":65.863125,"exported":0.10000000149011612,"imported":2.9000000953674316,"discharged":33.70000076293945,"maxPv":9.478}
