{"generated":4.599999904632568,"consumed":42.92766015625,"exported":0,"imported":32.5,"discharged":3.700000047683716,"maxPv":3.384}
