{"generated":63.80000305175781,"consumed":10.39428125,"exported":49.5999984741211,"imported":0.10000000149011612,"discharged":3.5,"maxPv":8.917}
