{"generated":13.199999809265137,"consumed":13.3685234375,"exported":0,"imported":0.4000000059604645,"discharged":6,"maxPv":7.797}
