{"generated":29.099998474121094,"consumed":17.992890625,"exported":0.20000000298023224,"imported":0.20000000298023224,"discharged":7.699999809265137,"maxPv":9.754}
