{"generated":30.899999618530273,"consumed":50.36905859375,"exported":7.699999809265137,"imported":32.0999984741211,"discharged":13.600000381469727,"maxPv":10.34}
