{"generated":45.5,"consumed":9.799818359375,"exported":30.899999618530273,"imported":0.10000000149011612,"discharged":3.4000000953674316,"maxPv":9.37}
