{"generated":53.5,"consumed":0.6482324829101562,"exported":29.899999618530273,"imported":0.10000000149011612,"discharged":10,"maxPv":0}
