{"generated":25.800000190734863,"consumed":11.800000287592411,"exported":2.9000000953674316}
