{"generated":46.70000076293945,"consumed":0.5934108276367187,"exported":6.699999809265137,"imported":28.5,"discharged":5.5,"maxPv":0}
