{"generated":0,"consumed":4.90120458984375,"exported":0,"imported":0.10000000149011612,"discharged":4.599999904632568,"maxPv":0.083}
