{"generated":5.300000190734863,"consumed":17.942236328125,"exported":0,"imported":14.100000381469727,"discharged":0,"maxPv":4.475}
