{"generated":30.80000114440918,"consumed":20.459427734375,"exported":0.899999976158142,"imported":0.10000000149011612,"discharged":2.9000000953674316,"maxPv":10.271}
