{"generated":18.100000381469727,"consumed":32.437306640625,"exported":0,"imported":25.299999237060547,"discharged":1.2000000476837158,"maxPv":6.018}
