{"generated":42.19999694824219,"consumed":28.55273046875,"exported":1.2999999523162842,"imported":0.10000000149011612,"discharged":5,"maxPv":7.529}
