{"generated":64.60000610351562,"consumed":9.7528115234375,"exported":50.5999984741211,"imported":0.10000000149011612,"discharged":3.0999999046325684,"maxPv":8.916}
