{"generated":0,"consumed":42.6773671875,"exported":0,"imported":38,"discharged":1.600000023841858,"maxPv":0}
