{"generated":1.100000023841858,"consumed":6.54057861328125,"exported":0,"imported":0,"discharged":5.300000190734863,"maxPv":1.822}
