{"generated":14.5,"consumed":7.5474697265625,"exported":2.9000000953674316,"imported":0.10000000149011612,"discharged":3.9000000953674316,"maxPv":11.789}
