{"generated":17.30000114440918,"consumed":11.136373046875,"exported":0.10000000149011612,"imported":0.10000000149011612,"discharged":4.900000095367432,"maxPv":6.921}
