{"generated":34.60000133514404,"consumed":21.100000955164433,"exported":6.099999904632568}
