{"generated":0,"consumed":5.56913427734375,"exported":0,"imported":0.10000000149011612,"discharged":5,"maxPv":0.056}
