{"generated":43.29999923706055,"consumed":13.8990439453125,"exported":25.200000762939453,"imported":0.20000000298023224,"discharged":5,"maxPv":13.364}
