{"generated":19.00000023841858,"consumed":13.9972998046875,"exported":0,"imported":0.10000000149011612,"discharged":6.599999904632568,"maxPv":6.306}
