{"generated":33,"consumed":13.455537109375,"exported":17.100000381469727,"imported":0.20000000298023224,"discharged":4.599999904632568,"maxPv":12.118}
