{"generated":66,"consumed":32.8259296875,"exported":28.299999237060547,"imported":0.20000000298023224,"discharged":7.099999904632568,"maxPv":8.952}
