{"generated":6.800000190734863,"consumed":6.9662490234375,"exported":0,"imported":0.20000000298023224,"discharged":3.9000000953674316,"maxPv":8.175}
