{"generated":22.200000762939453,"consumed":6.8248935546875,"exported":0,"imported":0.10000000149011612,"discharged":3.700000047683716,"maxPv":8.031}
