{"generated":8.90000057220459,"consumed":9.4660712890625,"exported":0.20000000298023224,"imported":0.20000000298023224,"discharged":5.199999809265137,"maxPv":4.493}
