{"generated":60.89999771118164,"consumed":13.09654296875,"exported":37.20000076293945,"imported":0.10000000149011612,"discharged":4.800000190734863,"maxPv":8.775}
