{"generated":3.999999761581421,"consumed":10.7632568359375,"exported":0,"imported":5.300000190734863,"discharged":7.599999904632568,"maxPv":3.751}
