{"generated":0.10000000149011612,"consumed":4.61273681640625,"exported":0,"imported":0.20000000298023224,"discharged":3.5,"maxPv":0.192}
