{"generated":47.20000076293945,"consumed":16.2540966796875,"exported":23.799999237060547,"imported":0.10000000149011612,"discharged":4.300000190734863,"maxPv":8.975}
