{"generated":1.100000023841858,"consumed":5.4206298828125,"exported":0,"imported":0.10000000149011612,"discharged":3.700000047683716,"maxPv":2.413}
