{"generated":41.000003814697266,"consumed":12.8198935546875,"exported":23.899999618530273,"imported":0.20000000298023224,"discharged":4.099999904632568,"maxPv":11.181}
