{"generated":44.9000015258789,"consumed":19.06350390625,"exported":24,"imported":1.100000023841858,"discharged":27.100000381469727,"maxPv":10.471}
