{"generated":13.59999942779541,"consumed":8.0668544921875,"exported":1.7000000476837158,"imported":0.10000000149011612,"discharged":3.0999999046325684,"maxPv":8.978}
