{"generated":28,"consumed":12.1325400390625,"exported":11.600000381469727,"imported":0,"discharged":4.900000095367432,"maxPv":11.674}
