{"generated":0,"consumed":22.67664453125,"exported":0,"imported":0,"discharged":0.800000011920929,"maxPv":0}
