{"generated":1.600000023841858,"consumed":5.89611669921875,"exported":0,"imported":0,"discharged":4.800000190734863,"maxPv":3.838}
