{"generated":0,"consumed":2.269777099609375,"exported":0,"imported":0.5,"discharged":1.399999976158142,"maxPv":0}
