{"generated":31.200000762939453,"consumed":0.6720768432617188,"exported":13.899999618530273,"imported":0.10000000149011612,"discharged":8,"maxPv":0}
