{"generated":40.9000015258789,"consumed":12.196314453125,"exported":22.799999237060547,"imported":0,"discharged":5.599999904632568,"maxPv":7.145}
