{"generated":23,"consumed":21.97540625,"exported":0.10000000149011612,"imported":0.20000000298023224,"discharged":9,"maxPv":5.609}
