{"generated":12.40000057220459,"consumed":6.16580908203125,"exported":2.700000047683716,"imported":0.10000000149011612,"discharged":3,"maxPv":8.668}
