{"generated":15.600000381469727,"consumed":15.48795703125,"exported":0.20000000298023224,"imported":0.20000000298023224,"discharged":7.900000095367432,"maxPv":9.872}
