{"generated":0,"consumed":3.08313232421875,"exported":0.10000000149011612,"imported":0.10000000149011612,"discharged":2.9000000953674316,"maxPv":0}
