{"generated":20.299999237060547,"consumed":31.658828125,"exported":0.4000000059604645,"imported":13.899999618530273,"discharged":9.300000190734863,"maxPv":6.186}
