{"generated":21.100000023841858,"consumed":20.165396484375,"exported":0.10000000149011612,"imported":0.10000000149011612,"discharged":12.199999809265137,"maxPv":8.508}
