{"generated":53.49999809265137,"consumed":50.099997758865356,"exported":3.299999952316284,"imported":26.200000762939453,"discharged":14.899999618530273,"maxPv":9.375}
