{"generated":30.399999141693115,"consumed":15.703626953125,"exported":3.799999952316284,"imported":0.20000000298023224,"discharged":4.699999809265137,"maxPv":9.796}
