{"generated":16.5,"consumed":8.47478515625,"exported":0.10000000149011612,"imported":0.10000000149011612,"discharged":3.799999952316284,"maxPv":8.829}
