{"generated":66.5,"consumed":19.7792421875,"exported":39,"imported":0.20000000298023224,"discharged":4.099999904632568,"maxPv":11.582}
