{"generated":19,"consumed":15.3673603515625,"exported":0.10000000149011612,"imported":0.20000000298023224,"discharged":9.600000381469727,"maxPv":5.48}
