{"generated":0.800000011920929,"consumed":4.72424072265625,"exported":0,"imported":0.10000000149011612,"discharged":3.200000047683716,"maxPv":1.353}
