{"generated":0.10000000149011612,"consumed":4.973501953125,"exported":0,"imported":0,"discharged":4.599999904632568,"maxPv":0.194}
