{"generated":54.10000038146973,"consumed":29.299999810755253,"exported":15.300000190734863,"imported":0.10000000149011612,"discharged":17.299999237060547,"maxPv":10.548}
