{"generated":50.89999771118164,"consumed":15.538537109375,"exported":31.299999237060547,"imported":0.10000000149011612,"discharged":6.400000095367432,"maxPv":12.159}
