{"generated":44,"consumed":11.55509375,"exported":24.799999237060547,"imported":0.10000000149011612,"discharged":4.5,"maxPv":10.95}
