{"generated":21.799999237060547,"consumed":18.290013671875,"exported":0.10000000149011612,"imported":0.10000000149011612,"discharged":10.600000381469727,"maxPv":5.579}
