{"generated":3.3999998569488525,"consumed":5.46720654296875,"exported":0.10000000149011612,"imported":0.10000000149011612,"discharged":3.4000000953674316,"maxPv":3.743}
