{"generated":10.600000381469727,"consumed":6.59636083984375,"exported":0.10000000149011612,"imported":0.10000000149011612,"discharged":3.5,"maxPv":6.436}
