{"generated":60.79999923706055,"consumed":18.259935546875,"exported":37.5,"imported":0.20000000298023224,"discharged":4.199999809265137,"maxPv":9.078}
