{"generated":18.5,"consumed":28.162646484375,"exported":0.10000000149011612,"imported":14.199999809265137,"discharged":6.099999904632568,"maxPv":5.327}
