{"generated":17.899999618530273,"consumed":16.49341796875,"exported":0.10000000149011612,"imported":0.10000000149011612,"discharged":7.800000190734863,"maxPv":2.163}
