{"generated":16.69999885559082,"consumed":10.2636806640625,"exported":0.10000000149011612,"imported":0.10000000149011612,"discharged":4.699999809265137,"maxPv":10.422}
