{"generated":1.6000001430511475,"consumed":6.20653564453125,"exported":0,"imported":0.10000000149011612,"discharged":4.900000095367432,"maxPv":4.637}
