{"generated":32.70000076293945,"consumed":17.403263671875,"exported":1.600000023841858,"imported":0.20000000298023224,"discharged":10.100000381469727,"maxPv":8.987}
