{"generated":18.700000762939453,"consumed":12.7802880859375,"exported":0.300000011920929,"imported":0.300000011920929,"discharged":6.400000095367432,"maxPv":7.674}
