{"generated":18.600000381469727,"consumed":11.50141015625,"exported":0,"imported":0.10000000149011612,"discharged":6.199999809265137,"maxPv":6.026}
