{"generated":30.099998474121094,"consumed":16.32348046875,"exported":8,"imported":0.20000000298023224,"discharged":6,"maxPv":8.191}
