{"generated":39.20000076293945,"consumed":16.528720703125,"exported":13.100000381469727,"imported":0.10000000149011612,"discharged":4.099999904632568,"maxPv":10.413}
