{"generated":28.799999713897705,"consumed":25.499998569488525,"exported":0.10000000149011612,"imported":0.10000000149011612,"discharged":17.299999237060547,"maxPv":9.07}
