{"generated":20.299999237060547,"consumed":29.29915234375,"exported":0.300000011920929,"imported":13.800000190734863,"discharged":7,"maxPv":6.186}
