{"generated":0,"consumed":4.713263671875,"exported":0,"imported":0,"discharged":5.099999904632568,"maxPv":0}
