{"generated":13,"consumed":21.7671328125,"exported":0,"imported":0.10000000149011612,"discharged":12.5,"maxPv":4.639}
