{"generated":38.70000076293945,"consumed":12.5885625,"exported":22.899999618530273,"imported":6.800000190734863,"discharged":24.299999237060547,"maxPv":11.105}
