{"generated":2.3999998569488525,"consumed":5.7980517578125,"exported":0,"imported":0.20000000298023224,"discharged":3.4000000953674316,"maxPv":3.876}
