{"generated":62.80000305175781,"consumed":28.9567109375,"exported":22.100000381469727,"imported":0.4000000059604645,"discharged":11.699999809265137,"maxPv":9.047}
