{"generated":41.30000305175781,"consumed":18.773685546875,"exported":12.699999809265137,"imported":0.10000000149011612,"discharged":4.900000095367432,"maxPv":12.622}
