{"generated":36.5,"consumed":11.0582099609375,"exported":19.399999618530273,"imported":0.10000000149011612,"discharged":3.700000047683716,"maxPv":7.205}
