{"generated":0.4000000059604645,"consumed":5.60761376953125,"exported":0,"imported":0.20000000298023224,"discharged":4.199999809265137,"maxPv":0.801}
