{"generated":48.80000305175781,"consumed":35.74325,"exported":5.099999904632568,"imported":0.300000011920929,"discharged":5.199999809265137,"maxPv":10.343}
