{"generated":13.200000762939453,"consumed":11.9561533203125,"exported":0.10000000149011612,"imported":0.10000000149011612,"discharged":5.699999809265137,"maxPv":4.893}
