{"generated":0,"consumed":3.721624267578125,"exported":0,"imported":0,"discharged":4.099999904632568,"maxPv":0}
