{"generated":45.4000015258789,"consumed":28.921033203125,"exported":0.300000011920929,"imported":9.600000381469727,"discharged":6.5,"maxPv":8.874}
