{"generated":46,"consumed":10.7169638671875,"exported":28.5,"imported":0.20000000298023224,"discharged":3.700000047683716,"maxPv":11.409}
