{"generated":40.5,"consumed":18.459916015625,"exported":20.600000381469727,"imported":0.20000000298023224,"discharged":7.300000190734863,"maxPv":13.248}
