{"generated":49.39999771118164,"consumed":42.400796875,"exported":0.300000011920929,"imported":0.4000000059604645,"discharged":5.900000095367432,"maxPv":11.803}
