{"generated":0,"consumed":3.863982421875,"exported":0,"imported":0.10000000149011612,"discharged":3.0999999046325684,"maxPv":0}
