{"generated":60.29999542236328,"consumed":11.7466640625,"exported":43.70000076293945,"imported":0.20000000298023224,"discharged":3.4000000953674316,"maxPv":8.7}
