{"generated":10.399999618530273,"consumed":21.708916015625,"exported":0,"imported":7.199999809265137,"discharged":7.699999809265137,"maxPv":11.543}
