{"generated":1.7000000476837158,"consumed":5.72994921875,"exported":0.10000000149011612,"imported":0,"discharged":4.300000190734863,"maxPv":4.028}
