{"generated":57.79999923706055,"consumed":0.677150634765625,"exported":0.10000000149011612,"imported":0.20000000298023224,"discharged":7.900000095367432,"maxPv":0}
