{"generated":18.299999237060547,"consumed":17.39116796875,"exported":0,"imported":0.300000011920929,"discharged":10.399999618530273,"maxPv":4.989}
