{"generated":45.299999713897705,"consumed":27.700000002980232,"exported":12.199999809265137}
