{"generated":30.600000381469727,"consumed":12.06261328125,"exported":14,"imported":0.10000000149011612,"discharged":4.900000095367432,"maxPv":13.362}
