{"generated":18.299999237060547,"consumed":14.1417080078125,"exported":0,"imported":0.300000011920929,"discharged":7.300000190734863,"maxPv":4.989}
