{"generated":64.39999866485596,"consumed":22.042412109375,"exported":36.70000076293945,"imported":0.10000000149011612,"discharged":9.600000381469727,"maxPv":8.84}
