{"generated":5.300000190734863,"consumed":7.6361708984375,"exported":0,"imported":0,"discharged":6.800000190734863,"maxPv":2.92}
