{"generated":0,"consumed":3.459910400390625,"exported":0,"imported":4.400000095367432,"discharged":0.4000000059604645,"maxPv":0}
