{"generated":7.699999809265137,"consumed":8.065564453125,"exported":0.10000000149011612,"imported":5.800000190734863,"discharged":0.600000023841858,"maxPv":8.719}
