{"generated":1.3000000715255737,"consumed":5.82518310546875,"exported":0,"imported":12,"discharged":4.5,"maxPv":1.286}
