{"generated":18.69999885559082,"consumed":12.796640625,"exported":0.10000000149011612,"imported":0.20000000298023224,"discharged":6.5,"maxPv":5.486}
