{"generated":29.700000762939453,"consumed":10.6723564453125,"exported":0,"imported":18.100000381469727,"discharged":4.599999904632568,"maxPv":7.885}
