{"generated":38.89999771118164,"consumed":17.592875,"exported":20,"imported":0.20000000298023224,"discharged":6.400000095367432,"maxPv":13.223}
