{"generated":0.20000000298023224,"consumed":4.04735498046875,"exported":0,"imported":0,"discharged":3.700000047683716,"maxPv":0.397}
