{"generated":0,"consumed":33.94961328125,"exported":0,"imported":31.200000762939453,"discharged":0.600000023841858,"maxPv":0}
