{"generated":1.4999999776482582,"consumed":6.199999965727329,"exported":0}
