{"generated":0,"consumed":2.293341064453125,"exported":0,"imported":0,"discharged":1.600000023841858,"maxPv":0}
