{"generated":0,"consumed":3.673990478515625,"exported":0,"imported":0.10000000149011612,"discharged":3.5,"maxPv":0}
