{"generated":19,"consumed":46.90303125,"exported":0.10000000149011612,"imported":33.9000015258789,"discharged":3.799999952316284,"maxPv":6.163}
