{"generated":18,"consumed":14.883560546875,"exported":0.10000000149011612,"imported":0.10000000149011612,"discharged":5.300000190734863,"maxPv":7.199}
