{"generated":0,"consumed":3.418453125,"exported":0,"imported":0.4000000059604645,"discharged":2.5999999046325684,"maxPv":0}
