{"generated":0,"consumed":2.943965576171875,"exported":0,"imported":2.4000000953674316,"discharged":1.899999976158142,"maxPv":0}
