{"generated":20.5,"consumed":8.9513828125,"exported":3.799999952316284,"imported":0.20000000298023224,"discharged":3.700000047683716,"maxPv":11.188}
