{"generated":52.9000015258789,"consumed":11.73150390625,"exported":15.5,"imported":0.10000000149011612,"discharged":4.5,"maxPv":8.928}
