{"generated":45.30000305175781,"consumed":15.190244140625,"exported":28.399999618530273,"imported":0.10000000149011612,"discharged":6.400000095367432,"maxPv":12.155}
