{"generated":0.10000000149011612,"consumed":5.49743994140625,"exported":0,"imported":0.10000000149011612,"discharged":4.900000095367432,"maxPv":0.35}
