{"generated":33.70000076293945,"consumed":15.3704296875,"exported":14.300000190734863,"imported":0.10000000149011612,"discharged":4.400000095367432,"maxPv":14.077}
