{"generated":49.29999923706055,"consumed":13.8184228515625,"exported":27.799999237060547,"imported":0.20000000298023224,"discharged":4.099999904632568,"maxPv":8.766}
