{"generated":0.10000000149011612,"consumed":5.50658251953125,"exported":0,"imported":0,"discharged":5.199999809265137,"maxPv":0.825}
