{"generated":16.899999618530273,"consumed":47.79161328125,"exported":0.10000000149011612,"imported":37.29999923706055,"discharged":5.599999904632568,"maxPv":4.812}
