{"generated":49.5999984741211,"consumed":36.7860703125,"exported":2.9000000953674316,"imported":0.20000000298023224,"discharged":5.599999904632568,"maxPv":11.404}
