{"generated":9.399999618530273,"consumed":10.9975029296875,"exported":0.10000000149011612,"imported":0.10000000149011612,"discharged":5.699999809265137,"maxPv":6.168}
