{"generated":0,"consumed":0.5772870483398438,"exported":0,"imported":6.800000190734863,"discharged":0.5,"maxPv":0}
