{"generated":19.899999618530273,"consumed":15.023388671875,"exported":0.10000000149011612,"imported":0.20000000298023224,"discharged":8.199999809265137,"maxPv":5.033}
