{"generated":67.09999942779541,"consumed":38.7465703125,"exported":36.20000076293945,"imported":0.20000000298023224,"discharged":20.899999618530273,"maxPv":9.018}
