{"generated":16.200000762939453,"consumed":43.42727734375,"exported":0.10000000149011612,"imported":20.700000762939453,"discharged":15.199999809265137,"maxPv":5.277}
