{"generated":3.199999988079071,"consumed":10.000000059604645,"exported":0}
