{"generated":16,"consumed":7.91684130859375,"exported":0.300000011920929,"imported":0.10000000149011612,"discharged":4.099999904632568,"maxPv":6.799}
