{"generated":24.900001525878906,"consumed":12.463490234375,"exported":0.10000000149011612,"imported":0.20000000298023224,"discharged":6.300000190734863,"maxPv":5.865}
