{"generated":42.79999923706055,"consumed":10.36764453125,"exported":27.899999618530273,"imported":0.10000000149011612,"discharged":3.4000000953674316,"maxPv":12.086}
