{"generated":0.5,"consumed":4.66956494140625,"exported":0,"imported":0.10000000149011612,"discharged":3.299999952316284,"maxPv":1.173}
