{"generated":0.20000000298023224,"consumed":4.598177734375,"exported":0,"imported":0.20000000298023224,"discharged":3.5999999046325684,"maxPv":1.058}
