{"generated":0.300000011920929,"consumed":5.30112060546875,"exported":0,"imported":0,"discharged":5.5,"maxPv":0.524}
