{"generated":31.19999885559082,"consumed":32.057662109375,"exported":0.10000000149011612,"imported":0.20000000298023224,"discharged":25.700000762939453,"maxPv":10.556}
