{"generated":43.80000305175781,"consumed":33.6944765625,"exported":1.399999976158142,"imported":0.10000000149011612,"discharged":8.199999809265137,"maxPv":7.529}
