{"generated":6.099999904632568,"consumed":8.5564892578125,"exported":0,"imported":0.10000000149011612,"discharged":3.299999952316284,"maxPv":7.651}
