{"generated":5.400000095367432,"consumed":8.6357158203125,"exported":0,"imported":0.10000000149011612,"discharged":5.599999904632568,"maxPv":7.866}
