{"generated":39.5999984741211,"consumed":9.0320302734375,"exported":25.799999237060547,"imported":0.10000000149011612,"discharged":3.299999952316284,"maxPv":11.16}
