{"generated":64.5999984741211,"consumed":18.25815625,"exported":43.5999984741211,"imported":0.5,"discharged":5.300000190734863,"maxPv":9.004}
