{"generated":20.80000114440918,"consumed":7.120484375,"exported":9,"imported":0.10000000149011612,"discharged":2.9000000953674316,"maxPv":7.877}
