{"generated":15,"consumed":17.941048828125,"exported":0.10000000149011612,"imported":0.10000000149011612,"discharged":10.100000381469727,"maxPv":4.893}
