{"generated":5.5,"consumed":10.5267021484375,"exported":0,"imported":7.699999809265137,"discharged":4.400000095367432,"maxPv":5.403}
