{"generated":52.39999866485596,"consumed":13.5555087890625,"exported":4.699999809265137,"imported":0.10000000149011612,"discharged":5.5,"maxPv":9.386}
