{"generated":0,"consumed":0.6872146606445313,"exported":0,"imported":0,"discharged":0.600000023841858,"maxPv":0}
