{"generated":56.0999984741211,"consumed":0.5904004516601562,"exported":37.5,"imported":0.10000000149011612,"discharged":7.599999904632568,"maxPv":0}
