{"generated":26.400001525878906,"consumed":13.2401015625,"exported":0.10000000149011612,"imported":0.20000000298023224,"discharged":5.800000190734863,"maxPv":0.935}
