{"generated":0,"consumed":3.9737998046875,"exported":0,"imported":0,"discharged":3.799999952316284,"maxPv":0.04}
