{"generated":0,"consumed":1.7428809814453126,"exported":0,"imported":5.5,"discharged":1.600000023841858,"maxPv":0}
