{"generated":0,"consumed":3.191841064453125,"exported":0,"imported":5.300000190734863,"discharged":3,"maxPv":0}
