{"generated":1,"consumed":25.042224609375,"exported":0,"imported":59.9000015258789,"discharged":0.4000000059604645,"maxPv":2.189}
