{"generated":10.399999618530273,"consumed":18.03268359375,"exported":0,"imported":2.200000047683716,"discharged":11.100000381469727,"maxPv":5.355}
