{"generated":68,"consumed":33.655453125,"exported":30.600000381469727,"imported":0.10000000149011612,"discharged":6.800000190734863,"maxPv":8.975}
