{"generated":11.699999809265137,"consumed":16.09096875,"exported":0,"imported":5.699999809265137,"discharged":6,"maxPv":3.845}
