{"generated":20.09999990463257,"consumed":14.500000476837158,"exported":0.20000000298023224,"imported":0.20000000298023224,"discharged":6.300000190734863,"maxPv":12.126}
