{"generated":0,"consumed":3.331904052734375,"exported":0,"imported":0.10000000149011612,"discharged":3.9000000953674316,"maxPv":0}
