{"generated":31.899999618530273,"consumed":11.604609375,"exported":11.899999618530273,"imported":6.800000190734863,"discharged":14.100000381469727,"maxPv":12.445}
