{"generated":0,"consumed":3.96584765625,"exported":0,"imported":3.5999999046325684,"discharged":0,"maxPv":0}
