{"generated":30.40000009536743,"consumed":17.19999933242798,"exported":0.300000011920929}
