{"generated":39.60000228881836,"consumed":39.1611953125,"exported":0.10000000149011612,"imported":0.4000000059604645,"discharged":13,"maxPv":9.366}
