{"generated":45.0999984741211,"consumed":11.2171787109375,"exported":30.200000762939453,"imported":28.5,"discharged":3.700000047683716,"maxPv":7.573}
