{"generated":9.800000190734863,"consumed":9.8171669921875,"exported":0.10000000149011612,"imported":0.20000000298023224,"discharged":4.800000190734863,"maxPv":3.987}
