{"generated":19.200000762939453,"consumed":12.9660966796875,"exported":0,"imported":0.10000000149011612,"discharged":6.900000095367432,"maxPv":6.026}
