{"generated":14.500000238418579,"consumed":9.41466796875,"exported":0,"imported":0,"discharged":5.5,"maxPv":7.739}
