{"generated":65.5999984741211,"consumed":28.24680078125,"exported":26.600000381469727,"imported":0.10000000149011612,"discharged":8,"maxPv":8.667}
