{"generated":0.899999976158142,"consumed":6.315412109375,"exported":0.10000000149011612,"imported":0.10000000149011612,"discharged":5,"maxPv":1.484}
