{"generated":27.200000762939453,"consumed":10.314875,"exported":11.5,"imported":0.10000000149011612,"discharged":4.699999809265137,"maxPv":11.101}
