{"generated":0,"consumed":3.403686279296875,"exported":0,"imported":0.699999988079071,"discharged":3.200000047683716,"maxPv":0}
