{"generated":22.5,"consumed":17.72995703125,"exported":0.10000000149011612,"imported":0.20000000298023224,"discharged":5.300000190734863,"maxPv":5.609}
