{"generated":27,"consumed":27.535505859375,"exported":0.10000000149011612,"imported":0.20000000298023224,"discharged":9.100000381469727,"maxPv":7.199}
