{"generated":30.900001525878906,"consumed":15.2586884765625,"exported":13,"imported":0,"discharged":6.300000190734863,"maxPv":11.674}
