{"generated":7.700000286102295,"consumed":9.58558203125,"exported":3.200000047683716,"imported":16,"discharged":5.099999904632568,"maxPv":5.437}
