{"generated":29.399999618530273,"consumed":25.435939453125,"exported":0.10000000149011612,"imported":0.10000000149011612,"discharged":4.900000095367432,"maxPv":7.025}
