{"generated":21,"consumed":14.9764150390625,"exported":0.10000000149011612,"imported":0.10000000149011612,"discharged":2.9000000953674316,"maxPv":8.743}
