{"generated":0.7000000476837158,"consumed":5.02850244140625,"exported":0,"imported":0.10000000149011612,"discharged":3.5,"maxPv":1.737}
