{"generated":45.29999923706055,"consumed":13.5075556640625,"exported":20.399999618530273,"imported":0.20000000298023224,"discharged":4.199999809265137,"maxPv":12.665}
