{"generated":21.30000114440918,"consumed":8.134869140625,"exported":4.400000095367432,"imported":0.10000000149011612,"discharged":3.4000000953674316,"maxPv":7.823}
