{"generated":46.5,"consumed":19.51995703125,"exported":22.899999618530273,"imported":0.20000000298023224,"discharged":4.400000095367432,"maxPv":12.78}
