{"generated":4.300000190734863,"consumed":16.00035546875,"exported":0,"imported":10.800000190734863,"discharged":0,"maxPv":4.396}
