{"generated":3.5,"consumed":6.55471728515625,"exported":0.10000000149011612,"imported":0.10000000149011612,"discharged":4.400000095367432,"maxPv":3.906}
