{"generated":0,"consumed":3.07957421875,"exported":0,"imported":0,"discharged":2.9000000953674316,"maxPv":0}
