{"generated":26.899999618530273,"consumed":10.749490234375,"exported":7.900000095367432,"imported":0.10000000149011612,"discharged":4.400000095367432,"maxPv":6.156}
