{"generated":66.5999984741211,"consumed":20.60638671875,"exported":37,"imported":0.20000000298023224,"discharged":5.400000095367432,"maxPv":8.902}
