{"generated":63.69999694824219,"consumed":32.65912109375,"exported":22.200000762939453,"imported":0.10000000149011612,"discharged":2.5999999046325684,"maxPv":8.277}
