{"generated":15.899999618530273,"consumed":11.8887724609375,"exported":0.10000000149011612,"imported":0,"discharged":6.5,"maxPv":6.009}
