{"generated":27.900001525878906,"consumed":7.93143359375,"exported":14.300000190734863,"imported":0.10000000149011612,"discharged":3.299999952316284,"maxPv":10.515}
