{"generated":0.4000000059604645,"consumed":4.56933544921875,"exported":0,"imported":0.20000000298023224,"discharged":3.299999952316284,"maxPv":1.941}
