{"generated":7.699999809265137,"consumed":8.08751953125,"exported":0.10000000149011612,"imported":0,"discharged":4.900000095367432,"maxPv":10.564}
