{"generated":52.40000057220459,"consumed":13.299999810755253,"exported":32.70000076293945}
