{"generated":38.79999923706055,"consumed":12.6682958984375,"exported":19.200000762939453,"imported":0,"discharged":5.199999809265137,"maxPv":8.934}
