{"generated":19.200000762939453,"consumed":14.4948544921875,"exported":0,"imported":0.10000000149011612,"discharged":8.300000190734863,"maxPv":6.026}
