{"generated":0,"consumed":26.610830078125,"exported":0,"imported":36.9000015258789,"discharged":0,"maxPv":0}
