{"generated":0,"consumed":2.314445068359375,"exported":0,"imported":34.9000015258789,"discharged":2.0999999046325684,"maxPv":0}
