{"generated":9.300000190734863,"consumed":5.81110498046875,"exported":0,"imported":0,"discharged":3.700000047683716,"maxPv":5.175}
