{"generated":3.1999998092651367,"consumed":9.090724609375,"exported":0,"imported":0.10000000149011612,"discharged":6.199999809265137,"maxPv":2.534}
