{"generated":31.799999237060547,"consumed":0.9166603393554688,"exported":15.300000190734863,"imported":0.10000000149011612,"discharged":5.199999809265137,"maxPv":9.025}
