{"generated":3.9000000953674316,"consumed":7.52456689453125,"exported":0,"imported":0,"discharged":4.900000095367432,"maxPv":8.384}
