{"generated":31.90000057220459,"consumed":12.900000669062138,"exported":7.900000095367432}
