{"generated":43.5,"consumed":13.786767578125,"exported":21.399999618530273,"imported":0.20000000298023224,"discharged":5.300000190734863,"maxPv":11.611}
