{"generated":0,"consumed":2.916455078125,"exported":0,"imported":6.800000190734863,"discharged":2.799999952316284,"maxPv":0}
