{"generated":14.100000381469727,"consumed":11.4774892578125,"exported":0,"imported":3.200000047683716,"discharged":5,"maxPv":5.102}
