{"generated":33.89999771118164,"consumed":24.428291015625,"exported":2.4000000953674316,"imported":0.20000000298023224,"discharged":12.5,"maxPv":8.777}
