{"generated":20.30000114440918,"consumed":16.88626171875,"exported":0,"imported":0.10000000149011612,"discharged":12.300000190734863,"maxPv":7.351}
