{"generated":59.5999984741211,"consumed":53.81939453125,"exported":3.299999952316284,"imported":0.20000000298023224,"discharged":7.699999809265137,"maxPv":10.271}
