{"generated":37.5999984741211,"consumed":30.449892578125,"exported":0.20000000298023224,"imported":34.9000015258789,"discharged":12.5,"maxPv":7.851}
