{"generated":41.70000076293945,"consumed":24.23554296875,"exported":1.600000023841858,"imported":0.699999988079071,"discharged":4.599999904632568,"maxPv":12.803}
