{"generated":52.5,"consumed":11.0686103515625,"exported":35.4000015258789,"imported":0.10000000149011612,"discharged":4.599999904632568,"maxPv":9.192}
