{"generated":0,"consumed":3.1937978515625,"exported":0,"imported":0.20000000298023224,"discharged":2.4000000953674316,"maxPv":0}
