{"generated":3.6000001430511475,"consumed":8.3865234375,"exported":0,"imported":1.600000023841858,"discharged":5.5,"maxPv":2.573}
