{"generated":0.10000000149011612,"consumed":4.322740234375,"exported":0,"imported":0.300000011920929,"discharged":3.200000047683716,"maxPv":0.051}
