{"generated":54.9000015258789,"consumed":0.7217701416015625,"exported":37.29999923706055,"imported":0,"discharged":9.699999809265137,"maxPv":0}
