{"generated":21.69999885559082,"consumed":13.6209697265625,"exported":0.10000000149011612,"imported":0.10000000149011612,"discharged":7.5,"maxPv":5.216}
