{"generated":32.70000076293945,"consumed":8.32250390625,"exported":0.300000011920929,"imported":12,"discharged":4,"maxPv":10.752}
