{"generated":54.89999771118164,"consumed":35.0726015625,"exported":18.5,"imported":4.199999809265137,"discharged":25.600000381469727,"maxPv":8.761}
