{"generated":19.100000381469727,"consumed":16.1341162109375,"exported":0,"imported":0.20000000298023224,"discharged":9.699999809265137,"maxPv":9.212}
