{"generated":31.100000381469727,"consumed":10.5669677734375,"exported":15.5,"imported":0,"discharged":5.099999904632568,"maxPv":12.159}
