{"generated":8.700000762939453,"consumed":34.57221875,"exported":0,"imported":36.9000015258789,"discharged":0,"maxPv":10.062}
