{"generated":6.399999618530273,"consumed":5.514158203125,"exported":0,"imported":0.20000000298023224,"discharged":3.200000047683716,"maxPv":5.268}
