{"generated":58.80000019073486,"consumed":42.30000038444996,"exported":6.699999809265137}
