{"generated":62.0999984741211,"consumed":8.86049609375,"exported":48.70000076293945,"imported":0,"discharged":3.200000047683716,"maxPv":8.917}
