{"generated":4.099999904632568,"consumed":6.823529296875,"exported":0,"imported":0.10000000149011612,"discharged":3.700000047683716,"maxPv":3.853}
