{"generated":47,"consumed":8.334314453125,"exported":34.5999984741211,"imported":0.10000000149011612,"discharged":3.0999999046325684,"maxPv":12.068}
