{"generated":3.5999999046325684,"consumed":6.566396484375,"exported":0,"imported":1,"discharged":4.300000190734863,"maxPv":2.48}
