{"generated":64.50000095367432,"consumed":6.353171875,"exported":42.5,"imported":0.10000000149011612,"discharged":10.5,"maxPv":2.928}
