{"generated":32.99999952316284,"consumed":29.748408203125,"exported":0.10000000149011612,"imported":0.20000000298023224,"discharged":11,"maxPv":12.77}
