{"generated":1.100000023841858,"consumed":5.67063671875,"exported":0,"imported":0.10000000149011612,"discharged":4,"maxPv":2.745}
