{"generated":57.999996185302734,"consumed":46.50813671875,"exported":16.899999618530273,"imported":6.599999904632568,"discharged":26.299999237060547,"maxPv":8.917}
