{"generated":0,"consumed":34.21049609375,"exported":0,"imported":31.100000381469727,"discharged":0.899999976158142,"maxPv":0}
