{"generated":48.4000015258789,"consumed":10.106060546875,"exported":12.699999809265137,"imported":0.10000000149011612,"discharged":4.300000190734863,"maxPv":9.774}
