{"generated":0,"consumed":15.099999628961086,"exported":0,"imported":0.300000011920929,"discharged":14.899999618530273,"maxPv":0}
