{"generated":61,"consumed":37.0737734375,"exported":14.399999618530273,"imported":0.10000000149011612,"discharged":4.099999904632568,"maxPv":9.713}
