{"generated":3,"consumed":6.35485986328125,"exported":0,"imported":0.10000000149011612,"discharged":3.799999952316284,"maxPv":2.379}
