{"generated":54.00000047683716,"consumed":23.7006640625,"exported":17.5,"imported":0.10000000149011612,"discharged":12.199999809265137,"maxPv":9.657}
