{"generated":33.70000076293945,"consumed":16.34613671875,"exported":14.300000190734863,"imported":0.10000000149011612,"discharged":5.300000190734863,"maxPv":14.077}
