{"generated":0,"consumed":3.817920166015625,"exported":0,"imported":0,"discharged":4.300000190734863,"maxPv":0}
