{"generated":40.0999984741211,"consumed":32.462427734375,"exported":7.800000190734863,"imported":0.20000000298023224,"discharged":9.600000381469727,"maxPv":11.536}
