{"generated":0.10000000149011612,"consumed":32.769046875,"exported":0,"imported":25.899999618530273,"discharged":3.5,"maxPv":0.712}
