{"generated":11.699999809265137,"consumed":16.81998828125,"exported":0,"imported":5.699999809265137,"discharged":6.699999809265137,"maxPv":3.845}
