{"generated":0.300000011920929,"consumed":4.92776123046875,"exported":0,"imported":0,"discharged":5,"maxPv":0.732}
