{"generated":28.599998474121094,"consumed":9.073103515625,"exported":12.100000381469727,"imported":0.10000000149011612,"discharged":3.9000000953674316,"maxPv":9.412}
