{"generated":60.9000015258789,"consumed":30.35728125,"exported":22.299999237060547,"imported":0.10000000149011612,"discharged":3,"maxPv":9.45}
