{"generated":4.300000190734863,"consumed":8.882333984375,"exported":0,"imported":0,"discharged":5.699999809265137,"maxPv":4.271}
