{"generated":63.9000015258789,"consumed":26.954837890625,"exported":26.100000381469727,"imported":0.20000000298023224,"discharged":6.800000190734863,"maxPv":8.436}
