{"generated":18.100000381469727,"consumed":12.6770263671875,"exported":0,"imported":0.10000000149011612,"discharged":5.800000190734863,"maxPv":5.058}
