{"generated":45.80000114440918,"consumed":44.10000096261501,"exported":0.20000000298023224}
