{"generated":0.10000000149011612,"consumed":5.75417041015625,"exported":0,"imported":0,"discharged":5.800000190734863,"maxPv":0.191}
