{"generated":33.0999984741211,"consumed":14.11247265625,"exported":17.100000381469727,"imported":0.20000000298023224,"discharged":5.199999809265137,"maxPv":12.118}
