{"generated":22.799999237060547,"consumed":10.2332109375,"exported":0.10000000149011612,"imported":0.10000000149011612,"discharged":4.699999809265137,"maxPv":5.916}
