{"generated":46.30000305175781,"consumed":20.725697265625,"exported":18.600000381469727,"imported":0.20000000298023224,"discharged":4.900000095367432,"maxPv":10.557}
