{"generated":38.09999942779541,"consumed":11.2258056640625,"exported":19.600000381469727,"imported":0.10000000149011612,"discharged":4.800000190734863,"maxPv":11.511}
