{"generated":43,"consumed":11.070310546875,"exported":5,"imported":0.20000000298023224,"discharged":4.300000190734863,"maxPv":10.275}
