{"generated":10.700000762939453,"consumed":8.1964970703125,"exported":0,"imported":0.20000000298023224,"discharged":3.5,"maxPv":10.264}
