{"generated":60.9000015258789,"consumed":54.41093359375,"exported":0.20000000298023224,"imported":0.10000000149011612,"discharged":5.800000190734863,"maxPv":8.558}
