{"generated":56.30000305175781,"consumed":12.523384765625,"exported":38.70000076293945,"imported":0.10000000149011612,"discharged":3.4000000953674316,"maxPv":8.796}
