{"generated":0,"consumed":3.87214501953125,"exported":0,"imported":31.299999237060547,"discharged":0.4000000059604645,"maxPv":0}
