{"generated":27.799999237060547,"consumed":23.78283203125,"exported":6.900000095367432,"imported":0.20000000298023224,"discharged":11.399999618530273,"maxPv":12.51}
