{"generated":67.0999984741211,"consumed":17.495455078125,"exported":44.0999984741211,"imported":0.20000000298023224,"discharged":7.099999904632568,"maxPv":8.948}
