{"generated":0,"consumed":4.82540283203125,"exported":0,"imported":5.599999904632568,"discharged":0.4000000059604645,"maxPv":0.111}
