{"generated":46.19999980926514,"consumed":21.200000382959843,"exported":8.300000190734863}
