{"generated":0,"consumed":1.368566162109375,"exported":0,"imported":0,"discharged":0.699999988079071,"maxPv":0}
