{"generated":65.5999984741211,"consumed":29.779912109375,"exported":26.600000381469727,"imported":0.10000000149011612,"discharged":9.399999618530273,"maxPv":8.667}
