{"generated":14.399999618530273,"consumed":7.03930615234375,"exported":4.300000190734863,"imported":0.10000000149011612,"discharged":3.299999952316284,"maxPv":10.832}
