{"generated":53.0999984741211,"consumed":9.38646875,"exported":38.9000015258789,"imported":0.10000000149011612,"discharged":3,"maxPv":9.102}
