{"generated":13.300000190734863,"consumed":8.463177734375,"exported":1.399999976158142,"imported":0.20000000298023224,"discharged":3.4000000953674316,"maxPv":6.703}
