{"generated":56.79999923706055,"consumed":15.9988857421875,"exported":35.70000076293945,"imported":0.20000000298023224,"discharged":4.900000095367432,"maxPv":11.593}
