{"generated":10,"consumed":9.194759765625,"exported":0,"imported":0,"discharged":6.199999809265137,"maxPv":5.436}
