{"generated":3.9000000953674316,"consumed":7.93213671875,"exported":0.10000000149011612,"imported":0.10000000149011612,"discharged":4.699999809265137,"maxPv":3.04}
