{"generated":21.299999237060547,"consumed":28.445515625,"exported":0.10000000149011612,"imported":12.300000190734863,"discharged":9.399999618530273,"maxPv":5.063}
