{"generated":0,"consumed":4.5870244140625,"exported":0,"imported":0,"discharged":4.199999809265137,"maxPv":0}
