{"generated":9.600000381469727,"consumed":14.39990625,"exported":0,"imported":3.9000000953674316,"discharged":3.9000000953674316,"maxPv":11.543}
