{"generated":0,"consumed":2.22215380859375,"exported":0,"imported":7.400000095367432,"discharged":2.0999999046325684,"maxPv":0}
