{"generated":27.799999237060547,"consumed":24.552369140625,"exported":6.900000095367432,"imported":0.20000000298023224,"discharged":12.100000381469727,"maxPv":12.51}
