{"generated":47.20000076293945,"consumed":12.524212890625,"exported":29.700000762939453,"imported":0.10000000149011612,"discharged":4.199999809265137,"maxPv":13.413}
