{"generated":22.099998474121094,"consumed":29.15141015625,"exported":0.300000011920929,"imported":0.20000000298023224,"discharged":19.799999237060547,"maxPv":10.903}
