{"generated":14.699999809265137,"consumed":10.975283203125,"exported":0.10000000149011612,"imported":0.10000000149011612,"discharged":4.900000095367432,"maxPv":6.859}
