{"generated":0,"consumed":1.5759422607421876,"exported":0,"imported":25.399999618530273,"discharged":0,"maxPv":0}
