{"generated":12.5,"consumed":10.5351044921875,"exported":0.10000000149011612,"imported":0.10000000149011612,"discharged":5.400000095367432,"maxPv":10.212}
