{"generated":27.80000114440918,"consumed":13.5289267578125,"exported":24.100000381469727,"imported":13.399999618530273,"discharged":29.600000381469727,"maxPv":11.507}
