{"generated":0.5,"consumed":5.15809619140625,"exported":0,"imported":8.699999809265137,"discharged":0,"maxPv":1.367}
