{"generated":4.599999904632568,"consumed":8.0525390625,"exported":0,"imported":0.10000000149011612,"discharged":5.900000095367432,"maxPv":10.112}
