{"generated":0,"consumed":23.57076953125,"exported":0,"imported":17.799999237060547,"discharged":3.700000047683716,"maxPv":0}
