{"generated":3.5999999046325684,"consumed":5.3213798828125,"exported":0.10000000149011612,"imported":3.5999999046325684,"discharged":1.2000000476837158,"maxPv":3.913}
