{"generated":26.19999885559082,"consumed":8.02315966796875,"exported":0.10000000149011612,"imported":3.700000047683716,"discharged":1.2000000476837158,"maxPv":7.838}
