{"generated":66.6999969482422,"consumed":13.108265625,"exported":47.20000076293945,"imported":0.10000000149011612,"discharged":3.5999999046325684,"maxPv":9.549}
