{"generated":0,"consumed":2.857388427734375,"exported":0,"imported":0.300000011920929,"discharged":2.700000047683716,"maxPv":0}
