{"generated":13.90000057220459,"consumed":11.9478271484375,"exported":0.10000000149011612,"imported":0.20000000298023224,"discharged":4.199999809265137,"maxPv":9.811}
