{"generated":2.0999999046325684,"consumed":5.14153564453125,"exported":0,"imported":0.10000000149011612,"discharged":3.4000000953674316,"maxPv":3.273}
