{"generated":45.0999984741211,"consumed":13.33540625,"exported":28.100000381469727,"imported":0.10000000149011612,"discharged":5.099999904632568,"maxPv":12.342}
