{"generated":17.799999237060547,"consumed":55.2197109375,"exported":6.900000095367432,"imported":38.0999984741211,"discharged":7.900000095367432,"maxPv":4.457}
