{"generated":6.599999904632568,"consumed":7.248068359375,"exported":0.10000000149011612,"imported":0.20000000298023224,"discharged":3.0999999046325684,"maxPv":4.801}
