{"generated":10.100000381469727,"consumed":7.28556787109375,"exported":0.10000000149011612,"imported":0.10000000149011612,"discharged":4.099999904632568,"maxPv":5.794}
