{"generated":45,"consumed":9.8015791015625,"exported":8.899999618530273,"imported":0.10000000149011612,"discharged":4.199999809265137,"maxPv":8.542}
