{"generated":20,"consumed":7.07634375,"exported":8.899999618530273,"imported":0.10000000149011612,"discharged":3.200000047683716,"maxPv":7.766}
