{"generated":33.89999771118164,"consumed":26.094333984375,"exported":2.4000000953674316,"imported":0.20000000298023224,"discharged":14.100000381469727,"maxPv":8.777}
