{"generated":63.5,"consumed":23.9187421875,"exported":26.100000381469727,"imported":0.20000000298023224,"discharged":4.300000190734863,"maxPv":8.436}
