{"generated":20.69999885559082,"consumed":17.50378515625,"exported":0.10000000149011612,"imported":1.100000023841858,"discharged":10,"maxPv":5.631}
