{"generated":0.800000011920929,"consumed":5.27293798828125,"exported":0,"imported":0.20000000298023224,"discharged":3.700000047683716,"maxPv":1.9}
