{"generated":6.299999713897705,"consumed":6.14238037109375,"exported":0,"imported":0.10000000149011612,"discharged":3.700000047683716,"maxPv":4.719}
