{"generated":17.799999237060547,"consumed":12.448037109375,"exported":0.10000000149011612,"imported":1.399999976158142,"discharged":4.599999904632568,"maxPv":7.21}
