{"generated":12.5,"consumed":11.816185546875,"exported":0.20000000298023224,"imported":13.5,"discharged":3.799999952316284,"maxPv":4.665}
