{"generated":18.80000114440918,"consumed":11.04293359375,"exported":2.799999952316284,"imported":0.20000000298023224,"discharged":4,"maxPv":13.248}
