{"generated":36.20000076293945,"consumed":21.73570703125,"exported":0.20000000298023224,"imported":0.300000011920929,"discharged":6.599999904632568,"maxPv":7.018}
