{"generated":0,"consumed":8.837173828125,"exported":0.10000000149011612,"imported":4.800000190734863,"discharged":4,"maxPv":0}
