{"generated":17.700000762939453,"consumed":15.2808623046875,"exported":0,"imported":0.10000000149011612,"discharged":9.300000190734863,"maxPv":5.664}
