{"generated":1.4000000953674316,"consumed":7.5447109375,"exported":0,"imported":0.10000000149011612,"discharged":5.699999809265137,"maxPv":1.428}
