{"generated":36.0999984741211,"consumed":13.9824150390625,"exported":20,"imported":0.10000000149011612,"discharged":5.800000190734863,"maxPv":11.792}
