{"generated":16.100000381469727,"consumed":33.485390625,"exported":0.10000000149011612,"imported":20.700000762939453,"discharged":5.800000190734863,"maxPv":5.277}
