{"generated":0.7000000476837158,"consumed":5.71065966796875,"exported":0,"imported":0.10000000149011612,"discharged":4.699999809265137,"maxPv":1.201}
