{"generated":51.5999984741211,"consumed":19.202703125,"exported":33.0999984741211,"imported":0.20000000298023224,"discharged":10.100000381469727,"maxPv":9.694}
