{"generated":57,"consumed":13.8831484375,"exported":36.29999923706055,"imported":0.10000000149011612,"discharged":4,"maxPv":10.891}
