{"generated":58.10000228881836,"consumed":39.03583203125,"exported":17.899999618530273,"imported":8.699999809265137,"discharged":28.799999237060547,"maxPv":8.56}
