{"generated":38.60000228881836,"consumed":0.660359130859375,"exported":22.399999618530273,"imported":0.10000000149011612,"discharged":7.800000190734863,"maxPv":0}
