{"generated":5.099999904632568,"consumed":6.83263720703125,"exported":0,"imported":0,"discharged":4.400000095367432,"maxPv":3.624}
