{"generated":10.799999237060547,"consumed":6.30515771484375,"exported":0.4000000059604645,"imported":0.10000000149011612,"discharged":3.299999952316284,"maxPv":5.913}
