{"generated":55.9000015258789,"consumed":11.4465908203125,"exported":37.4000015258789,"imported":0.20000000298023224,"discharged":4.199999809265137,"maxPv":8.891}
