{"generated":35.899999141693115,"consumed":38.97130859375,"exported":0.10000000149011612,"imported":2.700000047683716,"discharged":29.899999618530273,"maxPv":9.139}
