{"generated":7.099999904632568,"consumed":6.1779658203125,"exported":0.10000000149011612,"imported":0.20000000298023224,"discharged":4,"maxPv":4.894}
