{"generated":0,"consumed":1.6433067626953124,"exported":0,"imported":0.10000000149011612,"discharged":1,"maxPv":0}
