{"generated":12.79999965429306,"consumed":16.899999678134918,"exported":0.10000000149011612}
