{"generated":10.59999942779541,"consumed":18.604513671875,"exported":4.5,"imported":18.5,"discharged":9.100000381469727,"maxPv":5.437}
