{"generated":25.100000381469727,"consumed":53.51500390625,"exported":1,"imported":33.79999923706055,"discharged":8.699999809265137,"maxPv":6.162}
