{"generated":0.600000023841858,"consumed":6.18209912109375,"exported":0,"imported":0,"discharged":5.900000095367432,"maxPv":1.795}
