{"generated":0,"consumed":3.444806640625,"exported":0,"imported":3.0999999046325684,"discharged":1.7000000476837158,"maxPv":0}
