{"generated":31.899999618530273,"consumed":16.2645625,"exported":5.800000190734863,"imported":0.10000000149011612,"discharged":4.900000095367432,"maxPv":12.622}
