{"generated":10.300000190734863,"consumed":7.35111865234375,"exported":0,"imported":4.099999904632568,"discharged":4.099999904632568,"maxPv":6.457}
