{"generated":0.20000000298023224,"consumed":3.50717626953125,"exported":0,"imported":0.10000000149011612,"discharged":3.200000047683716,"maxPv":0.578}
