{"generated":0,"consumed":2.303466064453125,"exported":0,"imported":12,"discharged":2.0999999046325684,"maxPv":0}
