{"generated":23,"consumed":42.45980859375,"exported":0,"imported":19.700000762939453,"discharged":4.800000190734863,"maxPv":7.046}
