{"generated":54.89999771118164,"consumed":23.345623046875,"exported":26.5,"imported":0.20000000298023224,"discharged":3.799999952316284,"maxPv":8.629}
