{"generated":7.5,"consumed":6.41385009765625,"exported":0,"imported":3.4000000953674316,"discharged":3.5,"maxPv":8.129}
