{"generated":40.9000015258789,"consumed":13.960896484375,"exported":22.799999237060547,"imported":0.10000000149011612,"discharged":7.300000190734863,"maxPv":7.145}
