{"generated":57.999996185302734,"consumed":45.85091796875,"exported":16.899999618530273,"imported":6.599999904632568,"discharged":25.700000762939453,"maxPv":8.917}
