{"generated":20.700000762939453,"consumed":15.1988515625,"exported":0.300000011920929,"imported":0.300000011920929,"discharged":7,"maxPv":7.674}
