{"generated":36.4000015258789,"consumed":22.776068359375,"exported":7.699999809265137,"imported":0.20000000298023224,"discharged":4.199999809265137,"maxPv":11.536}
