{"generated":66.49999904632568,"consumed":30.820193359375,"exported":21.600000381469727,"imported":0.300000011920929,"discharged":12.5,"maxPv":11.158}
