{"generated":0,"consumed":0.788767578125,"exported":0,"imported":0,"discharged":1.399999976158142,"maxPv":0}
