{"generated":21.000000476837158,"consumed":17.2185,"exported":0,"imported":0.10000000149011612,"discharged":7.5,"maxPv":6.306}
