{"generated":60.0999984741211,"consumed":19.08265625,"exported":38.20000076293945,"imported":0.10000000149011612,"discharged":9.399999618530273,"maxPv":10.051}
