{"generated":67.2999954223633,"consumed":36.855765625,"exported":23.5,"imported":0.20000000298023224,"discharged":7.099999904632568,"maxPv":11.092}
