{"generated":61.30000019073486,"consumed":26.285640625,"exported":26.799999237060547,"imported":0.300000011920929,"discharged":5.699999809265137,"maxPv":11.393}
