{"generated":0,"consumed":4.12440869140625,"exported":0,"imported":5.699999809265137,"discharged":3.5,"maxPv":0}
