{"generated":0,"consumed":2.534428955078125,"exported":0,"imported":0,"discharged":2.299999952316284,"maxPv":0}
