{"generated":21.399999618530273,"consumed":16.078619140625,"exported":0,"imported":4.599999904632568,"discharged":6,"maxPv":5.582}
