{"generated":37.20000076293945,"consumed":20.418708984375,"exported":0,"imported":4.5,"discharged":0,"maxPv":7.395}
