{"generated":48.69999980926514,"consumed":20.699999049305916,"exported":11.800000190734863,"imported":0.20000000298023224,"discharged":10.699999809265137,"maxPv":10.971}
