{"generated":39.70000076293945,"consumed":21.8766875,"exported":0.899999976158142,"imported":0.699999988079071,"discharged":4,"maxPv":12.803}
