{"generated":38.4000015258789,"consumed":10.202150390625,"exported":20.299999237060547,"imported":0.10000000149011612,"discharged":4.099999904632568,"maxPv":8.684}
