{"generated":18.5,"consumed":13.915703125,"exported":0.10000000149011612,"imported":0.10000000149011612,"discharged":7,"maxPv":10.422}
