{"generated":0,"consumed":2.242457763671875,"exported":0.10000000149011612,"imported":0.20000000298023224,"discharged":1.2999999523162842,"maxPv":0}
