{"generated":37.29999923706055,"consumed":9.1860498046875,"exported":22,"imported":0,"discharged":3.700000047683716,"maxPv":7.144}
