{"generated":10.59999942779541,"consumed":19.451658203125,"exported":4.5,"imported":18.5,"discharged":9.899999618530273,"maxPv":5.437}
