{"generated":50.79999923706055,"consumed":10.1798203125,"exported":15.300000190734863,"imported":0.300000011920929,"discharged":3.9000000953674316,"maxPv":7.937}
