{"generated":1,"consumed":4.98048193359375,"exported":0.10000000149011612,"imported":0.10000000149011612,"discharged":3.299999952316284,"maxPv":1.571}
