{"generated":55.4000015258789,"consumed":19.90909765625,"exported":25,"imported":0.20000000298023224,"discharged":4.5,"maxPv":10.264}
