{"generated":15,"consumed":18.77512890625,"exported":0.10000000149011612,"imported":0.10000000149011612,"discharged":10.800000190734863,"maxPv":4.893}
