{"generated":64.19999980926514,"consumed":13.05859765625,"exported":43.79999923706055,"imported":0.10000000149011612,"discharged":9.600000381469727,"maxPv":9.086}
