{"generated":52,"consumed":18.237978515625,"exported":26.899999618530273,"imported":0.10000000149011612,"discharged":4.400000095367432,"maxPv":9.635}
