{"generated":7.400000095367432,"consumed":7.500000096857548,"exported":0}
