{"generated":16.19999885559082,"consumed":11.385990234375,"exported":0.10000000149011612,"imported":1.399999976158142,"discharged":4.599999904632568,"maxPv":7.21}
