{"generated":13.899999618530273,"consumed":9.7770634765625,"exported":0.300000011920929,"imported":0.10000000149011612,"discharged":3.799999952316284,"maxPv":10.573}
