{"generated":30.700000762939453,"consumed":11.7341484375,"exported":14.899999618530273,"imported":12,"discharged":19.299999237060547,"maxPv":11.882}
