{"generated":50.9000015258789,"consumed":12.9441171875,"exported":33.29999923706055,"imported":0.300000011920929,"discharged":25,"maxPv":7.937}
