{"generated":0.600000023841858,"consumed":5.54772265625,"exported":0,"imported":0.20000000298023224,"discharged":4.699999809265137,"maxPv":1.05}
