{"generated":14.699999809265137,"consumed":13.280181640625,"exported":0.10000000149011612,"imported":0.10000000149011612,"discharged":7.699999809265137,"maxPv":6.492}
