{"generated":64.6999969482422,"consumed":30.031513671875,"exported":31.100000381469727,"imported":0.20000000298023224,"discharged":10.300000190734863,"maxPv":9.124}
