{"generated":28.700000762939453,"consumed":18.80000114440918,"exported":0.10000000149011612,"imported":0.10000000149011612,"discharged":10.100000381469727,"maxPv":8.819}
