{"generated":10.799999833106995,"consumed":9.999999642372131,"exported":0.10000000149011612}
