{"generated":11,"consumed":12.900615234375,"exported":0,"imported":0.10000000149011612,"discharged":7.400000095367432,"maxPv":6.376}
