{"generated":58.5999984741211,"consumed":30.294572265625,"exported":31,"imported":0.20000000298023224,"discharged":14.399999618530273,"maxPv":10.377}
