{"generated":17.5,"consumed":10.647333984375,"exported":0.10000000149011612,"imported":0.20000000298023224,"discharged":5.300000190734863,"maxPv":11.611}
