{"generated":5.200000286102295,"consumed":7.27247998046875,"exported":0,"imported":0,"discharged":5.400000095367432,"maxPv":7.844}
