{"generated":30.700000762939453,"consumed":12.352078125,"exported":23.799999237060547,"imported":12,"discharged":29.200000762939453,"maxPv":11.882}
