{"generated":66.4000015258789,"consumed":0.6568922729492187,"exported":19.700000762939453,"imported":0.20000000298023224,"discharged":12.199999809265137,"maxPv":0}
