{"generated":0,"consumed":0.7443735961914062,"exported":0,"imported":1.899999976158142,"discharged":0.4000000059604645,"maxPv":0}
