{"generated":0,"consumed":3.151967041015625,"exported":0,"imported":0.10000000149011612,"discharged":3,"maxPv":0}
