{"generated":26.899999618530273,"consumed":0.2223535614013672,"exported":11.100000381469727,"imported":0.10000000149011612,"discharged":5.199999809265137,"maxPv":7.983}
