{"generated":26.80000114440918,"consumed":22.6308828125,"exported":4.099999904632568,"imported":0.10000000149011612,"discharged":12.600000381469727,"maxPv":6.233}
