{"generated":0.20000000298023224,"consumed":43.4921640625,"exported":0,"imported":38,"discharged":2.0999999046325684,"maxPv":0.904}
