{"generated":45.4000015258789,"consumed":21.459544921875,"exported":0.10000000149011612,"imported":0.20000000298023224,"discharged":3.799999952316284,"maxPv":8.761}
