{"generated":1.899999976158142,"consumed":7.91119287109375,"exported":0,"imported":0.10000000149011612,"discharged":5.800000190734863,"maxPv":2.404}
