{"generated":59.5999984741211,"consumed":26.570935546875,"exported":29.600000381469727,"imported":0.300000011920929,"discharged":10.199999809265137,"maxPv":12.098}
