{"generated":0,"consumed":2.78471435546875,"exported":0,"imported":3.700000047683716,"discharged":0.4000000059604645,"maxPv":0}
