{"generated":41.000000953674316,"consumed":21.80000114440918,"exported":0.10000000149011612}
