{"generated":0.20000000298023224,"consumed":6.0000001937150955,"exported":0}
