{"generated":41.5999984741211,"consumed":11.31759375,"exported":22,"imported":0.10000000149011612,"discharged":4.099999904632568,"maxPv":7.146}
