{"generated":19.200000762939453,"consumed":10.4152197265625,"exported":2.799999952316284,"imported":0.10000000149011612,"discharged":6.099999904632568,"maxPv":12.543}
