{"generated":9.799999237060547,"consumed":8.6328603515625,"exported":0.10000000149011612,"imported":0.10000000149011612,"discharged":5,"maxPv":8.987}
