{"generated":39.9000015258789,"consumed":30.991880859375,"exported":9.300000190734863,"imported":0.20000000298023224,"discharged":7.199999809265137,"maxPv":12.563}
