{"generated":2.5999999046325684,"consumed":4.8251533203125,"exported":0,"imported":0.10000000149011612,"discharged":3.200000047683716,"maxPv":3.509}
