{"generated":0,"consumed":3.744607666015625,"exported":0,"imported":0.20000000298023224,"discharged":2.700000047683716,"maxPv":0}
