{"generated":0.600000023841858,"consumed":6.33830126953125,"exported":0.10000000149011612,"imported":0.10000000149011612,"discharged":5.199999809265137,"maxPv":0.863}
