{"generated":7.399999618530273,"consumed":28.107291015625,"exported":0,"imported":17.799999237060547,"discharged":4.400000095367432,"maxPv":4.536}
