{"generated":23.600000381469727,"consumed":53.0798125,"exported":0.699999988079071,"imported":59.79999923706055,"discharged":3.5999999046325684,"maxPv":5.41}
