{"generated":65.7999954223633,"consumed":11.7976298828125,"exported":48.9000015258789,"imported":0.10000000149011612,"discharged":3.200000047683716,"maxPv":9.064}
