{"generated":0,"consumed":2.3003447265625,"exported":0.10000000149011612,"imported":0.300000011920929,"discharged":1.600000023841858,"maxPv":0}
