{"generated":18.200000762939453,"consumed":10.9520693359375,"exported":4.699999809265137,"imported":0.20000000298023224,"discharged":3.9000000953674316,"maxPv":6.703}
