{"generated":63.39999771118165,"consumed":48.70410546875,"exported":1.100000023841858,"imported":0.10000000149011612,"discharged":21.799999237060547,"maxPv":9.039}
