{"generated":61,"consumed":55.3570625,"exported":0.20000000298023224,"imported":0.10000000149011612,"discharged":6.599999904632568,"maxPv":8.558}
