{"generated":47.89999961853027,"consumed":45.799999713897705,"exported":0.20000000298023224}
