{"generated":27.599998474121094,"consumed":19.83240234375,"exported":8,"imported":0.20000000298023224,"discharged":7.300000190734863,"maxPv":11.961}
