{"generated":41.9000015258789,"consumed":27.333931640625,"exported":1.600000023841858,"imported":0.699999988079071,"discharged":7.400000095367432,"maxPv":12.803}
