{"generated":16.69999885559082,"consumed":18.522701171875,"exported":0.10000000149011612,"imported":0.10000000149011612,"discharged":11,"maxPv":6.429}
