{"generated":43.79999923706055,"consumed":17.216478515625,"exported":10.199999809265137,"imported":0.10000000149011612,"discharged":3.200000047683716,"maxPv":7.259}
