{"generated":34.299999713897705,"consumed":31.705271484375,"exported":0.20000000298023224,"imported":0.20000000298023224,"discharged":6.900000095367432,"maxPv":13.625}
