{"generated":45.4000015258789,"consumed":12.5575341796875,"exported":28,"imported":0.699999988079071,"discharged":24.5,"maxPv":8.057}
