{"generated":39.89999771118164,"consumed":14.9513662109375,"exported":22.100000381469727,"imported":0,"discharged":6.5,"maxPv":7.144}
