{"generated":45.9000015258789,"consumed":9.218552734375,"exported":31.799999237060547,"imported":0.10000000149011612,"discharged":3,"maxPv":8.959}
