{"generated":7.699999809265137,"consumed":6.39902294921875,"exported":0,"imported":0.10000000149011612,"discharged":3.4000000953674316,"maxPv":5.869}
