{"generated":0,"consumed":0.5564813232421875,"exported":0,"imported":0.699999988079071,"discharged":0.600000023841858,"maxPv":0}
