{"generated":30.999998092651367,"consumed":6.71988720703125,"exported":20.899999618530273,"imported":0,"discharged":3,"maxPv":10.789}
