{"generated":8,"consumed":20.7601875,"exported":0,"imported":12.300000190734863,"discharged":5.099999904632568,"maxPv":4.651}
