{"generated":69.0999984741211,"consumed":51.50428125,"exported":11.600000381469727,"imported":0.10000000149011612,"discharged":4.5,"maxPv":9.841}
