{"generated":0,"consumed":3.320905029296875,"exported":0,"imported":0.20000000298023224,"discharged":3.0999999046325684,"maxPv":0}
