{"generated":0,"consumed":5.15893017578125,"exported":0,"imported":4.699999809265137,"discharged":1.7000000476837158,"maxPv":0}
