{"generated":53.10000228881836,"consumed":11.17191796875,"exported":37.0999984741211,"imported":0.10000000149011612,"discharged":3.4000000953674316,"maxPv":10.511}
