{"generated":36.4000015258789,"consumed":14.70264453125,"exported":21.100000381469727,"imported":0.10000000149011612,"discharged":5.599999904632568,"maxPv":12.013}
