{"generated":3.4000000953674316,"consumed":6.2949287109375,"exported":0.10000000149011612,"imported":0.20000000298023224,"discharged":3.700000047683716,"maxPv":3.298}
