{"generated":53.39999771118164,"consumed":20.992958984375,"exported":20,"imported":4.699999809265137,"discharged":16.5,"maxPv":8.199}
