{"generated":0,"consumed":2.777017333984375,"exported":0,"imported":30.200000762939453,"discharged":2.0999999046325684,"maxPv":0}
