{"generated":5.099999904632568,"consumed":24.63205859375,"exported":0.10000000149011612,"imported":17.5,"discharged":15.300000190734863,"maxPv":2.225}
