{"generated":42,"consumed":14.9515849609375,"exported":22,"imported":0.10000000149011612,"discharged":6.900000095367432,"maxPv":7.146}
