{"generated":16.49999976158142,"consumed":10.500000141561031,"exported":0.10000000149011612,"imported":0,"discharged":5.800000190734863,"maxPv":8.819}
