{"generated":30.899999618530273,"consumed":51.093875,"exported":10.100000381469727,"imported":32.0999984741211,"discharged":16.700000762939453,"maxPv":10.34}
