{"generated":33.5,"consumed":17.058392578125,"exported":11.699999809265137,"imported":0.10000000149011612,"discharged":6.5,"maxPv":10.502}
