{"generated":9.100000381469727,"consumed":11.1017509765625,"exported":0,"imported":0,"discharged":5.699999809265137,"maxPv":4.639}
