{"generated":60.10000228881836,"consumed":18.36287890625,"exported":35.5,"imported":0.10000000149011612,"discharged":3.5999999046325684,"maxPv":8.831}
