{"generated":6.199999809265137,"consumed":7.60876220703125,"exported":0,"imported":0.4000000059604645,"discharged":4.300000190734863,"maxPv":10.817}
