{"generated":17.899999618530273,"consumed":8.4629755859375,"exported":0.10000000149011612,"imported":0.20000000298023224,"discharged":3.0999999046325684,"maxPv":6.922}
