{"generated":6.900000095367432,"consumed":6.4922900390625,"exported":0.10000000149011612,"imported":0.20000000298023224,"discharged":3.5999999046325684,"maxPv":5.241}
