{"generated":0,"consumed":4.24478662109375,"exported":0,"imported":0.20000000298023224,"discharged":3.299999952316284,"maxPv":0.032}
