{"generated":14.5,"consumed":17.0161484375,"exported":0.10000000149011612,"imported":3.299999952316284,"discharged":9.800000190734863,"maxPv":5.102}
