{"generated":39.69999694824219,"consumed":13.3096611328125,"exported":5,"imported":3.799999952316284,"discharged":5,"maxPv":12.049}
