{"generated":39.4000015258789,"consumed":12.7408701171875,"exported":15.399999618530273,"imported":0.20000000298023224,"discharged":4.199999809265137,"maxPv":12.665}
