{"generated":10.399999618530273,"consumed":15.5676328125,"exported":0,"imported":1.600000023841858,"discharged":9.100000381469727,"maxPv":5.355}
