{"generated":26.200000762939453,"consumed":12.3288271484375,"exported":0.10000000149011612,"imported":0.20000000298023224,"discharged":5.099999904632568,"maxPv":0.935}
