{"generated":4.400000095367432,"consumed":7.01616162109375,"exported":0,"imported":0.10000000149011612,"discharged":4.199999809265137,"maxPv":4.733}
