{"generated":39.5999984741211,"consumed":13.769326171875,"exported":17.700000762939453,"imported":0.20000000298023224,"discharged":3.9000000953674316,"maxPv":10.377}
