{"generated":0,"consumed":0.7437173461914063,"exported":0,"imported":8,"discharged":0.20000000298023224,"maxPv":0}
