{"generated":9.5,"consumed":12.161349609375,"exported":0.10000000149011612,"imported":0.10000000149011612,"discharged":6.800000190734863,"maxPv":6.756}
