{"generated":13.899999618530273,"consumed":12.0660302734375,"exported":7.900000095367432,"imported":8.699999809265137,"discharged":8.5,"maxPv":5.088}
