{"generated":0,"consumed":3.97264501953125,"exported":0,"imported":0,"discharged":3.700000047683716,"maxPv":0}
