{"generated":4.599999904632568,"consumed":11.2487421875,"exported":0,"imported":7.5,"discharged":6.5,"maxPv":2.91}
