{"generated":40.10000228881836,"consumed":55.41336328125,"exported":9.800000190734863,"imported":19.799999237060547,"discharged":20.299999237060547,"maxPv":7.97}
