{"generated":60.20000457763672,"consumed":11.356662109375,"exported":46,"imported":0,"discharged":4.199999809265137,"maxPv":10.789}
