{"generated":37.29999923706055,"consumed":9.075369140625,"exported":2.700000047683716,"imported":5.5,"discharged":4.300000190734863,"maxPv":7.562}
