{"generated":20,"consumed":26.095630859375,"exported":0.300000011920929,"imported":13.699999809265137,"discharged":4.300000190734863,"maxPv":6.186}
