{"generated":0,"consumed":5.15497265625,"exported":0,"imported":0,"discharged":5.400000095367432,"maxPv":0}
