{"generated":17.200000762939453,"consumed":8.02204638671875,"exported":0,"imported":0,"discharged":4.5,"maxPv":6.651}
