{"generated":58.60000228881835,"consumed":38.73895703125,"exported":0.10000000149011612,"imported":0.10000000149011612,"discharged":14.100000381469727,"maxPv":9.039}
