{"generated":6.200000286102295,"consumed":6.92566259765625,"exported":0,"imported":0.20000000298023224,"discharged":4,"maxPv":5.7}
