{"generated":53.9000015258789,"consumed":11.41489453125,"exported":37.29999923706055,"imported":0.10000000149011612,"discharged":3.0999999046325684,"maxPv":8.978}
