{"generated":32.4000015258789,"consumed":23.091771484375,"exported":4.800000190734863,"imported":17.899999618530273,"discharged":11.199999809265137,"maxPv":0.118}
