{"generated":21.69999885559082,"consumed":7.954361328125,"exported":4.599999904632568,"imported":30.200000762939453,"discharged":3.5,"maxPv":7.52}
