{"generated":50.10000133514404,"consumed":22.800002671778202,"exported":20.799999237060547}
