{"generated":28.5,"consumed":9.3792919921875,"exported":0.300000011920929,"imported":12,"discharged":4.5,"maxPv":11.882}
