{"generated":5.199999809265137,"consumed":5.956970703125,"exported":0.10000000149011612,"imported":0,"discharged":3.9000000953674316,"maxPv":7.294}
