{"generated":31.599998474121094,"consumed":15.413224609375,"exported":1.5,"imported":0.20000000298023224,"discharged":5.5,"maxPv":8.777}
