{"generated":1.7000000476837158,"consumed":5.80650390625,"exported":0,"imported":0,"discharged":4.5,"maxPv":2.412}
