{"generated":12.899999618530273,"consumed":7.25711328125,"exported":0,"imported":0.10000000149011612,"discharged":4.300000190734863,"maxPv":7.692}
