{"generated":2,"consumed":26.44516796875,"exported":0,"imported":20.700000762939453,"discharged":4,"maxPv":2.575}
