{"generated":50.10000038146973,"consumed":21.943166015625,"exported":20.600000381469727,"imported":0.10000000149011612,"discharged":5.300000190734863,"maxPv":8.843}
