{"generated":16.5,"consumed":9.8980302734375,"exported":2.299999952316284,"imported":0,"discharged":4.900000095367432,"maxPv":11.674}
