{"generated":14.200000762939453,"consumed":9.486365234375,"exported":0.10000000149011612,"imported":5,"discharged":0,"maxPv":6.45}
