{"generated":5.399999618530273,"consumed":4.90788427734375,"exported":0,"imported":0.10000000149011612,"discharged":3.4000000953674316,"maxPv":5.707}
