{"generated":60.20000076293945,"consumed":27.0581328125,"exported":24.299999237060547,"imported":0.20000000298023224,"discharged":3.5999999046325684,"maxPv":8.952}
