{"generated":0,"consumed":2.3038896484375,"exported":0,"imported":4.099999904632568,"discharged":2.200000047683716,"maxPv":0}
