{"generated":36.0999984741211,"consumed":12.426595703125,"exported":21.100000381469727,"imported":0.10000000149011612,"discharged":3.5999999046325684,"maxPv":12.013}
