{"generated":39.9000015258789,"consumed":12.5598564453125,"exported":22.100000381469727,"imported":0.10000000149011612,"discharged":4.599999904632568,"maxPv":11.932}
