{"generated":17.600000381469727,"consumed":24.496966796875,"exported":0.300000011920929,"imported":13.600000381469727,"discharged":4.300000190734863,"maxPv":6.186}
