{"generated":30.19999885559082,"consumed":9.8308056640625,"exported":17.200000762939453,"imported":0.10000000149011612,"discharged":3.299999952316284,"maxPv":12.013}
