{"generated":64.9000015258789,"consumed":16.2250830078125,"exported":36.79999923706055,"imported":0.20000000298023224,"discharged":2.700000047683716,"maxPv":8.902}
