{"generated":55.89999771118164,"consumed":12.4262529296875,"exported":34.0999984741211,"imported":0.300000011920929,"discharged":2.799999952316284,"maxPv":8.878}
