{"generated":29.700000762939453,"consumed":8.4417451171875,"exported":15.399999618530273,"imported":0.10000000149011612,"discharged":3.4000000953674316,"maxPv":9.549}
