{"generated":24.200000762939453,"consumed":8.632875,"exported":0.10000000149011612,"imported":0.10000000149011612,"discharged":4.099999904632568,"maxPv":8.461}
