{"generated":16.90000033378601,"consumed":11.2465654296875,"exported":0.10000000149011612,"imported":0.10000000149011612,"discharged":5.099999904632568,"maxPv":12.265}
