{"generated":9.59999942779541,"consumed":8.543794921875,"exported":0,"imported":0,"discharged":4.400000095367432,"maxPv":5.891}
