{"generated":0,"consumed":2.35740966796875,"exported":0,"imported":10.300000190734863,"discharged":0,"maxPv":0}
