{"generated":0.5,"consumed":5.02184765625,"exported":0,"imported":0.10000000149011612,"discharged":3.799999952316284,"maxPv":0.771}
