{"generated":16.100000381469727,"consumed":11.0258017578125,"exported":1.600000023841858,"imported":0.300000011920929,"discharged":3.700000047683716,"maxPv":5.604}
