{"generated":59.5999984741211,"consumed":0.7725009155273438,"exported":29.600000381469727,"imported":0.20000000298023224,"discharged":12.899999618530273,"maxPv":0}
