{"generated":66.5,"consumed":36.0081328125,"exported":25.600000381469727,"imported":0.20000000298023224,"discharged":6.099999904632568,"maxPv":9.45}
