{"generated":0.8000000715255737,"consumed":5.66912646484375,"exported":0,"imported":0.10000000149011612,"discharged":4.800000190734863,"maxPv":1.701}
