{"generated":61.000003814697266,"consumed":22.571236328125,"exported":37.5999984741211,"imported":0.20000000298023224,"discharged":8.100000381469727,"maxPv":9.078}
