{"generated":20.5,"consumed":12.8088994140625,"exported":0.10000000149011612,"imported":0.20000000298023224,"discharged":6.699999809265137,"maxPv":5.374}
