{"generated":1.5000001192092896,"consumed":35.80637890625,"exported":0,"imported":31.899999618530273,"discharged":0.600000023841858,"maxPv":4.338}
