{"generated":12.800000190734863,"consumed":12.5295927734375,"exported":0,"imported":25.299999237060547,"discharged":0,"maxPv":7.957}
