{"generated":9.699999809265137,"consumed":12.5798515625,"exported":0,"imported":0.20000000298023224,"discharged":9.699999809265137,"maxPv":5.452}
