{"generated":36.79999923706055,"consumed":15.7071416015625,"exported":13.600000381469727,"imported":0.300000011920929,"discharged":4.599999904632568,"maxPv":11.721}
