{"generated":59.89999771118164,"consumed":18.756830078125,"exported":35.5999984741211,"imported":0.20000000298023224,"discharged":6.099999904632568,"maxPv":8.766}
