{"generated":13.800000190734863,"consumed":30.684421875,"exported":0.10000000149011612,"imported":0.20000000298023224,"discharged":25.700000762939453,"maxPv":9.582}
