{"generated":31.69999885559082,"consumed":27.04869921875,"exported":0.10000000149011612,"imported":0.20000000298023224,"discharged":5,"maxPv":7.025}
