{"generated":32.20000076293945,"consumed":8.8265654296875,"exported":19.5,"imported":28.5,"discharged":3.700000047683716,"maxPv":7.573}
