{"generated":66.4000015258789,"consumed":16.771541015625,"exported":43.20000076293945,"imported":0.10000000149011612,"discharged":4.5,"maxPv":8.802}
