{"generated":9.899999618530273,"consumed":7.3389140625,"exported":0.10000000149011612,"imported":0.20000000298023224,"discharged":3.9000000953674316,"maxPv":11.13}
