{"generated":37.89999866485596,"consumed":22.410626953125,"exported":3.299999952316284,"imported":0.10000000149011612,"discharged":12.199999809265137,"maxPv":9.657}
