{"generated":20.5,"consumed":13.06425390625,"exported":0.20000000298023224,"imported":2.700000047683716,"discharged":4.300000190734863,"maxPv":6.411}
