{"generated":0.300000011920929,"consumed":5.999999821186066,"exported":0}
