{"generated":2,"consumed":5.5778818359375,"exported":0,"imported":0,"discharged":4.199999809265137,"maxPv":4.422}
