{"generated":36.70000076293945,"consumed":10.0413212890625,"exported":16.299999237060547,"imported":0.20000000298023224,"discharged":3.5999999046325684,"maxPv":8.759}
