{"generated":60.70000171661376,"consumed":28.86502734375,"exported":28,"imported":0.10000000149011612,"discharged":8.199999809265137,"maxPv":8.843}
