{"generated":22.5,"consumed":15.6220791015625,"exported":0,"imported":0.10000000149011612,"discharged":4.300000190734863,"maxPv":5.645}
