{"generated":5,"consumed":6.03964697265625,"exported":0,"imported":30.200000762939453,"discharged":3.5,"maxPv":3.851}
