{"generated":65.9000015258789,"consumed":16.1697412109375,"exported":41.5999984741211,"imported":0.10000000149011612,"discharged":5.800000190734863,"maxPv":8.898}
