{"generated":5.699999809265137,"consumed":7.56378271484375,"exported":0,"imported":8.699999809265137,"discharged":0,"maxPv":3.119}
