{"generated":65.4000015258789,"consumed":41.38997265625,"exported":22.200000762939453,"imported":0.10000000149011612,"discharged":9,"maxPv":8.277}
