{"generated":10.90000057220459,"consumed":9.1746474609375,"exported":0.10000000149011612,"imported":0.10000000149011612,"discharged":3.299999952316284,"maxPv":11.211}
