{"generated":48.10000038146973,"consumed":46.50000037252903,"exported":0.300000011920929}
