{"generated":52.30000114440918,"consumed":18.300001718103886,"exported":31.399999618530273}
