{"generated":31.5,"consumed":8.3713505859375,"exported":18.600000381469727,"imported":0.10000000149011612,"discharged":3.299999952316284,"maxPv":11.16}
