{"generated":13.300000190734863,"consumed":10.1843857421875,"exported":0,"imported":0.10000000149011612,"discharged":6,"maxPv":8.96}
