{"generated":18.899999618530273,"consumed":13.1501640625,"exported":0.10000000149011612,"imported":0.10000000149011612,"discharged":5.699999809265137,"maxPv":5.554}
