{"generated":31.000000953674316,"consumed":24.700000762939453,"exported":0.20000000298023224,"imported":0.20000000298023224,"discharged":6.5,"maxPv":12.126}
