{"generated":43.70000076293945,"consumed":0.6269837646484375,"exported":14.800000190734863,"imported":0.20000000298023224,"discharged":8.600000381469727,"maxPv":0}
