{"generated":44.60000228881836,"consumed":35.9369609375,"exported":0.300000011920929,"imported":0.4000000059604645,"discharged":3.799999952316284,"maxPv":11.803}
