{"generated":7.099999904632568,"consumed":6.37559228515625,"exported":0,"imported":0.20000000298023224,"discharged":3.200000047683716,"maxPv":6.044}
