{"generated":3.799999952316284,"consumed":6.84391064453125,"exported":0.10000000149011612,"imported":0,"discharged":4.800000190734863,"maxPv":3.364}
