{"generated":38.70000076293945,"consumed":11.2139111328125,"exported":22.200000762939453,"imported":0,"discharged":5.099999904632568,"maxPv":12.159}
