{"generated":7.199999809265137,"consumed":8.04541259765625,"exported":0,"imported":0.20000000298023224,"discharged":4.199999809265137,"maxPv":7.897}
