{"generated":7.800000190734863,"consumed":13.160228515625,"exported":0,"imported":3.9000000953674316,"discharged":3.9000000953674316,"maxPv":11.543}
