{"generated":16.100000381469727,"consumed":7.40864794921875,"exported":0,"imported":12.899999618530273,"discharged":0,"maxPv":7.47}
