{"generated":10.399999618530273,"consumed":12.857095703125,"exported":0,"imported":1.600000023841858,"discharged":6.599999904632568,"maxPv":5.355}
