{"generated":45.4000015258789,"consumed":11.3139765625,"exported":28.700000762939453,"imported":0.10000000149011612,"discharged":3.9000000953674316,"maxPv":13.413}
