{"generated":5.599999904632568,"consumed":7.02138818359375,"exported":0,"imported":12,"discharged":4.5,"maxPv":4.509}
