{"generated":54.60000228881836,"consumed":30.26426171875,"exported":2,"imported":0.600000023841858,"discharged":5.300000190734863,"maxPv":8.761}
