{"generated":1.100000023841858,"consumed":6.02573486328125,"exported":0,"imported":0.10000000149011612,"discharged":4.599999904632568,"maxPv":2.131}
