{"generated":1.7000000476837158,"consumed":6.495984375,"exported":0,"imported":0.20000000298023224,"discharged":4.699999809265137,"maxPv":1.795}
