{"generated":55.5,"consumed":10.3565458984375,"exported":38.5999984741211,"imported":0.10000000149011612,"discharged":3.299999952316284,"maxPv":10.515}
