{"generated":54.5,"consumed":13.128779296875,"exported":13.600000381469727,"imported":0.10000000149011612,"discharged":4.5,"maxPv":8.662}
