{"generated":6.5,"consumed":6.71654443359375,"exported":0,"imported":0.10000000149011612,"discharged":3.799999952316284,"maxPv":9.995}
