{"generated":30.80000114440918,"consumed":9.719572265625,"exported":14.199999809265137,"imported":0.10000000149011612,"discharged":4.099999904632568,"maxPv":9.242}
