{"generated":1.5999999791383743,"consumed":5.999999895691872,"exported":0}
