{"generated":0,"consumed":1.9616749267578124,"exported":0,"imported":0,"discharged":1.899999976158142,"maxPv":0}
