{"generated":53.69999694824219,"consumed":25.3783125,"exported":20.600000381469727,"imported":0.300000011920929,"discharged":5,"maxPv":11.24}
