{"generated":7.09999942779541,"consumed":7.26766796875,"exported":0,"imported":0.10000000149011612,"discharged":4,"maxPv":9.995}
