{"generated":49.69999694824219,"consumed":18.95492578125,"exported":27.899999618530273,"imported":0.10000000149011612,"discharged":8.899999618530273,"maxPv":12.477}
