{"generated":3.3999998569488525,"consumed":5.32087890625,"exported":0,"imported":0.10000000149011612,"discharged":3.299999952316284,"maxPv":3.7}
