{"generated":67.89999389648438,"consumed":16.00991796875,"exported":46.79999923706055,"imported":0.20000000298023224,"discharged":6.099999904632568,"maxPv":8.891}
