{"generated":50.09999990463257,"consumed":19.500000096857548,"exported":24}
