{"generated":27.299999713897705,"consumed":38.04973828125,"exported":0.10000000149011612,"imported":2.700000047683716,"discharged":29.899999618530273,"maxPv":8.617}
