{"generated":43,"consumed":14.8967646484375,"exported":21.799999237060547,"imported":0.10000000149011612,"discharged":5.800000190734863,"maxPv":12.974}
