{"generated":67.50000190734863,"consumed":4.50912255859375,"exported":44.0999984741211,"imported":0.10000000149011612,"discharged":9.600000381469727,"maxPv":0.069}
