{"generated":24.19999885559082,"consumed":7.34059716796875,"exported":0,"imported":19.799999237060547,"discharged":1.2999999523162842,"maxPv":8.324}
