{"generated":48.19999694824219,"consumed":18.262158203125,"exported":25.899999618530273,"imported":0.10000000149011612,"discharged":8,"maxPv":12.543}
