{"generated":0.600000023841858,"consumed":4.7908896484375,"exported":0,"imported":0.10000000149011612,"discharged":3.5,"maxPv":1.677}
