{"generated":9.5,"consumed":8.9528740234375,"exported":0.10000000149011612,"imported":0.10000000149011612,"discharged":3.0999999046325684,"maxPv":8.456}
