{"generated":0,"consumed":8.2832763671875,"exported":0,"imported":27.5,"discharged":0.800000011920929,"maxPv":0}
