{"generated":10.5,"consumed":6.04305126953125,"exported":0,"imported":0,"discharged":3.700000047683716,"maxPv":5.678}
