{"generated":44.4000015258789,"consumed":16.728671875,"exported":22.299999237060547,"imported":0.20000000298023224,"discharged":6.5,"maxPv":12.974}
