{"generated":67.7999954223633,"consumed":21.682828125,"exported":42,"imported":0.10000000149011612,"discharged":6.900000095367432,"maxPv":8.821}
