{"generated":45.20000076293945,"consumed":10.2663955078125,"exported":9.899999618530273,"imported":0.699999988079071,"discharged":3.9000000953674316,"maxPv":8.057}
