{"generated":5.30000002682209,"consumed":6.799999885261059,"exported":0}
