{"generated":22.499998092651367,"consumed":9.1212060546875,"exported":7.099999904632568,"imported":0.10000000149011612,"discharged":3.9000000953674316,"maxPv":10.891}
