{"generated":63.000001907348626,"consumed":62.07425390625,"exported":0.10000000149011612,"imported":2.9000000953674316,"discharged":31.5,"maxPv":9.478}
