{"generated":6.5,"consumed":9.24648046875,"exported":0,"imported":1.600000023841858,"discharged":5.5,"maxPv":4.306}
