{"generated":57.60000228881836,"consumed":40.676625,"exported":0.300000011920929,"imported":6.199999809265137,"discharged":4.300000190734863,"maxPv":8.917}
