{"generated":9.699999809265137,"consumed":37.03155859375,"exported":0,"imported":17.899999618530273,"discharged":10.800000190734863,"maxPv":6.564}
