{"generated":15.5,"consumed":10.912431640625,"exported":0.10000000149011612,"imported":3.0999999046325684,"discharged":4.5,"maxPv":4.77}
