{"generated":3.0999999046325684,"consumed":7.2682548828125,"exported":0.10000000149011612,"imported":0.10000000149011612,"discharged":4.699999809265137,"maxPv":2.288}
