{"generated":55.9000015258789,"consumed":25.7096484375,"exported":25,"imported":0.20000000298023224,"discharged":9.5,"maxPv":10.264}
