{"generated":48.60000228881836,"consumed":17.47333203125,"exported":27.299999237060547,"imported":3.4000000953674316,"discharged":26.600000381469727,"maxPv":8.542}
