{"generated":56.0999984741211,"consumed":16.39893359375,"exported":37.5,"imported":0.10000000149011612,"discharged":5.400000095367432,"maxPv":11.679}
