{"generated":36.0999984741211,"consumed":16.2832685546875,"exported":0,"imported":0.10000000149011612,"discharged":4.400000095367432,"maxPv":8.874}
