{"generated":5.100000381469727,"consumed":8.16068994140625,"exported":0,"imported":0.10000000149011612,"discharged":5.199999809265137,"maxPv":6.168}
