{"generated":16.30000114440918,"consumed":13.8286982421875,"exported":0.10000000149011612,"imported":0.20000000298023224,"discharged":3.700000047683716,"maxPv":12.592}
