{"generated":48.0999984741211,"consumed":11.713478515625,"exported":9.5,"imported":0.20000000298023224,"discharged":4.300000190734863,"maxPv":10.275}
