{"generated":63.39999771118164,"consumed":12.51408203125,"exported":45.20000076293945,"imported":0.10000000149011612,"discharged":3.299999952316284,"maxPv":8.777}
