{"generated":4.900000095367432,"consumed":22.3991875,"exported":0,"imported":44.70000076293945,"discharged":12.600000381469727,"maxPv":2.295}
