{"generated":31.299999237060547,"consumed":8.4807958984375,"exported":0,"imported":5.5,"discharged":4.300000190734863,"maxPv":7.562}
