{"generated":0,"consumed":2.9946005859375,"exported":0,"imported":0,"discharged":2.700000047683716,"maxPv":0}
