{"generated":0,"consumed":1.6461124267578124,"exported":0,"imported":0.20000000298023224,"discharged":1.5,"maxPv":0}
