{"generated":1.8000000715255737,"consumed":6.23349267578125,"exported":0,"imported":0,"discharged":4.800000190734863,"maxPv":4.283}
