{"generated":20.399999618530273,"consumed":11.1988994140625,"exported":4.699999809265137,"imported":0.20000000298023224,"discharged":4.800000190734863,"maxPv":12.51}
