{"generated":0.10000000149011612,"consumed":4.771970703125,"exported":0,"imported":0,"discharged":4.400000095367432,"maxPv":0.228}
