{"generated":8.600000381469727,"consumed":8.18534912109375,"exported":0,"imported":0.20000000298023224,"discharged":4.400000095367432,"maxPv":6.2}
