{"generated":63.20000076293945,"consumed":11.91156640625,"exported":47.5999984741211,"imported":0.10000000149011612,"discharged":3.5999999046325684,"maxPv":8.834}
