{"generated":43.10000228881836,"consumed":29.1134296875,"exported":18.299999237060547,"imported":0.10000000149011612,"discharged":12.699999809265137,"maxPv":7.368}
