{"generated":17,"consumed":7.69983203125,"exported":0,"imported":0,"discharged":4.300000190734863,"maxPv":7.194}
