{"generated":37.49999952316284,"consumed":38.19999933242798,"exported":0.20000000298023224,"imported":0.20000000298023224,"discharged":8.399999618530273,"maxPv":11.096}
