{"generated":0.10000000149011612,"consumed":39.9961953125,"exported":0,"imported":33.79999923706055,"discharged":3.700000047683716,"maxPv":0.517}
