{"generated":46.79999923706055,"consumed":17.382744140625,"exported":22.100000381469727,"imported":0.20000000298023224,"discharged":3.0999999046325684,"maxPv":8.527}
