{"generated":0.10000000149011612,"consumed":4.5470888671875,"exported":0.10000000149011612,"imported":0.10000000149011612,"discharged":3.5999999046325684,"maxPv":0.088}
