{"generated":41.29999923706055,"consumed":21.17415234375,"exported":23.399999618530273,"imported":18.100000381469727,"discharged":29.100000381469727,"maxPv":7.885}
