{"generated":50.20000076293945,"consumed":16.965859375,"exported":23.5,"imported":0.20000000298023224,"discharged":5.599999904632568,"maxPv":12.665}
