{"generated":16.80000114440918,"consumed":7.24754150390625,"exported":5.400000095367432,"imported":0.10000000149011612,"discharged":3.5,"maxPv":7.519}
