{"generated":1.2000000476837158,"consumed":6.3433095703125,"exported":0.10000000149011612,"imported":13.399999618530273,"discharged":3.799999952316284,"maxPv":2.208}
