{"generated":37.79999923706055,"consumed":18.815140625,"exported":10.100000381469727,"imported":0.10000000149011612,"discharged":2.5999999046325684,"maxPv":8.21}
