{"generated":0.20000000298023224,"consumed":4.8779072265625,"exported":0,"imported":0,"discharged":4.5,"maxPv":1.355}
