{"generated":37.29999923706055,"consumed":32.00246484375,"exported":0.4000000059604645,"imported":10.800000190734863,"discharged":18.799999237060547,"maxPv":11.521}
