{"generated":5.099999904632568,"consumed":7.9881904296875,"exported":0,"imported":5.800000190734863,"discharged":0,"maxPv":8.356}
