{"generated":23.700000286102295,"consumed":38.37158984375,"exported":4.599999904632568,"imported":0.10000000149011612,"discharged":5.199999809265137,"maxPv":9.517}
