{"generated":24.19999885559082,"consumed":15.4021015625,"exported":0.20000000298023224,"imported":0.10000000149011612,"discharged":4.900000095367432,"maxPv":12.622}
