{"generated":57.500003814697266,"consumed":18.152404296875,"exported":36.29999923706055,"imported":0.10000000149011612,"discharged":7.5,"maxPv":10.891}
