{"generated":37.20000076293945,"consumed":23.13003515625,"exported":0.300000011920929,"imported":10.800000190734863,"discharged":10.699999809265137,"maxPv":11.521}
