{"generated":6.900000095367432,"consumed":9.166279296875,"exported":0,"imported":0.10000000149011612,"discharged":6.300000190734863,"maxPv":4.264}
