{"generated":29.700000762939453,"consumed":9.1330986328125,"exported":14.699999809265137,"imported":0.10000000149011612,"discharged":3.5,"maxPv":8.806}
