{"generated":33.79999923706055,"consumed":29.244017578125,"exported":0.899999976158142,"imported":15.100000381469727,"discharged":2.799999952316284,"maxPv":7.803}
