{"generated":0,"consumed":4.1098583984375,"exported":0,"imported":12,"discharged":3.9000000953674316,"maxPv":0.072}
