{"generated":8.5,"consumed":8.75210546875,"exported":0.10000000149011612,"imported":0.10000000149011612,"discharged":4.699999809265137,"maxPv":10.422}
