{"generated":0.4000000059604645,"consumed":4.24277880859375,"exported":0,"imported":0.10000000149011612,"discharged":3.200000047683716,"maxPv":1.54}
