{"generated":24.700000762939453,"consumed":21.173572265625,"exported":0.10000000149011612,"imported":0.20000000298023224,"discharged":4.300000190734863,"maxPv":10.276}
