{"generated":53.70000076293945,"consumed":35.90329296875,"exported":0.10000000149011612,"imported":7.5,"discharged":8.899999618530273,"maxPv":8.56}
