{"generated":7.100000381469727,"consumed":8.588318359375,"exported":0.10000000149011612,"imported":0.10000000149011612,"discharged":4.699999809265137,"maxPv":4.214}
