{"generated":36.70000076293945,"consumed":13.9330712890625,"exported":19.100000381469727,"imported":0.20000000298023224,"discharged":4.300000190734863,"maxPv":13.223}
