{"generated":14.700000762939453,"consumed":9.792482421875,"exported":0.20000000298023224,"imported":0.20000000298023224,"discharged":4.699999809265137,"maxPv":12.51}
