{"generated":0,"consumed":1.689337890625,"exported":0,"imported":32.79999923706055,"discharged":1.5,"maxPv":0}
