{"generated":46.70000076293945,"consumed":41.8129609375,"exported":6.699999809265137,"imported":28.5,"discharged":3.4000000953674316,"maxPv":7.72}
