{"generated":33.4000015258789,"consumed":14.2959814453125,"exported":15.5,"imported":0.10000000149011612,"discharged":5.599999904632568,"maxPv":13.362}
