{"generated":0.300000011920929,"consumed":6.40133935546875,"exported":0,"imported":2.9000000953674316,"discharged":4.400000095367432,"maxPv":1.23}
