{"generated":15,"consumed":20.50566796875,"exported":0.10000000149011612,"imported":0.10000000149011612,"discharged":12.5,"maxPv":4.893}
