{"generated":3.299999952316284,"consumed":5.896857421875,"exported":0.10000000149011612,"imported":0.10000000149011612,"discharged":4,"maxPv":3.852}
