{"generated":0.10000000149011612,"consumed":4.706033203125,"exported":0,"imported":0,"discharged":4.300000190734863,"maxPv":0.168}
