{"generated":25.5,"consumed":9.4652685546875,"exported":0.10000000149011612,"imported":8.300000190734863,"discharged":3.5,"maxPv":11.507}
