{"generated":40,"consumed":20.129009765625,"exported":19.5,"imported":7,"discharged":23.799999237060547,"maxPv":11.367}
