{"generated":52,"consumed":14.9318349609375,"exported":31.700000762939453,"imported":0.10000000149011612,"discharged":4.699999809265137,"maxPv":11.932}
