{"generated":47.99999952316284,"consumed":53.999999046325684,"exported":0.20000000298023224}
