{"generated":3.299999952316284,"consumed":6.61703515625,"exported":0,"imported":5.599999904632568,"discharged":0.600000023841858,"maxPv":2.439}
