{"generated":0,"consumed":2.801495849609375,"exported":0,"imported":0,"discharged":2.700000047683716,"maxPv":0}
