{"generated":0,"consumed":1.2646929931640625,"exported":0,"imported":0.10000000149011612,"discharged":0.5,"maxPv":0}
