{"generated":3.2999999076128006,"consumed":6.699999883770943,"exported":0}
