{"generated":0,"consumed":0.6478478393554687,"exported":0,"imported":0,"discharged":1.2000000476837158,"maxPv":0}
