{"generated":16.5,"consumed":6.36836181640625,"exported":0,"imported":0.10000000149011612,"discharged":3.4000000953674316,"maxPv":6.796}
