{"generated":64.5,"consumed":15.5082998046875,"exported":44.70000076293945,"imported":0.10000000149011612,"discharged":3.700000047683716,"maxPv":8.978}
