{"generated":35.79999923706055,"consumed":10.9876728515625,"exported":19.100000381469727,"imported":0.10000000149011612,"discharged":4.699999809265137,"maxPv":11.101}
