{"generated":58.20000076293945,"consumed":26.623576171875,"exported":23.100000381469727,"imported":0.20000000298023224,"discharged":3.700000047683716,"maxPv":9.681}
