{"generated":11.899999618530273,"consumed":10.81746484375,"exported":0.10000000149011612,"imported":0.10000000149011612,"discharged":4.900000095367432,"maxPv":5.609}
