{"generated":40.39999771118164,"consumed":12.618951171875,"exported":23.100000381469727,"imported":1.600000023841858,"discharged":24.399999618530273,"maxPv":10.392}
