{"generated":0,"consumed":1.070590576171875,"exported":0,"imported":0.300000011920929,"discharged":0.899999976158142,"maxPv":0}
