{"generated":33.69999694824219,"consumed":13.3272685546875,"exported":6.599999904632568,"imported":0.10000000149011612,"discharged":4.099999904632568,"maxPv":6.889}
