{"generated":13.899999618530273,"consumed":7.90377197265625,"exported":0.10000000149011612,"imported":0.10000000149011612,"discharged":4.099999904632568,"maxPv":7.508}
