{"generated":0.4000000059604645,"consumed":4.02612353515625,"exported":0,"imported":0.10000000149011612,"discharged":3.4000000953674316,"maxPv":0.704}
