{"generated":64.5999984741211,"consumed":17.685150390625,"exported":43.5999984741211,"imported":0.5,"discharged":4.699999809265137,"maxPv":9.004}
