{"generated":56.5999984741211,"consumed":13.669603515625,"exported":33.20000076293945,"imported":0.10000000149011612,"discharged":4.5,"maxPv":9.785}
