{"generated":1.2000000476837158,"consumed":6.07878564453125,"exported":0,"imported":0,"discharged":5.5,"maxPv":2.961}
