{"generated":1.5,"consumed":4.68933642578125,"exported":0,"imported":0,"discharged":3.799999952316284,"maxPv":2.818}
