{"generated":3.200000047683716,"consumed":5.73661669921875,"exported":0,"imported":0.10000000149011612,"discharged":4.300000190734863,"maxPv":5.22}
