{"generated":10.30000114440918,"consumed":9.2749833984375,"exported":0,"imported":5.699999809265137,"discharged":0.600000023841858,"maxPv":3.845}
