{"generated":39.9000015258789,"consumed":11.106595703125,"exported":19.700000762939453,"imported":30.200000762939453,"discharged":3.700000047683716,"maxPv":7.52}
