{"generated":45.30000305175781,"consumed":13.36624609375,"exported":28.399999618530273,"imported":0.10000000149011612,"discharged":4.599999904632568,"maxPv":12.155}
