{"generated":9,"consumed":7.85823974609375,"exported":0.10000000149011612,"imported":0.20000000298023224,"discharged":4,"maxPv":9.928}
