{"generated":38.70000076293945,"consumed":12.42396875,"exported":8.800000190734863,"imported":12.899999618530273,"discharged":10,"maxPv":7.47}
