{"generated":36.80000019073486,"consumed":19.100000575184822,"exported":6}
