{"generated":6.099999904632568,"consumed":5.96469775390625,"exported":0.10000000149011612,"imported":0.10000000149011612,"discharged":3.5,"maxPv":4.929}
