{"generated":26.200000762939453,"consumed":9.1685078125,"exported":12.899999618530273,"imported":0.10000000149011612,"discharged":3.4000000953674316,"maxPv":12.086}
