{"generated":33.80000305175781,"consumed":11.8096953125,"exported":0.10000000149011612,"imported":0.20000000298023224,"discharged":5,"maxPv":9.989}
