{"generated":0,"consumed":1.6233114013671874,"exported":0,"imported":10.800000190734863,"discharged":0,"maxPv":0}
