{"generated":18.400001525878906,"consumed":0.738908935546875,"exported":4.800000190734863,"imported":0.10000000149011612,"discharged":8.100000381469727,"maxPv":0}
