{"generated":58.29999923706055,"consumed":15.9055791015625,"exported":14.800000190734863,"imported":0.10000000149011612,"discharged":4.599999904632568,"maxPv":8.662}
