{"generated":0,"consumed":1.70252880859375,"exported":0,"imported":0,"discharged":2.200000047683716,"maxPv":0}
