{"generated":19.5,"consumed":17.200044921875,"exported":0,"imported":0.10000000149011612,"discharged":4.800000190734863,"maxPv":6.514}
