{"generated":63.4000015258789,"consumed":0.5743590698242188,"exported":44.79999923706055,"imported":0.10000000149011612,"discharged":7.400000095367432,"maxPv":0}
