{"generated":0.7000000476837158,"consumed":6.85978369140625,"exported":0,"imported":3.200000047683716,"discharged":4.900000095367432,"maxPv":1.33}
