{"generated":66.9000015258789,"consumed":0.6242359619140625,"exported":47.29999923706055,"imported":0,"discharged":6.800000190734863,"maxPv":0}
