{"generated":0,"consumed":5.58144873046875,"exported":0,"imported":2.5,"discharged":4.400000095367432,"maxPv":0}
