{"generated":28.900001525878906,"consumed":8.2473388671875,"exported":15.699999809265137,"imported":0.10000000149011612,"discharged":3.299999952316284,"maxPv":8.606}
