{"generated":0.4000000059604645,"consumed":6.739517578125,"exported":0,"imported":7.5,"discharged":5.800000190734863,"maxPv":0.83}
