{"generated":4.099999904632568,"consumed":6.64893017578125,"exported":0,"imported":0.10000000149011612,"discharged":4.699999809265137,"maxPv":3.369}
