{"generated":0.10000000149011612,"consumed":6.27172705078125,"exported":0,"imported":0,"discharged":5.699999809265137,"maxPv":0.267}
