{"generated":35.20000076293945,"consumed":18.458365234375,"exported":0.20000000298023224,"imported":0.300000011920929,"discharged":4.300000190734863,"maxPv":7.018}
