{"generated":27.200000762939453,"consumed":11.004515625,"exported":11.399999618530273,"imported":0.20000000298023224,"discharged":4.800000190734863,"maxPv":11.593}
