{"generated":10.800000190734863,"consumed":6.58917578125,"exported":0,"imported":0.10000000149011612,"discharged":3.299999952316284,"maxPv":9.804}
