{"generated":7,"consumed":7.15379541015625,"exported":0,"imported":0.20000000298023224,"discharged":3.4000000953674316,"maxPv":5.654}
