{"generated":47.5999984741211,"consumed":42.22342578125,"exported":0.20000000298023224,"imported":0.10000000149011612,"discharged":4.400000095367432,"maxPv":8.558}
