{"generated":58.5,"consumed":25.562494140625,"exported":31,"imported":0.20000000298023224,"discharged":10.199999809265137,"maxPv":10.377}
