{"generated":29.399999141693115,"consumed":11.799999237060547,"exported":0.300000011920929}
