{"generated":27.399999618530273,"consumed":6.10831201171875,"exported":17.600000381469727,"imported":0.10000000149011612,"discharged":3,"maxPv":8.779}
