{"generated":56.5999984741211,"consumed":18.926798828125,"exported":33.20000076293945,"imported":0.10000000149011612,"discharged":9.600000381469727,"maxPv":9.785}
