{"generated":19,"consumed":10.8205810546875,"exported":0.10000000149011612,"imported":0.20000000298023224,"discharged":5.400000095367432,"maxPv":5.48}
