{"generated":34.79999923706055,"consumed":1.7465775146484375,"exported":17.700000762939453,"imported":0.10000000149011612,"discharged":5.199999809265137,"maxPv":9.025}
