{"generated":21.700000762939453,"consumed":14.349869140625,"exported":0.10000000149011612,"imported":0.20000000298023224,"discharged":5.199999809265137,"maxPv":7.49}
