{"generated":15.899999618530273,"consumed":12.7902880859375,"exported":0.10000000149011612,"imported":0,"discharged":7.300000190734863,"maxPv":6.009}
