{"generated":12.800000190734863,"consumed":11.0801201171875,"exported":0,"imported":0.10000000149011612,"discharged":7,"maxPv":4.594}
