{"generated":6.899999618530273,"consumed":6.887353515625,"exported":0,"imported":13.399999618530273,"discharged":4.099999904632568,"maxPv":4.68}
