{"generated":8.600000083446503,"consumed":7.100000083446503,"exported":0}
