{"generated":33.5,"consumed":8.46687890625,"exported":20.299999237060547,"imported":0.10000000149011612,"discharged":3.299999952316284,"maxPv":7.388}
