{"generated":0.10000000149011612,"consumed":4.67444921875,"exported":0,"imported":0,"discharged":4.199999809265137,"maxPv":0.347}
