{"generated":13.299999237060547,"consumed":9.25719921875,"exported":0.20000000298023224,"imported":0.10000000149011612,"discharged":4.699999809265137,"maxPv":13.364}
