{"generated":45.29999923706055,"consumed":0.5685438232421876,"exported":29.799999237060547,"imported":0,"discharged":6.699999809265137,"maxPv":0}
