{"generated":0,"consumed":4.056490966796875,"exported":0,"imported":18.100000381469727,"discharged":3.799999952316284,"maxPv":0.059}
