{"generated":27.799999237060547,"consumed":0.7199584350585938,"exported":6.900000095367432,"imported":0.10000000149011612,"discharged":13.5,"maxPv":0}
