{"generated":23.799999237060547,"consumed":11.7687890625,"exported":6.599999904632568,"imported":0.20000000298023224,"discharged":6.199999809265137,"maxPv":13.221}
