{"generated":49.89999771118164,"consumed":50.37765234375,"exported":0.300000011920929,"imported":0.4000000059604645,"discharged":12.800000190734863,"maxPv":11.803}
