{"generated":26.299999237060547,"consumed":10.27672265625,"exported":10.699999809265137,"imported":0.10000000149011612,"discharged":4.900000095367432,"maxPv":8.347}
