{"generated":0.600000023841858,"consumed":4.016634765625,"exported":0,"imported":0.10000000149011612,"discharged":2.799999952316284,"maxPv":1.642}
