{"generated":18.899999618530273,"consumed":19.24873828125,"exported":0.10000000149011612,"imported":0.20000000298023224,"discharged":12.300000190734863,"maxPv":5.486}
