{"generated":64.1999969482422,"consumed":27.17225390625,"exported":27.5,"imported":0.10000000149011612,"discharged":4.400000095367432,"maxPv":9.124}
