{"generated":37,"consumed":12.3741162109375,"exported":15.600000381469727,"imported":0.20000000298023224,"discharged":3.9000000953674316,"maxPv":10.981}
