{"generated":27,"consumed":31.248505859375,"exported":0.10000000149011612,"imported":0.20000000298023224,"discharged":12.5,"maxPv":7.199}
