{"generated":0.10000000149011612,"consumed":4.76618798828125,"exported":0,"imported":0,"discharged":5,"maxPv":0.078}
