{"generated":22.5,"consumed":10.1780185546875,"exported":0.10000000149011612,"imported":0.10000000149011612,"discharged":5.900000095367432,"maxPv":5.41}
