{"generated":1.8000000715255737,"consumed":7.6479423828125,"exported":0,"imported":4.900000095367432,"discharged":2.700000047683716,"maxPv":1.985}
