{"generated":66.2000045776367,"consumed":13.1025869140625,"exported":48.29999923706055,"imported":0.10000000149011612,"discharged":3,"maxPv":8.959}
