{"generated":18.899999618530273,"consumed":57.74382421875,"exported":0.10000000149011612,"imported":31.5,"discharged":9.199999809265137,"maxPv":5.423}
