{"generated":12.199999809265137,"consumed":6.74762451171875,"exported":0.10000000149011612,"imported":0.20000000298023224,"discharged":4,"maxPv":6.04}
