{"generated":10.100000381469727,"consumed":6.32010107421875,"exported":0,"imported":0.699999988079071,"discharged":3.9000000953674316,"maxPv":6.603}
