{"generated":8,"consumed":50.14990234375,"exported":2.0999999046325684,"imported":79.0999984741211,"discharged":1.7000000476837158,"maxPv":3.927}
