{"generated":39.49999952316284,"consumed":43.72873046875,"exported":15.300000190734863,"imported":0.10000000149011612,"discharged":5.199999809265137,"maxPv":11.023}
