{"generated":1.7000000476837158,"consumed":7.354919921875,"exported":0,"imported":0.10000000149011612,"discharged":6,"maxPv":4.707}
