{"generated":0.10000000149011612,"consumed":4.48191162109375,"exported":0,"imported":0.5,"discharged":3.5,"maxPv":0.064}
