{"generated":40,"consumed":13.2160810546875,"exported":19.700000762939453,"imported":30.200000762939453,"discharged":5.5,"maxPv":7.52}
