{"generated":32.69999980926514,"consumed":32.554998046875,"exported":0.20000000298023224,"imported":0.20000000298023224,"discharged":7.599999904632568,"maxPv":12.826}
