{"generated":0,"consumed":2.871768310546875,"exported":0,"imported":12,"discharged":2.700000047683716,"maxPv":0}
