{"generated":11.899999618530273,"consumed":47.63308203125,"exported":0.10000000149011612,"imported":59.79999923706055,"discharged":1.7999999523162842,"maxPv":5.31}
