{"generated":3.3000001907348633,"consumed":20.3024765625,"exported":0.10000000149011612,"imported":9.199999809265137,"discharged":6.900000095367432,"maxPv":1.279}
