{"generated":0.20000000298023224,"consumed":35.32628515625,"exported":0,"imported":30.100000381469727,"discharged":2.799999952316284,"maxPv":0.838}
