{"generated":16.100000381469727,"consumed":9.0993701171875,"exported":3.700000047683716,"imported":0.20000000298023224,"discharged":3.4000000953674316,"maxPv":6.703}
