{"generated":16.30000114440918,"consumed":22.932541015625,"exported":0.20000000298023224,"imported":13.699999809265137,"discharged":10.800000190734863,"maxPv":4.665}
