{"generated":5.800000190734863,"consumed":7.00580712890625,"exported":0,"imported":0.20000000298023224,"discharged":3.700000047683716,"maxPv":9.851}
