{"generated":4.699999809265137,"consumed":6.14460546875,"exported":0,"imported":0.10000000149011612,"discharged":3.5999999046325684,"maxPv":5.109}
