{"generated":0,"consumed":26.544755859375,"exported":0,"imported":34.0999984741211,"discharged":3.0999999046325684,"maxPv":0}
