{"generated":37.5,"consumed":63.83725,"exported":10.199999809265137,"imported":34.9000015258789,"discharged":8,"maxPv":6.869}
