{"generated":0,"consumed":7.038232421875,"exported":0,"imported":5.300000190734863,"discharged":6.800000190734863,"maxPv":0}
