{"generated":64.5,"consumed":33.13296875,"exported":27.399999618530273,"imported":0.10000000149011612,"discharged":6.199999809265137,"maxPv":9.635}
