{"generated":66.4000015258789,"consumed":43.4420078125,"exported":19.600000381469727,"imported":0.20000000298023224,"discharged":7.400000095367432,"maxPv":8.831}
