{"generated":33.20000076293945,"consumed":9.6826591796875,"exported":15.399999618530273,"imported":0.20000000298023224,"discharged":4.300000190734863,"maxPv":8.777}
