{"generated":0,"consumed":1.3767396240234375,"exported":0,"imported":2.299999952316284,"discharged":0.600000023841858,"maxPv":0}
