{"generated":41.4000015258789,"consumed":12.3670634765625,"exported":18.200000762939453,"imported":19.799999237060547,"discharged":22.399999618530273,"maxPv":8.324}
