{"generated":17.600000381469727,"consumed":11.3816748046875,"exported":0,"imported":0.10000000149011612,"discharged":5.300000190734863,"maxPv":7.291}
