{"generated":3.6999998092651367,"consumed":5.69057666015625,"exported":0.10000000149011612,"imported":0.20000000298023224,"discharged":3.0999999046325684,"maxPv":4.161}
