{"generated":11,"consumed":29.193091796875,"exported":0.20000000298023224,"imported":13.899999618530273,"discharged":14.699999809265137,"maxPv":6.596}
