{"generated":0,"consumed":4.400000192224979,"exported":0,"imported":0.10000000149011612,"discharged":4.300000190734863,"maxPv":0}
