{"generated":31,"consumed":9.8768349609375,"exported":1.600000023841858,"imported":13.300000190734863,"discharged":4.5,"maxPv":11.073}
