{"generated":29.600000381469727,"consumed":8.918173828125,"exported":11.600000381469727,"imported":0.10000000149011612,"discharged":3.4000000953674316,"maxPv":8.41}
