{"generated":43.89999771118164,"consumed":28.0755,"exported":10.199999809265137,"imported":0.20000000298023224,"discharged":13.399999618530273,"maxPv":7.259}
