{"generated":51.69999694824219,"consumed":12.1757587890625,"exported":34.5,"imported":0.300000011920929,"discharged":24.100000381469727,"maxPv":9.123}
