{"generated":53,"consumed":10.98540625,"exported":36.9000015258789,"imported":0.10000000149011612,"discharged":3.5999999046325684,"maxPv":8.593}
