{"generated":13.300000190734863,"consumed":10.6053994140625,"exported":0,"imported":0.10000000149011612,"discharged":6.300000190734863,"maxPv":5.904}
