{"generated":3.4000000953674316,"consumed":8.1687685546875,"exported":0,"imported":0.10000000149011612,"discharged":4.900000095367432,"maxPv":2.294}
