{"generated":39.70000076293945,"consumed":9.6260263671875,"exported":24.200000762939453,"imported":0.10000000149011612,"discharged":3.5999999046325684,"maxPv":12.666}
