{"generated":17.5,"consumed":12.704658203125,"exported":0.10000000149011612,"imported":5,"discharged":2.700000047683716,"maxPv":4.783}
