{"generated":12.799999237060547,"consumed":9.8659443359375,"exported":0.10000000149011612,"imported":5.800000190734863,"discharged":0.600000023841858,"maxPv":8.719}
