{"generated":9.40000057220459,"consumed":10.6791708984375,"exported":0.10000000149011612,"imported":0.10000000149011612,"discharged":5.400000095367432,"maxPv":6.756}
