{"generated":17.899999618530273,"consumed":10.3201064453125,"exported":4.699999809265137,"imported":0.20000000298023224,"discharged":3.5,"maxPv":6.703}
