{"generated":67,"consumed":0.6973654174804688,"exported":30.899999618530273,"imported":0.20000000298023224,"discharged":11.399999618530273,"maxPv":0}
