{"generated":64.9000015258789,"consumed":18.440486328125,"exported":42.5,"imported":0.10000000149011612,"discharged":10.5,"maxPv":8.839}
