{"generated":5.799999713897705,"consumed":6.9439365234375,"exported":0,"imported":0.20000000298023224,"discharged":3.9000000953674316,"maxPv":7.353}
