{"generated":0.899999976158142,"consumed":8.15812939453125,"exported":0,"imported":2.700000047683716,"discharged":4.699999809265137,"maxPv":1.265}
