{"generated":19.499998092651367,"consumed":7.82558984375,"exported":8.699999809265137,"imported":0.10000000149011612,"discharged":3.299999952316284,"maxPv":12.013}
