{"generated":64,"consumed":14.3878935546875,"exported":44.70000076293945,"imported":0.10000000149011612,"discharged":3.299999952316284,"maxPv":8.978}
