{"generated":3.4000000953674316,"consumed":8.243099609375,"exported":0.10000000149011612,"imported":0.10000000149011612,"discharged":5.199999809265137,"maxPv":2.632}
