{"generated":10.800000011920929,"consumed":8.6829677734375,"exported":0.10000000149011612,"imported":0.10000000149011612,"discharged":5.099999904632568,"maxPv":8.6}
