{"generated":17.399999618530273,"consumed":6.90293017578125,"exported":6.099999904632568,"imported":0.10000000149011612,"discharged":3.299999952316284,"maxPv":6.606}
