{"generated":0,"consumed":23.09999978542328,"exported":0,"imported":9.300000190734863,"discharged":14.899999618530273,"maxPv":0}
