{"generated":20.19999885559082,"consumed":26.7683828125,"exported":0.300000011920929,"imported":13.699999809265137,"discharged":4.699999809265137,"maxPv":6.186}
