{"generated":0,"consumed":1.7805301513671874,"exported":0,"imported":0,"discharged":1.600000023841858,"maxPv":0}
