{"generated":35.89999771118164,"consumed":13.1541123046875,"exported":21.799999237060547,"imported":3.200000047683716,"discharged":25.100000381469727,"maxPv":10.937}
