{"generated":66.4000015258789,"consumed":13.7793349609375,"exported":44.29999923706055,"imported":0.10000000149011612,"discharged":4.099999904632568,"maxPv":8.684}
