{"generated":32.4000015258789,"consumed":24.664453125,"exported":13.600000381469727,"imported":18.100000381469727,"discharged":21.799999237060547,"maxPv":0.118}
