{"generated":11.899999618530273,"consumed":9.24640234375,"exported":0,"imported":0,"discharged":4.900000095367432,"maxPv":9.736}
