{"generated":66.89999389648438,"consumed":30.850689453125,"exported":35.4000015258789,"imported":0.20000000298023224,"discharged":8,"maxPv":8.629}
