{"generated":0.5,"consumed":6.47108740234375,"exported":0,"imported":5.599999904632568,"discharged":0,"maxPv":1.381}
