{"generated":43.89999771118164,"consumed":27.425271484375,"exported":10.199999809265137,"imported":0.20000000298023224,"discharged":12.800000190734863,"maxPv":7.259}
