{"generated":50.10000228881836,"consumed":13.74162109375,"exported":31,"imported":0.20000000298023224,"discharged":4.800000190734863,"maxPv":11.593}
