{"generated":39.69999694824219,"consumed":7.25204296875,"exported":28.600000381469727,"imported":0,"discharged":3,"maxPv":10.789}
