{"generated":0,"consumed":2.247585693359375,"exported":0,"imported":0.699999988079071,"discharged":2.0999999046325684,"maxPv":0}
