{"generated":20.80000114440918,"consumed":40.17705078125,"exported":0.10000000149011612,"imported":26.100000381469727,"discharged":3.9000000953674316,"maxPv":5.453}
