{"generated":9.399999618530273,"consumed":9.8630458984375,"exported":0,"imported":0.10000000149011612,"discharged":6.099999904632568,"maxPv":5.958}
