{"generated":0,"consumed":36.65552734375,"exported":0,"imported":37.20000076293945,"discharged":1.399999976158142,"maxPv":0}
