{"generated":66.4000015258789,"consumed":46.4411484375,"exported":19.700000762939453,"imported":0.20000000298023224,"discharged":10.100000381469727,"maxPv":8.831}
