{"generated":37.69999694824219,"consumed":10.558115234375,"exported":18.700000762939453,"imported":0.10000000149011612,"discharged":4.900000095367432,"maxPv":8.898}
