{"generated":0.800000011920929,"consumed":5.7366142578125,"exported":0,"imported":0.10000000149011612,"discharged":5.400000095367432,"maxPv":1.517}
