{"generated":29.5,"consumed":7.54237841796875,"exported":0.10000000149011612,"imported":0,"discharged":3.700000047683716,"maxPv":8.248}
