{"generated":42.39999771118164,"consumed":12.41017578125,"exported":26.5,"imported":0.10000000149011612,"discharged":4.199999809265137,"maxPv":11.792}
