{"generated":4.700000286102295,"consumed":14.0679228515625,"exported":0,"imported":7.599999904632568,"discharged":9,"maxPv":2.91}
