{"generated":11.700000286102295,"consumed":9.900000095367432,"exported":0.10000000149011612}
