{"generated":13.100000381469727,"consumed":14.886306640625,"exported":0,"imported":2.299999952316284,"discharged":7.099999904632568,"maxPv":5.228}
