{"generated":51.9000015258789,"consumed":18.990798828125,"exported":29,"imported":0.600000023841858,"discharged":26.200000762939453,"maxPv":9.989}
