{"generated":4.700000286102295,"consumed":5.88096728515625,"exported":0,"imported":0.10000000149011612,"discharged":3.4000000953674316,"maxPv":6.477}
