{"generated":59.5999984741211,"consumed":54.677609375,"exported":3.299999952316284,"imported":0.20000000298023224,"discharged":8.5,"maxPv":10.271}
