{"generated":32.30000019073486,"consumed":29.748408203125,"exported":0.10000000149011612,"imported":0.20000000298023224,"discharged":6.099999904632568,"maxPv":12.77}
