{"generated":0,"consumed":3.994663818359375,"exported":0,"imported":0,"discharged":3.799999952316284,"maxPv":0.027}
