{"generated":38.70000076293945,"consumed":15.583908203125,"exported":10.699999809265137,"imported":12.899999618530273,"discharged":15,"maxPv":7.47}
