{"generated":68.4000015258789,"consumed":24.627837890625,"exported":43,"imported":0.10000000149011612,"discharged":11.899999618530273,"maxPv":8.981}
