{"generated":58.0999984741211,"consumed":12.9456494140625,"exported":37.29999923706055,"imported":0.10000000149011612,"discharged":4.800000190734863,"maxPv":10.051}
