{"generated":38.5999984741211,"consumed":21.899240234375,"exported":1.899999976158142,"imported":4.099999904632568,"discharged":11.899999618530273,"maxPv":6.867}
