{"generated":20.5,"consumed":14.2641640625,"exported":0.10000000149011612,"imported":0.20000000298023224,"discharged":8,"maxPv":5.374}
