{"generated":0.4000000059604645,"consumed":18.48212109375,"exported":0,"imported":12.199999809265137,"discharged":5.099999904632568,"maxPv":1.198}
