{"generated":18.600000381469727,"consumed":11.8244541015625,"exported":0.10000000149011612,"imported":0.20000000298023224,"discharged":5.599999904632568,"maxPv":9.126}
