{"generated":45.4000015258789,"consumed":11.2028623046875,"exported":23.5,"imported":0.20000000298023224,"discharged":3.5999999046325684,"maxPv":8.766}
