{"generated":66.39999771118164,"consumed":10.94071875,"exported":20.600000381469727,"imported":0.20000000298023224,"discharged":12.100000381469727,"maxPv":9.026}
