{"generated":5.599999904632568,"consumed":6.81302734375,"exported":0,"imported":0,"discharged":4.800000190734863,"maxPv":6.333}
