{"generated":0.5,"consumed":5.6004765625,"exported":0,"imported":0.10000000149011612,"discharged":4.199999809265137,"maxPv":0.603}
