{"generated":51.000000953674316,"consumed":31.70000095665455,"exported":9.399999618530273}
