{"generated":56.0999984741211,"consumed":13.0587333984375,"exported":35.9000015258789,"imported":0.10000000149011612,"discharged":3.9000000953674316,"maxPv":10.891}
