{"generated":61.000003814697266,"consumed":19.018873046875,"exported":37.5,"imported":0.20000000298023224,"discharged":4.800000190734863,"maxPv":9.078}
