{"generated":48.80000305175781,"consumed":12.500958984375,"exported":30.799999237060547,"imported":0,"discharged":5.099999904632568,"maxPv":12.159}
