{"generated":0,"consumed":1.742107421875,"exported":0,"imported":22.700000762939453,"discharged":0,"maxPv":0}
