{"generated":46.79999923706055,"consumed":14.2705732421875,"exported":22,"imported":0.20000000298023224,"discharged":3.200000047683716,"maxPv":9.33}
