{"generated":65.1999969482422,"consumed":20.4152265625,"exported":45.79999923706055,"imported":0.10000000149011612,"discharged":8.899999618530273,"maxPv":8.82}
