{"generated":40.999999046325684,"consumed":19.699998952448368,"exported":14.100000381469727}
