{"generated":0,"consumed":4.26585498046875,"exported":0,"imported":0.10000000149011612,"discharged":3.9000000953674316,"maxPv":0.071}
