{"generated":41.29999923706055,"consumed":20.590521484375,"exported":23.200000762939453,"imported":18.100000381469727,"discharged":28.399999618530273,"maxPv":7.885}
