{"generated":16.299999237060547,"consumed":9.601640625,"exported":0,"imported":0.10000000149011612,"discharged":5.800000190734863,"maxPv":6.336}
