{"generated":33.59999990463257,"consumed":34.10000028461218,"exported":0.20000000298023224,"imported":0.10000000149011612,"discharged":7.800000190734863,"maxPv":11.096}
