{"generated":13.300000190734863,"consumed":10.8861669921875,"exported":0,"imported":0.10000000149011612,"discharged":4.800000190734863,"maxPv":6.041}
