{"generated":22.99999976158142,"consumed":11.799999475479126,"exported":0.20000000298023224,"imported":0.20000000298023224,"discharged":5.400000095367432,"maxPv":13.625}
