{"generated":3.0999999046325684,"consumed":4.5697216796875,"exported":0,"imported":0.20000000298023224,"discharged":2.700000047683716,"maxPv":3.662}
