{"generated":7.900000095367432,"consumed":7.5270146484375,"exported":0,"imported":0.10000000149011612,"discharged":3.700000047683716,"maxPv":9.991}
