{"generated":30.40000009536743,"consumed":17.799999713897705,"exported":0.300000011920929}
