{"generated":35.19999885559082,"consumed":27.999998569488525,"exported":2.9000000953674316}
