{"generated":21.299999237060547,"consumed":24.99759375,"exported":0.10000000149011612,"imported":12.300000190734863,"discharged":6.099999904632568,"maxPv":5.063}
