{"generated":13.499999761581421,"consumed":10.299999572336674,"exported":0}
