{"generated":31.899999618530273,"consumed":12.216140625,"exported":20.799999237060547,"imported":6.800000190734863,"discharged":24,"maxPv":12.445}
