{"generated":14.999999046325684,"consumed":10.8933291015625,"exported":0.10000000149011612,"imported":0,"discharged":4.800000190734863,"maxPv":5.223}
