{"generated":0,"consumed":3.714752685546875,"exported":0,"imported":0.4000000059604645,"discharged":2.799999952316284,"maxPv":0.056}
