{"generated":48.5999984741211,"consumed":25.853837890625,"exported":21.399999618530273,"imported":4.599999904632568,"discharged":24.299999237060547,"maxPv":8.389}
