{"generated":0.10000000149011612,"consumed":3.427197021484375,"exported":0,"imported":0.20000000298023224,"discharged":2.5,"maxPv":0.065}
