{"generated":0,"consumed":4.9587587890625,"exported":0,"imported":0.20000000298023224,"discharged":3.700000047683716,"maxPv":0.063}
