{"generated":54.30000114440918,"consumed":23.758751953125,"exported":28.700000762939453,"imported":0.10000000149011612,"discharged":10.199999809265137,"maxPv":9.96}
