{"generated":39.5999984741211,"consumed":43.65515234375,"exported":17.899999618530273,"imported":30.200000762939453,"discharged":2.9000000953674316,"maxPv":7.008}
