{"generated":16.200000762939453,"consumed":11.134931640625,"exported":0.20000000298023224,"imported":0.20000000298023224,"discharged":5.199999809265137,"maxPv":5.061}
