{"generated":57,"consumed":0.7283114624023438,"exported":31.299999237060547,"imported":0.20000000298023224,"discharged":7.300000190734863,"maxPv":0}
