{"generated":31.200000762939453,"consumed":13.0281162109375,"exported":10.300000190734863,"imported":0.20000000298023224,"discharged":3.9000000953674316,"maxPv":10.377}
