{"generated":2.4000000953674316,"consumed":5.27973193359375,"exported":0.10000000149011612,"imported":0,"discharged":3.9000000953674316,"maxPv":5.2}
