{"generated":9.699999809265137,"consumed":36.0621953125,"exported":0,"imported":17.899999618530273,"discharged":9.899999618530273,"maxPv":6.564}
