{"generated":17.700000762939453,"consumed":8.20041015625,"exported":0.20000000298023224,"imported":12,"discharged":4.5,"maxPv":11.882}
