{"generated":51.79999923706055,"consumed":11.1311298828125,"exported":14.899999618530273,"imported":0.10000000149011612,"discharged":4.5,"maxPv":8.928}
