{"generated":0,"consumed":2.894402099609375,"exported":0,"imported":0.20000000298023224,"discharged":2.0999999046325684,"maxPv":0}
