{"generated":0,"consumed":2.8963212890625,"exported":0,"imported":3.5999999046325684,"discharged":2.5999999046325684,"maxPv":0}
