{"generated":56.5,"consumed":12.27928515625,"exported":39.4000015258789,"imported":0.10000000149011612,"discharged":3.5999999046325684,"maxPv":8.593}
