{"generated":29.899999618530273,"consumed":15.4399208984375,"exported":0,"imported":0.10000000149011612,"discharged":5.599999904632568,"maxPv":6.486}
