{"generated":55.79999923706055,"consumed":17.264666015625,"exported":31.100000381469727,"imported":0.20000000298023224,"discharged":3.299999952316284,"maxPv":12.933}
