{"generated":3.3000001907348633,"consumed":6.31874853515625,"exported":0,"imported":8.699999809265137,"discharged":0,"maxPv":3.119}
