{"generated":8.600000381469727,"consumed":6.93647412109375,"exported":0.10000000149011612,"imported":0.300000011920929,"discharged":4.099999904632568,"maxPv":5.87}
