{"generated":8.40000057220459,"consumed":7.277751953125,"exported":0,"imported":0.20000000298023224,"discharged":4.400000095367432,"maxPv":6.22}
