{"generated":64.6999969482422,"consumed":31.632333984375,"exported":31.100000381469727,"imported":0.20000000298023224,"discharged":11.800000190734863,"maxPv":9.124}
