{"generated":2.299999952316284,"consumed":8.8349208984375,"exported":0,"imported":0,"discharged":7.099999904632568,"maxPv":1.718}
