{"generated":0,"consumed":1.4339503173828125,"exported":0,"imported":0,"discharged":1.2000000476837158,"maxPv":0}
