{"generated":51.9000015258789,"consumed":17.05919921875,"exported":20.399999618530273,"imported":0.600000023841858,"discharged":15.300000190734863,"maxPv":9.989}
