{"generated":0,"consumed":2.8589892578125,"exported":0,"imported":4.099999904632568,"discharged":2.700000047683716,"maxPv":0}
