{"generated":62.299999237060554,"consumed":28.082484375,"exported":26.799999237060547,"imported":0.300000011920929,"discharged":6.5,"maxPv":11.393}
