{"generated":33.70000076293945,"consumed":20.259037109375,"exported":11.699999809265137,"imported":0.10000000149011612,"discharged":9.5,"maxPv":10.502}
