{"generated":5.599999904632568,"consumed":11.7855263671875,"exported":0.10000000149011612,"imported":34.9000015258789,"discharged":8.100000381469727,"maxPv":3.58}
