{"generated":43.29999923706055,"consumed":0.5509806518554687,"exported":26.600000381469727,"imported":0.10000000149011612,"discharged":8.800000190734863,"maxPv":0}
