{"generated":43.0999984741211,"consumed":9.477005859375,"exported":8.100000381469727,"imported":12,"discharged":4,"maxPv":10.752}
