{"generated":5.599999904632568,"consumed":9.152724609375,"exported":0.10000000149011612,"imported":0.10000000149011612,"discharged":4.400000095367432,"maxPv":4.754}
