{"generated":62.299999237060554,"consumed":31.2036875,"exported":26.799999237060547,"imported":0.300000011920929,"discharged":9.399999618530273,"maxPv":11.393}
