{"generated":0,"consumed":2.0018096923828126,"exported":0,"imported":0,"discharged":1.2999999523162842,"maxPv":0}
