{"generated":38.69999694824219,"consumed":8.3706474609375,"exported":5.199999809265137,"imported":0.20000000298023224,"discharged":3.700000047683716,"maxPv":8.638}
