{"generated":0,"consumed":2.804555419921875,"exported":0,"imported":0,"discharged":2.5999999046325684,"maxPv":0}
