{"generated":0,"consumed":0.698913330078125,"exported":0,"imported":1.2999999523162842,"discharged":0,"maxPv":0}
