{"generated":12.100000381469727,"consumed":11.00000037997961,"exported":0.10000000149011612}
