{"generated":1.899999976158142,"consumed":6.89952001953125,"exported":0.10000000149011612,"imported":0,"discharged":5.900000095367432,"maxPv":2.163}
