{"generated":6.199999809265137,"consumed":19.3234609375,"exported":0,"imported":30.600000381469727,"discharged":5.300000190734863,"maxPv":4.015}
