{"generated":0.900000035762787,"consumed":5.780744140625,"exported":0,"imported":0.10000000149011612,"discharged":4.800000190734863,"maxPv":3.561}
