{"generated":4.099999904632568,"consumed":7.3651201171875,"exported":0,"imported":0.10000000149011612,"discharged":5.800000190734863,"maxPv":3.062}
