{"generated":2.200000047683716,"consumed":6.5115185546875,"exported":0,"imported":0,"discharged":5.300000190734863,"maxPv":4.379}
