{"generated":17.5,"consumed":11.747388671875,"exported":0,"imported":1.600000023841858,"discharged":5.5,"maxPv":5.397}
