{"generated":19.30000114440918,"consumed":8.7467587890625,"exported":6.800000190734863,"imported":0.20000000298023224,"discharged":3.9000000953674316,"maxPv":12.118}
