{"generated":50.09999990463257,"consumed":22.30000028759241,"exported":24}
