{"generated":46.70000076293945,"consumed":24.5283203125,"exported":1,"imported":10.399999618530273,"discharged":8.800000190734863,"maxPv":8.076}
