{"generated":0.10000000149011612,"consumed":5.80533251953125,"exported":0,"imported":0.10000000149011612,"discharged":5.199999809265137,"maxPv":0.183}
