{"generated":0.600000023841858,"consumed":4.63838037109375,"exported":0,"imported":0.300000011920929,"discharged":3.299999952316284,"maxPv":1.777}
