{"generated":27.30000114440918,"consumed":37.88210546875,"exported":3.299999952316284,"imported":32.20000076293945,"discharged":12.5,"maxPv":8.889}
