{"generated":0.600000023841858,"consumed":4.9545615234375,"exported":0,"imported":0.10000000149011612,"discharged":4,"maxPv":1.886}
