{"generated":46.60000228881836,"consumed":14.4541689453125,"exported":26.200000762939453,"imported":0.20000000298023224,"discharged":6.199999809265137,"maxPv":13.221}
