{"generated":0,"consumed":1.6348287353515625,"exported":0,"imported":0.20000000298023224,"discharged":1,"maxPv":0}
