{"generated":51.0999984741211,"consumed":21.11819140625,"exported":31.399999618530273,"imported":0.20000000298023224,"discharged":11.399999618530273,"maxPv":11.409}
