{"generated":0.5000000149011612,"consumed":17.299999251961708,"exported":0,"imported":0,"discharged":16.799999237060547,"maxPv":0.895}
