{"generated":31.899999618530273,"consumed":13.3751396484375,"exported":21,"imported":6.800000190734863,"discharged":25.299999237060547,"maxPv":12.445}
