{"generated":15.899999618530273,"consumed":24.124193359375,"exported":0.20000000298023224,"imported":0.300000011920929,"discharged":16.899999618530273,"maxPv":12.01}
