{"generated":65.2000045776367,"consumed":38.35668359375,"exported":22.200000762939453,"imported":0.10000000149011612,"discharged":6.400000095367432,"maxPv":8.277}
