{"generated":28.700000762939453,"consumed":18.100000381469727,"exported":0.10000000149011612,"imported":0.10000000149011612,"discharged":9.399999618530273,"maxPv":8.819}
