{"generated":40.0999984741211,"consumed":30.7590546875,"exported":7.800000190734863,"imported":0.20000000298023224,"discharged":8.100000381469727,"maxPv":11.536}
