{"generated":2,"consumed":7.59930908203125,"exported":0,"imported":3.200000047683716,"discharged":4.900000095367432,"maxPv":2.904}
