{"generated":11.399999618530273,"consumed":38.6591875,"exported":0.300000011920929,"imported":59.9000015258789,"discharged":4.199999809265137,"maxPv":8.709}
