{"generated":0,"consumed":2.11641162109375,"exported":0,"imported":0.4000000059604645,"discharged":1.2999999523162842,"maxPv":0}
