{"generated":17,"consumed":16.23301953125,"exported":0.10000000149011612,"imported":0.10000000149011612,"discharged":7.699999809265137,"maxPv":4.613}
