{"generated":36.79999923706055,"consumed":15.1448583984375,"exported":13.699999809265137,"imported":0.10000000149011612,"discharged":6.599999904632568,"maxPv":13.383}
