{"generated":0.300000011920929,"consumed":6.26967626953125,"exported":0,"imported":2.4000000953674316,"discharged":5.300000190734863,"maxPv":0.685}
