{"generated":37.4000015258789,"consumed":9.7832373046875,"exported":3.299999952316284,"imported":1.600000023841858,"discharged":4.5,"maxPv":10.392}
