{"generated":48.10000038146973,"consumed":48.8999999910593,"exported":0.300000011920929}
