{"generated":45.999999046325684,"consumed":12.070974609375,"exported":26.399999618530273,"imported":0.10000000149011612,"discharged":4.800000190734863,"maxPv":11.511}
