{"generated":53.79999923706055,"consumed":11.7689716796875,"exported":16.299999237060547,"imported":0.10000000149011612,"discharged":4.099999904632568,"maxPv":9.785}
