{"generated":39.600000858306885,"consumed":39.20000123977661,"exported":0.20000000298023224,"imported":0.20000000298023224,"discharged":11.300000190734863,"maxPv":11.567}
