{"generated":8.40000057220459,"consumed":6.8975478515625,"exported":0,"imported":0.10000000149011612,"discharged":3.9000000953674316,"maxPv":10.5}
