{"generated":16.899999618530273,"consumed":7.29053466796875,"exported":0,"imported":5.5,"discharged":4.300000190734863,"maxPv":7.394}
