{"generated":10.5,"consumed":6.31444384765625,"exported":0.10000000149011612,"imported":10.800000190734863,"discharged":0,"maxPv":7.749}
