{"generated":2.3999998569488525,"consumed":5.52402392578125,"exported":0,"imported":0.10000000149011612,"discharged":3.700000047683716,"maxPv":3.262}
