{"generated":22.5,"consumed":16.959119140625,"exported":0.10000000149011612,"imported":0.20000000298023224,"discharged":7,"maxPv":7.49}
