{"generated":20.30000114440918,"consumed":18.028732421875,"exported":0.300000011920929,"imported":0.5,"discharged":8.600000381469727,"maxPv":6.169}
