{"generated":41.4000015258789,"consumed":12.9863955078125,"exported":24.100000381469727,"imported":0.10000000149011612,"discharged":4.699999809265137,"maxPv":7.326}
