{"generated":0,"consumed":2.21697509765625,"exported":0,"imported":1.600000023841858,"discharged":1.899999976158142,"maxPv":0}
