{"generated":0.10000000149011612,"consumed":5.29517138671875,"exported":0,"imported":0,"discharged":5,"maxPv":0.516}
