{"generated":19.5,"consumed":9.417064453125,"exported":0.10000000149011612,"imported":0.10000000149011612,"discharged":5.900000095367432,"maxPv":5.41}
