{"generated":49.89999771118164,"consumed":0.7170603637695312,"exported":0.300000011920929,"imported":0.300000011920929,"discharged":14.199999809265137,"maxPv":0}
