{"generated":0,"consumed":2.117696533203125,"exported":0,"imported":3.0999999046325684,"discharged":0.4000000059604645,"maxPv":0}
