{"generated":0,"consumed":31.06576171875,"exported":0,"imported":0,"discharged":4.099999904632568,"maxPv":0}
