{"generated":0.600000023841858,"consumed":6.8623974609375,"exported":0,"imported":0,"discharged":5.699999809265137,"maxPv":1.107}
