{"generated":4.700000286102295,"consumed":15.738908203125,"exported":0,"imported":9.199999809265137,"discharged":9.600000381469727,"maxPv":2.91}
