{"generated":24.499998092651367,"consumed":7.6994619140625,"exported":12.5,"imported":0.10000000149011612,"discharged":3.299999952316284,"maxPv":10.819}
