{"generated":0,"consumed":2.255556884765625,"exported":0,"imported":0.300000011920929,"discharged":1.5,"maxPv":0}
