{"generated":3.300000011920929,"consumed":7.799999892711639,"exported":0}
