{"generated":19.700000762939453,"consumed":7.30224560546875,"exported":4.199999809265137,"imported":0.10000000149011612,"discharged":3.299999952316284,"maxPv":8.794}
