{"generated":43.20000076293945,"consumed":10.75303515625,"exported":7.099999904632568,"imported":5.5,"discharged":4.400000095367432,"maxPv":7.562}
