{"generated":2.3999998569488525,"consumed":6.57732763671875,"exported":0,"imported":0,"discharged":5.800000190734863,"maxPv":2.618}
