{"generated":0,"consumed":12.300000190734863,"exported":0,"imported":0,"discharged":12.300000190734863,"maxPv":0}
