{"generated":16.600000381469727,"consumed":10.59722265625,"exported":0.300000011920929,"imported":0.10000000149011612,"discharged":5.800000190734863,"maxPv":12.974}
