{"generated":64.3000030517578,"consumed":22.3274296875,"exported":26.5,"imported":0.10000000149011612,"discharged":3.799999952316284,"maxPv":8.667}
