{"generated":45,"consumed":24.901283203125,"exported":22.299999237060547,"imported":0.20000000298023224,"discharged":13.800000190734863,"maxPv":12.974}
