{"generated":40.10000228881836,"consumed":54.30283203125,"exported":7.699999809265137,"imported":19.799999237060547,"discharged":17.100000381469727,"maxPv":7.97}
