{"generated":32.5999984741211,"consumed":14.981662109375,"exported":11.5,"imported":0.10000000149011612,"discharged":5.400000095367432,"maxPv":10.502}
