{"generated":16,"consumed":7.30143310546875,"exported":4,"imported":0.20000000298023224,"discharged":3.700000047683716,"maxPv":9.078}
