{"generated":37,"consumed":2.46571142578125,"exported":19.200000762939453,"imported":0.10000000149011612,"discharged":5.199999809265137,"maxPv":9.025}
