{"generated":0.7000000029802322,"consumed":6.5000001937150955,"exported":0}
