{"generated":54.599998474121094,"consumed":54.59999895095825,"exported":3.5999999046325684,"imported":26.200000762939453,"discharged":18.600000381469727,"maxPv":9.375}
