{"generated":63.5,"consumed":50.90994921875,"exported":1.100000023841858,"imported":0.10000000149011612,"discharged":23.899999618530273,"maxPv":9.039}
