{"generated":4.900000095367432,"consumed":20.89203515625,"exported":0,"imported":42.0999984741211,"discharged":11.5,"maxPv":2.295}
