{"generated":19.400001525878906,"consumed":11.9502275390625,"exported":4.099999904632568,"imported":0.20000000298023224,"discharged":4.300000190734863,"maxPv":13.223}
