{"generated":7.499999523162842,"consumed":8.74024609375,"exported":0.10000000149011612,"imported":0,"discharged":4.800000190734863,"maxPv":5.182}
