{"generated":26.599998474121094,"consumed":11.7053291015625,"exported":7.099999904632568,"imported":0.20000000298023224,"discharged":5.300000190734863,"maxPv":11.611}
