{"generated":0,"consumed":2.352970458984375,"exported":0,"imported":0,"discharged":2.9000000953674316,"maxPv":0}
