{"generated":1.9000000953674316,"consumed":6.125384765625,"exported":0,"imported":0,"discharged":4.5,"maxPv":2.709}
