{"generated":10.5,"consumed":13.568876953125,"exported":4.5,"imported":17.899999618530273,"discharged":5.099999904632568,"maxPv":5.437}
