{"generated":2.799999952316284,"consumed":5.32979541015625,"exported":0,"imported":0.10000000149011612,"discharged":3.200000047683716,"maxPv":4.815}
