{"generated":67.5,"consumed":21.32846875,"exported":38.0999984741211,"imported":0.300000011920929,"discharged":3.700000047683716,"maxPv":8.878}
