{"generated":62,"consumed":48.81096484375,"exported":6.800000190734863,"imported":0.20000000298023224,"discharged":6.5,"maxPv":9.261}
