{"generated":50.29999923706055,"consumed":26.30000038444996,"exported":20.799999237060547}
