{"generated":0,"consumed":1.5253345947265624,"exported":0,"imported":0,"discharged":0.699999988079071,"maxPv":0}
