{"generated":16.200000762939453,"consumed":22.10170703125,"exported":0.10000000149011612,"imported":0.20000000298023224,"discharged":15.699999809265137,"maxPv":4.594}
