{"generated":0,"consumed":2.0032890625,"exported":0,"imported":0,"discharged":1.899999976158142,"maxPv":0}
