{"generated":63.10000228881836,"consumed":27.2705078125,"exported":29.100000381469727,"imported":0.20000000298023224,"discharged":6.300000190734863,"maxPv":10.905}
