{"generated":0.20000000298023224,"consumed":4.11564013671875,"exported":0,"imported":0.10000000149011612,"discharged":3,"maxPv":1.005}
