{"generated":55.60000228881836,"consumed":42.80103515625,"exported":7,"imported":0.20000000298023224,"discharged":9.199999809265137,"maxPv":11.404}
