{"generated":17.799999237060547,"consumed":52.9437890625,"exported":6.900000095367432,"imported":38.0999984741211,"discharged":5.800000190734863,"maxPv":4.457}
