{"generated":0.600000023841858,"consumed":4.8063671875,"exported":0,"imported":0.10000000149011612,"discharged":4.699999809265137,"maxPv":1.643}
