{"generated":2.5,"consumed":4.8844072265625,"exported":0,"imported":0.20000000298023224,"discharged":3.299999952316284,"maxPv":3.372}
