{"generated":14.100000381469727,"consumed":7.72670654296875,"exported":0.10000000149011612,"imported":0.10000000149011612,"discharged":4.099999904632568,"maxPv":5.48}
