{"generated":11.40000057220459,"consumed":6.7716513671875,"exported":0.10000000149011612,"imported":0.10000000149011612,"discharged":3.700000047683716,"maxPv":5.99}
