{"generated":3.299999952316284,"consumed":19.98149609375,"exported":0.20000000298023224,"imported":13.5,"discharged":4.300000190734863,"maxPv":3.04}
