{"generated":1.3000000715255737,"consumed":5.11431005859375,"exported":0,"imported":0.10000000149011612,"discharged":3.4000000953674316,"maxPv":2.819}
