{"generated":7.30000002682209,"consumed":7.318548828125,"exported":0,"imported":0.10000000149011612,"discharged":4.599999904632568,"maxPv":5.408}
