{"generated":50.20000457763672,"consumed":17.962458984375,"exported":29.799999237060547,"imported":0.10000000149011612,"discharged":8.399999618530273,"maxPv":12.566}
