{"generated":19.799999237060547,"consumed":7.36348046875,"exported":1.600000023841858,"imported":0.20000000298023224,"discharged":3.299999952316284,"maxPv":7.634}
