{"generated":65.60000610351562,"consumed":30.918640625,"exported":33.20000076293945,"imported":0.10000000149011612,"discharged":9.399999618530273,"maxPv":8.577}
