{"generated":1.7000000476837158,"consumed":7.2169853515625,"exported":0,"imported":0,"discharged":5.099999904632568,"maxPv":1.821}
