{"generated":43.79999923706055,"consumed":13.06143359375,"exported":25.5,"imported":0.20000000298023224,"discharged":4.800000190734863,"maxPv":11.593}
