{"generated":23.700000762939453,"consumed":6.12762548828125,"exported":13.899999618530273,"imported":0.10000000149011612,"discharged":3.200000047683716,"maxPv":8.605}
