{"generated":67,"consumed":44.74836328125,"exported":19.899999618530273,"imported":0.20000000298023224,"discharged":7.800000190734863,"maxPv":10.557}
