{"generated":63.50000190734863,"consumed":26.661083984375,"exported":23.899999618530273,"imported":0.10000000149011612,"discharged":12.199999809265137,"maxPv":9.657}
