{"generated":60.9000015258789,"consumed":17.108146484375,"exported":35.0999984741211,"imported":0.20000000298023224,"discharged":3.299999952316284,"maxPv":11.582}
