{"generated":0,"consumed":1.3741168212890624,"exported":0,"imported":1.899999976158142,"discharged":0,"maxPv":0}
