{"generated":0,"consumed":2.243239501953125,"exported":0,"imported":32.79999923706055,"discharged":2.0999999046325684,"maxPv":0}
