{"generated":7.399999618530273,"consumed":9.155642578125,"exported":0,"imported":3.200000047683716,"discharged":4.900000095367432,"maxPv":5.102}
