{"generated":7.400000095367432,"consumed":5.3306533203125,"exported":0,"imported":0.20000000298023224,"discharged":2.700000047683716,"maxPv":5.171}
