{"generated":9.300000190734863,"consumed":54.8118125,"exported":0.10000000149011612,"imported":46,"discharged":2,"maxPv":5.443}
