{"generated":11.100000381469727,"consumed":9.9185087890625,"exported":0,"imported":3.200000047683716,"discharged":4.900000095367432,"maxPv":5.102}
