{"generated":40.10000228881836,"consumed":38.24876953125,"exported":0.10000000149011612,"imported":0.20000000298023224,"discharged":3.5999999046325684,"maxPv":8.55}
