{"generated":8.199999809265137,"consumed":9.4313564453125,"exported":0.10000000149011612,"imported":0,"discharged":4.900000095367432,"maxPv":5.182}
