{"generated":0,"consumed":4.07628369140625,"exported":0,"imported":0,"discharged":3.299999952316284,"maxPv":0.062}
