{"generated":6.100000098347664,"consumed":7.9876630859375,"exported":0,"imported":0,"discharged":5.199999809265137,"maxPv":5.214}
