{"generated":29.499998092651367,"consumed":25.472369140625,"exported":0.20000000298023224,"imported":0.20000000298023224,"discharged":14.199999809265137,"maxPv":9.754}
