{"generated":23,"consumed":50.7759296875,"exported":0.699999988079071,"imported":59.79999923706055,"discharged":1.7999999523162842,"maxPv":5.41}
