{"generated":16,"consumed":14.08771484375,"exported":0.10000000149011612,"imported":0.20000000298023224,"discharged":8.5,"maxPv":4.594}
