{"generated":14.40000057220459,"consumed":11.2287802734375,"exported":0,"imported":0.10000000149011612,"discharged":4,"maxPv":6.927}
