{"generated":0.20000000298023224,"consumed":5.26519775390625,"exported":0,"imported":0,"discharged":4.800000190734863,"maxPv":0.95}
