{"generated":45.299999713897705,"consumed":28.699999526143074,"exported":12.199999809265137}
