{"generated":0,"consumed":2.88252685546875,"exported":0,"imported":3.200000047683716,"discharged":2.5999999046325684,"maxPv":0}
