{"generated":8.100000381469727,"consumed":52.6043046875,"exported":2.0999999046325684,"imported":79.0999984741211,"discharged":4.099999904632568,"maxPv":3.927}
