{"generated":34.5999984741211,"consumed":11.9347490234375,"exported":12.600000381469727,"imported":0.10000000149011612,"discharged":4.900000095367432,"maxPv":13.383}
