{"generated":64.4000015258789,"consumed":11.178154296875,"exported":47.9000015258789,"imported":0.10000000149011612,"discharged":3.200000047683716,"maxPv":9.064}
