{"generated":34.9000015258789,"consumed":11.25828515625,"exported":18,"imported":0.10000000149011612,"discharged":4.900000095367432,"maxPv":8.676}
