{"generated":23.399999618530273,"consumed":11.1977626953125,"exported":8.300000190734863,"imported":0.10000000149011612,"discharged":4.300000190734863,"maxPv":9.931}
