{"generated":56,"consumed":17.733244140625,"exported":6.199999809265137,"imported":0.10000000149011612,"discharged":7.599999904632568,"maxPv":9.386}
