{"generated":11.299999237060547,"consumed":9.3260341796875,"exported":0,"imported":8.699999809265137,"discharged":0,"maxPv":5.088}
