{"generated":16.30000114440918,"consumed":15.6642607421875,"exported":0.10000000149011612,"imported":0.20000000298023224,"discharged":3.5,"maxPv":9.076}
