{"generated":18.100000381469727,"consumed":7.569193359375,"exported":7,"imported":28.5,"discharged":3.700000047683716,"maxPv":7.234}
