{"generated":63.9000015258789,"consumed":32.09730859375,"exported":26.100000381469727,"imported":0.20000000298023224,"discharged":11.600000381469727,"maxPv":8.436}
