{"generated":27,"consumed":12.5097822265625,"exported":7.900000095367432,"imported":0.10000000149011612,"discharged":5.800000190734863,"maxPv":6.156}
