{"generated":42.9000015258789,"consumed":15.5152236328125,"exported":23.100000381469727,"imported":0.20000000298023224,"discharged":4.599999904632568,"maxPv":7.641}
