{"generated":11,"consumed":17.763330078125,"exported":0,"imported":0.10000000149011612,"discharged":11.800000190734863,"maxPv":6.376}
