{"generated":27.799999237060547,"consumed":10.402896484375,"exported":12.800000190734863,"imported":0.10000000149011612,"discharged":3.799999952316284,"maxPv":11.412}
