{"generated":61.60000228881836,"consumed":12.7811689453125,"exported":40.29999923706055,"imported":0.20000000298023224,"discharged":4.400000095367432,"maxPv":8.948}
