{"generated":57.69999694824219,"consumed":17.591240234375,"exported":29.5,"imported":0.300000011920929,"discharged":3.700000047683716,"maxPv":12.098}
