{"generated":3.3999998569488525,"consumed":6.19486572265625,"exported":0,"imported":0.10000000149011612,"discharged":4.300000190734863,"maxPv":3.706}
