{"generated":14.599999904632568,"consumed":10.6528828125,"exported":0,"imported":0.10000000149011612,"discharged":5.800000190734863,"maxPv":6.306}
