{"generated":10.59999942779541,"consumed":8.9525751953125,"exported":0.10000000149011612,"imported":5.800000190734863,"discharged":0.600000023841858,"maxPv":8.719}
