{"generated":2.5,"consumed":5.28222119140625,"exported":0.10000000149011612,"imported":0.10000000149011612,"discharged":2.9000000953674316,"maxPv":2.944}
