{"generated":58.60000228881836,"consumed":13.7381962890625,"exported":40.4000015258789,"imported":0.10000000149011612,"discharged":5.099999904632568,"maxPv":10.515}
