{"generated":30.900001525878906,"consumed":16.1400498046875,"exported":13,"imported":0,"discharged":7.099999904632568,"maxPv":11.674}
