{"generated":57.999996185302734,"consumed":43.88421875,"exported":8.399999618530273,"imported":6.599999904632568,"discharged":15,"maxPv":8.917}
