{"generated":11.699999809265137,"consumed":14.54683203125,"exported":0,"imported":5.699999809265137,"discharged":4.599999904632568,"maxPv":3.845}
