{"generated":0,"consumed":0.6737159423828125,"exported":0,"imported":1.600000023841858,"discharged":0.5,"maxPv":0}
