{"generated":6.6000001430511475,"consumed":8.700000144541264,"exported":0}
