{"generated":0.20000000298023224,"consumed":5.399999812245369,"exported":0}
