{"generated":16.799999237060547,"consumed":9.5332275390625,"exported":2.299999952316284,"imported":0.10000000149011612,"discharged":3.799999952316284,"maxPv":7.641}
