{"generated":46.4000015258789,"consumed":10.318046875,"exported":30.899999618530273,"imported":0.10000000149011612,"discharged":2.9000000953674316,"maxPv":8.82}
