{"generated":23,"consumed":24.116830078125,"exported":0.10000000149011612,"imported":0.20000000298023224,"discharged":11,"maxPv":5.609}
