{"generated":16,"consumed":44.82831640625,"exported":0.10000000149011612,"imported":37.29999923706055,"discharged":3.700000047683716,"maxPv":4.812}
