{"generated":34.5999984741211,"consumed":12.015546875,"exported":16.200000762939453,"imported":0.10000000149011612,"discharged":4.599999904632568,"maxPv":9.412}
