{"generated":12.59999942779541,"consumed":8.647892578125,"exported":0,"imported":0.10000000149011612,"discharged":4.300000190734863,"maxPv":9.931}
