{"generated":65.1999969482422,"consumed":19.008119140625,"exported":45.79999923706055,"imported":0.10000000149011612,"discharged":7.599999904632568,"maxPv":8.82}
