{"generated":15.800000190734863,"consumed":11.008462890625,"exported":0.10000000149011612,"imported":0,"discharged":5.900000095367432,"maxPv":6.009}
