{"generated":34.70000076293945,"consumed":10.2556826171875,"exported":18.100000381469727,"imported":0.300000011920929,"discharged":3.299999952316284,"maxPv":11.858}
