{"generated":57.9000015258789,"consumed":8.336294921875,"exported":45.0999984741211,"imported":0,"discharged":3.200000047683716,"maxPv":8.917}
