{"generated":0.20000000298023224,"consumed":32.108548828125,"exported":0,"imported":25.899999618530273,"discharged":3.799999952316284,"maxPv":0.938}
