{"generated":27.80000114440918,"consumed":11.1460888671875,"exported":6.099999904632568,"imported":13.199999809265137,"discharged":8.600000381469727,"maxPv":11.507}
