{"generated":0,"consumed":3.333870849609375,"exported":0,"imported":0.300000011920929,"discharged":2.299999952316284,"maxPv":0}
