{"generated":66.30000114440918,"consumed":20.867953125,"exported":44.20000076293945,"imported":0.10000000149011612,"discharged":9.699999809265137,"maxPv":8.865}
