{"generated":39.10000228881836,"consumed":5.955298828125,"exported":20,"imported":0.10000000149011612,"discharged":7.099999904632568,"maxPv":9.025}
