{"generated":27.5,"consumed":12.6224541015625,"exported":11.199999809265137,"imported":0.20000000298023224,"discharged":4.300000190734863,"maxPv":13.223}
