{"generated":16.399999618530273,"consumed":10.338529296875,"exported":1.7000000476837158,"imported":0.20000000298023224,"discharged":3.9000000953674316,"maxPv":12.78}
