{"generated":16.5,"consumed":11.3579697265625,"exported":0,"imported":0.10000000149011612,"discharged":6.699999809265137,"maxPv":5.664}
