{"generated":64.4000015258789,"consumed":24.242126953125,"exported":33,"imported":0.20000000298023224,"discharged":3.0999999046325684,"maxPv":8.527}
