{"generated":9.399999618530273,"consumed":8.8313720703125,"exported":0,"imported":0.20000000298023224,"discharged":3.5,"maxPv":9.076}
