{"generated":8.100000381469727,"consumed":7.9969580078125,"exported":0,"imported":0.10000000149011612,"discharged":4.300000190734863,"maxPv":8.221}
