{"generated":4.299999982118607,"consumed":7.28408349609375,"exported":0,"imported":0,"discharged":5,"maxPv":6.018}
