{"generated":65.5999984741211,"consumed":13.096302734375,"exported":47.9000015258789,"imported":0.10000000149011612,"discharged":3.0999999046325684,"maxPv":9.102}
