{"generated":0,"consumed":6.484771484375,"exported":0,"imported":2.799999952316284,"discharged":3.5,"maxPv":0}
