{"generated":32.60000228881836,"consumed":9.7565576171875,"exported":0.10000000149011612,"imported":0.20000000298023224,"discharged":4,"maxPv":7.802}
