{"generated":0,"consumed":3.195314697265625,"exported":0,"imported":0.20000000298023224,"discharged":3,"maxPv":0}
