{"generated":6.200000286102295,"consumed":5.5210888671875,"exported":0,"imported":10.800000190734863,"discharged":0,"maxPv":4.92}
