{"generated":2.5,"consumed":6.41282470703125,"exported":0,"imported":0.10000000149011612,"discharged":4.800000190734863,"maxPv":4.941}
