{"generated":65.1999969482422,"consumed":16.84857421875,"exported":41,"imported":0.10000000149011612,"discharged":4.099999904632568,"maxPv":8.821}
