{"generated":50.499999046325684,"consumed":49.39999866485596,"exported":1,"imported":26.200000762939453,"discharged":14.899999618530273,"maxPv":9.375}
