{"generated":39.29999923706055,"consumed":11.4402841796875,"exported":4,"imported":1.100000023841858,"discharged":4.199999809265137,"maxPv":12.708}
