{"generated":18.799999237060547,"consumed":15.1785771484375,"exported":0.10000000149011612,"imported":3,"discharged":6.800000190734863,"maxPv":4.585}
