{"generated":5.59999942779541,"consumed":5.69964013671875,"exported":0,"imported":0.10000000149011612,"discharged":3.299999952316284,"maxPv":5.31}
