{"generated":30.999999046325684,"consumed":24.69999885559082,"exported":0.10000000149011612}
