{"generated":20.900001525878906,"consumed":8.59943359375,"exported":7.199999809265137,"imported":0.10000000149011612,"discharged":4.599999904632568,"maxPv":9.192}
