{"generated":33.29999923706055,"consumed":17.179451171875,"exported":19.200000762939453,"imported":9.600000381469727,"discharged":26.799999237060547,"maxPv":13.091}
