{"generated":39.29999923706055,"consumed":8.213830078125,"exported":27.299999237060547,"imported":0.10000000149011612,"discharged":3.4000000953674316,"maxPv":12.053}
