{"generated":13.899999618530273,"consumed":14.8321015625,"exported":0.10000000149011612,"imported":0.10000000149011612,"discharged":8.899999618530273,"maxPv":7.09}
