{"generated":0,"consumed":4.19042822265625,"exported":0,"imported":0.10000000149011612,"discharged":4,"maxPv":0}
