{"generated":6.200000286102295,"consumed":6.76274365234375,"exported":0.10000000149011612,"imported":0.10000000149011612,"discharged":4.400000095367432,"maxPv":6.756}
