{"generated":55.60000228881836,"consumed":40.31657421875,"exported":7.300000190734863,"imported":0.4000000059604645,"discharged":5.599999904632568,"maxPv":11.109}
