{"generated":14.5,"consumed":16.2645712890625,"exported":0.10000000149011612,"imported":3.200000047683716,"discharged":9.100000381469727,"maxPv":5.102}
