{"generated":14.399999618530273,"consumed":14.626513671875,"exported":0.10000000149011612,"imported":5.900000095367432,"discharged":3.5,"maxPv":8.719}
