{"generated":28.000000715255737,"consumed":10.700000621378422,"exported":10.100000381469727}
