{"generated":65.0999984741211,"consumed":24.040314453125,"exported":26.600000381469727,"imported":0.10000000149011612,"discharged":4.400000095367432,"maxPv":8.667}
