{"generated":37.70000076293945,"consumed":10.70431640625,"exported":22.299999237060547,"imported":0.10000000149011612,"discharged":3.4000000953674316,"maxPv":8.796}
