{"generated":5.400000095367432,"consumed":7.27736865234375,"exported":0,"imported":0.20000000298023224,"discharged":4.099999904632568,"maxPv":9.234}
