{"generated":51.0999984741211,"consumed":12.958767578125,"exported":33.5999984741211,"imported":0.300000011920929,"discharged":24.700000762939453,"maxPv":8.031}
