{"generated":51.4000015258789,"consumed":12.9654287109375,"exported":33.0999984741211,"imported":0.20000000298023224,"discharged":4.300000190734863,"maxPv":9.694}
