{"generated":38.70000076293945,"consumed":13.7865068359375,"exported":23,"imported":6.800000190734863,"discharged":25.5,"maxPv":11.105}
