{"generated":0,"consumed":1.1288568115234374,"exported":0,"imported":32.79999923706055,"discharged":1,"maxPv":0}
