{"generated":0,"consumed":2.503278564453125,"exported":0,"imported":0,"discharged":2.4000000953674316,"maxPv":0}
