{"generated":20.100000381469727,"consumed":14.51280859375,"exported":0.300000011920929,"imported":0.5,"discharged":5.400000095367432,"maxPv":6.169}
