{"generated":15.09999942779541,"consumed":21.417576171875,"exported":0,"imported":6.5,"discharged":8.5,"maxPv":5.729}
