{"generated":50.5,"consumed":13.7472138671875,"exported":11.399999618530273,"imported":0.20000000298023224,"discharged":5,"maxPv":9.989}
