{"generated":21.19999885559082,"consumed":8.933900390625,"exported":7.900000095367432,"imported":0.10000000149011612,"discharged":3.700000047683716,"maxPv":12.155}
