{"generated":0.300000011920929,"consumed":8.01057373046875,"exported":0,"imported":4.099999904632568,"discharged":4.5,"maxPv":0.76}
