{"generated":52.69999694824219,"consumed":18.017646484375,"exported":31.700000762939453,"imported":0.10000000149011612,"discharged":6.900000095367432,"maxPv":11.932}
