{"generated":45,"consumed":12.1647978515625,"exported":28.399999618530273,"imported":0.10000000149011612,"discharged":3.700000047683716,"maxPv":12.155}
