{"generated":5.099999904632568,"consumed":35.450046875,"exported":0,"imported":25.899999618530273,"discharged":3.5999999046325684,"maxPv":4.188}
