{"generated":49.69999694824219,"consumed":11.520833984375,"exported":11.5,"imported":0.10000000149011612,"discharged":3.799999952316284,"maxPv":8.199}
