{"generated":0,"consumed":22.05862890625,"exported":0,"imported":23.799999237060547,"discharged":0,"maxPv":0}
