{"generated":41.40000009536743,"consumed":14.49999962002039,"exported":19.700000762939453}
