{"generated":34.5999984741211,"consumed":9.9623798828125,"exported":19.399999618530273,"imported":0.10000000149011612,"discharged":3.9000000953674316,"maxPv":13.413}
