{"generated":38.20000076293945,"consumed":11.8924404296875,"exported":4.300000190734863,"imported":3.5999999046325684,"discharged":5,"maxPv":12.049}
