{"generated":3,"consumed":6.01583056640625,"exported":0,"imported":0.300000011920929,"discharged":3.4000000953674316,"maxPv":2.218}
