{"generated":0,"consumed":5.9165185546875,"exported":0,"imported":4.5,"discharged":2.700000047683716,"maxPv":0}
