{"generated":43.29999923706055,"consumed":14.8502109375,"exported":26.600000381469727,"imported":0.10000000149011612,"discharged":7.199999809265137,"maxPv":12.666}
