{"generated":50.9000015258789,"consumed":12.4058232421875,"exported":33.29999923706055,"imported":0.300000011920929,"discharged":24.5,"maxPv":7.937}
