{"generated":10.600000381469727,"consumed":10.0764765625,"exported":0,"imported":1.600000023841858,"discharged":5.5,"maxPv":4.641}
