{"generated":4.400000095367432,"consumed":22.48421875,"exported":0,"imported":0.20000000298023224,"discharged":16.899999618530273,"maxPv":8.292}
