{"generated":0.10000000149011612,"consumed":31.99216796875,"exported":0,"imported":0,"discharged":4.900000095367432,"maxPv":0.247}
