{"generated":67.89999389648438,"consumed":27.861248046875,"exported":38.0999984741211,"imported":0.300000011920929,"discharged":9.399999618530273,"maxPv":8.878}
