{"generated":18.400001525878906,"consumed":13.5198037109375,"exported":4.800000190734863,"imported":0.20000000298023224,"discharged":6.099999904632568,"maxPv":6.703}
