{"generated":36.10000228881836,"consumed":21.28654296875,"exported":0.300000011920929,"imported":0.699999988079071,"discharged":4,"maxPv":12.803}
