{"generated":2.200000047683716,"consumed":5.89778466796875,"exported":0,"imported":0.10000000149011612,"discharged":3.799999952316284,"maxPv":2.668}
