{"generated":11,"consumed":14.5143330078125,"exported":0,"imported":0.10000000149011612,"discharged":8.800000190734863,"maxPv":6.376}
