{"generated":10.399999618530273,"consumed":16.41129296875,"exported":0,"imported":1.600000023841858,"discharged":9.899999618530273,"maxPv":5.355}
