{"generated":0,"consumed":2.847576904296875,"exported":0,"imported":18.100000381469727,"discharged":2.700000047683716,"maxPv":0}
