{"generated":18.399999618530273,"consumed":13.301677734375,"exported":0.10000000149011612,"imported":1.600000023841858,"discharged":6.099999904632568,"maxPv":5.397}
