{"generated":60,"consumed":10.3433427734375,"exported":46,"imported":0,"discharged":3.299999952316284,"maxPv":10.789}
