{"generated":0,"consumed":32.80702734375,"exported":0,"imported":29.899999618530273,"discharged":0.600000023841858,"maxPv":0}
