{"generated":40.30000019073486,"consumed":11.600000955164433,"exported":22.299999237060547}
