{"generated":64.99999809265137,"consumed":6.7706669921875,"exported":42.5999984741211,"imported":0.10000000149011612,"discharged":9,"maxPv":1.269}
