{"generated":25.100000381469727,"consumed":57.97107421875,"exported":1,"imported":33.79999923706055,"discharged":12.800000190734863,"maxPv":6.162}
