{"generated":11.699999809265137,"consumed":7.98136181640625,"exported":0,"imported":0,"discharged":4.5,"maxPv":6.707}
