{"generated":19.600000381469727,"consumed":10.6116904296875,"exported":0.10000000149011612,"imported":0.20000000298023224,"discharged":4.599999904632568,"maxPv":5.033}
