{"generated":31.600000381469727,"consumed":8.1035341796875,"exported":0,"imported":0.10000000149011612,"discharged":3.700000047683716,"maxPv":8.733}
