{"generated":4.200000062584877,"consumed":8.49999999254942,"exported":0}
