{"generated":7.500000476837158,"consumed":8.8859150390625,"exported":0.10000000149011612,"imported":0.10000000149011612,"discharged":4.900000095367432,"maxPv":4.501}
