{"generated":52.70000076293945,"consumed":9.540853515625,"exported":36.20000076293945,"imported":0.10000000149011612,"discharged":3.299999952316284,"maxPv":9.07}
