{"generated":17.30000114440918,"consumed":9.822990234375,"exported":0,"imported":4.599999904632568,"discharged":1.899999976158142,"maxPv":5.582}
