{"generated":2.700000047683716,"consumed":13.6666240234375,"exported":0,"imported":5.599999904632568,"discharged":4.699999809265137,"maxPv":1.265}
