{"generated":36.0999984741211,"consumed":13.7892001953125,"exported":15.100000381469727,"imported":0.20000000298023224,"discharged":3.299999952316284,"maxPv":12.933}
