{"generated":57.30000305175781,"consumed":10.9297412109375,"exported":40,"imported":0.10000000149011612,"discharged":3.299999952316284,"maxPv":10.515}
