{"generated":36,"consumed":12.1829599609375,"exported":20.200000762939453,"imported":0.10000000149011612,"discharged":4,"maxPv":11.911}
