{"generated":0,"consumed":0.6578123779296875,"exported":0,"imported":0.10000000149011612,"discharged":0.5,"maxPv":0}
