{"generated":0.20000000298023224,"consumed":6.5427587890625,"exported":0,"imported":2,"discharged":4.699999809265137,"maxPv":0.576}
