{"generated":18.899999618530273,"consumed":16.468529296875,"exported":0.10000000149011612,"imported":0.20000000298023224,"discharged":9.800000190734863,"maxPv":5.486}
