{"generated":0,"consumed":2.237448486328125,"exported":0,"imported":0.20000000298023224,"discharged":1.5,"maxPv":0}
