{"generated":47,"consumed":15.8270087890625,"exported":22.700000762939453,"imported":0.20000000298023224,"discharged":3.299999952316284,"maxPv":11.582}
