{"generated":18.399999618530273,"consumed":14.8868427734375,"exported":0.10000000149011612,"imported":1.600000023841858,"discharged":7.5,"maxPv":5.397}
