{"generated":44.79999923706055,"consumed":16.899999238550663,"exported":8.100000381469727}
