{"generated":0.10000000149011612,"consumed":5.45785546875,"exported":0,"imported":0,"discharged":4.800000190734863,"maxPv":0.658}
