{"generated":42.9000015258789,"consumed":16.72212109375,"exported":23.5,"imported":0.10000000149011612,"discharged":6.900000095367432,"maxPv":7.205}
