{"generated":64.5,"consumed":0.6036065063476562,"exported":44.70000076293945,"imported":0.10000000149011612,"discharged":6.400000095367432,"maxPv":0}
