{"generated":65.89999961853027,"consumed":14.8174609375,"exported":44.20000076293945,"imported":0.10000000149011612,"discharged":9.600000381469727,"maxPv":9.086}
