{"generated":19.80000114440918,"consumed":18.65302734375,"exported":0.10000000149011612,"imported":3.200000047683716,"discharged":9.5,"maxPv":4.77}
