{"generated":12.800000190734863,"consumed":10.200000286102295,"exported":0.10000000149011612,"imported":0.10000000149011612,"discharged":5.400000095367432,"maxPv":12.308}
