{"generated":42.5999984741211,"consumed":8.7495810546875,"exported":28.899999618530273,"imported":0.20000000298023224,"discharged":3.200000047683716,"maxPv":8.7}
