{"generated":38.70000076293945,"consumed":14.2009091796875,"exported":10.699999809265137,"imported":12.899999618530273,"discharged":13.699999809265137,"maxPv":7.47}
