{"generated":34.10000228881836,"consumed":16.48604296875,"exported":11.600000381469727,"imported":0.10000000149011612,"discharged":7.699999809265137,"maxPv":6.837}
