{"generated":31.5,"consumed":10.443203125,"exported":2.9000000953674316,"imported":6.699999809265137,"discharged":4.199999809265137,"maxPv":12.445}
