{"generated":42.39999771118164,"consumed":14.199375,"exported":26.5,"imported":0.10000000149011612,"discharged":5.900000095367432,"maxPv":11.792}
