{"generated":6.5,"consumed":7.6986572265625,"exported":0,"imported":0.10000000149011612,"discharged":4,"maxPv":5.239}
