{"generated":46.30000305175781,"consumed":40.21523828125,"exported":6.699999809265137,"imported":28.399999618530273,"discharged":2.200000047683716,"maxPv":7.72}
