{"generated":0.300000011920929,"consumed":4.821646484375,"exported":0,"imported":0,"discharged":4.199999809265137,"maxPv":0.828}
