{"generated":11.700000762939453,"consumed":8.4935380859375,"exported":0.10000000149011612,"imported":0.20000000298023224,"discharged":4.300000190734863,"maxPv":9.872}
