{"generated":55.9000015258789,"consumed":0.7932828979492188,"exported":25,"imported":0.20000000298023224,"discharged":12.600000381469727,"maxPv":0}
