{"generated":41.89999961853027,"consumed":44.220546875,"exported":16.700000762939453,"imported":0.10000000149011612,"discharged":5.300000190734863,"maxPv":11.023}
