{"generated":67.59999942779541,"consumed":13.3721689453125,"exported":46.4000015258789,"imported":0.10000000149011612,"discharged":9.600000381469727,"maxPv":9.179}
