{"generated":0,"consumed":2.257763916015625,"exported":0,"imported":0.300000011920929,"discharged":1.399999976158142,"maxPv":0}
