{"generated":45.299999713897705,"consumed":29.699999526143074,"exported":12.199999809265137}
