{"generated":11.899999618530273,"consumed":11.25965234375,"exported":0.10000000149011612,"imported":0.10000000149011612,"discharged":4.300000190734863,"maxPv":13.223}
