{"generated":0.600000023841858,"consumed":6.3051298828125,"exported":0,"imported":0,"discharged":5.099999904632568,"maxPv":1.084}
