{"generated":18.100000381469727,"consumed":15.413955078125,"exported":0,"imported":0.20000000298023224,"discharged":8.399999618530273,"maxPv":5.058}
