{"generated":5.200000286102295,"consumed":7.20382568359375,"exported":0,"imported":0,"discharged":4.800000190734863,"maxPv":4.68}
