{"generated":65.8000030517578,"consumed":17.028115234375,"exported":42.79999923706055,"imported":0.10000000149011612,"discharged":5.199999809265137,"maxPv":9.168}
