{"generated":0,"consumed":1.6869251708984374,"exported":0,"imported":0,"discharged":1.600000023841858,"maxPv":0}
