{"generated":2.299999952316284,"consumed":10.14902734375,"exported":0,"imported":0.10000000149011612,"discharged":7.099999904632568,"maxPv":1.828}
