{"generated":4.200000286102295,"consumed":13.9287314453125,"exported":0,"imported":8.800000190734863,"discharged":0,"maxPv":4.396}
