{"generated":58,"consumed":19.6158515625,"exported":35.5999984741211,"imported":0.10000000149011612,"discharged":9.600000381469727,"maxPv":8.57}
