{"generated":57.599998474121094,"consumed":15.299997329711914,"exported":37.20000076293945}
