{"generated":19.699999928474426,"consumed":9.1613330078125,"exported":0.5,"imported":0.10000000149011612,"discharged":4.599999904632568,"maxPv":7.698}
