{"generated":9.699999809265137,"consumed":35.152296875,"exported":0,"imported":17.899999618530273,"discharged":9,"maxPv":6.564}
