{"generated":40.0999984741211,"consumed":41.1814296875,"exported":0.20000000298023224,"imported":0.300000011920929,"discharged":5.599999904632568,"maxPv":10.832}
