{"generated":3.0999999046325684,"consumed":7.27376318359375,"exported":0,"imported":0.10000000149011612,"discharged":4.099999904632568,"maxPv":2.389}
