{"generated":0,"consumed":0.6725115966796875,"exported":0,"imported":1.399999976158142,"discharged":0,"maxPv":0}
