{"generated":14.09999942779541,"consumed":22.0784140625,"exported":0,"imported":0.4000000059604645,"discharged":10.300000190734863,"maxPv":7.249}
