{"generated":36,"consumed":9.9112412109375,"exported":17.799999237060547,"imported":0.10000000149011612,"discharged":4.099999904632568,"maxPv":7.146}
