{"generated":1.7999999523162842,"consumed":10.5773857421875,"exported":0.10000000149011612,"imported":0,"discharged":7.900000095367432,"maxPv":1.334}
