{"generated":1.9000000953674316,"consumed":16.9428984375,"exported":0,"imported":32.20000076293945,"discharged":0,"maxPv":4.001}
