{"generated":18.600000381469727,"consumed":41.34657421875,"exported":0.10000000149011612,"imported":25.5,"discharged":9.199999809265137,"maxPv":6.018}
