{"generated":17.299999237060547,"consumed":13.3296533203125,"exported":0.20000000298023224,"imported":0.300000011920929,"discharged":6.300000190734863,"maxPv":5.061}
