{"generated":60.5,"consumed":10.8729111328125,"exported":44.20000076293945,"imported":0.10000000149011612,"discharged":3,"maxPv":8.959}
