{"generated":12.300000190734863,"consumed":7.74061181640625,"exported":0.10000000149011612,"imported":0.20000000298023224,"discharged":3.700000047683716,"maxPv":10.776}
