{"generated":55.60000228881836,"consumed":41.2627890625,"exported":7,"imported":0.20000000298023224,"discharged":7.800000190734863,"maxPv":11.404}
