{"generated":40.39999771118164,"consumed":13.19023046875,"exported":23.299999237060547,"imported":1.600000023841858,"discharged":25.200000762939453,"maxPv":10.392}
