{"generated":22.40000009536743,"consumed":29.748408203125,"exported":0.10000000149011612,"imported":0.10000000149011612,"discharged":5.800000190734863,"maxPv":12.77}
