{"generated":35,"consumed":65.7927734375,"exported":0,"imported":32.70000076293945,"discharged":13.300000190734863,"maxPv":5.387}
