{"generated":64.3000030517578,"consumed":31.75208984375,"exported":27.399999618530273,"imported":0.10000000149011612,"discharged":5,"maxPv":9.635}
