{"generated":0,"consumed":1.5150118408203126,"exported":0,"imported":7.400000095367432,"discharged":1.5,"maxPv":0}
