{"generated":54.10000038146973,"consumed":55.5598359375,"exported":0.10000000149011612,"imported":2.9000000953674316,"discharged":31.5,"maxPv":9.478}
