{"generated":3.3999998569488525,"consumed":5.80988427734375,"exported":0,"imported":0.20000000298023224,"discharged":3.299999952316284,"maxPv":4.024}
