{"generated":0,"consumed":22.02564453125,"exported":0,"imported":19.299999237060547,"discharged":2.5,"maxPv":0}
