{"generated":10.300000190734863,"consumed":6.69331982421875,"exported":0,"imported":12.899999618530273,"discharged":0,"maxPv":5.334}
