{"generated":16.200000762939453,"consumed":12.5958994140625,"exported":0.10000000149011612,"imported":0.20000000298023224,"discharged":4.199999809265137,"maxPv":9.583}
