{"generated":20.5,"consumed":41.51009375,"exported":0,"imported":26,"discharged":5.300000190734863,"maxPv":5.487}
