{"generated":23.299999237060547,"consumed":9.2588095703125,"exported":0.10000000149011612,"imported":0.20000000298023224,"discharged":4.699999809265137,"maxPv":5.865}
