{"generated":0,"consumed":3.17160009765625,"exported":0,"imported":0.10000000149011612,"discharged":2.299999952316284,"maxPv":0}
