{"generated":27.600000858306885,"consumed":13.600001811981201,"exported":0.10000000149011612,"imported":0.10000000149011612,"discharged":5.800000190734863,"maxPv":8.819}
