{"generated":13.100000381469727,"consumed":18.16898828125,"exported":0,"imported":2.4000000953674316,"discharged":10.199999809265137,"maxPv":5.228}
