{"generated":15,"consumed":14.85468359375,"exported":0.10000000149011612,"imported":0.10000000149011612,"discharged":7.099999904632568,"maxPv":4.893}
