{"generated":37.29999923706055,"consumed":31.382515625,"exported":0.4000000059604645,"imported":10.800000190734863,"discharged":18.299999237060547,"maxPv":11.521}
