{"generated":1.7999999523162842,"consumed":8.0737265625,"exported":0,"imported":2.799999952316284,"discharged":3.9000000953674316,"maxPv":1.565}
