{"generated":37.29999923706055,"consumed":60.2929375,"exported":10.199999809265137,"imported":34.9000015258789,"discharged":4.900000095367432,"maxPv":6.869}
