{"generated":49.90000104904175,"consumed":18.800001718103886,"exported":23.899999618530273}
