{"generated":40.5999984741211,"consumed":10.260453125,"exported":22.799999237060547,"imported":0,"discharged":3.9000000953674316,"maxPv":7.145}
