{"generated":6.800000190734863,"consumed":5.72479833984375,"exported":0,"imported":0.10000000149011612,"discharged":3.200000047683716,"maxPv":5.353}
