{"generated":32.9000015258789,"consumed":22.817650390625,"exported":7.099999904632568,"imported":0.20000000298023224,"discharged":4.699999809265137,"maxPv":12.563}
