{"generated":2.8000001907348633,"consumed":5.4444091796875,"exported":0,"imported":0.10000000149011612,"discharged":3.4000000953674316,"maxPv":4.626}
