{"generated":52.60000228881836,"consumed":16.2330302734375,"exported":30.200000762939453,"imported":0.600000023841858,"discharged":25,"maxPv":10.275}
