{"generated":39.30000305175781,"consumed":8.8938955078125,"exported":3.5,"imported":0.10000000149011612,"discharged":3.700000047683716,"maxPv":8.733}
