{"generated":66.6999969482422,"consumed":14.1769912109375,"exported":44.0999984741211,"imported":0.20000000298023224,"discharged":4.400000095367432,"maxPv":8.948}
