{"generated":40.70000076293945,"consumed":11.538283203125,"exported":24.100000381469727,"imported":0.10000000149011612,"discharged":3.9000000953674316,"maxPv":7.326}
