{"generated":5.300000190734863,"consumed":6.28585595703125,"exported":0,"imported":0,"discharged":4.300000190734863,"maxPv":5.172}
