{"generated":49.39999771118164,"consumed":21.536140625,"exported":26.5,"imported":0.20000000298023224,"discharged":10.5,"maxPv":13.009}
