{"generated":5,"consumed":6.8906171875,"exported":0,"imported":0.10000000149011612,"discharged":4.5,"maxPv":7.26}
