{"generated":10.699999809265137,"consumed":7.564849609375,"exported":0,"imported":0.20000000298023224,"discharged":3.9000000953674316,"maxPv":10.227}
