{"generated":4,"consumed":12.25431640625,"exported":0,"imported":7.599999904632568,"discharged":0,"maxPv":4.396}
