{"generated":0,"consumed":1.917095703125,"exported":0,"imported":0.20000000298023224,"discharged":1.100000023841858,"maxPv":0}
