{"generated":38.60000228881836,"consumed":14.8174619140625,"exported":22.399999618530273,"imported":0.10000000149011612,"discharged":6,"maxPv":10.603}
