{"generated":43.10000228881836,"consumed":0.5416266479492188,"exported":18.299999237060547,"imported":0.20000000298023224,"discharged":17.799999237060547,"maxPv":0}
