{"generated":50.29999923706055,"consumed":27.200000002980232,"exported":20.799999237060547}
