{"generated":16.600000381469727,"consumed":10.2391787109375,"exported":0.20000000298023224,"imported":0.300000011920929,"discharged":6,"maxPv":7.674}
