{"generated":63.5999984741211,"consumed":5.1835625,"exported":39.79999923706055,"imported":0,"discharged":10.899999618530273,"maxPv":0.165}
