{"generated":2.5999999046325684,"consumed":9.29456640625,"exported":0.10000000149011612,"imported":0.10000000149011612,"discharged":7.099999904632568,"maxPv":2.191}
