{"generated":60.9000015258789,"consumed":11.294830078125,"exported":42.9000015258789,"imported":0.10000000149011612,"discharged":3.4000000953674316,"maxPv":9.549}
