{"generated":40.5,"consumed":0.5888055419921875,"exported":20.600000381469727,"imported":0.10000000149011612,"discharged":9,"maxPv":0}
