{"generated":58.19999694824219,"consumed":51.2320390625,"exported":0.10000000149011612,"imported":0.20000000298023224,"discharged":25.700000762939453,"maxPv":10.556}
