{"generated":8,"consumed":8.13138623046875,"exported":0,"imported":4.599999904632568,"discharged":1.899999976158142,"maxPv":4.651}
