{"generated":2.4000000953674316,"consumed":7.1337578125,"exported":0,"imported":0.10000000149011612,"discharged":5.599999904632568,"maxPv":5.1}
