{"generated":48.5,"consumed":9.696619140625,"exported":33.79999923706055,"imported":0.10000000149011612,"discharged":3.299999952316284,"maxPv":8.507}
