{"generated":48.29999542236328,"consumed":24.039580078125,"exported":3.5,"imported":4.400000095367432,"discharged":4.400000095367432,"maxPv":8.389}
