{"generated":24.399999380111694,"consumed":20.199999570846558,"exported":0.10000000149011612}
