{"generated":50.29999923706055,"consumed":41.686203125,"exported":5.099999904632568,"imported":0.300000011920929,"discharged":9.199999809265137,"maxPv":10.343}
