{"generated":59,"consumed":15.480724609375,"exported":36.29999923706055,"imported":0.4000000059604645,"discharged":25.5,"maxPv":10.482}
