{"generated":0.5,"consumed":4.28078173828125,"exported":0,"imported":10.800000190734863,"discharged":0,"maxPv":2.822}
