{"generated":35.0999984741211,"consumed":30.9152890625,"exported":0.20000000298023224,"imported":0.20000000298023224,"discharged":5.599999904632568,"maxPv":11.404}
