{"generated":54.69999694824219,"consumed":36.37573828125,"exported":8.899999618530273,"imported":0.10000000149011612,"discharged":4.099999904632568,"maxPv":9.713}
