{"generated":50.9000015258789,"consumed":11.8548525390625,"exported":33.20000076293945,"imported":0.300000011920929,"discharged":23.799999237060547,"maxPv":7.937}
