{"generated":38.499996185302734,"consumed":13.194107421875,"exported":18.299999237060547,"imported":0.10000000149011612,"discharged":4.5,"maxPv":8.577}
