{"generated":0,"consumed":1.201741455078125,"exported":0,"imported":0,"discharged":0.600000023841858,"maxPv":0}
