{"generated":63.5,"consumed":49.7888671875,"exported":1.100000023841858,"imported":0.10000000149011612,"discharged":22.799999237060547,"maxPv":9.039}
