{"generated":39.9000015258789,"consumed":11.730373046875,"exported":19.700000762939453,"imported":30.200000762939453,"discharged":4.099999904632568,"maxPv":7.52}
