{"generated":19.5,"consumed":16.881048828125,"exported":0.10000000149011612,"imported":0.10000000149011612,"discharged":4.400000095367432,"maxPv":7.783}
