{"generated":25.000001907348633,"consumed":12.2886201171875,"exported":0,"imported":0.10000000149011612,"discharged":3.5,"maxPv":7.529}
