{"generated":60.5,"consumed":19.851744140625,"exported":39.79999923706055,"imported":0.10000000149011612,"discharged":9.5,"maxPv":8.705}
