{"generated":8.000000059604645,"consumed":7.379041015625,"exported":0.10000000149011612,"imported":0.10000000149011612,"discharged":4.599999904632568,"maxPv":6.671}
