{"generated":3.1000000834465027,"consumed":33.9986484375,"exported":0,"imported":0,"discharged":5.199999809265137,"maxPv":4.56}
