{"generated":1.100000023841858,"consumed":5.61993017578125,"exported":0,"imported":0,"discharged":4.699999809265137,"maxPv":3.915}
