{"generated":27.299999237060547,"consumed":13.06482421875,"exported":10.100000381469727,"imported":0.10000000149011612,"discharged":5.199999809265137,"maxPv":11.121}
