{"generated":0,"consumed":4.033097900390625,"exported":0,"imported":0.300000011920929,"discharged":3.700000047683716,"maxPv":0.064}
