{"generated":7.099999904632568,"consumed":11.4501083984375,"exported":0,"imported":6.5,"discharged":1.7000000476837158,"maxPv":5.729}
