{"generated":60.5,"consumed":0.5320293579101563,"exported":39.79999923706055,"imported":0.10000000149011612,"discharged":11.899999618530273,"maxPv":0}
