{"generated":64.39999961853027,"consumed":28.804609375,"exported":23.899999618530273,"imported":0.10000000149011612,"discharged":13.399999618530273,"maxPv":9.657}
