{"generated":0,"consumed":6.135255859375,"exported":0,"imported":0,"discharged":5.599999904632568,"maxPv":0.071}
