{"generated":17.30000114440918,"consumed":9.7518349609375,"exported":3,"imported":0.10000000149011612,"discharged":4.300000190734863,"maxPv":13.169}
