{"generated":8.40000057220459,"consumed":9.3455302734375,"exported":0.10000000149011612,"imported":0.10000000149011612,"discharged":4.900000095367432,"maxPv":6.756}
