{"generated":4.599999904632568,"consumed":8.9070458984375,"exported":0.10000000149011612,"imported":0,"discharged":5.400000095367432,"maxPv":3.589}
