{"generated":16,"consumed":11.9783154296875,"exported":0.10000000149011612,"imported":0.10000000149011612,"discharged":4.900000095367432,"maxPv":5.609}
