{"generated":0.4000000059604645,"consumed":7.39449658203125,"exported":0,"imported":2.5999999046325684,"discharged":4.699999809265137,"maxPv":0.576}
