{"generated":0.8000000044703484,"consumed":28.7071328125,"exported":0,"imported":0,"discharged":5.599999904632568,"maxPv":1.409}
