{"generated":6.40000057220459,"consumed":30.096861328125,"exported":0.10000000149011612,"imported":0.10000000149011612,"discharged":25.700000762939453,"maxPv":9.582}
