{"generated":54.69999885559082,"consumed":36.69999847561121,"exported":17.200000762939453}
