{"generated":23.5,"consumed":13.31080859375,"exported":6.199999809265137,"imported":0.10000000149011612,"discharged":4.300000190734863,"maxPv":12.563}
