{"generated":1.100000023841858,"consumed":5.6669130859375,"exported":0,"imported":0.10000000149011612,"discharged":3.9000000953674316,"maxPv":1.356}
