{"generated":4.900000095367432,"consumed":5.59919921875,"exported":0,"imported":0.10000000149011612,"discharged":3.4000000953674316,"maxPv":3.479}
