{"generated":22.900001525878906,"consumed":12.196337890625,"exported":8.5,"imported":4.599999904632568,"discharged":9.699999809265137,"maxPv":9.789}
