{"generated":6.599999904632568,"consumed":47.74465625,"exported":2,"imported":78.9000015258789,"discharged":1,"maxPv":3.927}
