{"generated":66.9000015258789,"consumed":15.50394140625,"exported":47.20000076293945,"imported":0.10000000149011612,"discharged":5.699999809265137,"maxPv":9.549}
