{"generated":0.7000000476837158,"consumed":4.96368994140625,"exported":0.10000000149011612,"imported":0.20000000298023224,"discharged":3.299999952316284,"maxPv":1.793}
