{"generated":60.29999542236328,"consumed":0.6467256469726562,"exported":43.70000076293945,"imported":0,"discharged":6.699999809265137,"maxPv":0}
