{"generated":0,"consumed":26.34851953125,"exported":0,"imported":28.799999237060547,"discharged":0.5,"maxPv":0}
