{"generated":0,"consumed":5.6084951171875,"exported":0,"imported":0,"discharged":5.400000095367432,"maxPv":0.216}
