{"generated":31.899999618530273,"consumed":11.013,"exported":3,"imported":6.800000190734863,"discharged":4.300000190734863,"maxPv":12.445}
