{"generated":41.9000015258789,"consumed":24.74636328125,"exported":1.600000023841858,"imported":0.699999988079071,"discharged":5,"maxPv":12.803}
