{"generated":13,"consumed":20.9335625,"exported":0,"imported":0.10000000149011612,"discharged":11.800000190734863,"maxPv":4.639}
