{"generated":52.90000104904175,"consumed":22.00000200420618,"exported":17.899999618530273}
