{"generated":53,"consumed":50.18460546875,"exported":0.10000000149011612,"imported":0.20000000298023224,"discharged":3.5999999046325684,"maxPv":8.55}
