{"generated":70,"consumed":14.317595703125,"exported":47.70000076293945,"imported":0.10000000149011612,"discharged":4.099999904632568,"maxPv":9.446}
