{"generated":70.5999984741211,"consumed":20.714181640625,"exported":47.70000076293945,"imported":0.10000000149011612,"discharged":9.600000381469727,"maxPv":9.446}
