{"generated":48.4000015258789,"consumed":14.5622734375,"exported":9.699999809265137,"imported":0.20000000298023224,"discharged":6.099999904632568,"maxPv":8.542}
