{"generated":20.399999618530273,"consumed":48.59034765625,"exported":0.4000000059604645,"imported":60,"discharged":5.099999904632568,"maxPv":8.709}
