{"generated":59.60000228881836,"consumed":23.869169921875,"exported":30,"imported":0.300000011920929,"discharged":4.699999809265137,"maxPv":11.256}
