{"generated":18.299999237060547,"consumed":15.7344287109375,"exported":0,"imported":0.300000011920929,"discharged":8.800000190734863,"maxPv":4.989}
