{"generated":46.19999885559082,"consumed":20.699999906122684,"exported":18.299999237060547}
