{"generated":0,"consumed":2.186492431640625,"exported":0,"imported":0.20000000298023224,"discharged":1.2000000476837158,"maxPv":0}
