{"generated":23.799999237060547,"consumed":9.163392578125,"exported":0.10000000149011612,"imported":15.699999809265137,"discharged":4.599999904632568,"maxPv":7.971}
