{"generated":36.29999923706055,"consumed":9.728337890625,"exported":15,"imported":0.300000011920929,"discharged":3,"maxPv":12.011}
