{"generated":0.699999988079071,"consumed":5.800000175833702,"exported":0}
