{"generated":49.29999923706055,"consumed":12.77006640625,"exported":28.5,"imported":0.10000000149011612,"discharged":3.700000047683716,"maxPv":10}
