{"generated":2.299999952316284,"consumed":5.06894580078125,"exported":0,"imported":0.10000000149011612,"discharged":3.4000000953674316,"maxPv":1.922}
