{"generated":3.200000047683716,"consumed":5.8187578125,"exported":0,"imported":0.10000000149011612,"discharged":4.099999904632568,"maxPv":3.583}
