{"generated":27.80000114440918,"consumed":11.760890625,"exported":14.899999618530273,"imported":13.399999618530273,"discharged":18.399999618530273,"maxPv":11.507}
