{"generated":2.700000047683716,"consumed":6.2802109375,"exported":0,"imported":0.20000000298023224,"discharged":3.9000000953674316,"maxPv":6.888}
