{"generated":0,"consumed":1.992595458984375,"exported":0,"imported":13.699999809265137,"discharged":0.899999976158142,"maxPv":0}
