{"generated":31.299999237060547,"consumed":8.5748466796875,"exported":18.5,"imported":0.10000000149011612,"discharged":3.4000000953674316,"maxPv":8.205}
