{"generated":27.600000381469727,"consumed":26.79422265625,"exported":0.20000000298023224,"imported":0.20000000298023224,"discharged":4,"maxPv":10.832}
