{"generated":33.70000076293945,"consumed":19.56290625,"exported":11.699999809265137,"imported":0.10000000149011612,"discharged":8.899999618530273,"maxPv":10.502}
