{"generated":10.800000190734863,"consumed":6.1517529296875,"exported":0,"imported":0.20000000298023224,"discharged":3.299999952316284,"maxPv":5.889}
