{"generated":66.5,"consumed":0.6992845458984375,"exported":25.600000381469727,"imported":0.20000000298023224,"discharged":7.400000095367432,"maxPv":0}
