{"generated":66.39999866485596,"consumed":20.473400390625,"exported":35.79999923706055,"imported":0.20000000298023224,"discharged":11.800000190734863,"maxPv":9.018}
