{"generated":8.100000381469727,"consumed":8.285115234375,"exported":0.10000000149011612,"imported":0.20000000298023224,"discharged":3.0999999046325684,"maxPv":5.615}
