{"generated":12,"consumed":12.15988671875,"exported":0.10000000149011612,"imported":5.800000190734863,"discharged":1.7000000476837158,"maxPv":8.356}
