{"generated":0,"consumed":2.0245245361328124,"exported":0,"imported":2.9000000953674316,"discharged":0.600000023841858,"maxPv":0}
