{"generated":9.59999942779541,"consumed":36.31751953125,"exported":0,"imported":26,"discharged":3.5999999046325684,"maxPv":4.971}
