{"generated":45.09999895095825,"consumed":25.99999924004078,"exported":12.199999809265137}
