{"generated":0,"consumed":4.06818994140625,"exported":0,"imported":13.399999618530273,"discharged":2.5999999046325684,"maxPv":0}
