{"generated":40.10000228881836,"consumed":10.003515625,"exported":22.899999618530273,"imported":0.10000000149011612,"discharged":3.299999952316284,"maxPv":8.705}
