{"generated":42.10000228881836,"consumed":10.9752744140625,"exported":25.899999618530273,"imported":0.300000011920929,"discharged":3.4000000953674316,"maxPv":13.08}
