{"generated":15,"consumed":10.6146396484375,"exported":0.10000000149011612,"imported":2.9000000953674316,"discharged":4.400000095367432,"maxPv":4.585}
