{"generated":0.20000000298023224,"consumed":16.2205029296875,"exported":0,"imported":32.20000076293945,"discharged":0,"maxPv":0.871}
