{"generated":14.299999237060547,"consumed":11.0591337890625,"exported":0.10000000149011612,"imported":0.10000000149011612,"discharged":5.300000190734863,"maxPv":7.199}
