{"generated":56,"consumed":15.82858984375,"exported":37.5,"imported":0.10000000149011612,"discharged":5,"maxPv":11.679}
