{"generated":1.2000000476837158,"consumed":6.52747216796875,"exported":0,"imported":0,"discharged":5,"maxPv":1.535}
