{"generated":0,"consumed":2.359398681640625,"exported":0,"imported":0,"discharged":2.9000000953674316,"maxPv":0}
