{"generated":0,"consumed":4.0313251953125,"exported":0,"imported":0,"discharged":4.300000190734863,"maxPv":0}
