{"generated":20.5,"consumed":14.3851884765625,"exported":0,"imported":0.10000000149011612,"discharged":8.699999809265137,"maxPv":6.336}
