{"generated":0,"consumed":0.5642071533203125,"exported":0,"imported":12.899999618530273,"discharged":0,"maxPv":0}
