{"generated":66.49999904632568,"consumed":44.8026796875,"exported":32.20000076293945,"imported":0.20000000298023224,"discharged":9.600000381469727,"maxPv":9.904}
