{"generated":23.09999966621399,"consumed":11.79999890178442,"exported":0.20000000298023224}
