{"generated":16.30000114440918,"consumed":18.38946875,"exported":0.20000000298023224,"imported":13.600000381469727,"discharged":6.599999904632568,"maxPv":4.665}
