{"generated":44.5,"consumed":16.728806640625,"exported":26.5,"imported":0.10000000149011612,"discharged":6.400000095367432,"maxPv":13.648}
