{"generated":1.5,"consumed":5.74278955078125,"exported":0,"imported":0,"discharged":4.900000095367432,"maxPv":2.916}
