{"generated":42.89999866485596,"consumed":44.220546875,"exported":16.700000762939453,"imported":0.10000000149011612,"discharged":6.099999904632568,"maxPv":11.023}
