{"generated":22.100000381469727,"consumed":60.0974375,"exported":4.300000190734863,"imported":46,"discharged":2.0999999046325684,"maxPv":7.14}
