{"generated":0.20000000298023224,"consumed":17.80130859375,"exported":0.10000000149011612,"imported":13.399999618530273,"discharged":4.099999904632568,"maxPv":0.789}
