{"generated":42,"consumed":11.7642724609375,"exported":28.600000381469727,"imported":0.10000000149011612,"discharged":4.900000095367432,"maxPv":11.958}
