{"generated":4.400000095367432,"consumed":36.59381640625,"exported":0,"imported":36.4000015258789,"discharged":8,"maxPv":2.37}
