{"generated":1.9000000953674316,"consumed":5.993673828125,"exported":0,"imported":5.599999904632568,"discharged":0.600000023841858,"maxPv":2.439}
