{"generated":51.20000076293945,"consumed":37.3552734375,"exported":31.399999618530273,"imported":0.10000000149011612,"discharged":27.100000381469727,"maxPv":12.159}
