{"generated":58.20000076293945,"consumed":18.59691796875,"exported":33.79999923706055,"imported":0.20000000298023224,"discharged":6.099999904632568,"maxPv":11.188}
