{"generated":53.4000015258789,"consumed":37.43579296875,"exported":5,"imported":0.4000000059604645,"discharged":20.700000762939453,"maxPv":12.01}
