{"generated":17.399999618530273,"consumed":11.6503125,"exported":2.4000000953674316,"imported":0.300000011920929,"discharged":3.799999952316284,"maxPv":5.604}
