{"generated":21.600000381469727,"consumed":13.1395986328125,"exported":0.10000000149011612,"imported":0.10000000149011612,"discharged":2.5999999046325684,"maxPv":7.897}
