{"generated":0.20000000298023224,"consumed":4.000525146484375,"exported":0,"imported":0.10000000149011612,"discharged":3,"maxPv":0.228}
