{"generated":29.3000009059906,"consumed":10.5128486328125,"exported":11.800000190734863,"imported":0.10000000149011612,"discharged":4.800000190734863,"maxPv":11.511}
