{"generated":7.399999618530273,"consumed":6.4716201171875,"exported":0,"imported":0.10000000149011612,"discharged":3.5999999046325684,"maxPv":8.599}
