{"generated":50.79999923706055,"consumed":16.61883984375,"exported":24.899999618530273,"imported":0.5,"discharged":4.300000190734863,"maxPv":11.049}
