{"generated":13.300000190734863,"consumed":6.16881396484375,"exported":0,"imported":0.20000000298023224,"discharged":2.700000047683716,"maxPv":6.986}
