{"generated":0.4000000059604645,"consumed":5.75973779296875,"exported":0.10000000149011612,"imported":0.10000000149011612,"discharged":4.599999904632568,"maxPv":0.693}
