{"generated":60.399998664855964,"consumed":25.114533203125,"exported":26.5,"imported":0.300000011920929,"discharged":5.5,"maxPv":11.393}
