{"generated":38.60000228881836,"consumed":14.174240234375,"exported":22.399999618530273,"imported":0.10000000149011612,"discharged":5.400000095367432,"maxPv":10.603}
