{"generated":5.599999904632568,"consumed":12.87827734375,"exported":0.10000000149011612,"imported":31.399999618530273,"discharged":4.099999904632568,"maxPv":4.059}
