{"generated":60.0999984741211,"consumed":18.3604296875,"exported":38.20000076293945,"imported":0.10000000149011612,"discharged":8.699999809265137,"maxPv":10.051}
