{"generated":0.10000000149011612,"consumed":3.775755126953125,"exported":0,"imported":0.20000000298023224,"discharged":3.5999999046325684,"maxPv":0.064}
