{"generated":32.899999380111694,"consumed":10.399999856948853,"exported":16.799999237060547}
