{"generated":12.800000190734863,"consumed":10.1296796875,"exported":0.10000000149011612,"imported":0.10000000149011612,"discharged":5.599999904632568,"maxPv":7.09}
