{"generated":2.799999952316284,"consumed":7.632591796875,"exported":0.10000000149011612,"imported":0.10000000149011612,"discharged":4.400000095367432,"maxPv":2.091}
