{"generated":0,"consumed":4.880607421875,"exported":0,"imported":0.10000000149011612,"discharged":4.5,"maxPv":0.079}
