{"generated":54.4000015258789,"consumed":15.959802734375,"exported":34.4000015258789,"imported":0.300000011920929,"discharged":5.900000095367432,"maxPv":11.858}
