{"generated":60.19999694824219,"consumed":12.352169921875,"exported":42.29999923706055,"imported":0.10000000149011612,"discharged":2.9000000953674316,"maxPv":8.82}
