{"generated":5.200000286102295,"consumed":6.53947998046875,"exported":0,"imported":0,"discharged":4.199999809265137,"maxPv":5.199}
