{"generated":29.700000762939453,"consumed":16.908283203125,"exported":3.9000000953674316,"imported":0.10000000149011612,"discharged":2.5999999046325684,"maxPv":8.204}
