{"generated":64.69999885559082,"consumed":35.3209921875,"exported":23.899999618530273,"imported":0.10000000149011612,"discharged":19.200000762939453,"maxPv":9.657}
