{"generated":0,"consumed":2.976867431640625,"exported":0,"imported":0.4000000059604645,"discharged":2.0999999046325684,"maxPv":0}
