{"generated":43.0999984741211,"consumed":20.7293671875,"exported":12.600000381469727,"imported":0.20000000298023224,"discharged":3.0999999046325684,"maxPv":10.595}
