{"generated":67,"consumed":28.86318359375,"exported":30.899999618530273,"imported":0.20000000298023224,"discharged":8.899999618530273,"maxPv":9.796}
