{"generated":8.5,"consumed":6.10386083984375,"exported":0.10000000149011612,"imported":0.10000000149011612,"discharged":3.799999952316284,"maxPv":5.391}
