{"generated":18.899999618530273,"consumed":14.9086318359375,"exported":0.10000000149011612,"imported":0.10000000149011612,"discharged":7.300000190734863,"maxPv":5.554}
