{"generated":8.100000381469727,"consumed":7.38774365234375,"exported":0,"imported":0.10000000149011612,"discharged":4,"maxPv":6.012}
