{"generated":41.9000015258789,"consumed":25.306177734375,"exported":1.600000023841858,"imported":0.699999988079071,"discharged":5.5,"maxPv":12.803}
