{"generated":0.4000000059604645,"consumed":8.15714990234375,"exported":0.10000000149011612,"imported":0.699999988079071,"discharged":6.900000095367432,"maxPv":0.251}
