{"generated":8.199999809265137,"consumed":6.9444921875,"exported":0,"imported":0.20000000298023224,"discharged":4.199999809265137,"maxPv":5.907}
