{"generated":0,"consumed":14.5606640625,"exported":0,"imported":10.300000190734863,"discharged":3,"maxPv":0}
