{"generated":18.5,"consumed":15.7612373046875,"exported":0.10000000149011612,"imported":1.399999976158142,"discharged":6.900000095367432,"maxPv":7.21}
