{"generated":42.600000858306885,"consumed":15.10000143200159,"exported":7.699999809265137}
