{"generated":18.899999618530273,"consumed":13.9204453125,"exported":0.10000000149011612,"imported":0.10000000149011612,"discharged":6.400000095367432,"maxPv":5.554}
