{"generated":62.60000228881835,"consumed":12.826025390625,"exported":38.79999923706055,"imported":0.5,"discharged":11.899999618530273,"maxPv":8.977}
