{"generated":17.100000381469727,"consumed":37.83005859375,"exported":0,"imported":36.9000015258789,"discharged":0.20000000298023224,"maxPv":10.062}
