{"generated":0,"consumed":3.227392333984375,"exported":0,"imported":0.20000000298023224,"discharged":2.4000000953674316,"maxPv":0}
