{"generated":46.20000076293945,"consumed":13.404671875,"exported":27.399999618530273,"imported":0.10000000149011612,"discharged":4.599999904632568,"maxPv":11.932}
