{"generated":34,"consumed":25.537037109375,"exported":10.800000190734863,"imported":0.300000011920929,"discharged":17.299999237060547,"maxPv":8.197}
