{"generated":0,"consumed":3.661324462890625,"exported":0,"imported":0.10000000149011612,"discharged":3.4000000953674316,"maxPv":0}
