{"generated":15.09999942779541,"consumed":18.578869140625,"exported":0,"imported":6.5,"discharged":5.800000190734863,"maxPv":5.729}
