{"generated":43.5999984741211,"consumed":13.21905078125,"exported":17.200000762939453,"imported":0.20000000298023224,"discharged":3.0999999046325684,"maxPv":7.287}
