{"generated":0,"consumed":4.08252880859375,"exported":0,"imported":3.5999999046325684,"discharged":3.700000047683716,"maxPv":0.052}
