{"generated":0,"consumed":3.202922607421875,"exported":0,"imported":0.20000000298023224,"discharged":2.5,"maxPv":0}
