{"generated":4.599999904632568,"consumed":9.3178076171875,"exported":0,"imported":0.10000000149011612,"discharged":7,"maxPv":4.04}
