{"generated":56.30000305175781,"consumed":16.2090400390625,"exported":36.0999984741211,"imported":0.10000000149011612,"discharged":6.5,"maxPv":11.101}
