{"generated":60.9000015258789,"consumed":12.279560546875,"exported":40,"imported":0.10000000149011612,"discharged":4.099999904632568,"maxPv":8.684}
