{"generated":26,"consumed":25.78728515625,"exported":0.10000000149011612,"imported":0.20000000298023224,"discharged":10.5,"maxPv":5.645}
