{"generated":18.5,"consumed":14.719177734375,"exported":0.10000000149011612,"imported":0.10000000149011612,"discharged":7.699999809265137,"maxPv":10.422}
