{"generated":52.70000076293945,"consumed":41.600001230835915,"exported":0.300000011920929}
