{"generated":46.80000305175781,"consumed":14.5412255859375,"exported":25,"imported":0.10000000149011612,"discharged":4.5,"maxPv":8.577}
