{"generated":0,"consumed":2.67351513671875,"exported":0,"imported":0,"discharged":3.200000047683716,"maxPv":0}
