{"generated":28.5,"consumed":11.6854462890625,"exported":0.300000011920929,"imported":9.399999618530273,"discharged":5.300000190734863,"maxPv":13.091}
