{"generated":0,"consumed":3.42087158203125,"exported":0,"imported":4.099999904632568,"discharged":3.200000047683716,"maxPv":0}
