{"generated":26.600000381469727,"consumed":9.5695234375,"exported":11,"imported":0.10000000149011612,"discharged":4.400000095367432,"maxPv":9.635}
