{"generated":45.10000133514404,"consumed":11.6857197265625,"exported":22.5,"imported":0.10000000149011612,"discharged":4.599999904632568,"maxPv":8.84}
