{"generated":41.10000228881836,"consumed":9.5314892578125,"exported":6.199999809265137,"imported":0.10000000149011612,"discharged":4.300000190734863,"maxPv":9.774}
