{"generated":18.5,"consumed":26.7335234375,"exported":0.10000000149011612,"imported":14.199999809265137,"discharged":4.800000190734863,"maxPv":5.327}
