{"generated":46.19999694824219,"consumed":10.92780859375,"exported":26.5,"imported":0.10000000149011612,"discharged":3.299999952316284,"maxPv":10}
