{"generated":47.79999923706055,"consumed":10.28259765625,"exported":9.800000190734863,"imported":0.10000000149011612,"discharged":4.699999809265137,"maxPv":10.482}
