{"generated":53.80000305175781,"consumed":12.2701962890625,"exported":33.70000076293945,"imported":0.10000000149011612,"discharged":4.800000190734863,"maxPv":10.051}
