{"generated":26.5,"consumed":17.741431640625,"exported":8.100000381469727,"imported":0.20000000298023224,"discharged":7.300000190734863,"maxPv":10.944}
