{"generated":14.899999976158142,"consumed":8.900000356137753,"exported":0.20000000298023224}
