{"generated":39.600000858306885,"consumed":40.500001430511475,"exported":0.20000000298023224,"imported":0.20000000298023224,"discharged":12.600000381469727,"maxPv":11.567}
