{"generated":55.5999984741211,"consumed":13.5749853515625,"exported":37.5,"imported":0.10000000149011612,"discharged":3.299999952316284,"maxPv":11.679}
