{"generated":37.19999694824219,"consumed":24.900173828125,"exported":3.9000000953674316,"imported":0.20000000298023224,"discharged":3.5999999046325684,"maxPv":8.941}
