{"generated":0,"consumed":4.72604150390625,"exported":0,"imported":2.299999952316284,"discharged":4.300000190734863,"maxPv":0.083}
