{"generated":2.5,"consumed":7.00663134765625,"exported":0,"imported":0.10000000149011612,"discharged":3.9000000953674316,"maxPv":3.105}
