{"generated":56.20000076293945,"consumed":14.8671865234375,"exported":38.4000015258789,"imported":0.10000000149011612,"discharged":5,"maxPv":12.086}
