{"generated":58.500003814697266,"consumed":41.93795703125,"exported":8.800000190734863,"imported":0.4000000059604645,"discharged":5.599999904632568,"maxPv":11.109}
