{"generated":64.5999984741211,"consumed":0.590041015625,"exported":45.70000076293945,"imported":0.10000000149011612,"discharged":7.099999904632568,"maxPv":0}
