{"generated":54.29999923706055,"consumed":20.2543671875,"exported":25.600000381469727,"imported":0.10000000149011612,"discharged":2.9000000953674316,"maxPv":8.743}
