{"generated":0.10000000149011612,"consumed":5.2278349609375,"exported":0,"imported":5.400000095367432,"discharged":0,"maxPv":0.363}
