{"generated":0.800000011920929,"consumed":4.45689794921875,"exported":0,"imported":4.5,"discharged":0,"maxPv":1.903}
