{"generated":33.20000076293945,"consumed":9.7826435546875,"exported":15.899999618530273,"imported":0.20000000298023224,"discharged":4.099999904632568,"maxPv":8.766}
