{"generated":16.299999237060547,"consumed":8.363986328125,"exported":0.4000000059604645,"imported":0.20000000298023224,"discharged":4.300000190734863,"maxPv":8.753}
