{"generated":18.100000381469727,"consumed":12.00562109375,"exported":0,"imported":0.10000000149011612,"discharged":5.199999809265137,"maxPv":5.058}
