{"generated":0,"consumed":3.9943310546875,"exported":0,"imported":0.300000011920929,"discharged":3.799999952316284,"maxPv":0.067}
