{"generated":69.09999942779541,"consumed":21.133744140625,"exported":46.79999923706055,"imported":0.10000000149011612,"discharged":10.399999618530273,"maxPv":9.179}
