{"generated":2.6999998092651367,"consumed":5.046267578125,"exported":0,"imported":0.10000000149011612,"discharged":3.200000047683716,"maxPv":3.913}
