{"generated":4.199999809265137,"consumed":7.41706494140625,"exported":0,"imported":0.20000000298023224,"discharged":4.699999809265137,"maxPv":4.079}
