{"generated":25.69999885559082,"consumed":20.224599609375,"exported":0.10000000149011612,"imported":0.20000000298023224,"discharged":5.400000095367432,"maxPv":5.645}
