{"generated":0,"consumed":3.95904541015625,"exported":0,"imported":0.10000000149011612,"discharged":3.799999952316284,"maxPv":0.071}
