{"generated":32.700000524520874,"consumed":20.90000033378601,"exported":0.10000000149011612}
