{"generated":53.79999923706055,"consumed":10.357904296875,"exported":38.4000015258789,"imported":0.10000000149011612,"discharged":3.299999952316284,"maxPv":8.507}
