{"generated":1.5,"consumed":8.2844384765625,"exported":0,"imported":2.299999952316284,"discharged":5.199999809265137,"maxPv":1.629}
