{"generated":38.4000015258789,"consumed":11.887701171875,"exported":16.100000381469727,"imported":0.20000000298023224,"discharged":3.200000047683716,"maxPv":9.186}
