{"generated":15.500000238418579,"consumed":10.299999952316284,"exported":0.10000000149011612,"imported":0.10000000149011612,"discharged":6.099999904632568,"maxPv":11.833}
