{"generated":21.799999237060547,"consumed":21.777740234375,"exported":0.10000000149011612,"imported":0.20000000298023224,"discharged":13.899999618530273,"maxPv":5.579}
