{"generated":30.5,"consumed":46.01546484375,"exported":0.300000011920929,"imported":32.0999984741211,"discharged":2.299999952316284,"maxPv":10.34}
