{"generated":14.5,"consumed":13.7591015625,"exported":0,"imported":3.200000047683716,"discharged":6.699999809265137,"maxPv":5.102}
