{"generated":1.4000000953674316,"consumed":5.64198388671875,"exported":0,"imported":5.800000190734863,"discharged":0.5,"maxPv":4.105}
