{"generated":2.1000001430511475,"consumed":7.1667109375,"exported":0.10000000149011612,"imported":0.10000000149011612,"discharged":4.699999809265137,"maxPv":2.121}
