{"generated":54.5,"consumed":51.299999713897705,"exported":3.5999999046325684,"imported":26.200000762939453,"discharged":15.399999618530273,"maxPv":9.375}
