{"generated":2.5,"consumed":5.25009326171875,"exported":0,"imported":34.9000015258789,"discharged":4,"maxPv":2.965}
