{"generated":36,"consumed":12.1132099609375,"exported":17.299999237060547,"imported":0.10000000149011612,"discharged":6.099999904632568,"maxPv":12.543}
