{"generated":37.70000076293945,"consumed":13.4690927734375,"exported":17.5,"imported":0.20000000298023224,"discharged":5.699999809265137,"maxPv":13.009}
