{"generated":0,"consumed":25.72772265625,"exported":0,"imported":0.10000000149011612,"discharged":24.399999618530273,"maxPv":0.06}
