{"generated":64.3000030517578,"consumed":13.1342353515625,"exported":45.70000076293945,"imported":0.10000000149011612,"discharged":3.299999952316284,"maxPv":8.777}
