{"generated":60.19999694824219,"consumed":15.0773916015625,"exported":39.79999923706055,"imported":0.10000000149011612,"discharged":5.400000095367432,"maxPv":8.705}
