{"generated":26,"consumed":28.02748046875,"exported":0.10000000149011612,"imported":0.20000000298023224,"discharged":12.600000381469727,"maxPv":5.645}
