{"generated":17.200000762939453,"consumed":38.8661640625,"exported":0,"imported":36.9000015258789,"discharged":1,"maxPv":10.062}
