{"generated":0,"consumed":3.44759716796875,"exported":0,"imported":3.700000047683716,"discharged":0,"maxPv":0}
