{"generated":0,"consumed":4.80037744140625,"exported":0,"imported":4.900000095367432,"discharged":0,"maxPv":0}
