{"generated":1.2999999523162842,"consumed":7.3252255859375,"exported":0,"imported":0.10000000149011612,"discharged":5.699999809265137,"maxPv":1.153}
