{"generated":14,"consumed":10.8498857421875,"exported":0.10000000149011612,"imported":0.10000000149011612,"discharged":6.199999809265137,"maxPv":13.221}
