{"generated":43.10000228881836,"consumed":32.2678984375,"exported":18.299999237060547,"imported":0.10000000149011612,"discharged":15.600000381469727,"maxPv":7.368}
