{"generated":57.0999984741211,"consumed":25.1784921875,"exported":22.799999237060547,"imported":0.20000000298023224,"discharged":3.4000000953674316,"maxPv":9.681}
