{"generated":0,"consumed":0.6597091674804687,"exported":0.10000000149011612,"imported":0.10000000149011612,"discharged":0.600000023841858,"maxPv":0}
