{"generated":0,"consumed":3.839160888671875,"exported":0,"imported":4.300000190734863,"discharged":0,"maxPv":0}
