{"generated":35.5,"consumed":10.2738056640625,"exported":3.700000047683716,"imported":3.200000047683716,"discharged":4.199999809265137,"maxPv":10.937}
