{"generated":23.600000381469727,"consumed":21.65847265625,"exported":0.10000000149011612,"imported":0.10000000149011612,"discharged":3.5999999046325684,"maxPv":8.379}
