{"generated":12.5,"consumed":21.592298828125,"exported":0,"imported":31.700000762939453,"discharged":11.199999809265137,"maxPv":6.47}
