{"generated":20.5,"consumed":45.73596484375,"exported":0,"imported":26,"discharged":9.300000190734863,"maxPv":5.487}
