{"generated":70.5999984741211,"consumed":16.156626953125,"exported":47.70000076293945,"imported":0.10000000149011612,"discharged":5.400000095367432,"maxPv":9.446}
