{"generated":37.60000228881836,"consumed":16.705009765625,"exported":18.399999618530273,"imported":0.10000000149011612,"discharged":6.599999904632568,"maxPv":7.743}
