{"generated":26.399999618530273,"consumed":11.981009765625,"exported":1.899999976158142,"imported":0.10000000149011612,"discharged":4.599999904632568,"maxPv":6.207}
