{"generated":0,"consumed":4.4190771484375,"exported":0,"imported":2.0999999046325684,"discharged":3.0999999046325684,"maxPv":0}
