{"generated":53.5999984741211,"consumed":38.898234375,"exported":5,"imported":0.4000000059604645,"discharged":21.899999618530273,"maxPv":12.01}
