{"generated":0.20000000298023224,"consumed":5.11121484375,"exported":0,"imported":5.300000190734863,"discharged":0,"maxPv":0.893}
