{"generated":26.299999237060547,"consumed":13.906205078125,"exported":4.099999904632568,"imported":0.10000000149011612,"discharged":4.900000095367432,"maxPv":6.233}
