{"generated":64.4000015258789,"consumed":14.95822265625,"exported":44.70000076293945,"imported":0.10000000149011612,"discharged":3.4000000953674316,"maxPv":8.978}
