{"generated":26.30000114440918,"consumed":22.059529296875,"exported":0.20000000298023224,"imported":0.20000000298023224,"discharged":5.599999904632568,"maxPv":11.404}
