{"generated":9.59999942779541,"consumed":21.9634609375,"exported":0.20000000298023224,"imported":13.5,"discharged":4.300000190734863,"maxPv":5.658}
