{"generated":9,"consumed":7.92063037109375,"exported":0.10000000149011612,"imported":0.10000000149011612,"discharged":3.4000000953674316,"maxPv":11.931}
