{"generated":26.600000381469727,"consumed":10.950005859375,"exported":4.699999809265137,"imported":13.399999618530273,"discharged":9.100000381469727,"maxPv":11.489}
