{"generated":8,"consumed":5.12576611328125,"exported":0,"imported":0.10000000149011612,"discharged":3.4000000953674316,"maxPv":5.823}
