{"generated":1,"consumed":4.85186279296875,"exported":0,"imported":0.10000000149011612,"discharged":3.5999999046325684,"maxPv":1.32}
