{"generated":26.69999885559082,"consumed":12.3873740234375,"exported":9.899999618530273,"imported":0.10000000149011612,"discharged":5.099999904632568,"maxPv":11.121}
