{"generated":19.700000286102295,"consumed":19.5,"exported":0.10000000149011612}
