{"generated":17.899999618530273,"consumed":18.057923828125,"exported":0.10000000149011612,"imported":0.10000000149011612,"discharged":9.199999809265137,"maxPv":2.163}
