{"generated":54.29999923706055,"consumed":15.42865625,"exported":32.70000076293945,"imported":0.10000000149011612,"discharged":3.5999999046325684,"maxPv":8.831}
