{"generated":8.399999618530273,"consumed":28.94732421875,"exported":0,"imported":17.799999237060547,"discharged":4.400000095367432,"maxPv":6.564}
