{"generated":0,"consumed":4.7845703125,"exported":0,"imported":0,"discharged":5.199999809265137,"maxPv":0}
