{"generated":66,"consumed":29.3990078125,"exported":33.20000076293945,"imported":0.20000000298023224,"discharged":6.800000190734863,"maxPv":8.527}
