{"generated":13.199999809265137,"consumed":8.9637392578125,"exported":0.10000000149011612,"imported":0.10000000149011612,"discharged":4.5,"maxPv":6.859}
