{"generated":15.799999237060547,"consumed":18.432919921875,"exported":0.10000000149011612,"imported":34.9000015258789,"discharged":11,"maxPv":6.628}
