{"generated":10.59999942779541,"consumed":17.765267578125,"exported":4.5,"imported":18.5,"discharged":8.300000190734863,"maxPv":5.437}
