{"generated":28.099998474121094,"consumed":9.2951162109375,"exported":0.5,"imported":6.699999809265137,"discharged":4.199999809265137,"maxPv":12.445}
