{"generated":0,"consumed":2.12414306640625,"exported":0,"imported":3.4000000953674316,"discharged":2,"maxPv":0}
