{"generated":31.200000762939453,"consumed":13.78714453125,"exported":13.899999618530273,"imported":0.10000000149011612,"discharged":5,"maxPv":13.169}
