{"generated":64.60000038146973,"consumed":30.958599609375,"exported":23.899999618530273,"imported":0.10000000149011612,"discharged":15.199999809265137,"maxPv":9.657}
