{"generated":25.30000114440918,"consumed":8.357625,"exported":6.900000095367432,"imported":0.10000000149011612,"discharged":3.700000047683716,"maxPv":8.29}
