{"generated":0,"consumed":4.70254833984375,"exported":0,"imported":13.399999618530273,"discharged":3.200000047683716,"maxPv":0.014}
