{"generated":41.9000015258789,"consumed":29.268802734375,"exported":1.600000023841858,"imported":0.699999988079071,"discharged":9.199999809265137,"maxPv":12.803}
