{"generated":38.70000076293945,"consumed":20.004439453125,"exported":14.199999809265137,"imported":0.300000011920929,"discharged":7,"maxPv":11.721}
