{"generated":19.599998474121094,"consumed":12.9343544921875,"exported":0.10000000149011612,"imported":0.10000000149011612,"discharged":5.300000190734863,"maxPv":7.291}
