{"generated":29.100000381469727,"consumed":21.212138671875,"exported":1.7000000476837158,"imported":0.20000000298023224,"discharged":4.199999809265137,"maxPv":11.536}
