{"generated":18.5,"consumed":14.91273046875,"exported":0.10000000149011612,"imported":1.399999976158142,"discharged":6.099999904632568,"maxPv":7.21}
