{"generated":20.5,"consumed":11.5,"exported":0.10000000149011612,"imported":0.10000000149011612,"discharged":5.800000190734863,"maxPv":8.819}
