{"generated":5.800000190734863,"consumed":8.416677734375,"exported":0,"imported":0.300000011920929,"discharged":3.700000047683716,"maxPv":2.489}
