{"generated":21.5,"consumed":15.8589384765625,"exported":0.10000000149011612,"imported":0.10000000149011612,"discharged":6.400000095367432,"maxPv":7.291}
