{"generated":44.79999923706055,"consumed":9.737037109375,"exported":8.199999809265137,"imported":0.10000000149011612,"discharged":3.799999952316284,"maxPv":8.199}
