{"generated":0.7000000476837158,"consumed":4.3423984375,"exported":0,"imported":0.20000000298023224,"discharged":3,"maxPv":1.759}
