{"generated":0,"consumed":4.66219775390625,"exported":0,"imported":0,"discharged":4.400000095367432,"maxPv":0.06}
