{"generated":18,"consumed":11.376322265625,"exported":0.10000000149011612,"imported":0.10000000149011612,"discharged":4.900000095367432,"maxPv":5.554}
