{"generated":40.5999984741211,"consumed":16.8948359375,"exported":18.299999237060547,"imported":0.10000000149011612,"discharged":3.5,"maxPv":7.368}
