{"generated":10,"consumed":8.909591796875,"exported":0.10000000149011612,"imported":0.10000000149011612,"discharged":5,"maxPv":11.082}
