{"generated":23,"consumed":8.3479169921875,"exported":8,"imported":0.10000000149011612,"discharged":3.299999952316284,"maxPv":8.566}
