{"generated":1.899999976158142,"consumed":11.1458349609375,"exported":0,"imported":4.300000190734863,"discharged":4.699999809265137,"maxPv":1.265}
