{"generated":18.400001525878906,"consumed":12.2397734375,"exported":4.800000190734863,"imported":0.20000000298023224,"discharged":4.900000095367432,"maxPv":6.703}
