{"generated":0,"consumed":2.442008544921875,"exported":0,"imported":0,"discharged":1.7999999523162842,"maxPv":0}
