{"generated":64.70000171661377,"consumed":15.0019130859375,"exported":42.5,"imported":0.10000000149011612,"discharged":10.5,"maxPv":8.839}
