{"generated":29.19999885559082,"consumed":9.3247265625,"exported":0.20000000298023224,"imported":13.300000190734863,"discharged":4.5,"maxPv":11.073}
