{"generated":1.8000000715255737,"consumed":24.41737890625,"exported":0,"imported":24.700000762939453,"discharged":0,"maxPv":2.662}
