{"generated":40.70000076293945,"consumed":60.40290625,"exported":1,"imported":15.5,"discharged":25.100000381469727,"maxPv":7.803}
