{"generated":58.80000019073486,"consumed":36.800001338124275,"exported":6.699999809265137}
