{"generated":16.200000762939453,"consumed":37.00681640625,"exported":0,"imported":36.9000015258789,"discharged":0,"maxPv":10.062}
