{"generated":37,"consumed":8.11005029296875,"exported":4,"imported":0,"discharged":3.700000047683716,"maxPv":8.248}
