{"generated":15.40000057220459,"consumed":11.0046865234375,"exported":0.10000000149011612,"imported":0.20000000298023224,"discharged":6.300000190734863,"maxPv":5.486}
