{"generated":43.40000057220459,"consumed":44.220546875,"exported":16.700000762939453,"imported":0.10000000149011612,"discharged":10.5,"maxPv":11.023}
