{"generated":8.700000762939453,"consumed":18.102916015625,"exported":0,"imported":8.5,"discharged":3.0999999046325684,"maxPv":4.571}
