{"generated":3.4000000953674316,"consumed":5.9697802734375,"exported":0.10000000149011612,"imported":0.10000000149011612,"discharged":4.099999904632568,"maxPv":4.511}
