{"generated":0,"consumed":2.410347900390625,"exported":0,"imported":0.10000000149011612,"discharged":2.200000047683716,"maxPv":0}
