{"generated":3,"consumed":5.01326416015625,"exported":0,"imported":19.799999237060547,"discharged":1.2999999523162842,"maxPv":3.302}
