{"generated":36.10000038146973,"consumed":14.91950390625,"exported":14.300000190734863,"imported":0.10000000149011612,"discharged":5.599999904632568,"maxPv":9.96}
