{"generated":33.79999923706055,"consumed":21.1263203125,"exported":10.699999809265137,"imported":0.300000011920929,"discharged":13.600000381469727,"maxPv":8.197}
