{"generated":7.200000047683716,"consumed":10.800000049173832,"exported":0}
