{"generated":0.300000011920929,"consumed":6.69680322265625,"exported":0,"imported":1.5,"discharged":5.5,"maxPv":1.135}
