{"generated":0,"consumed":3.600000001490116,"exported":0,"imported":0.10000000149011612,"discharged":3.5,"maxPv":0}
