{"generated":58.9000015258789,"consumed":8.200455078125,"exported":46.0999984741211,"imported":0.10000000149011612,"discharged":3,"maxPv":8.916}
