{"generated":53.5,"consumed":10.88007421875,"exported":14.899999618530273,"imported":0.10000000149011612,"discharged":4.699999809265137,"maxPv":10.482}
