{"generated":17.19999885559082,"consumed":12.622669921875,"exported":0.20000000298023224,"imported":0.20000000298023224,"discharged":5.699999809265137,"maxPv":5.061}
