{"generated":60.59999942779541,"consumed":25.902181640625,"exported":28,"imported":0.10000000149011612,"discharged":5.5,"maxPv":8.843}
