{"generated":0,"consumed":3.0109775390625,"exported":0,"imported":3.0999999046325684,"discharged":0,"maxPv":0}
