{"generated":48.5999984741211,"consumed":11.7897841796875,"exported":25.299999237060547,"imported":0.300000011920929,"discharged":3,"maxPv":12.098}
