{"generated":18.799999237060547,"consumed":17.456736328125,"exported":0.10000000149011612,"imported":0.20000000298023224,"discharged":5.400000095367432,"maxPv":8.397}
