{"generated":11.800000190734863,"consumed":6.94537646484375,"exported":1.399999976158142,"imported":28.5,"discharged":3.700000047683716,"maxPv":6.308}
