{"generated":11,"consumed":15.33980078125,"exported":0,"imported":0.10000000149011612,"discharged":9.600000381469727,"maxPv":6.376}
