{"generated":0,"consumed":0.539902099609375,"exported":0,"imported":3.200000047683716,"discharged":0.4000000059604645,"maxPv":0}
