{"generated":3.0999999046325684,"consumed":6.5314677734375,"exported":0,"imported":0,"discharged":4.900000095367432,"maxPv":3.552}
