{"generated":0,"consumed":0.6917536010742188,"exported":0,"imported":0,"discharged":0.699999988079071,"maxPv":0}
