{"generated":17.100000381469727,"consumed":9.17671875,"exported":0.10000000149011612,"imported":4.599999904632568,"discharged":0,"maxPv":9.789}
