{"generated":0.9999999925494194,"consumed":6.6155224609375,"exported":0,"imported":0,"discharged":5.199999809265137,"maxPv":1.962}
