{"generated":64.8000030517578,"consumed":10.7606083984375,"exported":50.5999984741211,"imported":0.10000000149011612,"discharged":3.799999952316284,"maxPv":8.916}
