{"generated":66.4000015258789,"consumed":44.3587890625,"exported":19.700000762939453,"imported":0.20000000298023224,"discharged":8.199999809265137,"maxPv":8.831}
