{"generated":33.20000076293945,"consumed":7.6871533203125,"exported":21.899999618530273,"imported":0.10000000149011612,"discharged":3.4000000953674316,"maxPv":12.053}
