{"generated":44.79999923706055,"consumed":9.2492802734375,"exported":31.799999237060547,"imported":0.10000000149011612,"discharged":3.4000000953674316,"maxPv":12.053}
