{"generated":46.20000076293945,"consumed":9.0701123046875,"exported":25.100000381469727,"imported":0.20000000298023224,"discharged":2.700000047683716,"maxPv":8.902}
