{"generated":55.80000305175781,"consumed":13.7182314453125,"exported":38.4000015258789,"imported":0.10000000149011612,"discharged":4.199999809265137,"maxPv":12.086}
