{"generated":49.20000457763672,"consumed":14.86722265625,"exported":27.899999618530273,"imported":0.10000000149011612,"discharged":5.599999904632568,"maxPv":12.477}
