{"generated":11.899999618530273,"consumed":36.6861328125,"exported":0.10000000149011612,"imported":26.100000381469727,"discharged":3.9000000953674316,"maxPv":5.353}
