{"generated":36.70000076293945,"consumed":12.8250166015625,"exported":18.299999237060547,"imported":0.10000000149011612,"discharged":3.799999952316284,"maxPv":7.743}
