{"generated":5.800000190734863,"consumed":6.8243046875,"exported":0,"imported":0,"discharged":5,"maxPv":4.812}
