{"generated":6.300000190734863,"consumed":23.699986328125,"exported":0,"imported":31.700000762939453,"discharged":8.199999809265137,"maxPv":4.015}
