{"generated":35.70000076293945,"consumed":12.1302431640625,"exported":12.399999618530273,"imported":3.4000000953674316,"discharged":14,"maxPv":11.187}
