{"generated":57.29999923706055,"consumed":32.90445703125,"exported":6.199999809265137,"imported":0.10000000149011612,"discharged":20.5,"maxPv":9.386}
