{"generated":64.39999866485596,"consumed":19.469005859375,"exported":36.70000076293945,"imported":0.10000000149011612,"discharged":7.199999809265137,"maxPv":8.84}
