{"generated":43.5,"consumed":19.876806640625,"exported":0.10000000149011612,"imported":0.20000000298023224,"discharged":4,"maxPv":7.802}
