{"generated":0,"consumed":2.2602587890625,"exported":0,"imported":0.10000000149011612,"discharged":1.600000023841858,"maxPv":0}
