{"generated":17.5,"consumed":11.077205078125,"exported":0.10000000149011612,"imported":5,"discharged":0,"maxPv":6.45}
