{"generated":0,"consumed":1.7411011962890626,"exported":0,"imported":13.300000190734863,"discharged":1.600000023841858,"maxPv":0}
