{"generated":19.700000762939453,"consumed":6.80394873046875,"exported":9.100000381469727,"imported":0.10000000149011612,"discharged":3,"maxPv":8.668}
