{"generated":67.0999984741211,"consumed":18.84151171875,"exported":44.0999984741211,"imported":0.20000000298023224,"discharged":8.300000190734863,"maxPv":8.948}
