{"generated":5.099999904632568,"consumed":5.38669482421875,"exported":0,"imported":0,"discharged":3.799999952316284,"maxPv":3.936}
