{"generated":0,"consumed":31.05177734375,"exported":0,"imported":27.100000381469727,"discharged":2.799999952316284,"maxPv":0.044}
