{"generated":30.799999237060547,"consumed":16.531859375,"exported":7.599999904632568,"imported":0.20000000298023224,"discharged":3.700000047683716,"maxPv":12.592}
