{"generated":67.4000015258789,"consumed":16.2876162109375,"exported":44.0999984741211,"imported":0.20000000298023224,"discharged":12.100000381469727,"maxPv":9.026}
