{"generated":2.1999998092651367,"consumed":20.719302734375,"exported":0,"imported":15,"discharged":2.700000047683716,"maxPv":3.127}
