{"generated":0,"consumed":2.523739501953125,"exported":0,"imported":0.5,"discharged":1.600000023841858,"maxPv":0}
