{"generated":16.399999618530273,"consumed":24.09820703125,"exported":0.10000000149011612,"imported":31.399999618530273,"discharged":4.300000190734863,"maxPv":5.067}
