{"generated":16.69999885559082,"consumed":14.717169921875,"exported":0.10000000149011612,"imported":0.10000000149011612,"discharged":7.400000095367432,"maxPv":6.429}
