{"generated":46.80000305175781,"consumed":14.4835556640625,"exported":26.200000762939453,"imported":0.10000000149011612,"discharged":3.5999999046325684,"maxPv":8.831}
