{"generated":53.89999771118164,"consumed":11.2888759765625,"exported":37.0999984741211,"imported":0.10000000149011612,"discharged":3.299999952316284,"maxPv":8.777}
