{"generated":57,"consumed":36.47528125,"exported":0.10000000149011612,"imported":7.599999904632568,"discharged":8.899999618530273,"maxPv":8.56}
