{"generated":53.80000305175781,"consumed":12.542005859375,"exported":35.9000015258789,"imported":0.10000000149011612,"discharged":3.799999952316284,"maxPv":11.412}
