{"generated":0,"consumed":1.314698974609375,"exported":0,"imported":0.20000000298023224,"discharged":0.600000023841858,"maxPv":0}
