{"generated":0,"consumed":3.466513427734375,"exported":0,"imported":12,"discharged":3.200000047683716,"maxPv":0}
