{"generated":39.39999771118164,"consumed":29.3300859375,"exported":1.100000023841858,"imported":0.10000000149011612,"discharged":3,"maxPv":10.271}
