{"generated":53.9000015258789,"consumed":27.33899609375,"exported":20.600000381469727,"imported":0.300000011920929,"discharged":6.800000190734863,"maxPv":11.24}
