{"generated":6.5,"consumed":43.77218359375,"exported":0.10000000149011612,"imported":33.9000015258789,"discharged":3.799999952316284,"maxPv":5.89}
