{"generated":44.70000076293945,"consumed":39.500000953674316,"exported":0.20000000298023224}
