{"generated":26.5,"consumed":25.626216796875,"exported":0.20000000298023224,"imported":0.20000000298023224,"discharged":9.399999618530273,"maxPv":6.11}
