{"generated":0,"consumed":3.75293701171875,"exported":0,"imported":0.10000000149011612,"discharged":3,"maxPv":0.072}
