{"generated":22.700000762939453,"consumed":11.0712431640625,"exported":7.099999904632568,"imported":0.10000000149011612,"discharged":5.099999904632568,"maxPv":11.121}
