{"generated":12.5,"consumed":20.7628203125,"exported":0,"imported":30.899999618530273,"discharged":11.199999809265137,"maxPv":6.47}
