{"generated":40.20000076293945,"consumed":9.7022373046875,"exported":3.0999999046325684,"imported":0.10000000149011612,"discharged":4.699999809265137,"maxPv":10.482}
