{"generated":0,"consumed":2.577301513671875,"exported":0,"imported":0.20000000298023224,"discharged":1.7999999523162842,"maxPv":0}
