{"generated":12.699999809265137,"consumed":10.216529296875,"exported":0.10000000149011612,"imported":1.2999999523162842,"discharged":4.5,"maxPv":7.21}
