{"generated":2.5,"consumed":5.04365966796875,"exported":0,"imported":3.4000000953674316,"discharged":3.5,"maxPv":4.769}
