{"generated":21.19999885559082,"consumed":45.49516796875,"exported":0.10000000149011612,"imported":33.79999923706055,"discharged":2.9000000953674316,"maxPv":6.162}
