{"generated":0,"consumed":24.7317421875,"exported":0,"imported":20.700000762939453,"discharged":2.0999999046325684,"maxPv":0}
