{"generated":50.29999923706055,"consumed":9.37436328125,"exported":35.5999984741211,"imported":0.20000000298023224,"discharged":3.200000047683716,"maxPv":8.7}
