{"generated":65.7999954223633,"consumed":14.1999267578125,"exported":47.9000015258789,"imported":0.10000000149011612,"discharged":3.9000000953674316,"maxPv":9.102}
