{"generated":43.30000305175781,"consumed":39.08938671875,"exported":4.599999904632568,"imported":28.399999618530273,"discharged":2.200000047683716,"maxPv":7.72}
