{"generated":34,"consumed":24.870900390625,"exported":10.800000190734863,"imported":0.300000011920929,"discharged":16.700000762939453,"maxPv":8.197}
