{"generated":66.9000015258789,"consumed":15.7299697265625,"exported":44.29999923706055,"imported":0.10000000149011612,"discharged":5.5,"maxPv":8.684}
