{"generated":0,"consumed":2.928579833984375,"exported":0.10000000149011612,"imported":0.20000000298023224,"discharged":1.899999976158142,"maxPv":0}
