{"generated":18.700000762939453,"consumed":8.1661220703125,"exported":0.20000000298023224,"imported":13.300000190734863,"discharged":4.5,"maxPv":11.073}
