{"generated":19.200000762939453,"consumed":7.22441259765625,"exported":0.10000000149011612,"imported":3.700000047683716,"discharged":1.2000000476837158,"maxPv":7.043}
