{"generated":33.9000015258789,"consumed":25.13369140625,"exported":0.10000000149011612,"imported":34.9000015258789,"discharged":11,"maxPv":7.851}
