{"generated":29.599998474121094,"consumed":15.1876796875,"exported":0,"imported":0.10000000149011612,"discharged":6.400000095367432,"maxPv":7.089}
