{"generated":32.29999923706055,"consumed":12.726279296875,"exported":15.199999809265137,"imported":0.10000000149011612,"discharged":4.900000095367432,"maxPv":13.362}
