{"generated":20.30000114440918,"consumed":12.2051337890625,"exported":0.20000000298023224,"imported":2.700000047683716,"discharged":3.5999999046325684,"maxPv":6.411}
