{"generated":16.700000762939453,"consumed":14.7134013671875,"exported":0,"imported":0.20000000298023224,"discharged":9.699999809265137,"maxPv":9.212}
