{"generated":23.5,"consumed":8.50724609375,"exported":0,"imported":0.10000000149011612,"discharged":4.699999809265137,"maxPv":8.417}
