{"generated":0,"consumed":1.762279541015625,"exported":0,"imported":2.0999999046325684,"discharged":0,"maxPv":0}
