{"generated":20.200000762939453,"consumed":10.5872578125,"exported":0,"imported":4.599999904632568,"discharged":1.899999976158142,"maxPv":5.582}
