{"generated":22.799999237060547,"consumed":9.7698857421875,"exported":0,"imported":4.099999904632568,"discharged":4.099999904632568,"maxPv":6.867}
