{"generated":17.399999618530273,"consumed":31.95391015625,"exported":0.10000000149011612,"imported":31.399999618530273,"discharged":10.699999809265137,"maxPv":5.067}
