{"generated":0,"consumed":2.899582275390625,"exported":0,"imported":30.799999237060547,"discharged":0,"maxPv":0}
