{"generated":40.10000228881836,"consumed":51.4698515625,"exported":17.899999618530273,"imported":30.200000762939453,"discharged":9.800000190734863,"maxPv":7.008}
