{"generated":57.4000015258789,"consumed":14.81278125,"exported":36.29999923706055,"imported":0.10000000149011612,"discharged":4.5,"maxPv":10.891}
