{"generated":0,"consumed":2.176987060546875,"exported":0,"imported":0.10000000149011612,"discharged":2,"maxPv":0}
