{"generated":54.20000076293945,"consumed":16.1972626953125,"exported":30.600000381469727,"imported":0.10000000149011612,"discharged":4.5,"maxPv":8.577}
