{"generated":38.5,"consumed":9.7248544921875,"exported":23.200000762939453,"imported":0.10000000149011612,"discharged":3.5999999046325684,"maxPv":12.342}
