{"generated":43.799999713897705,"consumed":24.999999821186066,"exported":7.400000095367432}
