{"generated":58.30000305175781,"consumed":19.78224609375,"exported":33.79999923706055,"imported":0.20000000298023224,"discharged":7.199999809265137,"maxPv":11.188}
