{"generated":4.400000095367432,"consumed":13.0863515625,"exported":0,"imported":0.10000000149011612,"discharged":8.5,"maxPv":4.067}
