{"generated":0,"consumed":3.465856689453125,"exported":0,"imported":25.799999237060547,"discharged":1.7000000476837158,"maxPv":0}
