{"generated":48.30000305175781,"consumed":33.82600390625,"exported":0.10000000149011612,"imported":0.10000000149011612,"discharged":8.899999618530273,"maxPv":8.56}
