{"generated":12.899999618530273,"consumed":6.4002001953125,"exported":2.799999952316284,"imported":0.10000000149011612,"discharged":3.200000047683716,"maxPv":6.894}
