{"generated":2.8999998569488525,"consumed":5.756462890625,"exported":0,"imported":0.10000000149011612,"discharged":4.099999904632568,"maxPv":2.518}
