{"generated":0.10000000149011612,"consumed":3.934268798828125,"exported":0,"imported":0,"discharged":3.5999999046325684,"maxPv":0.675}
