{"generated":19.899999618530273,"consumed":11.8693486328125,"exported":0.10000000149011612,"imported":0.10000000149011612,"discharged":5.599999904632568,"maxPv":9.754}
