{"generated":19.5,"consumed":9.91599609375,"exported":5.5,"imported":0.10000000149011612,"discharged":4.300000190734863,"maxPv":9.931}
