{"generated":0,"consumed":1.9210032958984375,"exported":0,"imported":2.4000000953674316,"discharged":0,"maxPv":0}
