{"generated":49.69999694824219,"consumed":14.25852734375,"exported":32.0999984741211,"imported":0.10000000149011612,"discharged":5.300000190734863,"maxPv":13.023}
