{"generated":68.70000171661377,"consumed":14.2359873046875,"exported":46.79999923706055,"imported":0.10000000149011612,"discharged":9.600000381469727,"maxPv":9.179}
