{"generated":0,"consumed":4.1668828125,"exported":0,"imported":0.10000000149011612,"discharged":4.5,"maxPv":0}
