{"generated":66.9000015258789,"consumed":42.7211953125,"exported":19.899999618530273,"imported":0.20000000298023224,"discharged":5.900000095367432,"maxPv":10.557}
