{"generated":66.69999885559082,"consumed":24.4548203125,"exported":30.899999618530273,"imported":0.20000000298023224,"discharged":5,"maxPv":9.796}
