{"generated":52.39999866485596,"consumed":20.05332421875,"exported":7.599999904632568,"imported":0.10000000149011612,"discharged":9.100000381469727,"maxPv":12.265}
