{"generated":17.600000381469727,"consumed":12.2385078125,"exported":2.4000000953674316,"imported":0.300000011920929,"discharged":3.9000000953674316,"maxPv":5.604}
