{"generated":6.599999904632568,"consumed":5.60871826171875,"exported":0,"imported":19.799999237060547,"discharged":1.2999999523162842,"maxPv":4.16}
