{"generated":9,"consumed":14.5742529296875,"exported":0,"imported":0.10000000149011612,"discharged":9.699999809265137,"maxPv":7.844}
