{"generated":46.5,"consumed":11.7599970703125,"exported":29.100000381469727,"imported":0.300000011920929,"discharged":23.399999618530273,"maxPv":8.638}
