{"generated":1,"consumed":4.62672412109375,"exported":0,"imported":0.300000011920929,"discharged":3.9000000953674316,"maxPv":2.714}
