{"generated":4,"consumed":35.35605078125,"exported":0,"imported":36.4000015258789,"discharged":7.300000190734863,"maxPv":2.37}
