{"generated":13.899999618530273,"consumed":14.1072177734375,"exported":0.10000000149011612,"imported":0.10000000149011612,"discharged":8.300000190734863,"maxPv":7.09}
