{"generated":14.399999618530273,"consumed":19.641896484375,"exported":0.10000000149011612,"imported":5.400000095367432,"discharged":7.800000190734863,"maxPv":8.155}
