{"generated":17.100000381469727,"consumed":48.565234375,"exported":0.10000000149011612,"imported":59.79999923706055,"discharged":1.7999999523162842,"maxPv":5.41}
