{"generated":64.40000057220459,"consumed":63.69113671875,"exported":0.10000000149011612,"imported":2.9000000953674316,"discharged":31.899999618530273,"maxPv":9.478}
