{"generated":22.10000228881836,"consumed":8.936958984375,"exported":5.800000190734863,"imported":0.20000000298023224,"discharged":4.400000095367432,"maxPv":8.017}
