{"generated":23.700000762939453,"consumed":54.18882421875,"exported":0.699999988079071,"imported":59.79999923706055,"discharged":4.5,"maxPv":5.41}
