{"generated":24.600000381469727,"consumed":8.99701953125,"exported":7.699999809265137,"imported":0.20000000298023224,"discharged":4.300000190734863,"maxPv":8.753}
