{"generated":19.899999618530273,"consumed":12.4798193359375,"exported":0.10000000149011612,"imported":0.20000000298023224,"discharged":5.099999904632568,"maxPv":7.49}
