{"generated":36.20000076293945,"consumed":20.10231640625,"exported":0.20000000298023224,"imported":0.300000011920929,"discharged":5.199999809265137,"maxPv":7.018}
