{"generated":0.899999976158142,"consumed":5.26483447265625,"exported":0,"imported":0,"discharged":4.199999809265137,"maxPv":1.487}
