{"generated":0,"consumed":2.351731689453125,"exported":0,"imported":28.5,"discharged":1.600000023841858,"maxPv":0}
