{"generated":20.5,"consumed":10.246958984375,"exported":0.10000000149011612,"imported":0.10000000149011612,"discharged":5.400000095367432,"maxPv":5.216}
