{"generated":3.0999999940395355,"consumed":7.9072724609375,"exported":0,"imported":0,"discharged":5.199999809265137,"maxPv":3.21}
