{"generated":44.39999771118164,"consumed":9.9087783203125,"exported":29.600000381469727,"imported":0.10000000149011612,"discharged":3.299999952316284,"maxPv":7.833}
