{"generated":10.600000381469727,"consumed":8.5750205078125,"exported":0,"imported":0.10000000149011612,"discharged":3.799999952316284,"maxPv":6.091}
