{"generated":0,"consumed":4.64189990234375,"exported":0.10000000149011612,"imported":0.20000000298023224,"discharged":4.400000095367432,"maxPv":0}
