{"generated":0,"consumed":4.64740673828125,"exported":0,"imported":0,"discharged":5.099999904632568,"maxPv":0.065}
