{"generated":63.4000015258789,"consumed":27.9020546875,"exported":37.5,"imported":0.10000000149011612,"discharged":12.5,"maxPv":8.685}
