{"generated":27.600000381469727,"consumed":11.385017578125,"exported":11.600000381469727,"imported":0.10000000149011612,"discharged":4.900000095367432,"maxPv":13.362}
