{"generated":4.300000190734863,"consumed":5.7319521484375,"exported":0,"imported":3.4000000953674316,"discharged":3.5,"maxPv":5.702}
