{"generated":53.5,"consumed":25.450375,"exported":29.700000762939453,"imported":0.20000000298023224,"discharged":9.300000190734863,"maxPv":11.181}
