{"generated":6.599999904632568,"consumed":7.86630615234375,"exported":0,"imported":0.10000000149011612,"discharged":5.5,"maxPv":4.879}
