{"generated":57.29999923706055,"consumed":22.679322265625,"exported":27.700000762939453,"imported":0.20000000298023224,"discharged":3.9000000953674316,"maxPv":10.272}
