{"generated":29.799999237060547,"consumed":28.188439453125,"exported":0.10000000149011612,"imported":0.20000000298023224,"discharged":3.4000000953674316,"maxPv":8.574}
