{"generated":49.29999923706055,"consumed":39.49999952316284,"exported":0.10000000149011612}
