{"generated":53.39999771118164,"consumed":25.035029296875,"exported":27.299999237060547,"imported":4.699999809265137,"discharged":27.799999237060547,"maxPv":8.199}
