{"generated":26.80000114440918,"consumed":17.34240234375,"exported":4.099999904632568,"imported":0.10000000149011612,"discharged":7.599999904632568,"maxPv":6.233}
