{"generated":23.399999380111694,"consumed":9.6685576171875,"exported":6.800000190734863,"imported":0.10000000149011612,"discharged":5,"maxPv":8.281}
