{"generated":23.299999237060547,"consumed":9.444724609375,"exported":10.100000381469727,"imported":0.20000000298023224,"discharged":3.9000000953674316,"maxPv":12.118}
