{"generated":33.89999771118164,"consumed":26.9732109375,"exported":2.4000000953674316,"imported":0.20000000298023224,"discharged":14.899999618530273,"maxPv":8.777}
