{"generated":64.5999984741211,"consumed":13.9376982421875,"exported":45.0999984741211,"imported":0.10000000149011612,"discharged":3.799999952316284,"maxPv":11.412}
