{"generated":4.5,"consumed":6.07844775390625,"exported":0,"imported":5.5,"discharged":4.300000190734863,"maxPv":4.927}
