{"generated":25.69999885559082,"consumed":19.577994140625,"exported":0.10000000149011612,"imported":0.10000000149011612,"discharged":4.400000095367432,"maxPv":6.11}
