{"generated":9.800000190734863,"consumed":9.4148134765625,"exported":0.10000000149011612,"imported":0.10000000149011612,"discharged":5.599999904632568,"maxPv":7.09}
