{"generated":65,"consumed":26.153794921875,"exported":33.79999923706055,"imported":0.10000000149011612,"discharged":5.800000190734863,"maxPv":8.743}
