{"generated":0,"consumed":30.454890625,"exported":0,"imported":0.10000000149011612,"discharged":5.5,"maxPv":0.074}
