{"generated":58.79999923706055,"consumed":12.5814111328125,"exported":21,"imported":0.4000000059604645,"discharged":4.400000095367432,"maxPv":9.774}
