{"generated":59.79999542236328,"consumed":21.00264453125,"exported":32.20000076293945,"imported":0.4000000059604645,"discharged":25.600000381469727,"maxPv":8.662}
