{"generated":0.5,"consumed":5.06937744140625,"exported":0,"imported":0.20000000298023224,"discharged":3.700000047683716,"maxPv":1.449}
