{"generated":46.50000047683716,"consumed":17.600000001490116,"exported":21.700000762939453}
