{"generated":7,"consumed":9.1581220703125,"exported":0.10000000149011612,"imported":0.20000000298023224,"discharged":4.800000190734863,"maxPv":3.42}
