{"generated":15,"consumed":19.641181640625,"exported":0.10000000149011612,"imported":0.10000000149011612,"discharged":11.699999809265137,"maxPv":4.893}
