{"generated":6.299999713897705,"consumed":9.480513671875,"exported":0,"imported":0.10000000149011612,"discharged":5.699999809265137,"maxPv":11.708}
