{"generated":13.100000381469727,"consumed":8.3785625,"exported":0.20000000298023224,"imported":0.20000000298023224,"discharged":4.199999809265137,"maxPv":12.181}
