{"generated":66.3000030517578,"consumed":14.5691767578125,"exported":48.9000015258789,"imported":0.10000000149011612,"discharged":5.099999904632568,"maxPv":9.064}
