{"generated":23.700000762939453,"consumed":12.4514306640625,"exported":6.699999809265137,"imported":0.20000000298023224,"discharged":4.900000095367432,"maxPv":12.51}
