{"generated":56.4000015258789,"consumed":12.9472001953125,"exported":33.20000076293945,"imported":0.10000000149011612,"discharged":3.9000000953674316,"maxPv":9.785}
