{"generated":35.5,"consumed":11.6388173828125,"exported":20.799999237060547,"imported":0.10000000149011612,"discharged":3.299999952316284,"maxPv":12.013}
