{"generated":36,"consumed":72.3533046875,"exported":0.10000000149011612,"imported":32.79999923706055,"discharged":18.600000381469727,"maxPv":5.387}
