{"generated":0.300000011920929,"consumed":4.8102607421875,"exported":0,"imported":0.10000000149011612,"discharged":4.400000095367432,"maxPv":0.6}
