{"generated":65.5,"consumed":20.3897109375,"exported":41.79999923706055,"imported":0.10000000149011612,"discharged":8.399999618530273,"maxPv":10.95}
