{"generated":52.20000076293945,"consumed":36.14246484375,"exported":15.300000190734863,"imported":0.5,"discharged":12.600000381469727,"maxPv":13.022}
