{"generated":7,"consumed":6.231638671875,"exported":0,"imported":0.10000000149011612,"discharged":3.299999952316284,"maxPv":5.569}
