{"generated":49,"consumed":18.099999524652958,"exported":23.700000762939453}
