{"generated":0.300000011920929,"consumed":5.92073828125,"exported":0,"imported":0.10000000149011612,"discharged":5.400000095367432,"maxPv":0.236}
