{"generated":64.5999984741211,"consumed":35.33775,"exported":27.399999618530273,"imported":0.10000000149011612,"discharged":8.199999809265137,"maxPv":9.635}
