{"generated":42.70000123977661,"consumed":38.80000124126673,"exported":0.10000000149011612}
