{"generated":54.20000076293945,"consumed":18.960150390625,"exported":28.700000762939453,"imported":0.10000000149011612,"discharged":6,"maxPv":9.96}
