{"generated":0.20000000298023224,"consumed":4.67898779296875,"exported":0,"imported":0,"discharged":4.300000190734863,"maxPv":1.744}
