{"generated":14.699999809265137,"consumed":16.343658203125,"exported":0.10000000149011612,"imported":0.10000000149011612,"discharged":10.5,"maxPv":6.492}
