{"generated":5.600000381469727,"consumed":7.98920947265625,"exported":0.10000000149011612,"imported":0.10000000149011612,"discharged":4.699999809265137,"maxPv":6.339}
