{"generated":9.899999618530273,"consumed":44.3964140625,"exported":0.10000000149011612,"imported":33.9000015258789,"discharged":3.799999952316284,"maxPv":6.163}
