{"generated":39.69999694824219,"consumed":14.2395869140625,"exported":13.600000381469727,"imported":3.799999952316284,"discharged":14.899999618530273,"maxPv":12.049}
