{"generated":66.5,"consumed":18.131052734375,"exported":45.79999923706055,"imported":0.10000000149011612,"discharged":6.699999809265137,"maxPv":11.412}
