{"generated":0,"consumed":17.870759765625,"exported":0,"imported":16.100000381469727,"discharged":0.10000000149011612,"maxPv":0}
