{"generated":0,"consumed":3.924725830078125,"exported":0,"imported":0.10000000149011612,"discharged":3.700000047683716,"maxPv":0.069}
