{"generated":0.7999999895691872,"consumed":7.199999988079071,"exported":0}
