{"generated":19.799999237060547,"consumed":10.557548828125,"exported":4.5,"imported":0.20000000298023224,"discharged":4.699999809265137,"maxPv":12.51}
