{"generated":5.5,"consumed":6.2013896484375,"exported":0,"imported":0.20000000298023224,"discharged":3.5999999046325684,"maxPv":4.194}
