{"generated":12.200000047683716,"consumed":20.299999095499516,"exported":0,"imported":0.10000000149011612,"discharged":16.799999237060547,"maxPv":8.313}
