{"generated":52.69999980926514,"consumed":17.29263671875,"exported":28.200000762939453,"imported":0.10000000149011612,"discharged":5.599999904632568,"maxPv":9.96}
