{"generated":49.19999694824219,"consumed":10.499107421875,"exported":34,"imported":0.10000000149011612,"discharged":3.4000000953674316,"maxPv":8.312}
