{"generated":48.5999984741211,"consumed":27.42875390625,"exported":21.5,"imported":4.599999904632568,"discharged":26,"maxPv":8.389}
