{"generated":58.29999923706055,"consumed":15.77982421875,"exported":39.70000076293945,"imported":0.10000000149011612,"discharged":5.5,"maxPv":8.796}
