{"generated":0,"consumed":0.5723961181640626,"exported":0,"imported":0.300000011920929,"discharged":0.5,"maxPv":0}
