{"generated":11.100000381469727,"consumed":7.82654833984375,"exported":0.10000000149011612,"imported":0,"discharged":4.800000190734863,"maxPv":7.412}
