{"generated":50.5999984741211,"consumed":15.362712890625,"exported":29.399999618530273,"imported":0.20000000298023224,"discharged":3.4000000953674316,"maxPv":12.276}
