{"generated":49.69999694824219,"consumed":0.6549324340820313,"exported":32.0999984741211,"imported":0.10000000149011612,"discharged":7.099999904632568,"maxPv":0}
