{"generated":0.7000000476837158,"consumed":5.5740078125,"exported":0,"imported":0.20000000298023224,"discharged":4.800000190734863,"maxPv":2.001}
