{"generated":16.399999856948853,"consumed":8.299999810755253,"exported":1.7000000476837158}
