{"generated":12.699999809265137,"consumed":45.01883203125,"exported":0.10000000149011612,"imported":33.9000015258789,"discharged":3.799999952316284,"maxPv":6.163}
