{"generated":10.399999618530273,"consumed":16.999015625,"exported":0,"imported":3.9000000953674316,"discharged":5.5,"maxPv":11.543}
