{"generated":0.20000000298023224,"consumed":5.0619169921875,"exported":0,"imported":2.5,"discharged":3.0999999046325684,"maxPv":0.859}
