{"generated":0,"consumed":1.903153076171875,"exported":0,"imported":0.20000000298023224,"discharged":1.2000000476837158,"maxPv":0}
