{"generated":3.200000047683716,"consumed":9.0404091796875,"exported":0,"imported":7.699999809265137,"discharged":4.400000095367432,"maxPv":3.021}
