{"generated":22.399999618530273,"consumed":6.18851953125,"exported":13,"imported":0,"discharged":3,"maxPv":10.789}
