{"generated":45.80000114440918,"consumed":44.900001153349876,"exported":0.20000000298023224}
