{"generated":8.700000762939453,"consumed":20.890595703125,"exported":0,"imported":11.300000190734863,"discharged":3.0999999046325684,"maxPv":4.571}
