{"generated":19.80000114440918,"consumed":17.873498046875,"exported":0.10000000149011612,"imported":3.200000047683716,"discharged":8.800000190734863,"maxPv":4.77}
