{"generated":0.20000000298023224,"consumed":4.60887353515625,"exported":0,"imported":0.300000011920929,"discharged":4.199999809265137,"maxPv":0.335}
