{"generated":8.299999237060547,"consumed":5.06139306640625,"exported":0.10000000149011612,"imported":0.10000000149011612,"discharged":3.200000047683716,"maxPv":8.535}
