{"generated":32.29999923706055,"consumed":10.8200458984375,"exported":1.600000023841858,"imported":0.20000000298023224,"discharged":4.300000190734863,"maxPv":8.987}
