{"generated":8.59999942779541,"consumed":7.38525244140625,"exported":0,"imported":0,"discharged":4.5,"maxPv":4.814}
