{"generated":0.300000011920929,"consumed":5.20572412109375,"exported":0,"imported":13.300000190734863,"discharged":4.5,"maxPv":0.721}
