{"generated":0.600000023841858,"consumed":4.9739326171875,"exported":0,"imported":0,"discharged":4.199999809265137,"maxPv":3.918}
