{"generated":2.3999998569488525,"consumed":6.501029296875,"exported":0,"imported":0.10000000149011612,"discharged":5.400000095367432,"maxPv":2.195}
