{"generated":18.600000381469727,"consumed":37.03033984375,"exported":0.10000000149011612,"imported":25.5,"discharged":5.099999904632568,"maxPv":6.018}
