{"generated":0.4000000059604645,"consumed":6.6562314453125,"exported":0,"imported":0.10000000149011612,"discharged":5.599999904632568,"maxPv":1.041}
