{"generated":7.000000476837158,"consumed":34.11223828125,"exported":0.300000011920929,"imported":59.9000015258789,"discharged":3.799999952316284,"maxPv":4.742}
