{"generated":0,"consumed":6.17566259765625,"exported":0,"imported":25.299999237060547,"discharged":0,"maxPv":0}
