{"generated":43.29999923706055,"consumed":28.65621875,"exported":12.600000381469727,"imported":0.20000000298023224,"discharged":16.600000381469727,"maxPv":7.264}
