{"generated":27.899999618530273,"consumed":8.7274638671875,"exported":4.300000190734863,"imported":0.20000000298023224,"discharged":3.299999952316284,"maxPv":8.265}
