{"generated":63,"consumed":26.480380859375,"exported":26.899999618530273,"imported":0.10000000149011612,"discharged":4.400000095367432,"maxPv":9.124}
