{"generated":63.5999984741211,"consumed":16.1282353515625,"exported":39.79999923706055,"imported":0.20000000298023224,"discharged":10.899999618530273,"maxPv":9.313}
