{"generated":14.600000381469727,"consumed":14.4746767578125,"exported":0,"imported":6.5,"discharged":2.299999952316284,"maxPv":5.729}
