{"generated":29.899999618530273,"consumed":12.8200830078125,"exported":12.800000190734863,"imported":0,"discharged":4.900000095367432,"maxPv":11.674}
