{"generated":38.79999923706055,"consumed":13.669607421875,"exported":20.100000381469727,"imported":0.20000000298023224,"discharged":4,"maxPv":13.248}
