{"generated":0,"consumed":2.380315673828125,"exported":0,"imported":0.4000000059604645,"discharged":1.600000023841858,"maxPv":0}
