{"generated":12.5,"consumed":19.0020625,"exported":0,"imported":22.899999618530273,"discharged":11.199999809265137,"maxPv":6.47}
