{"generated":2.5,"consumed":5.4453603515625,"exported":0.10000000149011612,"imported":0.10000000149011612,"discharged":4.300000190734863,"maxPv":2.849}
