{"generated":0.20000000298023224,"consumed":5.700000002980232,"exported":0}
