{"generated":3.6999998092651367,"consumed":26.283390625,"exported":0,"imported":25.200000762939453,"discharged":0,"maxPv":4.462}
