{"generated":39.9000015258789,"consumed":28.730203125,"exported":9.300000190734863,"imported":0.20000000298023224,"discharged":5,"maxPv":12.563}
