{"generated":39.20000076293945,"consumed":10.834705078125,"exported":23,"imported":0.10000000149011612,"discharged":3.9000000953674316,"maxPv":7.326}
