{"generated":9.199999809265137,"consumed":7.3674345703125,"exported":0,"imported":0.20000000298023224,"discharged":4.099999904632568,"maxPv":6.919}
