{"generated":0,"consumed":2.59949267578125,"exported":0,"imported":0,"discharged":2.4000000953674316,"maxPv":0}
