{"generated":2.900000050663948,"consumed":36.39700390625,"exported":0,"imported":2.700000047683716,"discharged":31.399999618530273,"maxPv":3.919}
