{"generated":0.7000000104308128,"consumed":8.39999981969595,"exported":0}
