{"generated":40.70000457763672,"consumed":64.565953125,"exported":18.799999237060547,"imported":46,"discharged":2.5,"maxPv":7.14}
