{"generated":0.5,"consumed":5.00467578125,"exported":0,"imported":28.5,"discharged":3.700000047683716,"maxPv":1.833}
