{"generated":0,"consumed":5.043103515625,"exported":0,"imported":5.699999809265137,"discharged":4.400000095367432,"maxPv":0}
