{"generated":39.9000015258789,"consumed":0.6524879150390624,"exported":9.300000190734863,"imported":0.20000000298023224,"discharged":11,"maxPv":0}
