{"generated":0,"consumed":2.318191650390625,"exported":0,"imported":13.300000190734863,"discharged":2.0999999046325684,"maxPv":0}
