{"generated":0,"consumed":4.64130029296875,"exported":0,"imported":13.300000190734863,"discharged":4.300000190734863,"maxPv":0.117}
