{"generated":10.399999618530273,"consumed":8.524541015625,"exported":0,"imported":0.10000000149011612,"discharged":3.799999952316284,"maxPv":10.573}
