{"generated":11.100000381469727,"consumed":8.2508544921875,"exported":0.10000000149011612,"imported":0.10000000149011612,"discharged":4.5,"maxPv":5.079}
