{"generated":2.600000061094761,"consumed":6.91388916015625,"exported":0,"imported":0,"discharged":5.099999904632568,"maxPv":3.669}
