{"generated":39.70000076293945,"consumed":8.8923447265625,"exported":25.799999237060547,"imported":0.10000000149011612,"discharged":3.5,"maxPv":9.267}
