{"generated":0,"consumed":2.0404183349609375,"exported":0,"imported":15.600000381469727,"discharged":1.2000000476837158,"maxPv":0}
