{"generated":54.69999885559082,"consumed":31.69999799877405,"exported":17.200000762939453}
