{"generated":23.899999618530273,"consumed":7.87230810546875,"exported":11.899999618530273,"imported":0.10000000149011612,"discharged":3.4000000953674316,"maxPv":8.019}
