{"generated":37.5999984741211,"consumed":11.6931767578125,"exported":22.100000381469727,"imported":0.10000000149011612,"discharged":3.9000000953674316,"maxPv":10.603}
