{"generated":5.399999916553497,"consumed":7.800000108778477,"exported":0,"imported":0.10000000149011612,"discharged":5.400000095367432,"maxPv":6.036}
