{"generated":62.5,"consumed":23.420677734375,"exported":29.100000381469727,"imported":0.20000000298023224,"discharged":3.0999999046325684,"maxPv":10.905}
