{"generated":53.80000305175781,"consumed":10.7091640625,"exported":17.5,"imported":0.10000000149011612,"discharged":4.300000190734863,"maxPv":9.774}
