{"generated":0,"consumed":2.916350830078125,"exported":0,"imported":12,"discharged":2.799999952316284,"maxPv":0}
