{"generated":0,"consumed":21.436216796875,"exported":0,"imported":23.200000762939453,"discharged":0,"maxPv":0}
