{"generated":46.30000305175781,"consumed":18.7745546875,"exported":24.100000381469727,"imported":0.20000000298023224,"discharged":7.400000095367432,"maxPv":13.502}
