{"generated":1.7000000476837158,"consumed":7.54795703125,"exported":0,"imported":1.600000023841858,"discharged":5.5,"maxPv":2.573}
