{"generated":54.29999923706055,"consumed":12.9434970703125,"exported":36.70000076293945,"imported":0.10000000149011612,"discharged":3.299999952316284,"maxPv":11.679}
