{"generated":20,"consumed":13.8046015625,"exported":0,"imported":0.10000000149011612,"discharged":7.599999904632568,"maxPv":0}
