{"generated":56.69999694824219,"consumed":12.8394384765625,"exported":39.4000015258789,"imported":0.10000000149011612,"discharged":3.9000000953674316,"maxPv":8.593}
