{"generated":18.600000381469727,"consumed":40.54612109375,"exported":0.10000000149011612,"imported":25.5,"discharged":8.5,"maxPv":6.018}
