{"generated":18.5,"consumed":12.3486923828125,"exported":0.10000000149011612,"imported":0.10000000149011612,"discharged":5.5,"maxPv":10.422}
