{"generated":42,"consumed":29.699999526143074,"exported":2.4000000953674316}
