{"generated":28,"consumed":11.6391875,"exported":11.300000190734863,"imported":0.10000000149011612,"discharged":3.799999952316284,"maxPv":14.077}
