{"generated":57.599998474121094,"consumed":18.39999771118164,"exported":37.20000076293945}
