{"generated":0,"consumed":5.412154296875,"exported":0,"imported":0,"discharged":5.900000095367432,"maxPv":0.043}
