{"generated":5.099999904632568,"consumed":53.776328125,"exported":0,"imported":46,"discharged":2,"maxPv":4.345}
