{"generated":40.20000076293945,"consumed":41.94200390625,"exported":0.20000000298023224,"imported":0.4000000059604645,"discharged":6.300000190734863,"maxPv":10.832}
