{"generated":38.9000015258789,"consumed":4.966568359375,"exported":20,"imported":0.10000000149011612,"discharged":6.199999809265137,"maxPv":9.025}
