{"generated":0,"consumed":3.016344970703125,"exported":0,"imported":3.299999952316284,"discharged":0,"maxPv":0}
