{"generated":44.90000057220459,"consumed":27.40000019222498,"exported":8,"imported":0.10000000149011612,"discharged":17.299999237060547,"maxPv":10.548}
