{"generated":0,"consumed":3.365012939453125,"exported":0,"imported":19.799999237060547,"discharged":1.2999999523162842,"maxPv":0}
