{"generated":8.799999952316284,"consumed":10.700000144541264,"exported":0}
