{"generated":12.40000057220459,"consumed":8.59472265625,"exported":0,"imported":4.599999904632568,"discharged":0,"maxPv":9.789}
