{"generated":1.8000000715255737,"consumed":5.4442734375,"exported":0,"imported":3.200000047683716,"discharged":4.199999809265137,"maxPv":4.96}
