{"generated":64.6999969482422,"consumed":19.44190625,"exported":40.79999923706055,"imported":0.10000000149011612,"discharged":8,"maxPv":8.432}
