{"generated":0,"consumed":3.55848193359375,"exported":0,"imported":0,"discharged":2.700000047683716,"maxPv":0}
