{"generated":1.7000000476837158,"consumed":5.96837060546875,"exported":0,"imported":0,"discharged":4.599999904632568,"maxPv":2.331}
