{"generated":48.39999961853027,"consumed":28.49999962002039,"exported":16.799999237060547}
