{"generated":8.100000381469727,"consumed":51.39566796875,"exported":2.0999999046325684,"imported":79.0999984741211,"discharged":2.9000000953674316,"maxPv":3.927}
