{"generated":24.400001525878906,"consumed":7.460298828125,"exported":0.10000000149011612,"imported":0.699999988079071,"discharged":3.9000000953674316,"maxPv":7.889}
