{"generated":6.900000095367432,"consumed":6.18890576171875,"exported":0.10000000149011612,"imported":0.10000000149011612,"discharged":3.700000047683716,"maxPv":8.941}
