{"generated":2.1999999582767487,"consumed":7.599999852478504,"exported":0}
