{"generated":22.900001525878906,"consumed":11.23180859375,"exported":0.10000000149011612,"imported":4.599999904632568,"discharged":0.10000000149011612,"maxPv":9.789}
