{"generated":1.8000000417232513,"consumed":7.299999922513962,"exported":0,"imported":0,"discharged":6.099999904632568,"maxPv":2.495}
