{"generated":24,"consumed":8.5030283203125,"exported":9.300000190734863,"imported":0.20000000298023224,"discharged":3.700000047683716,"maxPv":11.409}
