{"generated":0,"consumed":1.7270673828125,"exported":0,"imported":12,"discharged":1.600000023841858,"maxPv":0}
