{"generated":61,"consumed":56.94970703125,"exported":0.20000000298023224,"imported":0.10000000149011612,"discharged":8.100000381469727,"maxPv":8.558}
