{"generated":1.399999976158142,"consumed":4.41068408203125,"exported":0,"imported":0.10000000149011612,"discharged":3.5,"maxPv":2.594}
