{"generated":54.69999694824219,"consumed":10.8992314453125,"exported":18,"imported":0.10000000149011612,"discharged":4.5,"maxPv":8.734}
