{"generated":14.299999237060547,"consumed":11.47011328125,"exported":0.10000000149011612,"imported":5.900000095367432,"discharged":0.600000023841858,"maxPv":8.719}
