{"generated":27.799999237060547,"consumed":9.5853740234375,"exported":12.600000381469727,"imported":0.10000000149011612,"discharged":4.599999904632568,"maxPv":8.918}
