{"generated":1.4000000953674316,"consumed":8.205521484375,"exported":0,"imported":0,"discharged":6.099999904632568,"maxPv":1.828}
