{"generated":46.79999923706055,"consumed":11.2495048828125,"exported":31.299999237060547,"imported":0.10000000149011612,"discharged":3.799999952316284,"maxPv":7.388}
