{"generated":8.499999821186066,"consumed":35.13562890625,"exported":0,"imported":0,"discharged":5.199999809265137,"maxPv":6.749}
