{"generated":9.799999237060547,"consumed":7.06073974609375,"exported":0,"imported":0.10000000149011612,"discharged":3.799999952316284,"maxPv":5.926}
