{"generated":48.5,"consumed":11.555390625,"exported":28.299999237060547,"imported":0.10000000149011612,"discharged":3.299999952316284,"maxPv":10}
