{"generated":0.600000023841858,"consumed":3.608283935546875,"exported":0,"imported":0,"discharged":3,"maxPv":1.816}
