{"generated":41.29999923706055,"consumed":10.106619140625,"exported":0.10000000149011612,"imported":19.799999237060547,"discharged":1.5,"maxPv":8.324}
