{"generated":65.9000015258789,"consumed":29.27225,"exported":28.299999237060547,"imported":0.20000000298023224,"discharged":4,"maxPv":8.952}
