{"generated":32.0999984741211,"consumed":9.9047568359375,"exported":1.100000023841858,"imported":3.299999952316284,"discharged":4.199999809265137,"maxPv":11.187}
