{"generated":23.80000066757202,"consumed":20.80000114440918,"exported":0.10000000149011612}
