{"generated":32.4000015258789,"consumed":25.29577734375,"exported":13.600000381469727,"imported":18.100000381469727,"discharged":22.399999618530273,"maxPv":0.118}
