{"generated":67.29999923706055,"consumed":15.245833984375,"exported":44.0999984741211,"imported":0.20000000298023224,"discharged":12.100000381469727,"maxPv":9.026}
