{"generated":44.50000047683716,"consumed":25.100000001490116,"exported":12.100000381469727}
