{"generated":9.600000381469727,"consumed":31.658591796875,"exported":0,"imported":17.799999237060547,"discharged":5.800000190734863,"maxPv":6.564}
