{"generated":53.5,"consumed":0.6753800048828125,"exported":29.700000762939453,"imported":0.10000000149011612,"discharged":11.699999809265137,"maxPv":0}
