{"generated":51.5,"consumed":56.69999971240759,"exported":0.10000000149011612,"imported":3.9000000953674316,"discharged":30.600000381469727,"maxPv":9.057}
