{"generated":11,"consumed":17.50301953125,"exported":0.10000000149011612,"imported":6.900000095367432,"discharged":10.399999618530273,"maxPv":6.596}
