{"generated":3,"consumed":7.011865234375,"exported":0,"imported":0.5,"discharged":4.300000190734863,"maxPv":5.599}
