{"generated":3.5999999046325684,"consumed":6.0189912109375,"exported":0,"imported":0.20000000298023224,"discharged":4.199999809265137,"maxPv":3.747}
