{"generated":0,"consumed":1.3450455322265624,"exported":0,"imported":0,"discharged":1.2000000476837158,"maxPv":0}
