{"generated":52.89999771118164,"consumed":19.471697265625,"exported":29.700000762939453,"imported":0.20000000298023224,"discharged":4.099999904632568,"maxPv":11.181}
