{"generated":3.5999999046325684,"consumed":4.66781640625,"exported":0.10000000149011612,"imported":0.300000011920929,"discharged":2.799999952316284,"maxPv":3.875}
