{"generated":2.9999999403953552,"consumed":8.4795849609375,"exported":0,"imported":0,"discharged":5.800000190734863,"maxPv":2.498}
