{"generated":24.599998474121094,"consumed":23.4304140625,"exported":0.10000000149011612,"imported":0.300000011920929,"discharged":17.200000762939453,"maxPv":5.41}
