{"generated":13.899999618530273,"consumed":47.51356640625,"exported":4.5,"imported":38,"discharged":2.200000047683716,"maxPv":4.457}
