{"generated":42.79999923706055,"consumed":13.420373046875,"exported":25.5,"imported":0.20000000298023224,"discharged":4.900000095367432,"maxPv":7.181}
