{"generated":27.5,"consumed":16.3585302734375,"exported":10.100000381469727,"imported":0.10000000149011612,"discharged":8.100000381469727,"maxPv":11.121}
