{"generated":16.59999966621399,"consumed":19.299999952316284,"exported":0.10000000149011612}
