{"generated":48.5999984741211,"consumed":14.046609375,"exported":27.799999237060547,"imported":0.10000000149011612,"discharged":5.400000095367432,"maxPv":12.477}
