{"generated":8.000000238418579,"consumed":7.800000429153442,"exported":0}
