{"generated":49.79999923706055,"consumed":15.1671533203125,"exported":23.399999618530273,"imported":0.20000000298023224,"discharged":4.199999809265137,"maxPv":12.665}
