{"generated":18.799999237060547,"consumed":12.438748046875,"exported":0.10000000149011612,"imported":0.10000000149011612,"discharged":5.199999809265137,"maxPv":5.554}
