{"generated":4.400000095367432,"consumed":17.815734375,"exported":0,"imported":0.10000000149011612,"discharged":13,"maxPv":4.067}
