{"generated":3.5999999046325684,"consumed":6.6239384765625,"exported":0.10000000149011612,"imported":0.10000000149011612,"discharged":4.5,"maxPv":2.676}
