{"generated":63.29999732971192,"consumed":47.196,"exported":1.100000023841858,"imported":0.10000000149011612,"discharged":20.5,"maxPv":9.039}
