{"generated":36.9000015258789,"consumed":21.93768359375,"exported":6.800000190734863,"imported":0.300000011920929,"discharged":4.699999809265137,"maxPv":11.24}
