{"generated":1.5000001192092896,"consumed":5.2076962890625,"exported":0,"imported":0.20000000298023224,"discharged":3.4000000953674316,"maxPv":2.997}
