{"generated":12.59999942779541,"consumed":11.24487109375,"exported":0,"imported":0.4000000059604645,"discharged":4.699999809265137,"maxPv":7.797}
