{"generated":50.000000953674316,"consumed":22.10000190883875,"exported":20.799999237060547}
