{"generated":63.89999771118164,"consumed":53.02062109375,"exported":11.600000381469727,"imported":0.20000000298023224,"discharged":10.100000381469727,"maxPv":8.443}
