{"generated":0,"consumed":37.958015625,"exported":0,"imported":37.20000076293945,"discharged":2.5999999046325684,"maxPv":0}
