{"generated":16.899999618530273,"consumed":14.5101337890625,"exported":0,"imported":0.10000000149011612,"discharged":8.199999809265137,"maxPv":5.904}
