{"generated":27.400001525878906,"consumed":17.447859375,"exported":8,"imported":0.20000000298023224,"discharged":5,"maxPv":11.961}
