{"generated":0,"consumed":4.7351728515625,"exported":0,"imported":0,"discharged":4.300000190734863,"maxPv":0.056}
