{"generated":2.299999952316284,"consumed":8.04505078125,"exported":0,"imported":0,"discharged":6.699999809265137,"maxPv":4.115}
