{"generated":18.100000381469727,"consumed":11.7424619140625,"exported":0.10000000149011612,"imported":3.200000047683716,"discharged":4.5,"maxPv":4.77}
