{"generated":0.40000001341104513,"consumed":38.400000371038914,"exported":0,"imported":24.200000762939453,"discharged":14.899999618530273,"maxPv":0.935}
