{"generated":20.900001525878906,"consumed":23.6861640625,"exported":0.10000000149011612,"imported":12.300000190734863,"discharged":5.199999809265137,"maxPv":5.063}
