{"generated":9.699999809265137,"consumed":8.1139599609375,"exported":0,"imported":0,"discharged":5.900000095367432,"maxPv":5.009}
