{"generated":25.100000381469727,"consumed":55.58798046875,"exported":1,"imported":33.79999923706055,"discharged":10.600000381469727,"maxPv":6.162}
