{"generated":23.700000762939453,"consumed":45.37127734375,"exported":0.10000000149011612,"imported":26.200000762939453,"discharged":6.199999809265137,"maxPv":5.453}
