{"generated":0,"consumed":2.544719482421875,"exported":0,"imported":0,"discharged":2.4000000953674316,"maxPv":0}
