{"generated":0,"consumed":2.4478095703125,"exported":0,"imported":0,"discharged":2.200000047683716,"maxPv":0}
