{"generated":27.5,"consumed":17.72883984375,"exported":6.900000095367432,"imported":0.20000000298023224,"discharged":5.900000095367432,"maxPv":12.51}
