{"generated":9.09999942779541,"consumed":7.21004833984375,"exported":0,"imported":0.10000000149011612,"discharged":4.599999904632568,"maxPv":5.533}
