{"generated":5.3000001311302185,"consumed":8.500000037252903,"exported":0,"imported":0.10000000149011612,"discharged":6.099999904632568,"maxPv":7.141}
