{"generated":38.20000076293945,"consumed":14.4549775390625,"exported":1.899999976158142,"imported":4.099999904632568,"discharged":5.300000190734863,"maxPv":6.867}
