{"generated":23.600000381469727,"consumed":7.59197900390625,"exported":11.5,"imported":0.10000000149011612,"discharged":3.5,"maxPv":8.373}
