{"generated":34.5,"consumed":39.67103125,"exported":16.5,"imported":30.200000762939453,"discharged":2.799999952316284,"maxPv":7.008}
