{"generated":3.799999952316284,"consumed":9.773814453125,"exported":0,"imported":7.5,"discharged":6,"maxPv":2.91}
