{"generated":0,"consumed":3.42016796875,"exported":0,"imported":0.300000011920929,"discharged":3.200000047683716,"maxPv":0}
