{"generated":2.700000047683716,"consumed":4.1309580078125,"exported":0,"imported":0,"discharged":3,"maxPv":4.913}
