{"generated":57.5,"consumed":47.9387734375,"exported":3.200000047683716,"imported":2.700000047683716,"discharged":30,"maxPv":10.877}
