{"generated":1.899999976158142,"consumed":4.65556005859375,"exported":0,"imported":0,"discharged":3.700000047683716,"maxPv":2.937}
