{"generated":36.20000076293945,"consumed":0.06243610763549805,"exported":0.20000000298023224,"imported":0.300000011920929,"discharged":10,"maxPv":0}
