{"generated":42.4000015258789,"consumed":30.85898828125,"exported":0.10000000149011612,"imported":4.5,"discharged":4.900000095367432,"maxPv":7.395}
