{"generated":19.50000023841858,"consumed":11.90000033378601,"exported":0.10000000149011612}
