{"generated":43.10000228881836,"consumed":32.891390625,"exported":18.299999237060547,"imported":0.10000000149011612,"discharged":16.200000762939453,"maxPv":7.368}
