{"generated":50.799999713897705,"consumed":28.099999524652958,"exported":15.100000381469727}
