{"generated":54.5,"consumed":13.58003515625,"exported":31.600000381469727,"imported":0.10000000149011612,"discharged":3.4000000953674316,"maxPv":8.699}
