{"generated":1.6000001430511475,"consumed":6.13715576171875,"exported":0,"imported":0,"discharged":4.599999904632568,"maxPv":2.294}
