{"generated":27,"consumed":11.8821875,"exported":7.900000095367432,"imported":0.10000000149011612,"discharged":5.199999809265137,"maxPv":6.156}
