{"generated":5.199999809265137,"consumed":7.2389013671875,"exported":0,"imported":0,"discharged":4.800000190734863,"maxPv":5.596}
