{"generated":51.69999694824219,"consumed":10.4584091796875,"exported":16.399999618530273,"imported":0.300000011920929,"discharged":3.700000047683716,"maxPv":9.123}
