{"generated":32.299999713897705,"consumed":10.500000096857548,"exported":15.399999618530273}
