{"generated":45.70000076293945,"consumed":13.7123857421875,"exported":32.29999923706055,"imported":12,"discharged":30.200000762939453,"maxPv":10.752}
