{"generated":6.099999904632568,"consumed":7.87924365234375,"exported":0,"imported":5.599999904632568,"discharged":0.600000023841858,"maxPv":2.439}
