{"generated":41.000000953674316,"consumed":42.300001725554466,"exported":0.20000000298023224}
