{"generated":0,"consumed":4.3672646484375,"exported":0,"imported":0.20000000298023224,"discharged":3.4000000953674316,"maxPv":0.196}
