{"generated":52.79999923706055,"consumed":16.985890625,"exported":30.5,"imported":0.20000000298023224,"discharged":6.699999809265137,"maxPv":13.221}
