{"generated":59.29999923706055,"consumed":14.2187724609375,"exported":38.9000015258789,"imported":0.4000000059604645,"discharged":24.200000762939453,"maxPv":8.714}
