{"generated":14.399999618530273,"consumed":19.15940234375,"exported":0.10000000149011612,"imported":5.900000095367432,"discharged":7.699999809265137,"maxPv":8.719}
