{"generated":0,"consumed":32.208291015625,"exported":0,"imported":28.700000762939453,"discharged":0.600000023841858,"maxPv":0}
