{"generated":60.80000114440918,"consumed":46.14365625,"exported":6.599999904632568,"imported":0.20000000298023224,"discharged":5.099999904632568,"maxPv":9.261}
