{"generated":7.300000190734863,"consumed":7.48617333984375,"exported":0,"imported":0.10000000149011612,"discharged":3.9000000953674316,"maxPv":7.44}
