{"generated":0,"consumed":29.486626953125,"exported":0,"imported":0.10000000149011612,"discharged":4.599999904632568,"maxPv":0}
