{"generated":33.29999923706055,"consumed":14.52613671875,"exported":10.399999618530273,"imported":9.600000381469727,"discharged":15.199999809265137,"maxPv":13.091}
