{"generated":61.4000015258789,"consumed":13.6454169921875,"exported":39.20000076293945,"imported":0.20000000298023224,"discharged":4.300000190734863,"maxPv":8.787}
