{"generated":42,"consumed":14.208431640625,"exported":22,"imported":0.10000000149011612,"discharged":6.199999809265137,"maxPv":7.146}
