{"generated":64.9000015258789,"consumed":23.448384765625,"exported":33.79999923706055,"imported":0.10000000149011612,"discharged":3.4000000953674316,"maxPv":8.743}
