{"generated":66.3000030517578,"consumed":12.8987744140625,"exported":48.9000015258789,"imported":0.10000000149011612,"discharged":3.5999999046325684,"maxPv":9.064}
