{"generated":36,"consumed":67.3228671875,"exported":0.10000000149011612,"imported":32.70000076293945,"discharged":13.800000190734863,"maxPv":5.387}
