{"generated":0,"consumed":3.788979736328125,"exported":0,"imported":4.699999809265137,"discharged":0.5,"maxPv":0}
