{"generated":22.299999713897705,"consumed":15.899999715387821,"exported":0}
