{"generated":48.60000228881836,"consumed":16.663841796875,"exported":18.5,"imported":3.4000000953674316,"discharged":16.700000762939453,"maxPv":8.542}
