{"generated":21.899999618530273,"consumed":8.438115234375,"exported":8.800000190734863,"imported":0.10000000149011612,"discharged":3.799999952316284,"maxPv":13.023}
