{"generated":0,"consumed":0.7888991088867188,"exported":0,"imported":0,"discharged":0.699999988079071,"maxPv":0}
