{"generated":24.599998474121094,"consumed":22.643134765625,"exported":0.10000000149011612,"imported":0.20000000298023224,"discharged":16.399999618530273,"maxPv":5.41}
