{"generated":9.40000057220459,"consumed":7.3337177734375,"exported":0,"imported":32.79999923706055,"discharged":4.199999809265137,"maxPv":7.504}
