{"generated":62.400001525878906,"consumed":12.0842421875,"exported":33.5,"imported":0.5,"discharged":11.899999618530273,"maxPv":8.977}
