{"generated":18,"consumed":11.92253125,"exported":0.10000000149011612,"imported":0.20000000298023224,"discharged":6.300000190734863,"maxPv":5.486}
