{"generated":66.5,"consumed":0.631935791015625,"exported":45.79999923706055,"imported":0.10000000149011612,"discharged":8.399999618530273,"maxPv":0}
