{"generated":59.60000228881836,"consumed":12.056375,"exported":42.29999923706055,"imported":0.10000000149011612,"discharged":3.0999999046325684,"maxPv":8.978}
