{"generated":30.399999141693115,"consumed":11.8769189453125,"exported":11.800000190734863,"imported":0,"discharged":5.199999809265137,"maxPv":8.934}
