{"generated":3.5999999046325684,"consumed":42.49594140625,"exported":0.10000000149011612,"imported":33.9000015258789,"discharged":3.799999952316284,"maxPv":3.832}
