{"generated":44.4000015258789,"consumed":14.2393681640625,"exported":6,"imported":0.4000000059604645,"discharged":5.199999809265137,"maxPv":10.471}
