{"generated":1,"consumed":4.54732666015625,"exported":0,"imported":0.10000000149011612,"discharged":3.4000000953674316,"maxPv":1.765}
