{"generated":31.799999237060547,"consumed":8.238671875,"exported":18.799999237060547,"imported":0.10000000149011612,"discharged":3.5,"maxPv":8.859}
