{"generated":0.5,"consumed":4.5693583984375,"exported":0,"imported":12.899999618530273,"discharged":0,"maxPv":1.595}
