{"generated":40.10000133514404,"consumed":11.360275390625,"exported":21.399999618530273,"imported":0.10000000149011612,"discharged":5,"maxPv":8.57}
