{"generated":42.10000228881836,"consumed":18.665599609375,"exported":0.10000000149011612,"imported":0.20000000298023224,"discharged":4,"maxPv":7.802}
