{"generated":27.399999618530273,"consumed":8.0350107421875,"exported":10.800000190734863,"imported":0.10000000149011612,"discharged":3.299999952316284,"maxPv":10}
