{"generated":23.80000114440918,"consumed":60.41398046875,"exported":0.699999988079071,"imported":59.79999923706055,"discharged":10.399999618530273,"maxPv":5.41}
