{"generated":3.799999952316284,"consumed":6.299999952316284,"exported":0}
