{"generated":53.70000076293945,"consumed":43.96085546875,"exported":1.600000023841858,"imported":0.20000000298023224,"discharged":3,"maxPv":10.271}
