{"generated":5.099999904632568,"consumed":8.3618779296875,"exported":0.10000000149011612,"imported":0.20000000298023224,"discharged":5.199999809265137,"maxPv":3.615}
