{"generated":66.39999771118164,"consumed":10.2434150390625,"exported":12.699999809265137,"imported":0.20000000298023224,"discharged":12.100000381469727,"maxPv":8.917}
