{"generated":13.600000381469727,"consumed":7.068046875,"exported":1.2999999523162842,"imported":0.10000000149011612,"discharged":3.5999999046325684,"maxPv":12.666}
