{"generated":20.69999885559082,"consumed":14.7137294921875,"exported":0.10000000149011612,"imported":0.10000000149011612,"discharged":5.900000095367432,"maxPv":5.223}
