{"generated":30.899999618530273,"consumed":48.1112421875,"exported":0.300000011920929,"imported":32.0999984741211,"discharged":3.9000000953674316,"maxPv":10.34}
