{"generated":38.5,"consumed":16.63721875,"exported":14.899999618530273,"imported":0.20000000298023224,"discharged":3.0999999046325684,"maxPv":8.527}
