{"generated":47.39999771118164,"consumed":11.5937685546875,"exported":28.100000381469727,"imported":0.10000000149011612,"discharged":4.800000190734863,"maxPv":10.051}
