{"generated":20.5,"consumed":15.95828125,"exported":0.20000000298023224,"imported":2.700000047683716,"discharged":6.900000095367432,"maxPv":6.411}
