{"generated":15.899999618530273,"consumed":32.40939453125,"exported":0.10000000149011612,"imported":20.700000762939453,"discharged":5,"maxPv":5.277}
