{"generated":40.9000015258789,"consumed":12.8028271484375,"exported":22.799999237060547,"imported":0.10000000149011612,"discharged":6.199999809265137,"maxPv":7.145}
