{"generated":4.399999976158142,"consumed":7.500000260770321,"exported":0.10000000149011612}
