{"generated":0.20000000298023224,"consumed":5.6007705078125,"exported":0,"imported":0.20000000298023224,"discharged":4.199999809265137,"maxPv":0.394}
