{"generated":62.5,"consumed":18.6100625,"exported":33.5999984741211,"imported":0.10000000149011612,"discharged":4.099999904632568,"maxPv":10.413}
