{"generated":5.5,"consumed":25.866740234375,"exported":0,"imported":14,"discharged":4.599999904632568,"maxPv":3.776}
