{"generated":13.699999809265137,"consumed":8.2185048828125,"exported":1.399999976158142,"imported":0.10000000149011612,"discharged":3.700000047683716,"maxPv":11.69}
