{"generated":3.3999998569488525,"consumed":5.89367626953125,"exported":0,"imported":0.10000000149011612,"discharged":4,"maxPv":4.29}
