{"generated":0.20000000298023224,"consumed":4.79220849609375,"exported":0,"imported":0.10000000149011612,"discharged":3.700000047683716,"maxPv":1.095}
