{"generated":32.89999771118164,"consumed":8.9668642578125,"exported":0,"imported":0.10000000149011612,"discharged":4.300000190734863,"maxPv":8.547}
