{"generated":53.5999984741211,"consumed":0.726939697265625,"exported":5,"imported":0.4000000059604645,"discharged":24.600000381469727,"maxPv":0}
