{"generated":56.20000076293945,"consumed":15.6599052734375,"exported":38.4000015258789,"imported":0.10000000149011612,"discharged":5.699999809265137,"maxPv":12.086}
