{"generated":27.600000381469727,"consumed":8.5686240234375,"exported":0.20000000298023224,"imported":10.800000190734863,"discharged":0,"maxPv":11.521}
