{"generated":54.69999885559082,"consumed":32.99999771267176,"exported":17.200000762939453}
