{"generated":48.69999980926514,"consumed":20.299999430775642,"exported":11.800000190734863,"imported":0.20000000298023224,"discharged":10.300000190734863,"maxPv":10.971}
