{"generated":64.5999984741211,"consumed":0.63928759765625,"exported":43.5999984741211,"imported":0.10000000149011612,"discharged":6.5,"maxPv":0}
