{"generated":60.29999542236328,"consumed":13.621791015625,"exported":43.70000076293945,"imported":0.20000000298023224,"discharged":5,"maxPv":8.7}
