{"generated":1.1000000014901161,"consumed":6.899999901652336,"exported":0}
