{"generated":8.100000381469727,"consumed":6.24296533203125,"exported":0.10000000149011612,"imported":0.300000011920929,"discharged":2.799999952316284,"maxPv":5.737}
