{"generated":66.0999984741211,"consumed":18.602298828125,"exported":38.9000015258789,"imported":0.20000000298023224,"discharged":3.299999952316284,"maxPv":11.582}
