{"generated":0,"consumed":1.305312255859375,"exported":0,"imported":0,"discharged":1.2000000476837158,"maxPv":0}
