{"generated":0,"consumed":1.0858118896484374,"exported":0,"imported":19.799999237060547,"discharged":0.899999976158142,"maxPv":0}
