{"generated":60.20000457763672,"consumed":10.8571005859375,"exported":46,"imported":0,"discharged":3.700000047683716,"maxPv":10.789}
