{"generated":35.9000015258789,"consumed":12.1383115234375,"exported":20,"imported":0.10000000149011612,"discharged":4.199999809265137,"maxPv":11.792}
