{"generated":3.5999999046325684,"consumed":6.23676611328125,"exported":0,"imported":0.20000000298023224,"discharged":4.400000095367432,"maxPv":3.939}
