{"generated":13.299999713897705,"consumed":36.13052734375,"exported":0,"imported":0.10000000149011612,"discharged":5.199999809265137,"maxPv":9.517}
