{"generated":35.70000076293945,"consumed":13.26509375,"exported":21.600000381469727,"imported":3.4000000953674316,"discharged":24.700000762939453,"maxPv":11.187}
