{"generated":59.5999984741211,"consumed":27.31067578125,"exported":29.600000381469727,"imported":0.300000011920929,"discharged":10.899999618530273,"maxPv":12.098}
