{"generated":9.800000190734863,"consumed":6.82783447265625,"exported":0,"imported":0.10000000149011612,"discharged":3.5999999046325684,"maxPv":6.436}
