{"generated":60.5999984741211,"consumed":13.890158203125,"exported":34.5999984741211,"imported":0.20000000298023224,"discharged":2.700000047683716,"maxPv":8.902}
