{"generated":0,"consumed":1.654795654296875,"exported":0,"imported":30.200000762939453,"discharged":1,"maxPv":0}
