{"generated":59.89999771118164,"consumed":0.6606272583007813,"exported":35.5999984741211,"imported":0.10000000149011612,"discharged":13.100000381469727,"maxPv":0}
