{"generated":56.5,"consumed":21.9042734375,"exported":27.5,"imported":0.20000000298023224,"discharged":3.799999952316284,"maxPv":10.272}
