{"generated":32.5999984741211,"consumed":12.5342490234375,"exported":0.10000000149011612,"imported":0.10000000149011612,"discharged":3.9000000953674316,"maxPv":8.56}
