{"generated":25.200000762939453,"consumed":11.7229697265625,"exported":8.899999618530273,"imported":0.10000000149011612,"discharged":5.099999904632568,"maxPv":11.121}
