{"generated":39.29999923706055,"consumed":10.9022353515625,"exported":21,"imported":0.10000000149011612,"discharged":4.800000190734863,"maxPv":10.051}
