{"generated":0,"consumed":3.387677490234375,"exported":0.10000000149011612,"imported":0,"discharged":4,"maxPv":0}
