{"generated":45.5,"consumed":18.054548828125,"exported":22.600000381469727,"imported":0.20000000298023224,"discharged":3.9000000953674316,"maxPv":12.78}
