{"generated":17.799999237060547,"consumed":19.394390625,"exported":0.10000000149011612,"imported":5.099999904632568,"discharged":8.699999809265137,"maxPv":4.783}
