{"generated":24.600000381469727,"consumed":8.2080146484375,"exported":0,"imported":0,"discharged":4.300000190734863,"maxPv":8.161}
