{"generated":45.5999984741211,"consumed":11.1990029296875,"exported":14.300000190734863,"imported":12,"discharged":9.100000381469727,"maxPv":10.752}
