{"generated":11.699999809265137,"consumed":15.4082001953125,"exported":0,"imported":5.699999809265137,"discharged":5.300000190734863,"maxPv":3.845}
