{"generated":40,"consumed":21.722650390625,"exported":19.600000381469727,"imported":7,"discharged":25.299999237060547,"maxPv":11.367}
