{"generated":10.800000190734863,"consumed":8.252044921875,"exported":0,"imported":1,"discharged":4.300000190734863,"maxPv":4.831}
