{"generated":58.10000228881836,"consumed":14.68514453125,"exported":39.70000076293945,"imported":0.10000000149011612,"discharged":4.699999809265137,"maxPv":8.796}
