{"generated":31.200000762939453,"consumed":24.733830078125,"exported":0.5,"imported":0.5,"discharged":6.099999904632568,"maxPv":13.022}
