{"generated":10.299999237060547,"consumed":15.3175986328125,"exported":0,"imported":3.9000000953674316,"discharged":4.099999904632568,"maxPv":11.543}
