{"generated":0.300000011920929,"consumed":5.50930908203125,"exported":0.10000000149011612,"imported":0.10000000149011612,"discharged":4.900000095367432,"maxPv":1.559}
