{"generated":33.4000015258789,"consumed":15.196994140625,"exported":15.5,"imported":0.10000000149011612,"discharged":6.400000095367432,"maxPv":13.362}
