{"generated":48.20000076293945,"consumed":10.732546875,"exported":11.800000190734863,"imported":0.10000000149011612,"discharged":4.099999904632568,"maxPv":9.785}
