{"generated":27.5,"consumed":17.009521484375,"exported":10.100000381469727,"imported":0.10000000149011612,"discharged":8.699999809265137,"maxPv":11.121}
