{"generated":13,"consumed":18.09599609375,"exported":0,"imported":0.10000000149011612,"discharged":9.199999809265137,"maxPv":4.639}
