{"generated":7.200000286102295,"consumed":4.5392509765625,"exported":0,"imported":0.10000000149011612,"discharged":3,"maxPv":6.636}
