{"generated":17,"consumed":7.4499150390625,"exported":4,"imported":0.10000000149011612,"discharged":3.5,"maxPv":7.368}
