{"generated":22.899999618530273,"consumed":15.004720703125,"exported":0.10000000149011612,"imported":0.20000000298023224,"discharged":4.900000095367432,"maxPv":6.186}
