{"generated":0.800000011920929,"consumed":5.19476318359375,"exported":0,"imported":0.300000011920929,"discharged":4.199999809265137,"maxPv":1.61}
