{"generated":62.39999771118164,"consumed":13.2025146484375,"exported":44.20000076293945,"imported":0.10000000149011612,"discharged":3.299999952316284,"maxPv":8.978}
