{"generated":5.300000190734863,"consumed":14.9441396484375,"exported":0,"imported":27.600000381469727,"discharged":5.300000190734863,"maxPv":4.015}
