{"generated":41.19999694824219,"consumed":12.223267578125,"exported":24.100000381469727,"imported":0.10000000149011612,"discharged":4.099999904632568,"maxPv":7.326}
