{"generated":23.399999618530273,"consumed":42.87330078125,"exported":0.10000000149011612,"imported":26.200000762939453,"discharged":4,"maxPv":5.453}
