{"generated":3.1999998092651367,"consumed":13.7253193359375,"exported":0.10000000149011612,"imported":3.299999952316284,"discharged":6.900000095367432,"maxPv":1.279}
