{"generated":35,"consumed":6.71680810546875,"exported":24.399999618530273,"imported":0,"discharged":3.200000047683716,"maxPv":8.917}
