{"generated":40,"consumed":14.3965458984375,"exported":20.600000381469727,"imported":0.20000000298023224,"discharged":4.099999904632568,"maxPv":13.248}
