{"generated":12.600000381469727,"consumed":42.17141796875,"exported":0.10000000149011612,"imported":33.79999923706055,"discharged":2.9000000953674316,"maxPv":5.968}
