{"generated":3.8000001907348633,"consumed":13.7958984375,"exported":0.10000000149011612,"imported":5,"discharged":5.800000190734863,"maxPv":2.294}
