{"generated":19,"consumed":9.7907275390625,"exported":5.400000095367432,"imported":0.10000000149011612,"discharged":3.299999952316284,"maxPv":11.679}
