{"generated":0,"consumed":1.6795850830078125,"exported":0,"imported":1,"discharged":1.7000000476837158,"maxPv":0}
