{"generated":59,"consumed":13.620146484375,"exported":27.600000381469727,"imported":0.4000000059604645,"discharged":14.699999809265137,"maxPv":10.482}
