{"generated":13.600000381469727,"consumed":12.720755859375,"exported":0.10000000149011612,"imported":0.10000000149011612,"discharged":7.099999904632568,"maxPv":7.09}
