{"generated":20.69999885559082,"consumed":20.62781640625,"exported":0.10000000149011612,"imported":0.10000000149011612,"discharged":11.600000381469727,"maxPv":5.223}
