{"generated":5.100000381469727,"consumed":5.62118798828125,"exported":0,"imported":0.10000000149011612,"discharged":3.5,"maxPv":6.291}
