{"generated":0,"consumed":2.375531494140625,"exported":0,"imported":0,"discharged":2.299999952316284,"maxPv":0}
