{"generated":59.69999694824219,"consumed":18.57802734375,"exported":15.300000190734863,"imported":0.4000000059604645,"discharged":5.800000190734863,"maxPv":8.662}
