{"generated":4,"consumed":8.429046875,"exported":0.10000000149011612,"imported":6.699999809265137,"discharged":5.400000095367432,"maxPv":6.489}
