{"generated":1.5,"consumed":7.30604052734375,"exported":0,"imported":0.10000000149011612,"discharged":5.599999904632568,"maxPv":1.854}
