{"generated":43.79999923706055,"consumed":26.1433359375,"exported":7.599999904632568,"imported":3.799999952316284,"discharged":15.699999809265137,"maxPv":7.838}
