{"generated":49.70000076293945,"consumed":45.1097265625,"exported":0.300000011920929,"imported":0.4000000059604645,"discharged":8.100000381469727,"maxPv":11.803}
