{"generated":0,"consumed":13.0890732421875,"exported":0,"imported":0.699999988079071,"discharged":1.399999976158142,"maxPv":0}
