{"generated":25.5,"consumed":8.7282412109375,"exported":13.600000381469727,"imported":0.10000000149011612,"discharged":3.299999952316284,"maxPv":12.013}
