{"generated":19.69999885559082,"consumed":19.886541015625,"exported":0,"imported":0.20000000298023224,"discharged":12.699999809265137,"maxPv":9.212}
