{"generated":24.5,"consumed":7.679267578125,"exported":12.600000381469727,"imported":0.10000000149011612,"discharged":3.299999952316284,"maxPv":8.361}
