{"generated":18.399999618530273,"consumed":9.8548798828125,"exported":4,"imported":0.20000000298023224,"discharged":4.800000190734863,"maxPv":11.593}
