{"generated":25.399999618530273,"consumed":9.1384736328125,"exported":0,"imported":0.10000000149011612,"discharged":4.5,"maxPv":8.139}
