{"generated":58.60000228881836,"consumed":13.1742548828125,"exported":40.4000015258789,"imported":0.10000000149011612,"discharged":4.5,"maxPv":10.515}
