{"generated":26.100000381469727,"consumed":6.117431640625,"exported":16.5,"imported":0,"discharged":3.200000047683716,"maxPv":8.766}
