{"generated":0.7000000476837158,"consumed":4.44665087890625,"exported":0,"imported":3.4000000953674316,"discharged":3.5,"maxPv":1.683}
