{"generated":59.5999984741211,"consumed":11.349658203125,"exported":43.20000076293945,"imported":0.10000000149011612,"discharged":3,"maxPv":9.102}
