{"generated":14.09999942779541,"consumed":7.35875732421875,"exported":0,"imported":0.10000000149011612,"discharged":3.4000000953674316,"maxPv":7.407}
