{"generated":0.10000000149011612,"consumed":4.27836962890625,"exported":0,"imported":0.10000000149011612,"discharged":4,"maxPv":0.071}
