{"generated":59.5999984741211,"consumed":13.7290986328125,"exported":38.20000076293945,"imported":0.10000000149011612,"discharged":4.900000095367432,"maxPv":10.051}
