{"generated":2.299999952316284,"consumed":6.81416650390625,"exported":0,"imported":0.10000000149011612,"discharged":3.700000047683716,"maxPv":2.227}
