{"generated":27,"consumed":10.0374150390625,"exported":1.100000023841858,"imported":8.300000190734863,"discharged":3.5,"maxPv":11.507}
