{"generated":19.299999237060547,"consumed":18.229626953125,"exported":0.20000000298023224,"imported":7,"discharged":4.900000095367432,"maxPv":6.45}
