{"generated":4.599999904632568,"consumed":7.8554111328125,"exported":0.10000000149011612,"imported":0.20000000298023224,"discharged":3.9000000953674316,"maxPv":3.723}
