{"generated":0,"consumed":3.21643310546875,"exported":0,"imported":15.699999809265137,"discharged":3,"maxPv":0}
