{"generated":32.20000076293945,"consumed":12.34022265625,"exported":11.5,"imported":0.300000011920929,"discharged":4.099999904632568,"maxPv":11.721}
