{"generated":55.10000038146973,"consumed":13.99999962002039,"exported":34.70000076293945}
