{"generated":5.900000095367432,"consumed":8.4899150390625,"exported":0,"imported":0.10000000149011612,"discharged":5.099999904632568,"maxPv":4.474}
