{"generated":18.899999618530273,"consumed":10.3290966796875,"exported":0,"imported":0.10000000149011612,"discharged":4.800000190734863,"maxPv":5.904}
