{"generated":45.299999713897705,"consumed":30.2999999076128,"exported":12.199999809265137}
