{"generated":4.600000381469727,"consumed":44.46824609375,"exported":0,"imported":36.4000015258789,"discharged":15.399999618530273,"maxPv":2.37}
