{"generated":48.29999542236328,"consumed":12.789037109375,"exported":29.100000381469727,"imported":0.10000000149011612,"discharged":5,"maxPv":12.566}
