{"generated":12.299999237060547,"consumed":7.4643359375,"exported":1,"imported":0.10000000149011612,"discharged":3.9000000953674316,"maxPv":8.147}
