{"generated":40.29999923706055,"consumed":10.899939453125,"exported":5.300000190734863,"imported":1.600000023841858,"discharged":4.599999904632568,"maxPv":10.392}
