{"generated":25.799999237060547,"consumed":11.53182421875,"exported":0,"imported":0.20000000298023224,"discharged":4.699999809265137,"maxPv":0.935}
