{"generated":0,"consumed":2.830403076171875,"exported":0,"imported":3.0999999046325684,"discharged":0,"maxPv":0}
