{"generated":26.400001525878906,"consumed":14.0932451171875,"exported":0.10000000149011612,"imported":0.20000000298023224,"discharged":6.599999904632568,"maxPv":0.935}
