{"generated":59.5999984741211,"consumed":52.137125,"exported":3.299999952316284,"imported":0.20000000298023224,"discharged":6.199999809265137,"maxPv":10.271}
