{"generated":3.0999999046325684,"consumed":6.194048828125,"exported":0,"imported":0.10000000149011612,"discharged":4.300000190734863,"maxPv":3.423}
