{"generated":28.700000762939453,"consumed":39.08221875,"exported":11.300000190734863,"imported":30.200000762939453,"discharged":2.799999952316284,"maxPv":7.008}
