{"generated":42.60000228881836,"consumed":0.6406636352539062,"exported":12.899999618530273,"imported":0.10000000149011612,"discharged":10.399999618530273,"maxPv":0}
