{"generated":52.69999694824219,"consumed":20.03220703125,"exported":31.700000762939453,"imported":0.10000000149011612,"discharged":8.800000190734863,"maxPv":11.932}
