{"generated":0.4000000059604645,"consumed":4.8680263671875,"exported":0,"imported":0.20000000298023224,"discharged":3.5999999046325684,"maxPv":1.886}
