{"generated":35.79999923706055,"consumed":14.5622412109375,"exported":14.699999809265137,"imported":0.10000000149011612,"discharged":4.400000095367432,"maxPv":13.652}
