{"generated":17,"consumed":9.71691015625,"exported":4.199999809265137,"imported":0.20000000298023224,"discharged":3.5,"maxPv":6.703}
