{"generated":66.9000015258789,"consumed":13.72812890625,"exported":47.20000076293945,"imported":0.10000000149011612,"discharged":4,"maxPv":9.549}
