{"generated":0,"consumed":2.133029052734375,"exported":0,"imported":0,"discharged":2.0999999046325684,"maxPv":0}
