{"generated":65.09999942779541,"consumed":19.797751953125,"exported":33.79999923706055,"imported":0.20000000298023224,"discharged":11.800000190734863,"maxPv":9.018}
