{"generated":15.299999237060547,"consumed":10.93634375,"exported":0,"imported":0.10000000149011612,"discharged":6.099999904632568,"maxPv":6.909}
