{"generated":40,"consumed":45.1866953125,"exported":17.899999618530273,"imported":30.200000762939453,"discharged":4.099999904632568,"maxPv":7.008}
