{"generated":17,"consumed":19.733552734375,"exported":0.10000000149011612,"imported":0.10000000149011612,"discharged":10.899999618530273,"maxPv":4.613}
