{"generated":0,"consumed":5.71906884765625,"exported":0,"imported":1.2000000476837158,"discharged":5.199999809265137,"maxPv":0}
