{"generated":0,"consumed":4.5745634765625,"exported":0,"imported":0,"discharged":4.800000190734863,"maxPv":0.07}
