{"generated":26.400001525878906,"consumed":16.4299453125,"exported":0.10000000149011612,"imported":0.20000000298023224,"discharged":8.800000190734863,"maxPv":0.935}
