{"generated":38.60000228881836,"consumed":15.4395234375,"exported":22.399999618530273,"imported":0.10000000149011612,"discharged":6.599999904632568,"maxPv":10.603}
