{"generated":39.39999771118164,"consumed":8.760712890625,"exported":26.899999618530273,"imported":0.10000000149011612,"discharged":3.299999952316284,"maxPv":11.958}
