{"generated":1.399999976158142,"consumed":5.1051806640625,"exported":0,"imported":0,"discharged":4.800000190734863,"maxPv":2.33}
