{"generated":19.399999618530273,"consumed":10.194173828125,"exported":3.799999952316284,"imported":0.10000000149011612,"discharged":5.900000095367432,"maxPv":12.641}
