{"generated":58.0999984741211,"consumed":22.237654296875,"exported":31,"imported":0.20000000298023224,"discharged":7.199999809265137,"maxPv":10.377}
