{"generated":2.5,"consumed":5.90686669921875,"exported":0,"imported":0.10000000149011612,"discharged":3.799999952316284,"maxPv":3.265}
