{"generated":25.899999618530273,"consumed":22.0771796875,"exported":0.10000000149011612,"imported":0.20000000298023224,"discharged":7,"maxPv":5.645}
