{"generated":4.900000095367432,"consumed":5.95190771484375,"exported":0,"imported":0.10000000149011612,"discharged":3.299999952316284,"maxPv":4.518}
