{"generated":10.09999942779541,"consumed":7.24604736328125,"exported":0.10000000149011612,"imported":0,"discharged":4.199999809265137,"maxPv":11.343}
