{"generated":3.3999998569488525,"consumed":5.920736328125,"exported":0,"imported":6.800000190734863,"discharged":4.400000095367432,"maxPv":6.941}
