{"generated":0.10000000149011612,"consumed":6.000000096857548,"exported":0}
