{"generated":66.8000030517578,"consumed":0.5665493774414062,"exported":48.29999923706055,"imported":0.10000000149011612,"discharged":6.099999904632568,"maxPv":0}
