{"generated":12.999999046325684,"consumed":8.8729697265625,"exported":0.10000000149011612,"imported":0.300000011920929,"discharged":3.9000000953674316,"maxPv":8.916}
