{"generated":39.29999923706055,"consumed":12.309310546875,"exported":18.799999237060547,"imported":0.10000000149011612,"discharged":4.400000095367432,"maxPv":8.958}
