{"generated":0,"consumed":1.7324007568359374,"exported":0,"imported":4.099999904632568,"discharged":1.600000023841858,"maxPv":0}
