{"generated":23.200000762939453,"consumed":22.09305078125,"exported":0.10000000149011612,"imported":0.20000000298023224,"discharged":12.199999809265137,"maxPv":9.126}
