{"generated":23,"consumed":8.1368408203125,"exported":0,"imported":12.899999618530273,"discharged":0,"maxPv":7.47}
