{"generated":5.400000095367432,"consumed":7.7001240234375,"exported":0,"imported":0.10000000149011612,"discharged":5.300000190734863,"maxPv":6.12}
