{"generated":39.80000305175781,"consumed":36.026109375,"exported":0.10000000149011612,"imported":0.10000000149011612,"discharged":4,"maxPv":9.716}
