{"generated":29.100000381469727,"consumed":18.9129375,"exported":6.900000095367432,"imported":0.20000000298023224,"discharged":4.699999809265137,"maxPv":12.563}
