{"generated":30.69999885559082,"consumed":10.0641708984375,"exported":0.699999988079071,"imported":0.20000000298023224,"discharged":4.300000190734863,"maxPv":8.987}
