{"generated":20.399999618530273,"consumed":14.010263671875,"exported":0.10000000149011612,"imported":5.300000190734863,"discharged":7.599999904632568,"maxPv":7.361}
