{"generated":50.89999771118164,"consumed":8.850833984375,"exported":38,"imported":0.10000000149011612,"discharged":3.0999999046325684,"maxPv":12.068}
