{"generated":6.700000122189522,"consumed":35.44620703125,"exported":0.10000000149011612,"imported":2.700000047683716,"discharged":29.899999618530273,"maxPv":5.285}
