{"generated":48.19999694824219,"consumed":19.99815625,"exported":25.899999618530273,"imported":0.10000000149011612,"discharged":9.699999809265137,"maxPv":12.543}
