{"generated":18.899999618530273,"consumed":16.615419921875,"exported":0.10000000149011612,"imported":0.10000000149011612,"discharged":8.800000190734863,"maxPv":5.554}
