{"generated":3.5999999046325684,"consumed":7.15841552734375,"exported":0,"imported":0.20000000298023224,"discharged":5.199999809265137,"maxPv":2.37}
