{"generated":48.60000228881836,"consumed":19.931541015625,"exported":27.5,"imported":3.4000000953674316,"discharged":29,"maxPv":8.542}
