{"generated":66.0999984741211,"consumed":20.6119375,"exported":41.5999984741211,"imported":0.10000000149011612,"discharged":9.699999809265137,"maxPv":8.898}
