{"generated":1.5999999046325684,"consumed":8.109009765625,"exported":0,"imported":33.29999923706055,"discharged":4.300000190734863,"maxPv":1.212}
