{"generated":1.5,"consumed":5.398150390625,"exported":0,"imported":0,"discharged":4.199999809265137,"maxPv":2.405}
