{"generated":40.10000228881836,"consumed":9.065900390625,"exported":4.800000190734863,"imported":0.10000000149011612,"discharged":4.199999809265137,"maxPv":8.542}
