{"generated":17.90000033378601,"consumed":15.80979296875,"exported":0.20000000298023224,"imported":0.20000000298023224,"discharged":5.400000095367432,"maxPv":10.968}
