{"generated":64.99999809265137,"consumed":11.8401845703125,"exported":42.5999984741211,"imported":0.20000000298023224,"discharged":9,"maxPv":13.502}
