{"generated":54.59999942779541,"consumed":32.99999962002039,"exported":15.300000190734863,"imported":0.10000000149011612,"discharged":20.5,"maxPv":10.548}
