{"generated":0,"consumed":1.2012984619140625,"exported":0,"imported":4.099999904632568,"discharged":0.899999976158142,"maxPv":0}
