{"generated":0,"consumed":0.8174223022460938,"exported":0,"imported":14.699999809265137,"discharged":0,"maxPv":0}
