{"generated":64.4000015258789,"consumed":15.5475419921875,"exported":43.5999984741211,"imported":0.5,"discharged":3.0999999046325684,"maxPv":9.004}
