{"generated":1.7000000476837158,"consumed":4.487171875,"exported":0,"imported":0.10000000149011612,"discharged":3.5999999046325684,"maxPv":3.223}
