{"generated":4.099999904632568,"consumed":12.054990234375,"exported":0,"imported":0.10000000149011612,"discharged":7.699999809265137,"maxPv":4.067}
