{"generated":17.799999237060547,"consumed":17.794341796875,"exported":0.10000000149011612,"imported":5.099999904632568,"discharged":7.199999809265137,"maxPv":4.783}
