{"generated":62.30000019073486,"consumed":53.29016015625,"exported":4.5,"imported":2.799999952316284,"discharged":31.100000381469727,"maxPv":10.877}
