{"generated":0,"consumed":1.1929019775390626,"exported":0,"imported":0,"discharged":1.7000000476837158,"maxPv":0}
