{"generated":56.19999980926514,"consumed":20.09999809414149,"exported":34.9000015258789}
