{"generated":14.40000057220459,"consumed":5.78663720703125,"exported":0.4000000059604645,"imported":0.10000000149011612,"discharged":3.4000000953674316,"maxPv":7.165}
