{"generated":43.70000076293945,"consumed":22.377619140625,"exported":14.800000190734863,"imported":0.20000000298023224,"discharged":7.5,"maxPv":0}
