{"generated":14.999999046325684,"consumed":13.71965234375,"exported":0,"imported":25.299999237060547,"discharged":0,"maxPv":7.957}
