{"generated":61.70000076293945,"consumed":15.4692861328125,"exported":39.20000076293945,"imported":0.20000000298023224,"discharged":5.599999904632568,"maxPv":8.787}
