{"generated":17.100000381469727,"consumed":7.10321728515625,"exported":0.10000000149011612,"imported":0.10000000149011612,"discharged":3.700000047683716,"maxPv":6.995}
