{"generated":29.100000381469727,"consumed":11.099599609375,"exported":9.399999618530273,"imported":0.300000011920929,"discharged":3.9000000953674316,"maxPv":11.721}
