{"generated":55.0999984741211,"consumed":38.38999609375,"exported":6.900000095367432,"imported":0.20000000298023224,"discharged":5.599999904632568,"maxPv":11.404}
