{"generated":48.49999952316284,"consumed":12.299999237060547,"exported":30.5}
