{"generated":0,"consumed":4.047328857421875,"exported":0,"imported":0,"discharged":3.799999952316284,"maxPv":0}
