{"generated":58.60000228881836,"consumed":12.070146484375,"exported":18.799999237060547,"imported":0.10000000149011612,"discharged":4.699999809265137,"maxPv":10.482}
