{"generated":21.200000762939453,"consumed":13.495900390625,"exported":0.20000000298023224,"imported":0.20000000298023224,"discharged":3.299999952316284,"maxPv":11.582}
