{"generated":3.0999999046325684,"consumed":4.92297509765625,"exported":0,"imported":0.10000000149011612,"discharged":3,"maxPv":3.664}
