{"generated":9.600000381469727,"consumed":6.16405078125,"exported":0.5,"imported":0.10000000149011612,"discharged":3.299999952316284,"maxPv":6.204}
