{"generated":0,"consumed":7.60389794921875,"exported":0,"imported":5.300000190734863,"discharged":7.300000190734863,"maxPv":0}
