{"generated":4.600000381469727,"consumed":42.93742578125,"exported":0,"imported":36.4000015258789,"discharged":13.899999618530273,"maxPv":2.37}
