{"generated":17.5,"consumed":11.4181279296875,"exported":0.10000000149011612,"imported":3,"discharged":4.400000095367432,"maxPv":4.585}
