{"generated":37.70000076293945,"consumed":10.5315087890625,"exported":0,"imported":12.899999618530273,"discharged":0,"maxPv":7.47}
