{"generated":14.199999809265137,"consumed":37.23799609375,"exported":0,"imported":26,"discharged":3.5999999046325684,"maxPv":5.487}
