{"generated":0.4000000059604645,"consumed":4.4651064453125,"exported":0,"imported":0.10000000149011612,"discharged":3.299999952316284,"maxPv":1.247}
