{"generated":66.3000030517578,"consumed":16.2693310546875,"exported":45.79999923706055,"imported":0.10000000149011612,"discharged":5.099999904632568,"maxPv":11.412}
