{"generated":43.29999923706055,"consumed":0.5705543823242187,"exported":12.600000381469727,"imported":0.10000000149011612,"discharged":18.200000762939453,"maxPv":0}
