{"generated":44,"consumed":17.5453125,"exported":7.199999809265137,"imported":1.100000023841858,"discharged":9,"maxPv":12.708}
