{"generated":17.80000114440918,"consumed":7.3141005859375,"exported":0,"imported":0.10000000149011612,"discharged":4.300000190734863,"maxPv":8.065}
