{"generated":34.29999923706055,"consumed":8.275732421875,"exported":19.899999618530273,"imported":0,"discharged":3.700000047683716,"maxPv":7.144}
