{"generated":14.699999809265137,"consumed":7.0895439453125,"exported":1.2000000476837158,"imported":0.10000000149011612,"discharged":3.299999952316284,"maxPv":8.51}
