{"generated":0,"consumed":2.57368212890625,"exported":0,"imported":2.4000000953674316,"discharged":0,"maxPv":0}
