{"generated":0.300000011920929,"consumed":5.23505810546875,"exported":0,"imported":0.5,"discharged":4.099999904632568,"maxPv":0.726}
