{"generated":21.600000381469727,"consumed":10.026578125,"exported":5.199999809265137,"imported":0.10000000149011612,"discharged":4.300000190734863,"maxPv":8.871}
