{"generated":23.600000381469727,"consumed":13.7551630859375,"exported":0.10000000149011612,"imported":0.20000000298023224,"discharged":7.300000190734863,"maxPv":5.916}
