{"generated":66.0999984741211,"consumed":18.666177734375,"exported":41.5999984741211,"imported":0.10000000149011612,"discharged":7.900000095367432,"maxPv":8.898}
