{"generated":2.200000047683716,"consumed":8.5978037109375,"exported":0,"imported":1.5,"discharged":5.900000095367432,"maxPv":1.532}
