{"generated":13.199999809265137,"consumed":15.4439599609375,"exported":0,"imported":0.4000000059604645,"discharged":8,"maxPv":7.797}
