{"generated":18.5,"consumed":19.431751953125,"exported":0.10000000149011612,"imported":1.399999976158142,"discharged":10.300000190734863,"maxPv":7.21}
