{"generated":7.700000286102295,"consumed":7.0922919921875,"exported":0,"imported":0.10000000149011612,"discharged":3.5,"maxPv":8.048}
