{"generated":50.39999771118164,"consumed":14.1617421875,"exported":30.799999237060547,"imported":0.10000000149011612,"discharged":4.599999904632568,"maxPv":11.932}
