{"generated":0.4000000059604645,"consumed":4.90997314453125,"exported":0,"imported":0,"discharged":4.5,"maxPv":0.868}
