{"generated":0.300000011920929,"consumed":4.9198837890625,"exported":0,"imported":0.20000000298023224,"discharged":3.5999999046325684,"maxPv":0.987}
