{"generated":1.5999999046325684,"consumed":7.19274072265625,"exported":0.10000000149011612,"imported":0.10000000149011612,"discharged":4.800000190734863,"maxPv":3.482}
