{"generated":0,"consumed":2.495969970703125,"exported":0,"imported":0.10000000149011612,"discharged":2.299999952316284,"maxPv":0}
