{"generated":16.999999523162842,"consumed":32.554998046875,"exported":0.10000000149011612,"imported":0.10000000149011612,"discharged":7.300000190734863,"maxPv":12.826}
