{"generated":56.0999984741211,"consumed":16.97361328125,"exported":37.5,"imported":0.10000000149011612,"discharged":6,"maxPv":11.679}
