{"generated":21.300000190734863,"consumed":21.332384765625,"exported":0,"imported":0.10000000149011612,"discharged":11,"maxPv":6.306}
