{"generated":31.900001525878906,"consumed":16.636990234375,"exported":0,"imported":4.5,"discharged":0,"maxPv":7.395}
