{"generated":0,"consumed":3.42022119140625,"exported":0,"imported":13.399999618530273,"discharged":2,"maxPv":0}
