{"generated":27.399999380111694,"consumed":10.199999667704105,"exported":9.899999618530273}
