{"generated":38.29999923706055,"consumed":3.1870615234375,"exported":20,"imported":0.10000000149011612,"discharged":5.199999809265137,"maxPv":9.025}
