{"generated":53.30000305175781,"consumed":12.872,"exported":36.79999923706055,"imported":0.10000000149011612,"discharged":3.9000000953674316,"maxPv":8.312}
