{"generated":3.499999761581421,"consumed":6.42285107421875,"exported":0.10000000149011612,"imported":0.10000000149011612,"discharged":4.5,"maxPv":4.251}
