{"generated":32.9000015258789,"consumed":8.772546875,"exported":0,"imported":0.10000000149011612,"discharged":4.300000190734863,"maxPv":8.714}
