{"generated":17.900001525878906,"consumed":11.0800712890625,"exported":0.10000000149011612,"imported":0.10000000149011612,"discharged":4.699999809265137,"maxPv":10.422}
