{"generated":49.69999694824219,"consumed":17.6167109375,"exported":27.899999618530273,"imported":0.10000000149011612,"discharged":7.699999809265137,"maxPv":12.477}
