{"generated":0.20000000298023224,"consumed":7.0603115234375,"exported":0,"imported":14.699999809265137,"discharged":5.300000190734863,"maxPv":0.374}
