{"generated":9.399999618530273,"consumed":7.2264990234375,"exported":0,"imported":0.10000000149011612,"discharged":3.9000000953674316,"maxPv":5.245}
