{"generated":7.300000190734863,"consumed":22.640224609375,"exported":0.10000000149011612,"imported":16,"discharged":6.699999809265137,"maxPv":5.403}
