{"generated":0.10000000149011612,"consumed":6.83606201171875,"exported":0,"imported":6.199999809265137,"discharged":1.7000000476837158,"maxPv":0.386}
