{"generated":19.299999237060547,"consumed":18.999517578125,"exported":0.20000000298023224,"imported":7.099999904632568,"discharged":5.599999904632568,"maxPv":6.45}
