{"generated":54.5,"consumed":18.423595703125,"exported":34.4000015258789,"imported":0.300000011920929,"discharged":8.100000381469727,"maxPv":11.858}
