{"generated":2.9000000953674316,"consumed":7.781544921875,"exported":0.10000000149011612,"imported":0.20000000298023224,"discharged":4.800000190734863,"maxPv":1.922}
