{"generated":10.699999809265137,"consumed":7.6124306640625,"exported":0.10000000149011612,"imported":12,"discharged":4.5,"maxPv":11.882}
