{"generated":0,"consumed":2.927395751953125,"exported":0,"imported":0,"discharged":3.299999952316284,"maxPv":0}
