{"generated":2.5,"consumed":32.9456796875,"exported":0,"imported":36.9000015258789,"discharged":0,"maxPv":1.795}
