{"generated":23.700000762939453,"consumed":7.29512451171875,"exported":0,"imported":0.10000000149011612,"discharged":3.700000047683716,"maxPv":8.105}
