{"generated":0.300000011920929,"consumed":5.11709912109375,"exported":0,"imported":0.10000000149011612,"discharged":3.9000000953674316,"maxPv":0.532}
