{"generated":9.899999618530273,"consumed":46.77122265625,"exported":1.2000000476837158,"imported":38,"discharged":2.200000047683716,"maxPv":4.403}
