{"generated":0,"consumed":1.3337213134765624,"exported":0,"imported":0.20000000298023224,"discharged":0.5,"maxPv":0}
