{"generated":2,"consumed":8.4341025390625,"exported":0,"imported":0.10000000149011612,"discharged":7,"maxPv":2.544}
