{"generated":59.70000457763672,"consumed":29.210408203125,"exported":21.399999618530273,"imported":0.10000000149011612,"discharged":2.5999999046325684,"maxPv":8.277}
