{"generated":0,"consumed":46.4173984375,"exported":0,"imported":42.20000076293945,"discharged":1.100000023841858,"maxPv":0}
