{"generated":57.19999885559082,"consumed":18.184361328125,"exported":34.9000015258789,"imported":0.10000000149011612,"discharged":8.100000381469727,"maxPv":11.511}
