{"generated":63.999996185302734,"consumed":13.0046953125,"exported":45.4000015258789,"imported":0.10000000149011612,"discharged":2.9000000953674316,"maxPv":8.82}
