{"generated":22.19999885559082,"consumed":8.689275390625,"exported":8.5,"imported":0.10000000149011612,"discharged":3.9000000953674316,"maxPv":7.191}
