{"generated":4,"consumed":6.51122314453125,"exported":0.10000000149011612,"imported":15.699999809265137,"discharged":4.599999904632568,"maxPv":3.812}
