{"generated":12.40000057220459,"consumed":9.7504375,"exported":0,"imported":32.79999923706055,"discharged":5,"maxPv":7.504}
