{"generated":39.70000076293945,"consumed":13.169255859375,"exported":22.100000381469727,"imported":0,"discharged":5,"maxPv":7.144}
