{"generated":26.600000381469727,"consumed":15.3564033203125,"exported":1.899999976158142,"imported":0.10000000149011612,"discharged":7.5,"maxPv":6.207}
