{"generated":20.600000143051147,"consumed":21.600000143051147,"exported":0.10000000149011612,"imported":0.10000000149011612,"discharged":7.800000190734863,"maxPv":11.096}
