{"generated":0,"consumed":2.971933349609375,"exported":0,"imported":0.10000000149011612,"discharged":2.799999952316284,"maxPv":0}
