{"generated":33.80000066757202,"consumed":12.600000478327274,"exported":1.5,"imported":0.10000000149011612,"discharged":7.300000190734863,"maxPv":10.971}
