{"generated":45.70000076293945,"consumed":10.270484375,"exported":32.0999984741211,"imported":0.10000000149011612,"discharged":3.5999999046325684,"maxPv":12.053}
