{"generated":18.100000381469727,"consumed":14.6879111328125,"exported":0,"imported":0.20000000298023224,"discharged":7.699999809265137,"maxPv":5.058}
