{"generated":2.799999952316284,"consumed":5.60591552734375,"exported":0.10000000149011612,"imported":0.10000000149011612,"discharged":3.299999952316284,"maxPv":3.02}
