{"generated":21.399999618530273,"consumed":9.3018427734375,"exported":7.400000095367432,"imported":0.10000000149011612,"discharged":5.099999904632568,"maxPv":12.165}
