{"generated":0,"consumed":1.4843316650390626,"exported":0,"imported":0,"discharged":1.399999976158142,"maxPv":0}
