{"generated":49.29999923706055,"consumed":15.75184765625,"exported":28.5,"imported":0.10000000149011612,"discharged":6.5,"maxPv":10}
