{"generated":4.5,"consumed":20.002470703125,"exported":0,"imported":12.199999809265137,"discharged":5.099999904632568,"maxPv":3.243}
