{"generated":58.29999923706055,"consumed":19.326517578125,"exported":18.799999237060547,"imported":5.900000095367432,"discharged":7.300000190734863,"maxPv":9.785}
