{"generated":3.1999998092651367,"consumed":4.6222099609375,"exported":0,"imported":0.10000000149011612,"discharged":2.799999952316284,"maxPv":3.784}
