{"generated":36,"consumed":69.4987890625,"exported":0.10000000149011612,"imported":32.70000076293945,"discharged":15.899999618530273,"maxPv":5.387}
