{"generated":21.099998474121094,"consumed":16.374666015625,"exported":0.10000000149011612,"imported":5.900000095367432,"discharged":4.900000095367432,"maxPv":5.485}
