{"generated":15.899999618530273,"consumed":12.5405,"exported":0.10000000149011612,"imported":0,"discharged":5.199999809265137,"maxPv":4.613}
