{"generated":64.9000015258789,"consumed":17.431302734375,"exported":42.5,"imported":0.10000000149011612,"discharged":10.5,"maxPv":8.839}
