{"generated":35.5,"consumed":11.5312333984375,"exported":19.799999237060547,"imported":0.10000000149011612,"discharged":4,"maxPv":11.792}
