{"generated":63.20000076293945,"consumed":12.42556640625,"exported":47.5999984741211,"imported":0.10000000149011612,"discharged":4.099999904632568,"maxPv":8.834}
