{"generated":30.5,"consumed":11.62264453125,"exported":10.899999618530273,"imported":0.10000000149011612,"discharged":4.400000095367432,"maxPv":8.902}
