{"generated":0.300000011920929,"consumed":4.206005859375,"exported":0,"imported":0.10000000149011612,"discharged":4.699999809265137,"maxPv":0.352}
