{"generated":51.89999961853027,"consumed":40.40000009536743,"exported":0.20000000298023224}
