{"generated":24.200000762939453,"consumed":12.397498046875,"exported":8.5,"imported":0.10000000149011612,"discharged":4.800000190734863,"maxPv":9.931}
