{"generated":57.499996185302734,"consumed":28.905080078125,"exported":27.700000762939453,"imported":0.20000000298023224,"discharged":9.600000381469727,"maxPv":10.272}
