{"generated":61.70000076293945,"consumed":47.020359375,"exported":6.800000190734863,"imported":0.20000000298023224,"discharged":5.199999809265137,"maxPv":9.261}
