{"generated":1.3000000715255737,"consumed":5.26442431640625,"exported":0,"imported":0.10000000149011612,"discharged":3.5999999046325684,"maxPv":1.953}
