{"generated":0.600000023841858,"consumed":9.6529326171875,"exported":0.10000000149011612,"imported":2.4000000953674316,"discharged":6.900000095367432,"maxPv":0.779}
