{"generated":38.89999771118164,"consumed":11.388224609375,"exported":22.100000381469727,"imported":0,"discharged":4.099999904632568,"maxPv":7.144}
