{"generated":59.79999923706055,"consumed":14.8579580078125,"exported":38.20000076293945,"imported":0.10000000149011612,"discharged":5.599999904632568,"maxPv":10.051}
