{"generated":0,"consumed":2.0751826171875,"exported":0,"imported":1,"discharged":2.4000000953674316,"maxPv":0}
