{"generated":3.9000000953674316,"consumed":11.097357421875,"exported":0,"imported":0.10000000149011612,"discharged":7.199999809265137,"maxPv":4.067}
