{"generated":32.5,"consumed":15.75803125,"exported":0.20000000298023224,"imported":0.20000000298023224,"discharged":4.300000190734863,"maxPv":7.018}
