{"generated":39.89999771118164,"consumed":49.31494921875,"exported":1,"imported":15.5,"discharged":15.600000381469727,"maxPv":7.803}
