{"generated":21.799999237060547,"consumed":17.47312109375,"exported":0.10000000149011612,"imported":0.10000000149011612,"discharged":9.800000190734863,"maxPv":5.579}
