{"generated":0.10000000149011612,"consumed":4.10761474609375,"exported":0,"imported":0,"discharged":3.799999952316284,"maxPv":0.354}
