{"generated":16.200000762939453,"consumed":39.80089453125,"exported":0.10000000149011612,"imported":20.700000762939453,"discharged":11.800000190734863,"maxPv":5.277}
