{"generated":14.199999809265137,"consumed":8.7656640625,"exported":0,"imported":0.20000000298023224,"discharged":4.800000190734863,"maxPv":7.752}
