{"generated":60.20000076293945,"consumed":9.2227119140625,"exported":46.29999923706055,"imported":0.10000000149011612,"discharged":3.200000047683716,"maxPv":8.722}
