{"generated":64.7000045776367,"consumed":10.24597265625,"exported":50.5999984741211,"imported":0.10000000149011612,"discharged":3.299999952316284,"maxPv":8.916}
