{"generated":4.700000286102295,"consumed":8.4495830078125,"exported":0,"imported":0.20000000298023224,"discharged":5.300000190734863,"maxPv":6.433}
