{"generated":55.80000305175781,"consumed":13.7453017578125,"exported":36,"imported":0.10000000149011612,"discharged":4.699999809265137,"maxPv":11.101}
