{"generated":6.400000095367432,"consumed":6.9484755859375,"exported":0.10000000149011612,"imported":0,"discharged":4.5,"maxPv":6.047}
