{"generated":30.900001525878906,"consumed":14.3530849609375,"exported":13,"imported":0,"discharged":5.5,"maxPv":11.674}
