{"generated":3.1999998092651367,"consumed":5.31755712890625,"exported":0,"imported":0.10000000149011612,"discharged":3,"maxPv":3.829}
