{"generated":13.799999237060547,"consumed":21.170291015625,"exported":0.10000000149011612,"imported":31.399999618530273,"discharged":4.099999904632568,"maxPv":5.067}
