{"generated":3.3000001907348633,"consumed":14.7860810546875,"exported":0.10000000149011612,"imported":4.199999809265137,"discharged":6.900000095367432,"maxPv":1.279}
