{"generated":0,"consumed":34.5310546875,"exported":0,"imported":2.299999952316284,"discharged":31.399999618530273,"maxPv":0}
