{"generated":21.399999618530273,"consumed":7.69944482421875,"exported":8.199999809265137,"imported":0.10000000149011612,"discharged":3.4000000953674316,"maxPv":9.549}
