{"generated":13,"consumed":8.8731318359375,"exported":0.10000000149011612,"imported":5.800000190734863,"discharged":0.4000000059604645,"maxPv":5.378}
