{"generated":53.20000457763672,"consumed":15.1706201171875,"exported":29.600000381469727,"imported":0.20000000298023224,"discharged":3.9000000953674316,"maxPv":10.377}
