{"generated":36.0999984741211,"consumed":8.956361328125,"exported":15.899999618530273,"imported":0.20000000298023224,"discharged":3.299999952316284,"maxPv":8.429}
