{"generated":41.9000015258789,"consumed":0.5979423828125,"exported":1.600000023841858,"imported":0.4000000059604645,"discharged":10.600000381469727,"maxPv":0}
