{"generated":10.700000762939453,"consumed":10.208634765625,"exported":0.10000000149011612,"imported":0.10000000149011612,"discharged":6.599999904632568,"maxPv":6.492}
