{"generated":30.5,"consumed":14.4831337890625,"exported":8.699999809265137,"imported":0.20000000298023224,"discharged":3.200000047683716,"maxPv":11.256}
