{"generated":39.10000228881836,"consumed":7.02485693359375,"exported":20,"imported":0.10000000149011612,"discharged":8.100000381469727,"maxPv":9.025}
