{"generated":6.400000095367432,"consumed":8.774314453125,"exported":0,"imported":0,"discharged":6,"maxPv":5.638}
