{"generated":0.4000000059604645,"consumed":4.6557900390625,"exported":0,"imported":34.9000015258789,"discharged":4,"maxPv":1.584}
