{"generated":32.70000076293945,"consumed":12.308548828125,"exported":1.600000023841858,"imported":0.20000000298023224,"discharged":5.199999809265137,"maxPv":8.987}
