{"generated":0.8999999910593033,"consumed":5.899999991059303,"exported":0}
