{"generated":0,"consumed":0.576675048828125,"exported":0,"imported":34.9000015258789,"discharged":0.5,"maxPv":0}
