{"generated":40.9000015258789,"consumed":9.846931640625,"exported":3.700000047683716,"imported":0.20000000298023224,"discharged":4.400000095367432,"maxPv":9.004}
