{"generated":38.9000015258789,"consumed":4.049072265625,"exported":20,"imported":0.10000000149011612,"discharged":5.5,"maxPv":9.025}
