{"generated":3.5,"consumed":8.873115234375,"exported":0,"imported":0.10000000149011612,"discharged":5.400000095367432,"maxPv":2.294}
