{"generated":0,"consumed":3.071082763671875,"exported":0,"imported":0.10000000149011612,"discharged":2.799999952316284,"maxPv":0}
