{"generated":20.30000114440918,"consumed":11.927576171875,"exported":0,"imported":0.10000000149011612,"discharged":7.699999809265137,"maxPv":7.351}
