{"generated":55.79999542236328,"consumed":11.5775576171875,"exported":35.4000015258789,"imported":0.20000000298023224,"discharged":4.300000190734863,"maxPv":8.787}
