{"generated":6.800000190734863,"consumed":7.643107421875,"exported":0,"imported":3.5999999046325684,"discharged":4.300000190734863,"maxPv":3.621}
