{"generated":2.999999761581421,"consumed":5.63526953125,"exported":0,"imported":28.5,"discharged":3.700000047683716,"maxPv":3.623}
