{"generated":11.699999809265137,"consumed":9.089048828125,"exported":0.10000000149011612,"imported":0.10000000149011612,"discharged":5.699999809265137,"maxPv":5.129}
