{"generated":23.200000762939453,"consumed":10.3476103515625,"exported":9,"imported":0.10000000149011612,"discharged":3.9000000953674316,"maxPv":13.648}
