{"generated":0,"consumed":4.74364208984375,"exported":0,"imported":4.900000095367432,"discharged":0,"maxPv":0.688}
