{"generated":62.5999984741211,"consumed":23.947962890625,"exported":34,"imported":0.20000000298023224,"discharged":9.5,"maxPv":8.429}
