{"generated":0,"consumed":2.908959228515625,"exported":0,"imported":0,"discharged":2.799999952316284,"maxPv":0}
