{"generated":41.4000015258789,"consumed":11.8234912109375,"exported":18.200000762939453,"imported":19.799999237060547,"discharged":21.899999618530273,"maxPv":8.324}
