{"generated":48.0999984741211,"consumed":16.346064453125,"exported":25.799999237060547,"imported":0.10000000149011612,"discharged":6.400000095367432,"maxPv":12.543}
