{"generated":20.600000381469727,"consumed":9.7039638671875,"exported":0.300000011920929,"imported":0.300000011920929,"discharged":4.199999809265137,"maxPv":12.708}
