{"generated":38.70000076293945,"consumed":11.343099609375,"exported":5,"imported":6.800000190734863,"discharged":4.599999904632568,"maxPv":11.105}
