{"generated":0,"consumed":5.54197998046875,"exported":0,"imported":25.299999237060547,"discharged":0,"maxPv":0}
