{"generated":31.60000228881836,"consumed":11.5258818359375,"exported":16.600000381469727,"imported":0.20000000298023224,"discharged":3.9000000953674316,"maxPv":12.118}
