{"generated":25.499998092651367,"consumed":12.8501396484375,"exported":0,"imported":4.5,"discharged":0,"maxPv":7.395}
