{"generated":53,"consumed":25.01266015625,"exported":18.5,"imported":0.10000000149011612,"discharged":4.400000095367432,"maxPv":9.124}
