{"generated":15.30000114440918,"consumed":7.73765185546875,"exported":1.7000000476837158,"imported":0.20000000298023224,"discharged":3.700000047683716,"maxPv":11.409}
