{"generated":20.299999237060547,"consumed":30.934634765625,"exported":0.4000000059604645,"imported":13.800000190734863,"discharged":8.600000381469727,"maxPv":6.186}
