{"generated":55.79999923706055,"consumed":21.9826328125,"exported":25,"imported":0.20000000298023224,"discharged":6.199999809265137,"maxPv":10.264}
