{"generated":41,"consumed":18.049298828125,"exported":22.700000762939453,"imported":2.799999952316284,"discharged":26.600000381469727,"maxPv":11.343}
