{"generated":29.60000228881836,"consumed":43.249421875,"exported":0,"imported":19.700000762939453,"discharged":4.800000190734863,"maxPv":7.576}
