{"generated":4.899999618530273,"consumed":7.20684619140625,"exported":0,"imported":5.800000190734863,"discharged":0.600000023841858,"maxPv":4.72}
