{"generated":0.20000000298023224,"consumed":6.39672216796875,"exported":0,"imported":0.10000000149011612,"discharged":5.599999904632568,"maxPv":0.517}
