{"generated":14.700000762939453,"consumed":14.0211982421875,"exported":0.20000000298023224,"imported":13.5,"discharged":4,"maxPv":4.665}
