{"generated":0,"consumed":4.62245703125,"exported":0,"imported":0,"discharged":4.199999809265137,"maxPv":0}
