{"generated":18.399999618530273,"consumed":18.868591796875,"exported":0.10000000149011612,"imported":1.7000000476837158,"discharged":11.199999809265137,"maxPv":5.397}
