{"generated":8.600000381469727,"consumed":8.8559912109375,"exported":0,"imported":0,"discharged":5.300000190734863,"maxPv":6.305}
