{"generated":0.699999988079071,"consumed":5.26082421875,"exported":0,"imported":0.10000000149011612,"discharged":4.099999904632568,"maxPv":1.82}
