{"generated":12.09999942779541,"consumed":13.739212890625,"exported":0,"imported":0.10000000149011612,"discharged":6,"maxPv":4.639}
