{"generated":36.70000076293945,"consumed":13.3302275390625,"exported":17.600000381469727,"imported":0.10000000149011612,"discharged":3.5,"maxPv":7.368}
