{"generated":48.0999984741211,"consumed":9.04082421875,"exported":13.699999809265137,"imported":0.10000000149011612,"discharged":3.700000047683716,"maxPv":8.031}
