{"generated":32.4000015258789,"consumed":19.4703125,"exported":3.299999952316284,"imported":0.20000000298023224,"discharged":3.0999999046325684,"maxPv":10.595}
