{"generated":0.6000000089406967,"consumed":32.55365625,"exported":0,"imported":0.10000000149011612,"discharged":6.900000095367432,"maxPv":1.032}
