{"generated":11,"consumed":16.02966796875,"exported":0.10000000149011612,"imported":6.800000190734863,"discharged":9,"maxPv":6.596}
