{"generated":0,"consumed":4.06211767578125,"exported":0,"imported":0,"discharged":3.700000047683716,"maxPv":0.035}
