{"generated":0,"consumed":0.9985635375976563,"exported":0,"imported":0.10000000149011612,"discharged":0.899999976158142,"maxPv":0}
