{"generated":21.599998474121094,"consumed":13.23819140625,"exported":0.10000000149011612,"imported":0.10000000149011612,"discharged":5.900000095367432,"maxPv":5.579}
