{"generated":46.5,"consumed":12.3300546875,"exported":29.399999618530273,"imported":0.300000011920929,"discharged":24.299999237060547,"maxPv":8.638}
