{"generated":21.19999885559082,"consumed":11.28825390625,"exported":0,"imported":4.599999904632568,"discharged":1.899999976158142,"maxPv":5.582}
