{"generated":43.39999771118164,"consumed":16.67412109375,"exported":10.100000381469727,"imported":0.10000000149011612,"discharged":3.200000047683716,"maxPv":7.259}
