{"generated":0,"consumed":3.332067138671875,"exported":0,"imported":0,"discharged":3.799999952316284,"maxPv":0}
