{"generated":22.999998092651367,"consumed":9.8972431640625,"exported":3,"imported":0.10000000149011612,"discharged":4.900000095367432,"maxPv":13.383}
