{"generated":5.599999904632568,"consumed":6.27572265625,"exported":0.10000000149011612,"imported":0.10000000149011612,"discharged":4.300000190734863,"maxPv":3.531}
