{"generated":19.200000762939453,"consumed":17.469931640625,"exported":0,"imported":0.10000000149011612,"discharged":11.100000381469727,"maxPv":6.026}
