{"generated":43.20000076293945,"consumed":13.5126416015625,"exported":28.600000381469727,"imported":5.5,"discharged":29,"maxPv":7.562}
