{"generated":0,"consumed":4.68107958984375,"exported":0,"imported":3.5999999046325684,"discharged":4.199999809265137,"maxPv":0.153}
