{"generated":7.499999523162842,"consumed":8.8972080078125,"exported":0,"imported":0.4000000059604645,"discharged":4.400000095367432,"maxPv":5.808}
