{"generated":42.60000038146973,"consumed":23.100000478327274,"exported":12}
