{"generated":20.700000762939453,"consumed":18.402025390625,"exported":0.300000011920929,"imported":0.4000000059604645,"discharged":10,"maxPv":7.674}
