{"generated":41.29999923706055,"consumed":9.665689453125,"exported":6.300000190734863,"imported":0.10000000149011612,"discharged":4.5,"maxPv":8.734}
