{"generated":32.4000015258789,"consumed":9.78676953125,"exported":0.300000011920929,"imported":10.800000190734863,"discharged":0.10000000149011612,"maxPv":11.521}
