{"generated":58.39999771118164,"consumed":32.60268359375,"exported":23.100000381469727,"imported":0.20000000298023224,"discharged":9.199999809265137,"maxPv":9.681}
