{"generated":5.300000086426735,"consumed":9.50000013411045,"exported":0.10000000149011612}
