{"generated":0,"consumed":1.59573681640625,"exported":0,"imported":0.20000000298023224,"discharged":1,"maxPv":0}
