{"generated":40.0999984741211,"consumed":0.7874091186523438,"exported":7.800000190734863,"imported":0.20000000298023224,"discharged":11.899999618530273,"maxPv":0}
