{"generated":43.49999952316284,"consumed":22.136962890625,"exported":13,"imported":0.300000011920929,"discharged":5.5,"maxPv":11.393}
