{"generated":43.29999923706055,"consumed":8.537224609375,"exported":9.300000190734863,"imported":0.300000011920929,"discharged":3.9000000953674316,"maxPv":7.937}
