{"generated":19.80000114440918,"consumed":10.5008369140625,"exported":0.20000000298023224,"imported":0.10000000149011612,"discharged":5.300000190734863,"maxPv":13.091}
