{"generated":12.300000190734863,"consumed":6.7326689453125,"exported":0,"imported":4.5,"discharged":0,"maxPv":5.692}
