{"generated":36.20000457763672,"consumed":9.5425810546875,"exported":11.600000381469727,"imported":0.20000000298023224,"discharged":3.299999952316284,"maxPv":8.434}
