{"generated":22.5,"consumed":10.760126953125,"exported":6.599999904632568,"imported":0.20000000298023224,"discharged":4.199999809265137,"maxPv":11.129}
