{"generated":51.60000228881836,"consumed":11.4613642578125,"exported":24.899999618530273,"imported":0.20000000298023224,"discharged":13.699999809265137,"maxPv":8.248}
