{"generated":0.800000011920929,"consumed":7.166169921875,"exported":0,"imported":0,"discharged":6.699999809265137,"maxPv":1.36}
