{"generated":54.30000305175781,"consumed":16.2857626953125,"exported":30.5,"imported":0.20000000298023224,"discharged":3.299999952316284,"maxPv":12.933}
