{"generated":63,"consumed":22.210935546875,"exported":37.5,"imported":0.10000000149011612,"discharged":7.300000190734863,"maxPv":8.685}
