{"generated":39.5,"consumed":17.9278515625,"exported":1.899999976158142,"imported":6.900000095367432,"discharged":3.9000000953674316,"maxPv":11.367}
