{"generated":66.6999969482422,"consumed":30.02001171875,"exported":37,"imported":0.20000000298023224,"discharged":13.899999618530273,"maxPv":8.902}
