{"generated":11.40000057220459,"consumed":9.9494248046875,"exported":0,"imported":5.699999809265137,"discharged":0.600000023841858,"maxPv":3.845}
