{"generated":68.4000015258789,"consumed":23.521787109375,"exported":43,"imported":0.10000000149011612,"discharged":10.899999618530273,"maxPv":8.981}
