{"generated":30.600000381469727,"consumed":11.891673828125,"exported":0,"imported":0.10000000149011612,"discharged":3.700000047683716,"maxPv":8.504}
