{"generated":20.80000114440918,"consumed":17.143716796875,"exported":0.10000000149011612,"imported":0.10000000149011612,"discharged":7.800000190734863,"maxPv":6.921}
