{"generated":15.09999942779541,"consumed":13.0319921875,"exported":0,"imported":0,"discharged":7.599999904632568,"maxPv":5.638}
