{"generated":69.19999885559082,"consumed":15.9196435546875,"exported":46.79999923706055,"imported":0.20000000298023224,"discharged":11.899999618530273,"maxPv":10.996}
