{"generated":4.100000381469727,"consumed":16.887626953125,"exported":0.10000000149011612,"imported":5.099999904632568,"discharged":8.800000190734863,"maxPv":2.191}
