{"generated":10.299999237060547,"consumed":9.1235751953125,"exported":0,"imported":0.10000000149011612,"discharged":5.099999904632568,"maxPv":6.48}
