{"generated":65.5,"consumed":28.95187890625,"exported":33.20000076293945,"imported":0.10000000149011612,"discharged":7.599999904632568,"maxPv":8.577}
