{"generated":4.800000190734863,"consumed":7.2516484375,"exported":0,"imported":5.599999904632568,"discharged":0.600000023841858,"maxPv":2.439}
