{"generated":30.899999618530273,"consumed":52.11162890625,"exported":10.100000381469727,"imported":32.0999984741211,"discharged":17.700000762939453,"maxPv":10.34}
