{"generated":20,"consumed":11.3925107421875,"exported":0.20000000298023224,"imported":2.700000047683716,"discharged":3.0999999046325684,"maxPv":6.411}
