{"generated":67.50000190734863,"consumed":0.8457083129882812,"exported":44.0999984741211,"imported":0,"discharged":9.600000381469727,"maxPv":0}
