{"generated":39.9000015258789,"consumed":10.624380859375,"exported":21,"imported":0.10000000149011612,"discharged":4.099999904632568,"maxPv":7.146}
