{"generated":0.10000000149011612,"consumed":5.810859375,"exported":0,"imported":0,"discharged":5.400000095367432,"maxPv":0.188}
