{"generated":22.100000381469727,"consumed":21.448353515625,"exported":0.10000000149011612,"imported":0.10000000149011612,"discharged":4,"maxPv":8.539}
