{"generated":0,"consumed":4.37142529296875,"exported":0,"imported":3.700000047683716,"discharged":1.899999976158142,"maxPv":0}
