{"generated":0.4000000059604645,"consumed":5.08554248046875,"exported":0,"imported":0,"discharged":4.599999904632568,"maxPv":0.974}
