{"generated":0,"consumed":3.420483642578125,"exported":0,"imported":18.100000381469727,"discharged":3.200000047683716,"maxPv":0}
