{"generated":40.80000305175781,"consumed":68.518359375,"exported":18.799999237060547,"imported":46,"discharged":6.199999809265137,"maxPv":7.14}
