{"generated":35,"consumed":27.09999990463257,"exported":2.9000000953674316}
