{"generated":0.4000000059604645,"consumed":5.250732421875,"exported":0,"imported":3.5999999046325684,"discharged":4.300000190734863,"maxPv":0.808}
