{"generated":66.8000030517578,"consumed":28.84112109375,"exported":35.4000015258789,"imported":0.20000000298023224,"discharged":6.300000190734863,"maxPv":8.629}
