{"generated":49.69999694824219,"consumed":13.654775390625,"exported":29.799999237060547,"imported":0.10000000149011612,"discharged":5,"maxPv":12.566}
