{"generated":57.599998474121094,"consumed":16.099997520446777,"exported":37.20000076293945}
