{"generated":51.60000228881836,"consumed":13.12485546875,"exported":34,"imported":0.20000000298023224,"discharged":24.799999237060547,"maxPv":8.248}
