{"generated":6.299999713897705,"consumed":5.62603271484375,"exported":0,"imported":0.10000000149011612,"discharged":3.299999952316284,"maxPv":5.761}
