{"generated":27.600000381469727,"consumed":29.748408203125,"exported":0.10000000149011612,"imported":0.10000000149011612,"discharged":6,"maxPv":12.77}
