{"generated":21.399999618530273,"consumed":15.38881640625,"exported":0,"imported":4.599999904632568,"discharged":5.400000095367432,"maxPv":5.582}
