{"generated":0.600000023841858,"consumed":5.6059365234375,"exported":0,"imported":1.600000023841858,"discharged":4.5,"maxPv":1.018}
