{"generated":33.79999923706055,"consumed":18.6113359375,"exported":17,"imported":0.20000000298023224,"discharged":28.100000381469727,"maxPv":0.171}
