{"generated":3.799999713897705,"consumed":7.3886044921875,"exported":0,"imported":0,"discharged":4.900000095367432,"maxPv":9.829}
