{"generated":19.899999618530273,"consumed":14.1761865234375,"exported":0.10000000149011612,"imported":0.20000000298023224,"discharged":7.400000095367432,"maxPv":5.033}
