{"generated":26,"consumed":23.887099609375,"exported":0.10000000149011612,"imported":0.20000000298023224,"discharged":8.699999809265137,"maxPv":5.645}
