{"generated":7.09999942779541,"consumed":6.64549609375,"exported":0,"imported":0.10000000149011612,"discharged":3.799999952316284,"maxPv":6.449}
