{"generated":20,"consumed":16.995837890625,"exported":0,"imported":0.10000000149011612,"discharged":10.699999809265137,"maxPv":0}
