{"generated":58.39999771118164,"consumed":23.631748046875,"exported":34.0999984741211,"imported":5.900000095367432,"discharged":27.100000381469727,"maxPv":9.785}
