{"generated":0.5,"consumed":4.059248291015625,"exported":0,"imported":0,"discharged":3.299999952316284,"maxPv":0.833}
