{"generated":6.999999523162842,"consumed":7.92335546875,"exported":0,"imported":0,"discharged":4.900000095367432,"maxPv":11.356}
