{"generated":5.200000286102295,"consumed":7.9929306640625,"exported":0,"imported":0.10000000149011612,"discharged":4.199999809265137,"maxPv":4.505}
