{"generated":58.39999771118164,"consumed":26.054736328125,"exported":34.0999984741211,"imported":5.900000095367432,"discharged":29.399999618530273,"maxPv":9.785}
