{"generated":0,"consumed":15.4392431640625,"exported":0,"imported":10.399999618530273,"discharged":3.9000000953674316,"maxPv":0.062}
