{"generated":14.300000190734863,"consumed":8.3469990234375,"exported":0.20000000298023224,"imported":0.10000000149011612,"discharged":3.9000000953674316,"maxPv":10.891}
