{"generated":44.10000228881836,"consumed":13.6462568359375,"exported":26.399999618530273,"imported":0.10000000149011612,"discharged":3.9000000953674316,"maxPv":13.648}
