{"generated":25.799999237060547,"consumed":11.232234375,"exported":1.7000000476837158,"imported":0.10000000149011612,"discharged":4.5,"maxPv":6.207}
