{"generated":9.199999928474426,"consumed":10.200000025331974,"exported":0,"imported":0.10000000149011612,"discharged":7.300000190734863,"maxPv":9.874}
