{"generated":66.80000019073486,"consumed":21.599888671875,"exported":36.20000076293945,"imported":0.20000000298023224,"discharged":11.800000190734863,"maxPv":9.018}
