{"generated":0.300000011920929,"consumed":6.70257177734375,"exported":0,"imported":3.0999999046325684,"discharged":4.5,"maxPv":1.133}
