{"generated":0,"consumed":3.281942138671875,"exported":0,"imported":0.10000000149011612,"discharged":2.5999999046325684,"maxPv":0}
