{"generated":30.60000228881836,"consumed":12.273583984375,"exported":0.300000011920929,"imported":9.5,"discharged":5.300000190734863,"maxPv":13.091}
