{"generated":1.7000000476837158,"consumed":5.7481337890625,"exported":0,"imported":0.10000000149011612,"discharged":4.400000095367432,"maxPv":2.739}
