{"generated":7.300000190734863,"consumed":14.276650390625,"exported":0.10000000149011612,"imported":7.800000190734863,"discharged":6.300000190734863,"maxPv":5.403}
