{"generated":58.0999984741211,"consumed":15.6391064453125,"exported":18.799999237060547,"imported":0.10000000149011612,"discharged":6.099999904632568,"maxPv":9.785}
