{"generated":20.299999237060547,"consumed":17.35960546875,"exported":0.20000000298023224,"imported":0.300000011920929,"discharged":5.5,"maxPv":11.109}
