{"generated":28.19999885559082,"consumed":8.32596875,"exported":14.199999809265137,"imported":0.10000000149011612,"discharged":3.5999999046325684,"maxPv":12.666}
