{"generated":66.39999961853027,"consumed":45.46940625,"exported":36.20000076293945,"imported":0.20000000298023224,"discharged":23.700000762939453,"maxPv":8.967}
