{"generated":46.9000015258789,"consumed":27.197458984375,"exported":22.600000381469727,"imported":15.699999809265137,"discharged":33.5,"maxPv":8.076}
