{"generated":19.100000381469727,"consumed":10.2911884765625,"exported":0,"imported":0.10000000149011612,"discharged":5.800000190734863,"maxPv":6.336}
