{"generated":52.70000076293945,"consumed":7.686759765625,"exported":40.5999984741211,"imported":0.10000000149011612,"discharged":3,"maxPv":8.916}
