{"generated":4.900000095367432,"consumed":16.061505859375,"exported":0,"imported":42,"discharged":7.699999809265137,"maxPv":2.295}
