{"generated":51.0999984741211,"consumed":11.262453125,"exported":24.5,"imported":0.300000011920929,"discharged":13.699999809265137,"maxPv":8.031}
