{"generated":41.29999923706055,"consumed":19.760115234375,"exported":14.399999618530273,"imported":18.100000381469727,"discharged":18.5,"maxPv":7.885}
