{"generated":1,"consumed":5.84307568359375,"exported":0,"imported":0.300000011920929,"discharged":3.5999999046325684,"maxPv":1.482}
