{"generated":0.10000000149011612,"consumed":4.85255810546875,"exported":0,"imported":1.5,"discharged":3.9000000953674316,"maxPv":0.076}
