{"generated":0.8000000715255737,"consumed":4.17876171875,"exported":0,"imported":0.10000000149011612,"discharged":3,"maxPv":1.744}
