{"generated":55.70000076293945,"consumed":21.76894140625,"exported":11,"imported":4.199999809265137,"discharged":6.099999904632568,"maxPv":8.733}
