{"generated":64.5999984741211,"consumed":16.64495703125,"exported":40.79999923706055,"imported":0.10000000149011612,"discharged":5.699999809265137,"maxPv":8.432}
