{"generated":38.29999923706055,"consumed":17.6742734375,"exported":13.399999618530273,"imported":0.20000000298023224,"discharged":3.799999952316284,"maxPv":10.272}
