{"generated":21,"consumed":11.0797451171875,"exported":0,"imported":0.10000000149011612,"discharged":4.400000095367432,"maxPv":6.486}
