{"generated":5.599999904632568,"consumed":5.643736328125,"exported":0,"imported":0.10000000149011612,"discharged":3.299999952316284,"maxPv":4.709}
