{"generated":30.900001525878906,"consumed":9.9699072265625,"exported":14.399999618530273,"imported":0.10000000149011612,"discharged":3.9000000953674316,"maxPv":10.891}
