{"generated":23.099998474121094,"consumed":10.83694140625,"exported":1.399999976158142,"imported":0.20000000298023224,"discharged":4.199999809265137,"maxPv":12.665}
