{"generated":57.20000076293945,"consumed":0.6056306762695313,"exported":40.20000076293945,"imported":0.20000000298023224,"discharged":7,"maxPv":0}
