{"generated":57.499996185302734,"consumed":26.75144921875,"exported":27.700000762939453,"imported":0.20000000298023224,"discharged":7.599999904632568,"maxPv":10.272}
