{"generated":65.69999885559082,"consumed":40.31127734375,"exported":32.20000076293945,"imported":0.20000000298023224,"discharged":9.600000381469727,"maxPv":9.904}
