{"generated":1,"consumed":7.94319091796875,"exported":0,"imported":23.299999237060547,"discharged":5.300000190734863,"maxPv":1.602}
