{"generated":4.800000190734863,"consumed":7.28343994140625,"exported":0,"imported":0.20000000298023224,"discharged":4,"maxPv":3.655}
