{"generated":21.5,"consumed":16.809642578125,"exported":0.10000000149011612,"imported":0.10000000149011612,"discharged":7.300000190734863,"maxPv":7.291}
