{"generated":2,"consumed":8.5620283203125,"exported":0.10000000149011612,"imported":0.10000000149011612,"discharged":6.800000190734863,"maxPv":1.413}
