{"generated":24.700000762939453,"consumed":10.6704169921875,"exported":8.800000190734863,"imported":0.10000000149011612,"discharged":3.799999952316284,"maxPv":14.077}
