{"generated":38.39999771118164,"consumed":17.2653359375,"exported":14.199999809265137,"imported":0.300000011920929,"discharged":4.699999809265137,"maxPv":11.721}
