{"generated":17.399999618530273,"consumed":43.827796875,"exported":3.9000000953674316,"imported":36.9000015258789,"discharged":9.800000190734863,"maxPv":10.062}
