{"generated":9.5,"consumed":13.9743037109375,"exported":0.10000000149011612,"imported":0.10000000149011612,"discharged":8.5,"maxPv":6.168}
