{"generated":54.70000076293945,"consumed":32.290001953125,"exported":2,"imported":4.199999809265137,"discharged":5.800000190734863,"maxPv":8.761}
