{"generated":0,"consumed":3.907936767578125,"exported":0,"imported":32.79999923706055,"discharged":3.5999999046325684,"maxPv":0}
