{"generated":62.5,"consumed":21.52475,"exported":34,"imported":0.20000000298023224,"discharged":7.400000095367432,"maxPv":8.429}
