{"generated":0,"consumed":0.7422608032226562,"exported":0,"imported":5.699999809265137,"discharged":0.300000011920929,"maxPv":0}
