{"generated":6.900000095367432,"consumed":8.471427734375,"exported":0,"imported":9.100000381469727,"discharged":5.400000095367432,"maxPv":6.028}
