{"generated":0.10000000149011612,"consumed":4.9988974609375,"exported":0,"imported":0.10000000149011612,"discharged":4.400000095367432,"maxPv":0.197}
