{"generated":0,"consumed":4.4658095703125,"exported":0,"imported":4.900000095367432,"discharged":0,"maxPv":0.012}
