{"generated":19.899999618530273,"consumed":13.2217509765625,"exported":0.10000000149011612,"imported":0.20000000298023224,"discharged":6.5,"maxPv":5.033}
