{"generated":57.19999885559082,"consumed":31.780197265625,"exported":6.199999809265137,"imported":0.10000000149011612,"discharged":19.5,"maxPv":9.386}
