{"generated":0,"consumed":4.7518095703125,"exported":0,"imported":25.799999237060547,"discharged":2.9000000953674316,"maxPv":0}
