{"generated":66.5,"consumed":26.641599609375,"exported":35.4000015258789,"imported":0.20000000298023224,"discharged":4.599999904632568,"maxPv":8.629}
