{"generated":37.60000228881836,"consumed":14.1553740234375,"exported":18.399999618530273,"imported":0.10000000149011612,"discharged":4.300000190734863,"maxPv":7.743}
