{"generated":27,"consumed":13.34840234375,"exported":7.900000095367432,"imported":0.10000000149011612,"discharged":6.599999904632568,"maxPv":6.156}
