{"generated":44.70000076293945,"consumed":9.7099423828125,"exported":9.800000190734863,"imported":0.699999988079071,"discharged":3.9000000953674316,"maxPv":8.057}
