{"generated":0.5000000074505806,"consumed":5.17731298828125,"exported":0,"imported":0,"discharged":4.5,"maxPv":1.342}
