{"generated":15.09999942779541,"consumed":6.20098876953125,"exported":0.10000000149011612,"imported":0.300000011920929,"discharged":3,"maxPv":9.558}
