{"generated":53.79999923706055,"consumed":28.11787890625,"exported":1.899999976158142,"imported":0.600000023841858,"discharged":4.099999904632568,"maxPv":8.761}
