{"generated":55,"consumed":14.9482216796875,"exported":32.29999923706055,"imported":0.20000000298023224,"discharged":4.099999904632568,"maxPv":8.766}
