{"generated":0.8000000715255737,"consumed":3.980263671875,"exported":0,"imported":0.20000000298023224,"discharged":2.700000047683716,"maxPv":1.626}
