{"generated":0.20000000298023224,"consumed":6.0008896484375,"exported":0,"imported":0,"discharged":5.400000095367432,"maxPv":0.287}
