{"generated":18.999999523162842,"consumed":15.49999962002039,"exported":0}
