{"generated":11.699999809265137,"consumed":7.9751640625,"exported":0,"imported":0.10000000149011612,"discharged":4.599999904632568,"maxPv":7.727}
