{"generated":39.70000076293945,"consumed":50.2908046875,"exported":0.10000000149011612,"imported":19.700000762939453,"discharged":5.900000095367432,"maxPv":7.97}
