{"generated":21.099998474121094,"consumed":12.4717314453125,"exported":0.10000000149011612,"imported":5.900000095367432,"discharged":1.2999999523162842,"maxPv":5.485}
