{"generated":0,"consumed":4.17991357421875,"exported":0,"imported":1,"discharged":4.300000190734863,"maxPv":0}
