{"generated":0.20000000298023224,"consumed":5.82777392578125,"exported":0,"imported":0,"discharged":5,"maxPv":1.185}
