{"generated":22.799999237060547,"consumed":12.3196259765625,"exported":2.9000000953674316,"imported":0.20000000298023224,"discharged":3.9000000953674316,"maxPv":10.377}
