{"generated":20.700000762939453,"consumed":12.8311748046875,"exported":0,"imported":0.20000000298023224,"discharged":4.800000190734863,"maxPv":6.186}
