{"generated":3.6000001430511475,"consumed":6.598220703125,"exported":0,"imported":0.20000000298023224,"discharged":4.800000190734863,"maxPv":4.839}
