{"generated":1.400000050663948,"consumed":6.400000147521496,"exported":0}
