{"generated":66.30000114440918,"consumed":17.299384765625,"exported":44.20000076293945,"imported":0.10000000149011612,"discharged":9.600000381469727,"maxPv":9.086}
