{"generated":66.5,"consumed":33.8272578125,"exported":25.600000381469727,"imported":0.10000000149011612,"discharged":4,"maxPv":9.45}
