{"generated":0.10000000149011612,"consumed":5.370771484375,"exported":0,"imported":0.10000000149011612,"discharged":5.099999904632568,"maxPv":0.137}
