{"generated":45.29999923706055,"consumed":10.999771484375,"exported":29.799999237060547,"imported":0.10000000149011612,"discharged":3.5999999046325684,"maxPv":7.833}
