{"generated":2.299999952316284,"consumed":6.07221337890625,"exported":0,"imported":0.20000000298023224,"discharged":4,"maxPv":3.655}
