{"generated":35.39999961853027,"consumed":20.989603515625,"exported":6.199999809265137,"imported":0.300000011920929,"discharged":5.5,"maxPv":11.393}
