{"generated":9.699999809265137,"consumed":6.45786572265625,"exported":0.300000011920929,"imported":0.10000000149011612,"discharged":3.299999952316284,"maxPv":10.832}
