{"generated":56.19999980926514,"consumed":28.799998857080944,"exported":34.9000015258789}
