{"generated":14.09999942779541,"consumed":7.3475244140625,"exported":0.10000000149011612,"imported":3.200000047683716,"discharged":4.199999809265137,"maxPv":8.768}
