{"generated":0,"consumed":1.3017740478515625,"exported":0,"imported":0.10000000149011612,"discharged":1.2000000476837158,"maxPv":0}
