{"generated":14.5,"consumed":9.0673955078125,"exported":0.10000000149011612,"imported":0.10000000149011612,"discharged":4.599999904632568,"maxPv":6.281}
