{"generated":0.10000000149011612,"consumed":5.00081982421875,"exported":0,"imported":0.20000000298023224,"discharged":4,"maxPv":0.205}
