{"generated":50.0999984741211,"consumed":15.643783203125,"exported":22.700000762939453,"imported":0.20000000298023224,"discharged":3.5,"maxPv":10.264}
