{"generated":29.400001525878906,"consumed":7.1875205078125,"exported":0.10000000149011612,"imported":0.10000000149011612,"discharged":3.5,"maxPv":7.943}
