{"generated":51.29999923706055,"consumed":12.17219140625,"exported":33.0999984741211,"imported":0.20000000298023224,"discharged":3.799999952316284,"maxPv":9.694}
