{"generated":20.30000114440918,"consumed":11.2787744140625,"exported":0,"imported":0.10000000149011612,"discharged":7.099999904632568,"maxPv":7.351}
