{"generated":1.4000000953674316,"consumed":5.68763525390625,"exported":0,"imported":0.10000000149011612,"discharged":3.799999952316284,"maxPv":1.512}
