{"generated":18.100000381469727,"consumed":13.9790029296875,"exported":0,"imported":0.20000000298023224,"discharged":7,"maxPv":5.058}
