{"generated":51.80000305175781,"consumed":10.326953125,"exported":29.600000381469727,"imported":0.20000000298023224,"discharged":3.299999952316284,"maxPv":8.429}
