{"generated":20.90000021457672,"consumed":16.699999928474426,"exported":0.10000000149011612}
