{"generated":14.399999618530273,"consumed":12.2980126953125,"exported":0.10000000149011612,"imported":5.400000095367432,"discharged":1.100000023841858,"maxPv":8.155}
