{"generated":34,"consumed":24.159880859375,"exported":10.800000190734863,"imported":0.300000011920929,"discharged":16.100000381469727,"maxPv":8.197}
