{"generated":21.5,"consumed":17.76733984375,"exported":0.10000000149011612,"imported":0.10000000149011612,"discharged":8.199999809265137,"maxPv":7.291}
