{"generated":25.80000114440918,"consumed":15.5797802734375,"exported":7.300000190734863,"imported":0.20000000298023224,"discharged":4.300000190734863,"maxPv":11.961}
