{"generated":0.8999999910593033,"consumed":5.499999895691872,"exported":0}
