{"generated":60.0999984741211,"consumed":17.234763671875,"exported":38.20000076293945,"imported":0.10000000149011612,"discharged":7.599999904632568,"maxPv":10.051}
