{"generated":0,"consumed":3.72474462890625,"exported":0,"imported":0.5,"discharged":2.799999952316284,"maxPv":0}
