{"generated":2.5,"consumed":6.59090234375,"exported":0,"imported":4.599999904632568,"discharged":1.899999976158142,"maxPv":2.284}
