{"generated":2.799999952316284,"consumed":5.712037109375,"exported":0.10000000149011612,"imported":0.20000000298023224,"discharged":3.5999999046325684,"maxPv":3.607}
