{"generated":1.100000023841858,"consumed":5.66386083984375,"exported":0,"imported":0.300000011920929,"discharged":3.799999952316284,"maxPv":4.096}
