{"generated":33.70000076293945,"consumed":17.39187890625,"exported":14.399999618530273,"imported":0.10000000149011612,"discharged":6.300000190734863,"maxPv":14.077}
