{"generated":19,"consumed":14.618169921875,"exported":0.10000000149011612,"imported":0.20000000298023224,"discharged":9,"maxPv":5.48}
