{"generated":44.5,"consumed":16.0917412109375,"exported":26.5,"imported":0.10000000149011612,"discharged":5.800000190734863,"maxPv":13.648}
