{"generated":62.400001525878906,"consumed":3.495159423828125,"exported":11.699999809265137,"imported":0.5,"discharged":11.899999618530273,"maxPv":0}
