{"generated":22.099998474121094,"consumed":30.155763671875,"exported":0.300000011920929,"imported":0.20000000298023224,"discharged":20.700000762939453,"maxPv":10.903}
