{"generated":3.700000286102295,"consumed":6.2490947265625,"exported":0,"imported":0.20000000298023224,"discharged":3.5999999046325684,"maxPv":7.516}
