{"generated":20.299999237060547,"consumed":9.4470673828125,"exported":0.10000000149011612,"imported":0.10000000149011612,"discharged":4.699999809265137,"maxPv":6.533}
