{"generated":58.70000076293945,"consumed":22.015763671875,"exported":29.799999237060547,"imported":0.300000011920929,"discharged":4,"maxPv":11.256}
