{"generated":44.29999923706055,"consumed":9.655927734375,"exported":23,"imported":0.20000000298023224,"discharged":3.299999952316284,"maxPv":8.429}
