{"generated":8,"consumed":11.510560546875,"exported":0,"imported":5.300000190734863,"discharged":7.599999904632568,"maxPv":4.936}
