{"generated":5.900000095367432,"consumed":6.421751953125,"exported":0,"imported":0,"discharged":4.5,"maxPv":4.983}
