{"generated":0.5,"consumed":5.36852734375,"exported":0,"imported":0,"discharged":4.800000190734863,"maxPv":1.685}
