{"generated":26.80000114440918,"consumed":15.806658203125,"exported":4.099999904632568,"imported":0.10000000149011612,"discharged":6.300000190734863,"maxPv":6.233}
