{"generated":24.30000114440918,"consumed":7.88618701171875,"exported":0,"imported":5.5,"discharged":4.300000190734863,"maxPv":7.562}
