{"generated":55.80000114440918,"consumed":14.974072265625,"exported":33.5999984741211,"imported":0,"discharged":5.199999809265137,"maxPv":8.934}
