{"generated":66.4000015258789,"consumed":47.2258125,"exported":19.700000762939453,"imported":0.20000000298023224,"discharged":10.899999618530273,"maxPv":8.831}
