{"generated":34.70000076293945,"consumed":9.76984765625,"exported":20.700000762939453,"imported":0.10000000149011612,"discharged":3.4000000953674316,"maxPv":12.086}
