{"generated":5.900000095367432,"consumed":7.19854833984375,"exported":0,"imported":0.10000000149011612,"discharged":4.800000190734863,"maxPv":4.941}
