{"generated":21.399999618530273,"consumed":14.6620458984375,"exported":0,"imported":4.599999904632568,"discharged":4.699999809265137,"maxPv":5.582}
