{"generated":20.5,"consumed":12.304439453125,"exported":0,"imported":0.10000000149011612,"discharged":6.699999809265137,"maxPv":6.336}
