{"generated":61.29999542236328,"consumed":28.947859375,"exported":21.100000381469727,"imported":0.20000000298023224,"discharged":3.299999952316284,"maxPv":11.092}
