{"generated":25.199999809265137,"consumed":22.200000286102295,"exported":0.10000000149011612,"imported":0.10000000149011612,"discharged":7.900000095367432,"maxPv":11.567}
