{"generated":7.599999904632568,"consumed":8.63592578125,"exported":0,"imported":0,"discharged":5.400000095367432,"maxPv":7.844}
