{"generated":0.10000000149011612,"consumed":4.06318359375,"exported":0,"imported":0.300000011920929,"discharged":3.700000047683716,"maxPv":0.072}
