{"generated":6.599999904632568,"consumed":9.39216796875,"exported":0,"imported":0,"discharged":6.599999904632568,"maxPv":6.492}
