{"generated":1.5,"consumed":10.674263671875,"exported":0.10000000149011612,"imported":2.5,"discharged":6.900000095367432,"maxPv":1.279}
