{"generated":42.79999923706055,"consumed":12.694232421875,"exported":25.5,"imported":0.20000000298023224,"discharged":4.199999809265137,"maxPv":7.181}
