{"generated":10.100000381469727,"consumed":12.1665869140625,"exported":0,"imported":1.600000023841858,"discharged":6.099999904632568,"maxPv":5.355}
