{"generated":20.30000114440918,"consumed":12.720982421875,"exported":0,"imported":0.10000000149011612,"discharged":8.399999618530273,"maxPv":7.351}
