{"generated":52.09999942779541,"consumed":12.78280078125,"exported":31.5,"imported":0.10000000149011612,"discharged":4.800000190734863,"maxPv":11.511}
