{"generated":56.20000076293945,"consumed":12.3745595703125,"exported":33.20000076293945,"imported":0.10000000149011612,"discharged":3.700000047683716,"maxPv":9.785}
