{"generated":43.29999923706055,"consumed":20.820888671875,"exported":12.600000381469727,"imported":0.20000000298023224,"discharged":9.100000381469727,"maxPv":7.264}
