{"generated":16.200000762939453,"consumed":15.44597265625,"exported":0.10000000149011612,"imported":0.20000000298023224,"discharged":9.699999809265137,"maxPv":4.594}
