{"generated":4.899999618530273,"consumed":5.2286240234375,"exported":0,"imported":0,"discharged":3.700000047683716,"maxPv":4.104}
