{"generated":48.19999980926514,"consumed":56.40000009536743,"exported":0.20000000298023224}
