{"generated":66.49999904632568,"consumed":47.18409765625,"exported":32.20000076293945,"imported":0.20000000298023224,"discharged":11.100000381469727,"maxPv":9.904}
