{"generated":37,"consumed":10.289576171875,"exported":3,"imported":1.7000000476837158,"discharged":4.199999809265137,"maxPv":11.343}
