{"generated":0,"consumed":1.142521240234375,"exported":0,"imported":0.300000011920929,"discharged":1.100000023841858,"maxPv":0}
