{"generated":2.799999952316284,"consumed":7.18056103515625,"exported":0.10000000149011612,"imported":0.10000000149011612,"discharged":5,"maxPv":7.136}
