{"generated":30.69999885559082,"consumed":11.5595048828125,"exported":13.899999618530273,"imported":0.10000000149011612,"discharged":3.799999952316284,"maxPv":7.641}
