{"generated":1,"consumed":6.07849658203125,"exported":0,"imported":0.10000000149011612,"discharged":4.300000190734863,"maxPv":3.206}
