{"generated":6.800000190734863,"consumed":8.865787109375,"exported":0,"imported":0.10000000149011612,"discharged":5.300000190734863,"maxPv":6.168}
