{"generated":14.40000057220459,"consumed":5.6762236328125,"exported":5.800000190734863,"imported":0,"discharged":3,"maxPv":10.789}
