{"generated":27.5,"consumed":10.6624716796875,"exported":0.20000000298023224,"imported":0.10000000149011612,"discharged":3.799999952316284,"maxPv":11.367}
