{"generated":0.8000000715255737,"consumed":4.61244677734375,"exported":0,"imported":0,"discharged":3.799999952316284,"maxPv":1.937}
