{"generated":0,"consumed":5.2310263671875,"exported":0,"imported":0.20000000298023224,"discharged":4.300000190734863,"maxPv":0.075}
