{"generated":64.5,"consumed":17.226142578125,"exported":44.70000076293945,"imported":0.10000000149011612,"discharged":5.300000190734863,"maxPv":8.978}
