{"generated":1,"consumed":5.1224375,"exported":0,"imported":0.300000011920929,"discharged":4.199999809265137,"maxPv":2.761}
