{"generated":6.400000095367432,"consumed":7.959953125,"exported":0,"imported":0.10000000149011612,"discharged":5.099999904632568,"maxPv":6.189}
