{"generated":58.39999771118164,"consumed":25.275611328125,"exported":34.0999984741211,"imported":5.900000095367432,"discharged":28.600000381469727,"maxPv":9.785}
