{"generated":57.79999923706055,"consumed":42.21051171875,"exported":0.300000011920929,"imported":6.599999904632568,"discharged":5.099999904632568,"maxPv":8.917}
