{"generated":58.39999771118164,"consumed":21.68092578125,"exported":26.399999618530273,"imported":5.900000095367432,"discharged":17.200000762939453,"maxPv":9.785}
