{"generated":66,"consumed":39.77898046875,"exported":19.600000381469727,"imported":0.20000000298023224,"discharged":4.300000190734863,"maxPv":8.831}
