{"generated":17.199999570846558,"consumed":9.799999952316284,"exported":0.10000000149011612}
