{"generated":26.09999990463257,"consumed":12.100000001490116,"exported":0}
