{"generated":3.700000047683716,"consumed":4.6323623046875,"exported":0,"imported":0.10000000149011612,"discharged":2.5999999046325684,"maxPv":3.801}
