{"generated":53.20000076293945,"consumed":18.945201171875,"exported":12.300000190734863,"imported":4.699999809265137,"discharged":6.599999904632568,"maxPv":8.199}
