{"generated":17.399999618530273,"consumed":35.2956796875,"exported":0.10000000149011612,"imported":31.399999618530273,"discharged":13.699999809265137,"maxPv":5.067}
