{"generated":21.099998474121094,"consumed":11.496759765625,"exported":0.10000000149011612,"imported":0.10000000149011612,"discharged":4.699999809265137,"maxPv":5.579}
