{"generated":52.000003814697266,"consumed":15.56644140625,"exported":29.799999237060547,"imported":0.4000000059604645,"discharged":6.800000190734863,"maxPv":11.9}
