{"generated":0,"consumed":2.948016845703125,"exported":0,"imported":0.20000000298023224,"discharged":2.799999952316284,"maxPv":0}
