{"generated":15.199999809265137,"consumed":10.1209658203125,"exported":0,"imported":0.10000000149011612,"discharged":4.400000095367432,"maxPv":6.486}
