{"generated":33.79999923706055,"consumed":17.265294921875,"exported":16.799999237060547,"imported":0.20000000298023224,"discharged":26.600000381469727,"maxPv":0.171}
