{"generated":64.79999732971191,"consumed":13.7121513671875,"exported":31.600000381469727,"imported":0.20000000298023224,"discharged":10.899999618530273,"maxPv":11.424}
