{"generated":53,"consumed":38.07675390625,"exported":0.10000000149011612,"imported":0.10000000149011612,"discharged":14.100000381469727,"maxPv":9.039}
