{"generated":2.700000047683716,"consumed":9.2330947265625,"exported":0,"imported":33.79999923706055,"discharged":4.400000095367432,"maxPv":2.295}
