{"generated":53.5,"consumed":24.8086796875,"exported":20.600000381469727,"imported":0.300000011920929,"discharged":4.699999809265137,"maxPv":11.24}
