{"generated":0.7000000253319741,"consumed":7.0000001192092896,"exported":0}
