{"generated":20.69999885559082,"consumed":18.405361328125,"exported":0.10000000149011612,"imported":1.100000023841858,"discharged":10.800000190734863,"maxPv":5.631}
