{"generated":66.1999969482422,"consumed":21.6705390625,"exported":37.0999984741211,"imported":0.10000000149011612,"discharged":4.800000190734863,"maxPv":8.699}
