{"generated":0.10000000149011612,"consumed":3.526410888671875,"exported":0,"imported":0.300000011920929,"discharged":2.700000047683716,"maxPv":0.064}
