{"generated":66.7000045776367,"consumed":14.1596240234375,"exported":48.29999923706055,"imported":0.10000000149011612,"discharged":3.4000000953674316,"maxPv":8.959}
