{"generated":64.59999942779541,"consumed":68.2385546875,"exported":0.10000000149011612,"imported":2.9000000953674316,"discharged":36.0999984741211,"maxPv":9.478}
