{"generated":60.70000076293945,"consumed":9.810240234375,"exported":46.0999984741211,"imported":0.10000000149011612,"discharged":2.9000000953674316,"maxPv":8.834}
