{"generated":5.300000190734863,"consumed":8.9380185546875,"exported":0,"imported":0,"discharged":6.300000190734863,"maxPv":5.904}
