{"generated":0.600000023841858,"consumed":4.2980693359375,"exported":0,"imported":0.10000000149011612,"discharged":3,"maxPv":1.675}
