{"generated":3.4000000953674316,"consumed":7.07547607421875,"exported":0,"imported":0.10000000149011612,"discharged":4,"maxPv":2.85}
