{"generated":13.100000381469727,"consumed":15.723482421875,"exported":0,"imported":2.299999952316284,"discharged":7.900000095367432,"maxPv":5.228}
