{"generated":7.100000381469727,"consumed":6.360681640625,"exported":0.10000000149011612,"imported":0.10000000149011612,"discharged":3.299999952316284,"maxPv":8.51}
