{"generated":20.80000114440918,"consumed":19.441302734375,"exported":0.10000000149011612,"imported":0.10000000149011612,"discharged":10,"maxPv":6.921}
