{"generated":58.500003814697266,"consumed":11.8372138671875,"exported":38.9000015258789,"imported":0.10000000149011612,"discharged":3.299999952316284,"maxPv":8.705}
