{"generated":6.700000286102295,"consumed":6.358107421875,"exported":0.10000000149011612,"imported":0.4000000059604645,"discharged":3.299999952316284,"maxPv":8.883}
