{"generated":64.5999984741211,"consumed":24.453220703125,"exported":35.79999923706055,"imported":0.10000000149011612,"discharged":5,"maxPv":8.831}
