{"generated":50.09999990463257,"consumed":22.89999971538782,"exported":24}
