{"generated":19.60000228881836,"consumed":10.3651123046875,"exported":0.10000000149011612,"imported":0.10000000149011612,"discharged":4.599999904632568,"maxPv":6.281}
