{"generated":0.20000000298023224,"consumed":5.08180322265625,"exported":0,"imported":0,"discharged":4.400000095367432,"maxPv":0.901}
