{"generated":4.900000095367432,"consumed":18.640734375,"exported":0,"imported":42,"discharged":10,"maxPv":2.295}
