{"generated":3.299999952316284,"consumed":5.79282958984375,"exported":0,"imported":0.20000000298023224,"discharged":4,"maxPv":3.777}
