{"generated":4.400000095367432,"consumed":14.128759765625,"exported":0,"imported":0.10000000149011612,"discharged":9.5,"maxPv":4.067}
