{"generated":63.19999694824219,"consumed":35.40195703125,"exported":9.899999618530273,"imported":0.10000000149011612,"discharged":12.199999809265137,"maxPv":9.323}
