{"generated":67.7999954223633,"consumed":20.52321875,"exported":42,"imported":0.10000000149011612,"discharged":5.800000190734863,"maxPv":8.821}
