{"generated":20.299999237060547,"consumed":27.61296484375,"exported":0.300000011920929,"imported":13.699999809265137,"discharged":5.400000095367432,"maxPv":6.186}
