{"generated":42.60000228881836,"consumed":33.729578125,"exported":6.800000190734863,"imported":4.5,"discharged":14.600000381469727,"maxPv":7.395}
