{"generated":59.9000015258789,"consumed":12.4719755859375,"exported":39.79999923706055,"imported":0.10000000149011612,"discharged":3.299999952316284,"maxPv":8.705}
