{"generated":0,"consumed":1.2720914306640625,"exported":0,"imported":1.7999999523162842,"discharged":0,"maxPv":0}
