{"generated":0,"consumed":1.15701611328125,"exported":0,"imported":12,"discharged":1.100000023841858,"maxPv":0}
