{"generated":25,"consumed":25.43966796875,"exported":0.10000000149011612,"imported":0.4000000059604645,"discharged":17.700000762939453,"maxPv":6.533}
