{"generated":40.70000076293945,"consumed":12.0172373046875,"exported":23.799999237060547,"imported":0.10000000149011612,"discharged":4.699999809265137,"maxPv":13.364}
