{"generated":0,"consumed":2.3963310546875,"exported":0,"imported":0.10000000149011612,"discharged":3,"maxPv":0}
