{"generated":63.10000228881836,"consumed":30.56784765625,"exported":29.100000381469727,"imported":0.300000011920929,"discharged":9.100000381469727,"maxPv":10.905}
