{"generated":54.000003814697266,"consumed":9.86785546875,"exported":38.9000015258789,"imported":0.10000000149011612,"discharged":3,"maxPv":8.959}
