{"generated":50.9000015258789,"consumed":10.6791484375,"exported":15.300000190734863,"imported":0.300000011920929,"discharged":4.099999904632568,"maxPv":7.937}
