{"generated":6.699999809265137,"consumed":9.716419921875,"exported":0,"imported":0.10000000149011612,"discharged":4.199999809265137,"maxPv":13.021}
