{"generated":63.4000015258789,"consumed":26.195181640625,"exported":37.5,"imported":0.10000000149011612,"discharged":10.899999618530273,"maxPv":8.685}
