{"generated":49.69999694824219,"consumed":14.8719306640625,"exported":32.0999984741211,"imported":0.10000000149011612,"discharged":5.900000095367432,"maxPv":13.023}
