{"generated":45.69999694824219,"consumed":11.611966796875,"exported":6.699999809265137,"imported":0.20000000298023224,"discharged":4.400000095367432,"maxPv":9.004}
