{"generated":52.10000228881836,"consumed":13.0212001953125,"exported":12.300000190734863,"imported":0.20000000298023224,"discharged":4.300000190734863,"maxPv":10.275}
