{"generated":1.2000000476837158,"consumed":6.50210205078125,"exported":0,"imported":0.10000000149011612,"discharged":5,"maxPv":1.269}
