{"generated":23.700000762939453,"consumed":9.5215166015625,"exported":5.699999809265137,"imported":0.10000000149011612,"discharged":4.400000095367432,"maxPv":6.156}
