{"generated":0,"consumed":1.11869091796875,"exported":0,"imported":13.399999618530273,"discharged":1,"maxPv":0}
