{"generated":7.399999618530273,"consumed":9.8861474609375,"exported":0,"imported":0.10000000149011612,"discharged":6.199999809265137,"maxPv":11.99}
