{"generated":29.5,"consumed":43.779796875,"exported":0.300000011920929,"imported":32.0999984741211,"discharged":1.2000000476837158,"maxPv":10.34}
