{"generated":29.900001525878906,"consumed":10.6363525390625,"exported":14.600000381469727,"imported":0.10000000149011612,"discharged":4.699999809265137,"maxPv":13.364}
