{"generated":37.79999923706055,"consumed":10.187537109375,"exported":4.800000190734863,"imported":6.800000190734863,"discharged":4.400000095367432,"maxPv":11.105}
