{"generated":0.10000000149011612,"consumed":4.721173828125,"exported":0,"imported":0.10000000149011612,"discharged":3.5999999046325684,"maxPv":0.317}
