{"generated":43.29999923706055,"consumed":15.4037548828125,"exported":26.600000381469727,"imported":0.10000000149011612,"discharged":7.699999809265137,"maxPv":12.666}
