{"generated":0.600000023841858,"consumed":4.69501123046875,"exported":0.10000000149011612,"imported":0.10000000149011612,"discharged":3.5,"maxPv":2.25}
