{"generated":65.5999984741211,"consumed":26.400474609375,"exported":33.20000076293945,"imported":0.20000000298023224,"discharged":4.199999809265137,"maxPv":8.527}
