{"generated":64.6999969482422,"consumed":31.028048828125,"exported":31.100000381469727,"imported":0.20000000298023224,"discharged":11.199999809265137,"maxPv":9.124}
