{"generated":45.299999713897705,"consumed":26.89999981224537,"exported":12.199999809265137}
