{"generated":18.19999933242798,"consumed":12.3549189453125,"exported":0,"imported":0.10000000149011612,"discharged":5.800000190734863,"maxPv":6.306}
