{"generated":15.899999618530273,"consumed":13.9339755859375,"exported":0.10000000149011612,"imported":0.10000000149011612,"discharged":8.399999618530273,"maxPv":6.009}
