{"generated":0,"consumed":3.6641435546875,"exported":0.10000000149011612,"imported":0.10000000149011612,"discharged":3.5,"maxPv":0}
