{"generated":66,"consumed":20.6522109375,"exported":37.0999984741211,"imported":0.10000000149011612,"discharged":3.9000000953674316,"maxPv":8.699}
