{"generated":12.299999594688416,"consumed":36.35053515625,"exported":0.10000000149011612,"imported":2.700000047683716,"discharged":29.899999618530273,"maxPv":6.661}
