{"generated":28.499998092651367,"consumed":7.9275712890625,"exported":16.100000381469727,"imported":0.10000000149011612,"discharged":3,"maxPv":8.845}
