{"generated":30.69999885559082,"consumed":31.14969140625,"exported":0.10000000149011612,"imported":0.4000000059604645,"discharged":13,"maxPv":9.18}
