{"generated":0.10000000149011612,"consumed":4.9551240234375,"exported":0,"imported":0.20000000298023224,"discharged":3.9000000953674316,"maxPv":0.162}
