{"generated":1,"consumed":33.54674609375,"exported":0,"imported":25.899999618530273,"discharged":3.5999999046325684,"maxPv":2.449}
