{"generated":44.80000305175781,"consumed":24.284326171875,"exported":16,"imported":6.900000095367432,"discharged":22.799999237060547,"maxPv":12.708}
