{"generated":0,"consumed":20.25546875,"exported":0,"imported":29.5,"discharged":2.299999952316284,"maxPv":0}
