{"generated":0,"consumed":2.223958251953125,"exported":0,"imported":0.10000000149011612,"discharged":2.0999999046325684,"maxPv":0}
