{"generated":2.299999952316284,"consumed":7.22989208984375,"exported":0,"imported":0.10000000149011612,"discharged":5.300000190734863,"maxPv":2.811}
