{"generated":0.7000000476837158,"consumed":5.90890869140625,"exported":0,"imported":0.10000000149011612,"discharged":4.099999904632568,"maxPv":1.038}
