{"generated":52.9000015258789,"consumed":19.168130859375,"exported":30.5,"imported":0.20000000298023224,"discharged":8.5,"maxPv":13.221}
