{"generated":39.89999771118164,"consumed":11.0830029296875,"exported":3.5999999046325684,"imported":0.300000011920929,"discharged":4.300000190734863,"maxPv":10.471}
