{"generated":29,"consumed":9.4365185546875,"exported":15.300000190734863,"imported":0.10000000149011612,"discharged":3.9000000953674316,"maxPv":11.911}
