{"generated":0,"consumed":0.8553238525390625,"exported":0,"imported":0,"discharged":0.699999988079071,"maxPv":0}
