{"generated":11.199999809265137,"consumed":7.80160205078125,"exported":0,"imported":0.10000000149011612,"discharged":4.5,"maxPv":7.26}
