{"generated":22.700000762939453,"consumed":19.366845703125,"exported":0.10000000149011612,"imported":0.20000000298023224,"discharged":5.400000095367432,"maxPv":7.199}
