{"generated":66.2000045776367,"consumed":33.1694609375,"exported":25.600000381469727,"imported":0.10000000149011612,"discharged":3.5999999046325684,"maxPv":9.45}
