{"generated":17.399999618530273,"consumed":13.1842861328125,"exported":0.20000000298023224,"imported":0.20000000298023224,"discharged":5.599999904632568,"maxPv":11.404}
