{"generated":29.899999618530273,"consumed":19.584103515625,"exported":0.10000000149011612,"imported":0.10000000149011612,"discharged":9.5,"maxPv":6.486}
