{"generated":18.799999237060547,"consumed":14.3889736328125,"exported":0.10000000149011612,"imported":3,"discharged":6.099999904632568,"maxPv":4.585}
