{"generated":66.5999984741211,"consumed":17.598890625,"exported":41.9000015258789,"imported":0.10000000149011612,"discharged":4.099999904632568,"maxPv":8.821}
