{"generated":31.700000762939453,"consumed":27.346673828125,"exported":0.300000011920929,"imported":0.4000000059604645,"discharged":3.799999952316284,"maxPv":11.803}
