{"generated":18.399999618530273,"consumed":14.0818798828125,"exported":0.10000000149011612,"imported":1.399999976158142,"discharged":5.400000095367432,"maxPv":7.21}
