{"generated":63.900001525878906,"consumed":62.82875390625,"exported":0.10000000149011612,"imported":2.9000000953674316,"discharged":31.5,"maxPv":9.478}
