{"generated":0.900000035762787,"consumed":5.1777353515625,"exported":0,"imported":0.10000000149011612,"discharged":3.700000047683716,"maxPv":5.364}
