{"generated":2.1000001430511475,"consumed":8.319181640625,"exported":0.10000000149011612,"imported":0.10000000149011612,"discharged":6.099999904632568,"maxPv":2.851}
