{"generated":64.5999984741211,"consumed":15.7242890625,"exported":45.70000076293945,"imported":0.10000000149011612,"discharged":5.300000190734863,"maxPv":8.777}
