{"generated":26.400001525878906,"consumed":15.6982734375,"exported":0.10000000149011612,"imported":0.20000000298023224,"discharged":8.100000381469727,"maxPv":0.935}
