{"generated":21.200000762939453,"consumed":19.44837890625,"exported":0.20000000298023224,"imported":0.20000000298023224,"discharged":8.600000381469727,"maxPv":9.928}
