{"generated":58.20000076293945,"consumed":13.520935546875,"exported":41.29999923706055,"imported":0.10000000149011612,"discharged":4.400000095367432,"maxPv":8.507}
