{"generated":36.69999694824219,"consumed":9.7559501953125,"exported":21.5,"imported":0.300000011920929,"discharged":3.4000000953674316,"maxPv":13.08}
