{"generated":9,"consumed":15.7648896484375,"exported":0,"imported":0.10000000149011612,"discharged":10.800000190734863,"maxPv":7.844}
