{"generated":26.700000762939453,"consumed":22.500000573694706,"exported":0.10000000149011612}
