{"generated":21.600000381469727,"consumed":6.8525712890625,"exported":0,"imported":0.300000011920929,"discharged":3.9000000953674316,"maxPv":7.629}
