{"generated":0,"consumed":1.729178466796875,"exported":0,"imported":34.9000015258789,"discharged":1.600000023841858,"maxPv":0}
