{"generated":0,"consumed":3.750213623046875,"exported":0,"imported":28.5,"discharged":2.9000000953674316,"maxPv":0}
