{"generated":58.89999771118164,"consumed":14.4791181640625,"exported":38.4000015258789,"imported":0.4000000059604645,"discharged":24.200000762939453,"maxPv":9.774}
