{"generated":20.399999618530273,"consumed":10.994728515625,"exported":0.10000000149011612,"imported":0.10000000149011612,"discharged":4.599999904632568,"maxPv":6.281}
