{"generated":0,"consumed":2.1291806640625,"exported":0,"imported":0.20000000298023224,"discharged":1.5,"maxPv":0}
