{"generated":56,"consumed":14.263921875,"exported":38.4000015258789,"imported":0.10000000149011612,"discharged":4.5,"maxPv":12.086}
