{"generated":18.5,"consumed":45.36340625,"exported":0.10000000149011612,"imported":25.299999237060547,"discharged":4.800000190734863,"maxPv":5.423}
