{"generated":29.5,"consumed":24.564041015625,"exported":0.20000000298023224,"imported":0.300000011920929,"discharged":12.800000190734863,"maxPv":9.883}
