{"generated":43.29999923706055,"consumed":12.222923828125,"exported":26.600000381469727,"imported":0.10000000149011612,"discharged":4.699999809265137,"maxPv":12.666}
