{"generated":16.69999885559082,"consumed":6.631146484375,"exported":7,"imported":0.10000000149011612,"discharged":3.4000000953674316,"maxPv":12.053}
