{"generated":0,"consumed":4.5306328125,"exported":0,"imported":0.20000000298023224,"discharged":3.5999999046325684,"maxPv":0.071}
