{"generated":2.4000000953674316,"consumed":5.86099072265625,"exported":0,"imported":0,"discharged":4.199999809265137,"maxPv":2.396}
