{"generated":7.499999821186066,"consumed":36.09999996423721,"exported":0,"imported":3.799999952316284,"discharged":30.5,"maxPv":8.259}
