{"generated":15.5,"consumed":7.96082373046875,"exported":0,"imported":0.10000000149011612,"discharged":4.699999809265137,"maxPv":7.528}
