{"generated":18.399999618530273,"consumed":9.5166845703125,"exported":0.10000000149011612,"imported":0.10000000149011612,"discharged":4.400000095367432,"maxPv":5.033}
