{"generated":7.000000178813934,"consumed":43.6000000834465,"exported":0,"imported":26.100000381469727,"discharged":14.899999618530273,"maxPv":6.83}
