{"generated":3.700000047683716,"consumed":9.56537109375,"exported":0.10000000149011612,"imported":0.5,"discharged":5.800000190734863,"maxPv":2.294}
