{"generated":20.799999237060547,"consumed":9.533380859375,"exported":5.199999809265137,"imported":0.10000000149011612,"discharged":4.099999904632568,"maxPv":8.222}
