{"generated":63,"consumed":11.4051513671875,"exported":44.70000076293945,"imported":0.10000000149011612,"discharged":3.299999952316284,"maxPv":9.07}
