{"generated":64.1999969482422,"consumed":14.0893515625,"exported":41.0999984741211,"imported":0.10000000149011612,"discharged":4.900000095367432,"maxPv":8.898}
