{"generated":0,"consumed":3.820653564453125,"exported":0,"imported":3.5999999046325684,"discharged":0,"maxPv":0}
