{"generated":1.9000000953674316,"consumed":6.25906640625,"exported":0,"imported":0,"discharged":4.900000095367432,"maxPv":3.561}
