{"generated":65.0999984741211,"consumed":36.2577109375,"exported":35.79999923706055,"imported":0.10000000149011612,"discharged":15.600000381469727,"maxPv":8.831}
