{"generated":46.70000076293945,"consumed":10.738767578125,"exported":31.299999237060547,"imported":0.10000000149011612,"discharged":3.4000000953674316,"maxPv":7.388}
