{"generated":21.200000762939453,"consumed":10.424595703125,"exported":0.899999976158142,"imported":0.20000000298023224,"discharged":3.200000047683716,"maxPv":8.214}
