{"generated":33,"consumed":13.604251953125,"exported":1.600000023841858,"imported":9.600000381469727,"discharged":5.300000190734863,"maxPv":13.091}
