{"generated":27.599998474121094,"consumed":0.6282880859375,"exported":8,"imported":0.20000000298023224,"discharged":10.5,"maxPv":0}
