{"generated":63.0999984741211,"consumed":34.78335546875,"exported":22.100000381469727,"imported":0.4000000059604645,"discharged":17,"maxPv":9.047}
