{"generated":13.499999761581421,"consumed":10.1446494140625,"exported":0,"imported":0,"discharged":5.199999809265137,"maxPv":8.934}
