{"generated":13.399999618530273,"consumed":7.3241474609375,"exported":1.5,"imported":0.10000000149011612,"discharged":3.799999952316284,"maxPv":7.573}
