{"generated":2.0999999046325684,"consumed":8.966904296875,"exported":0,"imported":6.5,"discharged":1.7000000476837158,"maxPv":2.62}
