{"generated":17.69999885559082,"consumed":8.4650009765625,"exported":0.10000000149011612,"imported":0.10000000149011612,"discharged":4.800000190734863,"maxPv":8.505}
