{"generated":1.2000000476837158,"consumed":16.450091796875,"exported":0,"imported":14,"discharged":0,"maxPv":1.797}
