{"generated":45.70000076293945,"consumed":12.3952265625,"exported":32.0999984741211,"imported":12,"discharged":28.700000762939453,"maxPv":10.752}
