{"generated":24.700000762939453,"consumed":12.70000171661377,"exported":0.10000000149011612,"imported":0.10000000149011612,"discharged":5.800000190734863,"maxPv":8.819}
