{"generated":69.4000015258789,"consumed":52.596859375,"exported":11.600000381469727,"imported":0.10000000149011612,"discharged":5.199999809265137,"maxPv":9.841}
