{"generated":17.100000381469727,"consumed":26.47412109375,"exported":0.10000000149011612,"imported":31.399999618530273,"discharged":5.900000095367432,"maxPv":5.067}
