{"generated":42.5,"consumed":13.2446376953125,"exported":25.899999618530273,"imported":0.300000011920929,"discharged":5.099999904632568,"maxPv":13.08}
