{"generated":4.900000095367432,"consumed":6.5031162109375,"exported":0,"imported":0.10000000149011612,"discharged":4.599999904632568,"maxPv":4.323}
