{"generated":66,"consumed":15.09540234375,"exported":45.79999923706055,"imported":0.10000000149011612,"discharged":4.300000190734863,"maxPv":11.412}
