{"generated":23.799999237060547,"consumed":8.231330078125,"exported":11.199999809265137,"imported":0.10000000149011612,"discharged":3.5999999046325684,"maxPv":8.49}
