{"generated":28.199999809265137,"consumed":20.200000435113907,"exported":2.799999952316284}
