{"generated":21.699999690055847,"consumed":39.140578125,"exported":0,"imported":2.799999952316284,"discharged":31.399999618530273,"maxPv":8.373}
