{"generated":56.59999942779541,"consumed":62.399999521672726,"exported":0.10000000149011612,"imported":3.9000000953674316,"discharged":34.5,"maxPv":9.057}
