{"generated":52.5,"consumed":10.3085009765625,"exported":37.0999984741211,"imported":0.10000000149011612,"discharged":3.299999952316284,"maxPv":11.16}
