{"generated":9.5,"consumed":11.3648720703125,"exported":0,"imported":0.10000000149011612,"discharged":7.099999904632568,"maxPv":6.376}
