{"generated":14,"consumed":12.883134765625,"exported":0,"imported":0.20000000298023224,"discharged":3,"maxPv":7.365}
