{"generated":0.10000000149011612,"consumed":5.264408203125,"exported":0,"imported":0.10000000149011612,"discharged":3.9000000953674316,"maxPv":0.529}
