{"generated":57,"consumed":12.087140625,"exported":40.20000076293945,"imported":0.10000000149011612,"discharged":3.5999999046325684,"maxPv":11.16}
