{"generated":35.40000104904175,"consumed":11.400001525878906,"exported":17.899999618530273}
