{"generated":38.0999984741211,"consumed":14.0532646484375,"exported":15.800000190734863,"imported":0.20000000298023224,"discharged":4.699999809265137,"maxPv":10.981}
