{"generated":12.699999809265137,"consumed":9.155013671875,"exported":0,"imported":0.10000000149011612,"discharged":3.799999952316284,"maxPv":10.573}
