{"generated":1.9000000953674316,"consumed":7.25904150390625,"exported":0,"imported":2.9000000953674316,"discharged":4.400000095367432,"maxPv":2.272}
