{"generated":18.799999237060547,"consumed":15.953400390625,"exported":0.10000000149011612,"imported":3,"discharged":7.5,"maxPv":4.585}
