{"generated":67.00000095367432,"consumed":22.687318359375,"exported":36.20000076293945,"imported":0.20000000298023224,"discharged":11.800000190734863,"maxPv":9.018}
