{"generated":43.70000076293945,"consumed":20.963642578125,"exported":14.800000190734863,"imported":0.20000000298023224,"discharged":6.199999809265137,"maxPv":0}
