{"generated":37.79999923706055,"consumed":9.4379697265625,"exported":23.200000762939453,"imported":0.10000000149011612,"discharged":2.9000000953674316,"maxPv":8.76}
