{"generated":11,"consumed":8.741580078125,"exported":0,"imported":0,"discharged":4.800000190734863,"maxPv":5.761}
