{"generated":15.100000381469727,"consumed":30.701962890625,"exported":0.10000000149011612,"imported":20.700000762939453,"discharged":4,"maxPv":5.277}
