{"generated":13,"consumed":19.12238671875,"exported":0,"imported":0.10000000149011612,"discharged":10.100000381469727,"maxPv":4.639}
