{"generated":41.29999923706055,"consumed":21.6328671875,"exported":0.10000000149011612,"imported":6.400000095367432,"discharged":4.400000095367432,"maxPv":8.874}
