{"generated":9.199999809265137,"consumed":5.70161083984375,"exported":0,"imported":0,"discharged":3.700000047683716,"maxPv":5.184}
