{"generated":14.399999618530273,"consumed":17.958677734375,"exported":0.10000000149011612,"imported":5.900000095367432,"discharged":6.599999904632568,"maxPv":8.719}
