{"generated":52.5999984741211,"consumed":16.97191015625,"exported":31.700000762939453,"imported":0.10000000149011612,"discharged":5.900000095367432,"maxPv":11.932}
