{"generated":63.9000015258789,"consumed":27.90341015625,"exported":26.100000381469727,"imported":0.20000000298023224,"discharged":7.699999809265137,"maxPv":8.436}
