{"generated":19.200000762939453,"consumed":15.97762890625,"exported":0,"imported":0.10000000149011612,"discharged":9.699999809265137,"maxPv":6.026}
