{"generated":36.0999984741211,"consumed":13.3628505859375,"exported":20,"imported":0.10000000149011612,"discharged":5.199999809265137,"maxPv":11.792}
