{"generated":52.30000114440918,"consumed":16.800001621246338,"exported":31.399999618530273}
