{"generated":24.599998474121094,"consumed":18.75983984375,"exported":0.10000000149011612,"imported":0.10000000149011612,"discharged":12.800000190734863,"maxPv":5.41}
