{"generated":0,"consumed":3.997925537109375,"exported":0,"imported":0,"discharged":4.400000095367432,"maxPv":0}
