{"generated":0,"consumed":4.5734794921875,"exported":0,"imported":0,"discharged":4.099999904632568,"maxPv":0}
