{"generated":45.70000076293945,"consumed":10.791439453125,"exported":32.0999984741211,"imported":0.10000000149011612,"discharged":4,"maxPv":12.053}
