{"generated":62.0999984741211,"consumed":14.784375,"exported":37.79999923706055,"imported":0.300000011920929,"discharged":2.799999952316284,"maxPv":8.878}
