{"generated":47.19999933242798,"consumed":44.59999980777502,"exported":0.20000000298023224}
