{"generated":58.5,"consumed":12.9886650390625,"exported":39.9000015258789,"imported":0.10000000149011612,"discharged":4.800000190734863,"maxPv":9.192}
