{"generated":8.700000762939453,"consumed":16.975974609375,"exported":0,"imported":6.900000095367432,"discharged":3,"maxPv":4.571}
