{"generated":3.4000000953674316,"consumed":6.5557109375,"exported":0,"imported":0.10000000149011612,"discharged":4.5,"maxPv":6.339}
