{"generated":0.300000011920929,"consumed":5.1540517578125,"exported":0,"imported":0.10000000149011612,"discharged":4.5,"maxPv":1.34}
