{"generated":0,"consumed":1.1653773193359376,"exported":0,"imported":5.5,"discharged":1.100000023841858,"maxPv":0}
