{"generated":11.90000057220459,"consumed":13.3587646484375,"exported":0,"imported":0.20000000298023224,"discharged":9.699999809265137,"maxPv":8.849}
