{"generated":3.3999999091029167,"consumed":8.200000017881393,"exported":0}
