{"generated":29.700000762939453,"consumed":10.7193388671875,"exported":12.399999618530273,"imported":0.10000000149011612,"discharged":4.300000190734863,"maxPv":8.871}
