{"generated":4.099999904632568,"consumed":6.02583056640625,"exported":0,"imported":0.10000000149011612,"discharged":4.300000190734863,"maxPv":6.972}
