{"generated":44.0999984741211,"consumed":14.23405078125,"exported":17.399999618530273,"imported":0.20000000298023224,"discharged":3.5999999046325684,"maxPv":7.287}
