{"generated":0.4000000059604645,"consumed":6.13563037109375,"exported":0,"imported":0.10000000149011612,"discharged":6.300000190734863,"maxPv":1.01}
