{"generated":42.60000228881836,"consumed":24.519296875,"exported":12.899999618530273,"imported":0.10000000149011612,"discharged":9.199999809265137,"maxPv":12.622}
