{"generated":0,"consumed":4.168787109375,"exported":0,"imported":25.299999237060547,"discharged":0,"maxPv":0}
