{"generated":33.20000076293945,"consumed":12.6811552734375,"exported":0.20000000298023224,"imported":0.20000000298023224,"discharged":3.9000000953674316,"maxPv":11.367}
