{"generated":46,"consumed":25.628466796875,"exported":11.699999809265137,"imported":0.20000000298023224,"discharged":3.5999999046325684,"maxPv":8.952}
