{"generated":14.199999809265137,"consumed":8.01253515625,"exported":0.10000000149011612,"imported":0.10000000149011612,"discharged":4.599999904632568,"maxPv":6.571}
