{"generated":14.899999618530273,"consumed":11.4506416015625,"exported":0.20000000298023224,"imported":0.300000011920929,"discharged":4.800000190734863,"maxPv":6.169}
