{"generated":11.300000190734863,"consumed":7.6947138671875,"exported":0.10000000149011612,"imported":0.10000000149011612,"discharged":4.300000190734863,"maxPv":10.471}
