{"generated":44.0999984741211,"consumed":26.816708984375,"exported":16.600000381469727,"imported":0.20000000298023224,"discharged":27.200000762939453,"maxPv":7.802}
