{"generated":16.30000114440918,"consumed":8.7175986328125,"exported":0,"imported":0.20000000298023224,"discharged":4.800000190734863,"maxPv":6.186}
