{"generated":0,"consumed":3.090014404296875,"exported":0.10000000149011612,"imported":0.10000000149011612,"discharged":3,"maxPv":0}
