{"generated":39.9000015258789,"consumed":29.3705390625,"exported":9.300000190734863,"imported":0.20000000298023224,"discharged":5.599999904632568,"maxPv":12.563}
