{"generated":37.29999923706055,"consumed":12.350591796875,"exported":1.899999976158142,"imported":4.099999904632568,"discharged":4.199999809265137,"maxPv":6.867}
