{"generated":67,"consumed":18.052248046875,"exported":44.29999923706055,"imported":0.10000000149011612,"discharged":7.599999904632568,"maxPv":8.684}
