{"generated":21.200000762939453,"consumed":20.00941796875,"exported":0.20000000298023224,"imported":0.20000000298023224,"discharged":9.100000381469727,"maxPv":9.928}
