{"generated":0,"consumed":4.55564208984375,"exported":0,"imported":4.800000190734863,"discharged":0,"maxPv":0}
