{"generated":45.19999694824219,"consumed":14.085646484375,"exported":30.200000762939453,"imported":28.5,"discharged":6.199999809265137,"maxPv":7.573}
