{"generated":58.5999984741211,"consumed":29.36399609375,"exported":31,"imported":0.20000000298023224,"discharged":13.5,"maxPv":10.377}
