{"generated":24.5,"consumed":7.3548974609375,"exported":0.4000000059604645,"imported":0.10000000149011612,"discharged":3.200000047683716,"maxPv":7.259}
