{"generated":11.100000381469727,"consumed":6.16126171875,"exported":0,"imported":0.10000000149011612,"discharged":3.200000047683716,"maxPv":5.876}
