{"generated":51.30000019073486,"consumed":33.30000038444996,"exported":9.399999618530273}
