{"generated":66.6999969482422,"consumed":59.4155546875,"exported":2.299999952316284,"imported":0.5,"discharged":13.699999809265137,"maxPv":11.682}
