{"generated":60.10000038146973,"consumed":25.059396484375,"exported":27.899999618530273,"imported":0.10000000149011612,"discharged":5.300000190734863,"maxPv":8.843}
