{"generated":57.80000305175781,"consumed":17.67256640625,"exported":33.79999923706055,"imported":0.20000000298023224,"discharged":5.699999809265137,"maxPv":11.188}
