{"generated":65.1999979019165,"consumed":26.355185546875,"exported":39.79999923706055,"imported":0.20000000298023224,"discharged":10.899999618530273,"maxPv":9.313}
