{"generated":0.20000000298023224,"consumed":4.3053291015625,"exported":0,"imported":0.10000000149011612,"discharged":3.5,"maxPv":0.073}
