{"generated":0.300000011920929,"consumed":6.37113037109375,"exported":0,"imported":0,"discharged":6.199999809265137,"maxPv":1.293}
