{"generated":13.899999618530273,"consumed":7.9029169921875,"exported":1.399999976158142,"imported":0.300000011920929,"discharged":3.4000000953674316,"maxPv":13.08}
