{"generated":7.700000017881393,"consumed":8.80000001937151,"exported":0}
