{"generated":9.300000190734863,"consumed":9.5885029296875,"exported":0.10000000149011612,"imported":0.10000000149011612,"discharged":5.599999904632568,"maxPv":6.134}
