{"generated":0.800000011920929,"consumed":6.70373046875,"exported":0,"imported":0.10000000149011612,"discharged":5.699999809265137,"maxPv":0.801}
