{"generated":34.20000076293945,"consumed":9.75908984375,"exported":14.399999618530273,"imported":0.10000000149011612,"discharged":4.800000190734863,"maxPv":8.775}
