{"generated":23.300000190734863,"consumed":14.800000190734863,"exported":0.10000000149011612}
