{"generated":13.699999809265137,"consumed":10.7033349609375,"exported":0.10000000149011612,"imported":5.900000095367432,"discharged":0.600000023841858,"maxPv":8.719}
