{"generated":60.29999542236328,"consumed":14.2538720703125,"exported":43.70000076293945,"imported":0.20000000298023224,"discharged":5.599999904632568,"maxPv":8.7}
