{"generated":68.0999984741211,"consumed":17.6852421875,"exported":43,"imported":0.10000000149011612,"discharged":5.800000190734863,"maxPv":8.981}
