{"generated":0,"consumed":2.36626318359375,"exported":0,"imported":0,"discharged":2.299999952316284,"maxPv":0}
