{"generated":19.399999618530273,"consumed":8.8843388671875,"exported":2.0999999046325684,"imported":0.10000000149011612,"discharged":4.400000095367432,"maxPv":6.156}
