{"generated":66.39999771118164,"consumed":12.4572822265625,"exported":35.0999984741211,"imported":0.20000000298023224,"discharged":12.100000381469727,"maxPv":9.026}
