{"generated":67,"consumed":30.820798828125,"exported":30.899999618530273,"imported":0.20000000298023224,"discharged":10.699999809265137,"maxPv":9.796}
