{"generated":11,"consumed":8.588931640625,"exported":0.10000000149011612,"imported":0,"discharged":4.900000095367432,"maxPv":13.285}
