{"generated":37.70000076293945,"consumed":17.8078828125,"exported":10,"imported":0.10000000149011612,"discharged":4.900000095367432,"maxPv":12.622}
