{"generated":21.30000114440918,"consumed":23.036619140625,"exported":0,"imported":15.100000381469727,"discharged":2.700000047683716,"maxPv":7.721}
