{"generated":31.099998950958252,"consumed":19.49999914318323,"exported":4.099999904632568}
