{"generated":38.39999771118164,"consumed":13.0334736328125,"exported":19.5,"imported":0.10000000149011612,"discharged":3.5999999046325684,"maxPv":8.831}
