{"generated":41,"consumed":16.62225,"exported":22.5,"imported":2.799999952316284,"discharged":25.200000762939453,"maxPv":11.343}
