{"generated":64.39999389648438,"consumed":19.068203125,"exported":36.29999923706055,"imported":0.10000000149011612,"discharged":3.4000000953674316,"maxPv":8.699}
