{"generated":33.79999923706055,"consumed":19.158103515625,"exported":17,"imported":0.20000000298023224,"discharged":28.600000381469727,"maxPv":0.171}
