{"generated":9,"consumed":11.881455078125,"exported":0,"imported":0.10000000149011612,"discharged":7.300000190734863,"maxPv":7.844}
