{"generated":54.0999984741211,"consumed":10.4783720703125,"exported":17.700000762939453,"imported":0.10000000149011612,"discharged":4.300000190734863,"maxPv":8.714}
