{"generated":24.10000228881836,"consumed":17.489396484375,"exported":0.10000000149011612,"imported":0.20000000298023224,"discharged":6.099999904632568,"maxPv":6.186}
