{"generated":69.6999969482422,"consumed":57.24898046875,"exported":11.600000381469727,"imported":0.10000000149011612,"discharged":9.399999618530273,"maxPv":9.841}
