{"generated":1,"consumed":4.923205078125,"exported":0,"imported":0.20000000298023224,"discharged":4,"maxPv":2.558}
