{"generated":0,"consumed":4.447203125,"exported":0,"imported":4.199999809265137,"discharged":0,"maxPv":0}
