{"generated":27.80000114440918,"consumed":12.961439453125,"exported":24.100000381469727,"imported":13.399999618530273,"discharged":29,"maxPv":11.507}
