{"generated":67.39999389648438,"consumed":30.41572265625,"exported":30.600000381469727,"imported":0.10000000149011612,"discharged":4.300000190734863,"maxPv":8.975}
