{"generated":63.10000038146972,"consumed":42.85265234375,"exported":1.100000023841858,"imported":0.10000000149011612,"discharged":16.700000762939453,"maxPv":9.039}
