{"generated":16.30000114440918,"consumed":22.1820546875,"exported":0.20000000298023224,"imported":13.699999809265137,"discharged":10.100000381469727,"maxPv":4.665}
