{"generated":53.59999942779541,"consumed":28.99999962002039,"exported":17}
