{"generated":1.100000023841858,"consumed":6.10504931640625,"exported":0,"imported":0.4000000059604645,"discharged":4.300000190734863,"maxPv":1.587}
