{"generated":0,"consumed":1.2343795166015625,"exported":0,"imported":0,"discharged":1.2000000476837158,"maxPv":0}
