{"generated":0,"consumed":3.81176904296875,"exported":0,"imported":0,"discharged":3.5999999046325684,"maxPv":0}
