{"generated":2.8999998569488525,"consumed":4.452962890625,"exported":0,"imported":0.10000000149011612,"discharged":2.700000047683716,"maxPv":3.412}
