{"generated":62.5999984741211,"consumed":0.6846661987304687,"exported":34,"imported":0.10000000149011612,"discharged":11.399999618530273,"maxPv":0}
