{"generated":59.000001907348626,"consumed":24.1736328125,"exported":27.600000381469727,"imported":0.10000000149011612,"discharged":5.300000190734863,"maxPv":8.843}
