{"generated":9.300000190734863,"consumed":37.19598828125,"exported":0,"imported":30.100000381469727,"discharged":2.799999952316284,"maxPv":5.546}
