{"generated":18.299999713897705,"consumed":37.05427734375,"exported":0.600000023841858,"imported":0.10000000149011612,"discharged":5.199999809265137,"maxPv":9.517}
