{"generated":14.299999237060547,"consumed":11.0291435546875,"exported":0.10000000149011612,"imported":0.20000000298023224,"discharged":4.800000190734863,"maxPv":10.905}
