{"generated":27.499999523162842,"consumed":9.799999237060547,"exported":11.600000381469727}
