{"generated":28.800000429153442,"consumed":35.24628125,"exported":0.10000000149011612,"imported":0.10000000149011612,"discharged":14.100000381469727,"maxPv":8.446}
