{"generated":41.70000076293945,"consumed":11.2377734375,"exported":26.299999237060547,"imported":0.10000000149011612,"discharged":3.700000047683716,"maxPv":11.792}
