{"generated":54.30000114440918,"consumed":22.533392578125,"exported":28.700000762939453,"imported":0.10000000149011612,"discharged":9.199999809265137,"maxPv":9.96}
