{"generated":17.69999885559082,"consumed":49.570890625,"exported":6.900000095367432,"imported":38.0999984741211,"discharged":2.700000047683716,"maxPv":4.457}
