{"generated":37.9000015258789,"consumed":9.6681044921875,"exported":18.899999618530273,"imported":0.10000000149011612,"discharged":3.4000000953674316,"maxPv":8.432}
