{"generated":46,"consumed":21.951462890625,"exported":14.899999618530273,"imported":0.10000000149011612,"discharged":2.5999999046325684,"maxPv":8.277}
