{"generated":5.5,"consumed":5.48516455078125,"exported":0,"imported":0.10000000149011612,"discharged":3,"maxPv":6.719}
