{"generated":53.4000015258789,"consumed":13.3445673828125,"exported":24.299999237060547,"imported":0.300000011920929,"discharged":14.5,"maxPv":8.928}
