{"generated":16.30000114440918,"consumed":8.1362802734375,"exported":1.2000000476837158,"imported":0.20000000298023224,"discharged":4.099999904632568,"maxPv":7.762}
