{"generated":11.300000190734863,"consumed":6.84105126953125,"exported":0.5,"imported":0.10000000149011612,"discharged":3.700000047683716,"maxPv":10.189}
