{"generated":0,"consumed":3.6101455078125,"exported":0,"imported":0.4000000059604645,"discharged":2.700000047683716,"maxPv":0.07}
