{"generated":57.79999923706055,"consumed":24.586431640625,"exported":28,"imported":0.5,"discharged":7.900000095367432,"maxPv":11.049}
