{"generated":20.5,"consumed":11.378162109375,"exported":0,"imported":0.10000000149011612,"discharged":4.800000190734863,"maxPv":5.904}
