{"generated":0.20000000298023224,"consumed":4.9567333984375,"exported":0,"imported":0.10000000149011612,"discharged":3.700000047683716,"maxPv":0.784}
