{"generated":5.600000381469727,"consumed":17.492908203125,"exported":0,"imported":32.20000076293945,"discharged":0,"maxPv":7.869}
