{"generated":47.79999923706055,"consumed":11.2880107421875,"exported":31.399999618530273,"imported":0.10000000149011612,"discharged":3.799999952316284,"maxPv":10.509}
