{"generated":39,"consumed":10.4628876953125,"exported":20.700000762939453,"imported":0.20000000298023224,"discharged":4.400000095367432,"maxPv":8.948}
