{"generated":34.0999984741211,"consumed":10.612673828125,"exported":16.200000762939453,"imported":0.10000000149011612,"discharged":3.9000000953674316,"maxPv":9.412}
