{"generated":35.89999771118164,"consumed":11.43529296875,"exported":12.600000381469727,"imported":3.200000047683716,"discharged":14,"maxPv":10.937}
