{"generated":16.899999618530273,"consumed":51.5041796875,"exported":0.10000000149011612,"imported":37.29999923706055,"discharged":9.100000381469727,"maxPv":4.812}
