{"generated":0,"consumed":4.42737158203125,"exported":0,"imported":0,"discharged":4.199999809265137,"maxPv":0.014}
