{"generated":0,"consumed":3.235478271484375,"exported":0,"imported":3.4000000953674316,"discharged":3,"maxPv":0}
