{"generated":45.69999694824219,"consumed":18.145482421875,"exported":21.600000381469727,"imported":0.10000000149011612,"discharged":4.699999809265137,"maxPv":13.652}
