{"generated":24.10000228881836,"consumed":23.011056640625,"exported":0.10000000149011612,"imported":0.20000000298023224,"discharged":11.399999618530273,"maxPv":6.186}
