{"generated":58.9000015258789,"consumed":12.0894267578125,"exported":21.100000381469727,"imported":0.10000000149011612,"discharged":4.5,"maxPv":8.734}
