{"generated":4.5,"consumed":33.7169453125,"exported":0,"imported":36.9000015258789,"discharged":0,"maxPv":3.122}
