{"generated":0,"consumed":2.325290283203125,"exported":0,"imported":12,"discharged":2.200000047683716,"maxPv":0}
