{"generated":51.20000076293945,"consumed":13.4701865234375,"exported":31.700000762939453,"imported":0.10000000149011612,"discharged":4.900000095367432,"maxPv":8.685}
