{"generated":4.300000190734863,"consumed":18.78512890625,"exported":0,"imported":12.899999618530273,"discharged":1.7000000476837158,"maxPv":4.396}
