{"generated":7.799999713897705,"consumed":6.2037529296875,"exported":0.10000000149011612,"imported":0.10000000149011612,"discharged":3.4000000953674316,"maxPv":5.611}
