{"generated":14.59999942779541,"consumed":7.83491943359375,"exported":0,"imported":0.10000000149011612,"discharged":4.300000190734863,"maxPv":8.091}
