{"generated":0.5000000149011612,"consumed":6.500000014901161,"exported":0,"imported":0,"discharged":6,"maxPv":1.044}
