{"generated":1.7000000476837158,"consumed":40.03405859375,"exported":0,"imported":37.20000076293945,"discharged":3.700000047683716,"maxPv":1.945}
