{"generated":62.5999984741211,"consumed":24.613681640625,"exported":34,"imported":0.20000000298023224,"discharged":10.100000381469727,"maxPv":8.429}
