{"generated":20.899999618530273,"consumed":20.29179296875,"exported":0.10000000149011612,"imported":0.20000000298023224,"discharged":3.5999999046325684,"maxPv":10.766}
