{"generated":21,"consumed":14.2587041015625,"exported":0.10000000149011612,"imported":0.10000000149011612,"discharged":5.400000095367432,"maxPv":7.291}
