{"generated":22.299999237060547,"consumed":10.2241181640625,"exported":6.5,"imported":0.10000000149011612,"discharged":4,"maxPv":11.129}
