{"generated":30.899999618530273,"consumed":56.69134765625,"exported":10.100000381469727,"imported":34.29999923706055,"discharged":20.299999237060547,"maxPv":10.34}
