{"generated":32.9000015258789,"consumed":12.446470703125,"exported":10.699999809265137,"imported":0.300000011920929,"discharged":6.099999904632568,"maxPv":8.197}
