{"generated":0.7000000253319741,"consumed":5.699999928474426,"exported":0}
