{"generated":55.79999923706055,"consumed":24.783533203125,"exported":28,"imported":4.199999809265137,"discharged":26.600000381469727,"maxPv":8.733}
