{"generated":66.5,"consumed":35.28466015625,"exported":25.600000381469727,"imported":0.20000000298023224,"discharged":5.400000095367432,"maxPv":9.45}
