{"generated":58.79999923706055,"consumed":12.2092275390625,"exported":37.70000076293945,"imported":0.20000000298023224,"discharged":4.300000190734863,"maxPv":8.787}
