{"generated":19.600000381469727,"consumed":38.8333828125,"exported":0,"imported":26,"discharged":3.5999999046325684,"maxPv":5.487}
