{"generated":1.8000000715255737,"consumed":5.940998046875,"exported":0,"imported":0,"discharged":4.800000190734863,"maxPv":2.138}
