{"generated":0.900000035762787,"consumed":6.71393798828125,"exported":0,"imported":0,"discharged":5.599999904632568,"maxPv":1.833}
