{"generated":33.9000015258789,"consumed":21.954296875,"exported":5.800000190734863,"imported":0.20000000298023224,"discharged":4.199999809265137,"maxPv":11.536}
