{"generated":0.7000000476837158,"consumed":7.449,"exported":0,"imported":0.10000000149011612,"discharged":6.900000095367432,"maxPv":1.189}
