{"generated":25.100000381469727,"consumed":57.1891015625,"exported":1,"imported":33.79999923706055,"discharged":12.100000381469727,"maxPv":6.162}
