{"generated":25.100000381469727,"consumed":58.654484375,"exported":1,"imported":33.79999923706055,"discharged":13.399999618530273,"maxPv":6.162}
