{"generated":41.000000953674316,"consumed":41.20000134408474,"exported":0.20000000298023224}
