{"generated":22.100000381469727,"consumed":9.30286328125,"exported":4.5,"imported":0.300000011920929,"discharged":2.799999952316284,"maxPv":8.316}
