{"generated":0.10000000149011612,"consumed":4.57961962890625,"exported":0,"imported":4.400000095367432,"discharged":0,"maxPv":0.41}
