{"generated":22.80000114440918,"consumed":7.2064970703125,"exported":12.300000190734863,"imported":0.10000000149011612,"discharged":3.299999952316284,"maxPv":11.958}
