{"generated":64.5999984741211,"consumed":14.61319921875,"exported":42.5,"imported":0.10000000149011612,"discharged":4.099999904632568,"maxPv":8.802}
