{"generated":33.29999923706055,"consumed":12.4323466796875,"exported":11.600000381469727,"imported":0.10000000149011612,"discharged":4.699999809265137,"maxPv":6.837}
