{"generated":57,"consumed":11.866626953125,"exported":40.20000076293945,"imported":0.10000000149011612,"discharged":3.700000047683716,"maxPv":9.267}
