{"generated":51.69999933242798,"consumed":44.35116015625,"exported":0.10000000149011612,"imported":0.10000000149011612,"discharged":5.099999904632568,"maxPv":9.261}
