{"generated":0,"consumed":3.07685302734375,"exported":0,"imported":20.899999618530273,"discharged":0,"maxPv":0}
