{"generated":31.600000381469727,"consumed":9.3993193359375,"exported":15.300000190734863,"imported":0.10000000149011612,"discharged":3.299999952316284,"maxPv":8.695}
