{"generated":44.0999984741211,"consumed":18.339541015625,"exported":17.399999618530273,"imported":0.20000000298023224,"discharged":7.400000095367432,"maxPv":7.287}
