{"generated":0.300000011920929,"consumed":5.17823193359375,"exported":0,"imported":0,"discharged":4.800000190734863,"maxPv":0.801}
