{"generated":13.000000953674316,"consumed":7.04057421875,"exported":0,"imported":0.10000000149011612,"discharged":3.299999952316284,"maxPv":6.903}
