{"generated":44.5999984741211,"consumed":10.4723115234375,"exported":28.899999618530273,"imported":0.10000000149011612,"discharged":3.799999952316284,"maxPv":13.023}
