{"generated":0.10000000149011612,"consumed":4.60357568359375,"exported":0,"imported":5.300000190734863,"discharged":0.600000023841858,"maxPv":0.167}
