{"generated":20.5,"consumed":8.890669921875,"exported":2.299999952316284,"imported":0.10000000149011612,"discharged":4.599999904632568,"maxPv":6.837}
