{"generated":42.20000076293945,"consumed":11.8133642578125,"exported":26.5,"imported":0.10000000149011612,"discharged":3.799999952316284,"maxPv":11.792}
