{"generated":36.4000015258789,"consumed":15.3625810546875,"exported":21.100000381469727,"imported":0.10000000149011612,"discharged":6.199999809265137,"maxPv":12.013}
