{"generated":51.79999923706055,"consumed":11.1181943359375,"exported":36.0999984741211,"imported":0.10000000149011612,"discharged":3.4000000953674316,"maxPv":8.312}
