{"generated":18.5,"consumed":16.7413046875,"exported":0.10000000149011612,"imported":1.399999976158142,"discharged":7.800000190734863,"maxPv":7.21}
