{"generated":22.299999237060547,"consumed":14.9458740234375,"exported":0.10000000149011612,"imported":0.20000000298023224,"discharged":5.199999809265137,"maxPv":7.49}
