{"generated":36,"consumed":11.6576708984375,"exported":15.100000381469727,"imported":0.20000000298023224,"discharged":3.9000000953674316,"maxPv":10.981}
