{"generated":51.5,"consumed":10.8772431640625,"exported":15.899999618530273,"imported":0.20000000298023224,"discharged":3.9000000953674316,"maxPv":8.248}
