{"generated":27.799999237060547,"consumed":9.4801611328125,"exported":0.10000000149011612,"imported":0.20000000298023224,"discharged":4.300000190734863,"maxPv":10.275}
