{"generated":44.70000076293945,"consumed":11.8523232421875,"exported":27.399999618530273,"imported":0,"discharged":5.099999904632568,"maxPv":12.159}
