{"generated":0.4000000059604645,"consumed":5.03408349609375,"exported":0,"imported":0,"discharged":3.9000000953674316,"maxPv":0.749}
