{"generated":64.2999954223633,"consumed":27.82065234375,"exported":27.600000381469727,"imported":0.20000000298023224,"discharged":3.5999999046325684,"maxPv":8.952}
