{"generated":2.200000047683716,"consumed":17.173359375,"exported":0,"imported":0.699999988079071,"discharged":4,"maxPv":2.653}
