{"generated":3.8000001907348633,"consumed":11.376759765625,"exported":0.10000000149011612,"imported":2.700000047683716,"discharged":5.800000190734863,"maxPv":2.294}
