{"generated":32.0999984741211,"consumed":9.1029716796875,"exported":17.600000381469727,"imported":0.10000000149011612,"discharged":3.5999999046325684,"maxPv":12.342}
