{"generated":51.29999542236328,"consumed":10.3662666015625,"exported":15.899999618530273,"imported":0,"discharged":3.700000047683716,"maxPv":8.248}
