{"generated":0,"consumed":18.35321484375,"exported":0,"imported":36.9000015258789,"discharged":0,"maxPv":0}
