{"generated":0.699999988079071,"consumed":6.39102490234375,"exported":0,"imported":0,"discharged":5.300000190734863,"maxPv":1.593}
