{"generated":45.40000009536743,"consumed":40,"exported":0.20000000298023224}
