{"generated":17.600000381469727,"consumed":12.823154296875,"exported":0,"imported":0.10000000149011612,"discharged":7.099999904632568,"maxPv":5.664}
