{"generated":25,"consumed":24.84048046875,"exported":0.10000000149011612,"imported":0.4000000059604645,"discharged":17.200000762939453,"maxPv":6.533}
