{"generated":53.5,"consumed":23.152740234375,"exported":29.899999618530273,"imported":0.20000000298023224,"discharged":8,"maxPv":12.276}
