{"generated":18.400001525878906,"consumed":12.8781875,"exported":4.800000190734863,"imported":0.20000000298023224,"discharged":5.5,"maxPv":6.703}
