{"generated":38.79999923706055,"consumed":9.7937041015625,"exported":23.799999237060547,"imported":0.10000000149011612,"discharged":3.799999952316284,"maxPv":13.023}
