{"generated":24.599998474121094,"consumed":13.9140166015625,"exported":0.10000000149011612,"imported":0.10000000149011612,"discharged":8.199999809265137,"maxPv":5.41}
