{"generated":0,"consumed":11.99744921875,"exported":0,"imported":0,"discharged":11.699999809265137,"maxPv":0}
