{"generated":55.9000015258789,"consumed":10.72965625,"exported":39.79999923706055,"imported":0.10000000149011612,"discharged":3.5,"maxPv":9.267}
