{"generated":4.599999904632568,"consumed":8.1448271484375,"exported":0.10000000149011612,"imported":0,"discharged":5.099999904632568,"maxPv":4.729}
