{"generated":9.80000114440918,"consumed":7.47457373046875,"exported":0,"imported":13.399999618530273,"discharged":4.099999904632568,"maxPv":7.558}
