{"generated":0,"consumed":3.676236083984375,"exported":0,"imported":0.10000000149011612,"discharged":3,"maxPv":0}
