{"generated":5.099999904632568,"consumed":4.6435869140625,"exported":0,"imported":0,"discharged":3,"maxPv":5.308}
