{"generated":19.400001525878906,"consumed":52.39591015625,"exported":0.10000000149011612,"imported":33.9000015258789,"discharged":8.699999809265137,"maxPv":6.163}
