{"generated":23.30000114440918,"consumed":8.1678671875,"exported":10.100000381469727,"imported":0.20000000298023224,"discharged":3.5999999046325684,"maxPv":7.181}
