{"generated":61.900002479553216,"consumed":51.59479296875,"exported":4.400000095367432,"imported":2.700000047683716,"discharged":30,"maxPv":10.877}
