{"generated":43.89999771118164,"consumed":24.273064453125,"exported":10.199999809265137,"imported":0.20000000298023224,"discharged":9.899999618530273,"maxPv":7.259}
