{"generated":0,"consumed":4.6631884765625,"exported":0,"imported":0.10000000149011612,"discharged":3.5,"maxPv":0}
