{"generated":20.799999237060547,"consumed":17.33734765625,"exported":0.10000000149011612,"imported":0.10000000149011612,"discharged":10.300000190734863,"maxPv":6.281}
