{"generated":7.300000190734863,"consumed":16.89775,"exported":0.10000000149011612,"imported":10.300000190734863,"discharged":6.699999809265137,"maxPv":5.403}
