{"generated":0,"consumed":23.972943359375,"exported":0,"imported":20.600000381469727,"discharged":3.0999999046325684,"maxPv":0}
