{"generated":36.29999923706055,"consumed":11.836595703125,"exported":17.799999237060547,"imported":0.10000000149011612,"discharged":5.400000095367432,"maxPv":12.477}
