{"generated":14.499999046325684,"consumed":10.2723359375,"exported":0.10000000149011612,"imported":0.10000000149011612,"discharged":4.400000095367432,"maxPv":7.317}
