{"generated":64.8000030517578,"consumed":13.6616708984375,"exported":45.79999923706055,"imported":0.10000000149011612,"discharged":2.9000000953674316,"maxPv":8.82}
