{"generated":25.30000114440918,"consumed":7.15621923828125,"exported":14.699999809265137,"imported":0.10000000149011612,"discharged":3.4000000953674316,"maxPv":12.053}
