{"generated":30.000000953674316,"consumed":12.800000667572021,"exported":0.300000011920929}
