{"generated":53.39999961853027,"consumed":28.899999238550663,"exported":15,"imported":0.10000000149011612,"discharged":17.299999237060547,"maxPv":10.548}
