{"generated":0,"consumed":3.512730224609375,"exported":0.10000000149011612,"imported":0.20000000298023224,"discharged":3.299999952316284,"maxPv":0}
