{"generated":0,"consumed":7.32744189453125,"exported":0,"imported":6.900000095367432,"discharged":0,"maxPv":0}
