{"generated":42.79999923706055,"consumed":15.655865234375,"exported":25.5,"imported":0.20000000298023224,"discharged":7,"maxPv":7.181}
