{"generated":36.50000047683716,"consumed":33.40000066906214,"exported":0.10000000149011612}
