{"generated":60.79999923706055,"consumed":15.992013671875,"exported":37.5,"imported":0.10000000149011612,"discharged":4.099999904632568,"maxPv":8.821}
