{"generated":0,"consumed":0.49968930053710936,"exported":0,"imported":0.10000000149011612,"discharged":0.5,"maxPv":0}
