{"generated":33.70000076293945,"consumed":18.46683203125,"exported":11.699999809265137,"imported":0.10000000149011612,"discharged":7.900000095367432,"maxPv":10.502}
