{"generated":1,"consumed":7.15466015625,"exported":0,"imported":32.79999923706055,"discharged":4,"maxPv":1.004}
