{"generated":0,"consumed":1.7514244384765625,"exported":0,"imported":0.10000000149011612,"discharged":1.100000023841858,"maxPv":0}
