{"generated":44,"consumed":23.598865234375,"exported":8.100000381469727,"imported":0.20000000298023224,"discharged":15.300000190734863,"maxPv":7.802}
