{"generated":62.5,"consumed":29.04573828125,"exported":27.299999237060547,"imported":0.10000000149011612,"discharged":4.400000095367432,"maxPv":9.635}
