{"generated":29.600000381469727,"consumed":13.9010546875,"exported":0,"imported":0.10000000149011612,"discharged":4.400000095367432,"maxPv":6.486}
