{"generated":54.5,"consumed":0.6172091674804687,"exported":34.4000015258789,"imported":0.10000000149011612,"discharged":11.199999809265137,"maxPv":0}
