{"generated":24.599998474121094,"consumed":21.12812890625,"exported":0.10000000149011612,"imported":0.20000000298023224,"discharged":15,"maxPv":5.41}
