{"generated":0.600000023841858,"consumed":5.81316552734375,"exported":0,"imported":0.10000000149011612,"discharged":4.800000190734863,"maxPv":0.802}
