{"generated":27.200000762939453,"consumed":34.51570703125,"exported":0,"imported":25.299999237060547,"discharged":9.699999809265137,"maxPv":9.199}
