{"generated":0.300000011920929,"consumed":38.98355078125,"exported":0,"imported":33.70000076293945,"discharged":2.9000000953674316,"maxPv":1.329}
