{"generated":66,"consumed":31.765337890625,"exported":33.20000076293945,"imported":0.20000000298023224,"discharged":9,"maxPv":8.527}
