{"generated":0.7000000476837158,"consumed":4.45247509765625,"exported":0,"imported":0.10000000149011612,"discharged":3.0999999046325684,"maxPv":1.768}
