{"generated":57.499999046325684,"consumed":23.3148828125,"exported":34,"imported":0.10000000149011612,"discharged":11.899999618530273,"maxPv":8.934}
