{"generated":37,"consumed":7.9219619140625,"exported":4,"imported":0.10000000149011612,"discharged":3.700000047683716,"maxPv":8.031}
