{"generated":25.700000762939453,"consumed":11.039455078125,"exported":0.300000011920929,"imported":0.20000000298023224,"discharged":5.300000190734863,"maxPv":13.091}
