{"generated":44.29999923706055,"consumed":41.2187109375,"exported":0.10000000149011612,"imported":2.700000047683716,"discharged":29.899999618530273,"maxPv":10.877}
