{"generated":4.700000002980232,"consumed":7.20000009983778,"exported":0}
