{"generated":21.399999618530273,"consumed":13.2908896484375,"exported":0,"imported":4.599999904632568,"discharged":3.5,"maxPv":5.582}
