{"generated":62.39999961853027,"consumed":55.3271484375,"exported":4.5,"imported":2.799999952316284,"discharged":33.0999984741211,"maxPv":10.877}
