{"generated":14.699999809265137,"consumed":13.7335927734375,"exported":0.10000000149011612,"imported":0.10000000149011612,"discharged":7.5,"maxPv":6.859}
