{"generated":0,"consumed":2.248918701171875,"exported":0,"imported":1.899999976158142,"discharged":1.2000000476837158,"maxPv":0}
