{"generated":18.500000476837158,"consumed":15.2661904296875,"exported":0.10000000149011612,"imported":0.10000000149011612,"discharged":5,"maxPv":7.109}
