{"generated":19.5,"consumed":12.271009765625,"exported":3.700000047683716,"imported":0.20000000298023224,"discharged":4.800000190734863,"maxPv":10.944}
