{"generated":8,"consumed":6.5665625,"exported":0.10000000149011612,"imported":0.20000000298023224,"discharged":3.200000047683716,"maxPv":6.753}
