{"generated":9.199999809265137,"consumed":9.4977880859375,"exported":0.10000000149011612,"imported":0.20000000298023224,"discharged":5.300000190734863,"maxPv":11.611}
