{"generated":0.10000000149011612,"consumed":26.6642890625,"exported":0,"imported":0.10000000149011612,"discharged":25.200000762939453,"maxPv":0.146}
