{"generated":0.10000000149011612,"consumed":4.095968017578125,"exported":0,"imported":0,"discharged":3.700000047683716,"maxPv":0.732}
