{"generated":34,"consumed":37.600000001490116,"exported":0.10000000149011612}
