{"generated":1.7000000476837158,"consumed":5.27341943359375,"exported":0,"imported":0.10000000149011612,"discharged":3.299999952316284,"maxPv":2.324}
