{"generated":1.2000000476837158,"consumed":5.80657177734375,"exported":0,"imported":13.300000190734863,"discharged":4.5,"maxPv":1.901}
