{"generated":10.59999942779541,"consumed":9.0811708984375,"exported":0,"imported":0.20000000298023224,"discharged":5.199999809265137,"maxPv":4.989}
