{"generated":51.20000076293945,"consumed":20.32957421875,"exported":31.299999237060547,"imported":0.10000000149011612,"discharged":10.699999809265137,"maxPv":12.159}
