{"generated":0,"consumed":3.355864501953125,"exported":0,"imported":32.79999923706055,"discharged":3.0999999046325684,"maxPv":0}
