{"generated":0.800000011920929,"consumed":4.88365869140625,"exported":0,"imported":0.10000000149011612,"discharged":4.099999904632568,"maxPv":1.799}
