{"generated":0.699999988079071,"consumed":5.825732421875,"exported":0,"imported":4.599999904632568,"discharged":1.899999976158142,"maxPv":1.664}
