{"generated":56.59999942779541,"consumed":59.60000028461218,"exported":0.10000000149011612,"imported":3.9000000953674316,"discharged":31.700000762939453,"maxPv":9.057}
