{"generated":16.200000762939453,"consumed":41.57977734375,"exported":0.10000000149011612,"imported":20.700000762939453,"discharged":13.5,"maxPv":5.277}
