{"generated":63.9000015258789,"consumed":29.5875859375,"exported":26.100000381469727,"imported":0.20000000298023224,"discharged":9.300000190734863,"maxPv":8.436}
