{"generated":5.300000190734863,"consumed":11.218900390625,"exported":0,"imported":6.900000095367432,"discharged":0,"maxPv":4.571}
