{"generated":29.299999237060547,"consumed":10.5360302734375,"exported":0.10000000149011612,"imported":4.099999904632568,"discharged":4.099999904632568,"maxPv":6.867}
