{"generated":57,"consumed":15.0678935546875,"exported":34.9000015258789,"imported":0.10000000149011612,"discharged":5.300000190734863,"maxPv":11.511}
