{"generated":12.700000762939453,"consumed":6.57003173828125,"exported":0.10000000149011612,"imported":3.700000047683716,"discharged":1.2000000476837158,"maxPv":6.034}
