{"generated":18.5,"consumed":18.65998828125,"exported":0.10000000149011612,"imported":1.399999976158142,"discharged":9.600000381469727,"maxPv":7.21}
