{"generated":0.600000023841858,"consumed":4.92349267578125,"exported":0,"imported":0.10000000149011612,"discharged":4.099999904632568,"maxPv":2.182}
