{"generated":0.7000000476837158,"consumed":6.74059326171875,"exported":0,"imported":0,"discharged":6.199999809265137,"maxPv":2.128}
