{"generated":42.10000228881836,"consumed":17.084482421875,"exported":0.10000000149011612,"imported":3.700000047683716,"discharged":1.2000000476837158,"maxPv":7.838}
