{"generated":64.89999389648438,"consumed":35.96823828125,"exported":22.200000762939453,"imported":0.10000000149011612,"discharged":4.400000095367432,"maxPv":8.277}
