{"generated":1,"consumed":6.27030810546875,"exported":0,"imported":0,"discharged":5.300000190734863,"maxPv":1.689}
