{"generated":54.89999771118164,"consumed":16.45651953125,"exported":29.700000762939453,"imported":0.20000000298023224,"discharged":3.299999952316284,"maxPv":11.582}
