{"generated":17.200000762939453,"consumed":9.54658984375,"exported":0.10000000149011612,"imported":0.10000000149011612,"discharged":4.599999904632568,"maxPv":5.617}
