{"generated":1.2000000476837158,"consumed":6.0716357421875,"exported":0,"imported":0.10000000149011612,"discharged":3.9000000953674316,"maxPv":1.846}
