{"generated":2,"consumed":5.14530224609375,"exported":0,"imported":0.699999988079071,"discharged":3.9000000953674316,"maxPv":4.772}
