{"generated":30.799999237060547,"consumed":9.796275390625,"exported":15.199999809265137,"imported":0.10000000149011612,"discharged":3.5,"maxPv":7.368}
