{"generated":50.0999984741211,"consumed":11.0831171875,"exported":28.5,"imported":0.10000000149011612,"discharged":4.800000190734863,"maxPv":8.775}
