{"generated":13.299999237060547,"consumed":10.7221962890625,"exported":0,"imported":3.200000047683716,"discharged":4.900000095367432,"maxPv":5.102}
