{"generated":0.10000000149011612,"consumed":30.2539765625,"exported":0,"imported":36.9000015258789,"discharged":0,"maxPv":0.409}
