{"generated":59,"consumed":16.01501953125,"exported":36.29999923706055,"imported":0.4000000059604645,"discharged":26,"maxPv":10.482}
