{"generated":50.5,"consumed":15.4752705078125,"exported":27.399999618530273,"imported":0.20000000298023224,"discharged":3.299999952316284,"maxPv":12.933}
