{"generated":21.299999237060547,"consumed":11.930802734375,"exported":0,"imported":4.599999904632568,"discharged":2.299999952316284,"maxPv":5.582}
