{"generated":46.5,"consumed":12.88890625,"exported":29.399999618530273,"imported":0.300000011920929,"discharged":24.799999237060547,"maxPv":8.638}
