{"generated":62.9000015258789,"consumed":27.186806640625,"exported":9.899999618530273,"imported":0.10000000149011612,"discharged":5,"maxPv":9.323}
