{"generated":46.20000076293945,"consumed":18.54858984375,"exported":20.200000762939453,"imported":0.20000000298023224,"discharged":3.799999952316284,"maxPv":10.272}
