{"generated":0.900000035762787,"consumed":4.4225654296875,"exported":0,"imported":0.5,"discharged":2.9000000953674316,"maxPv":1.781}
