{"generated":4.799999713897705,"consumed":6.23707275390625,"exported":0,"imported":0.10000000149011612,"discharged":4.400000095367432,"maxPv":7.862}
