{"generated":20.5,"consumed":8.7925185546875,"exported":2.299999952316284,"imported":0.20000000298023224,"discharged":3.9000000953674316,"maxPv":10.981}
