{"generated":66.8000030517578,"consumed":30.052296875,"exported":35.4000015258789,"imported":0.20000000298023224,"discharged":7.300000190734863,"maxPv":8.629}
