{"generated":67.50000190734863,"consumed":18.63260546875,"exported":44.0999984741211,"imported":0.20000000298023224,"discharged":12.100000381469727,"maxPv":9.026}
