{"generated":58.89999771118164,"consumed":12.7575107421875,"exported":18.799999237060547,"imported":0.4000000059604645,"discharged":4.699999809265137,"maxPv":10.482}
