{"generated":0,"consumed":0.7137349853515625,"exported":0,"imported":10.399999618530273,"discharged":0,"maxPv":0}
