{"generated":3.6999998092651367,"consumed":5.72589013671875,"exported":0,"imported":0.10000000149011612,"discharged":4.800000190734863,"maxPv":3.097}
