{"generated":9.899999618530273,"consumed":8.420037109375,"exported":0.10000000149011612,"imported":0.10000000149011612,"discharged":4.599999904632568,"maxPv":5.418}
