{"generated":4.300000190734863,"consumed":14.8514921875,"exported":0,"imported":9.699999809265137,"discharged":0,"maxPv":4.396}
