{"generated":66.6999969482422,"consumed":25.5556796875,"exported":39,"imported":0.20000000298023224,"discharged":9.300000190734863,"maxPv":11.582}
