{"generated":36.10000228881836,"consumed":13.48482421875,"exported":20.200000762939453,"imported":0.10000000149011612,"discharged":5,"maxPv":11.911}
