{"generated":42.9000015258789,"consumed":16.17555859375,"exported":23.100000381469727,"imported":0.20000000298023224,"discharged":5.199999809265137,"maxPv":7.641}
