{"generated":35.4000015258789,"consumed":10.9330185546875,"exported":0.300000011920929,"imported":10.800000190734863,"discharged":0.10000000149011612,"maxPv":11.521}
