{"generated":19.399999618530273,"consumed":8.2027001953125,"exported":7.099999904632568,"imported":0.10000000149011612,"discharged":3.9000000953674316,"maxPv":10.133}
