{"generated":60.29999542236328,"consumed":12.356548828125,"exported":43.70000076293945,"imported":0.20000000298023224,"discharged":3.9000000953674316,"maxPv":8.7}
