{"generated":1.3000000715255737,"consumed":4.58510498046875,"exported":0,"imported":0.10000000149011612,"discharged":3.299999952316284,"maxPv":1.85}
