{"generated":66.39999771118164,"consumed":8.983845703125,"exported":5.699999809265137,"imported":0.20000000298023224,"discharged":12.100000381469727,"maxPv":8.069}
