{"generated":4.900000095367432,"consumed":8.79536328125,"exported":0,"imported":0,"discharged":6.099999904632568,"maxPv":5.306}
