{"generated":0,"consumed":23.322267578125,"exported":0,"imported":20.600000381469727,"discharged":2.5,"maxPv":0}
