{"generated":46.4000015258789,"consumed":21.42189453125,"exported":24.100000381469727,"imported":0.20000000298023224,"discharged":9.800000190734863,"maxPv":13.502}
