{"generated":30,"consumed":9.9524716796875,"exported":14.899999618530273,"imported":0.10000000149011612,"discharged":5.099999904632568,"maxPv":12.165}
