{"generated":0.6000000014901161,"consumed":5.85251025390625,"exported":0.10000000149011612,"imported":0.10000000149011612,"discharged":4.900000095367432,"maxPv":1.524}
