{"generated":0,"consumed":5.0571806640625,"exported":0,"imported":1.2999999523162842,"discharged":4.900000095367432,"maxPv":0}
