{"generated":0,"consumed":1.442752685546875,"exported":0,"imported":0.4000000059604645,"discharged":0.699999988079071,"maxPv":0}
