{"generated":4.100000381469727,"consumed":12.4424814453125,"exported":0.10000000149011612,"imported":0.10000000149011612,"discharged":8.800000190734863,"maxPv":2.191}
