{"generated":9.799999237060547,"consumed":10.2349658203125,"exported":0.10000000149011612,"imported":5,"discharged":2.700000047683716,"maxPv":4.783}
