{"generated":0.5,"consumed":5.133310546875,"exported":0,"imported":0.20000000298023224,"discharged":3.9000000953674316,"maxPv":0.735}
