{"generated":11.199999809265137,"consumed":9.725025390625,"exported":0.10000000149011612,"imported":0.10000000149011612,"discharged":5.199999809265137,"maxPv":6.429}
