{"generated":0,"consumed":7.59088134765625,"exported":0,"imported":31.299999237060547,"discharged":3.799999952316284,"maxPv":0.226}
