{"generated":54.0999984741211,"consumed":13.1034052734375,"exported":35.4000015258789,"imported":0.5,"discharged":2.9000000953674316,"maxPv":9.004}
