{"generated":22.30000114440918,"consumed":9.531845703125,"exported":0.10000000149011612,"imported":0.10000000149011612,"discharged":3.799999952316284,"maxPv":10.743}
