{"generated":51.5,"consumed":12.659578125,"exported":30.299999237060547,"imported":0.20000000298023224,"discharged":3.700000047683716,"maxPv":11.188}
