{"generated":0,"consumed":4.7495322265625,"exported":0,"imported":15.699999809265137,"discharged":4.400000095367432,"maxPv":0.069}
