{"generated":41.89999771118164,"consumed":11.196759765625,"exported":19.299999237060547,"imported":0.300000011920929,"discharged":3,"maxPv":12.098}
