{"generated":0.10000000149011612,"consumed":4.64919091796875,"exported":0,"imported":12,"discharged":4.300000190734863,"maxPv":0.163}
