{"generated":21.80000114440918,"consumed":14.4634609375,"exported":0.10000000149011612,"imported":0.10000000149011612,"discharged":4.099999904632568,"maxPv":8.518}
