{"generated":34.10000228881836,"consumed":18.728482421875,"exported":11.600000381469727,"imported":0.10000000149011612,"discharged":9.899999618530273,"maxPv":6.837}
