{"generated":1.399999976158142,"consumed":5.73249658203125,"exported":0,"imported":0,"discharged":4.400000095367432,"maxPv":2.238}
