{"generated":46.299999713897705,"consumed":23.0580625,"exported":10.800000190734863,"imported":0.10000000149011612,"discharged":12.199999809265137,"maxPv":9.657}
