{"generated":8.699999809265137,"consumed":5.73970458984375,"exported":0,"imported":0.300000011920929,"discharged":3.9000000953674316,"maxPv":5.335}
