{"generated":0,"consumed":0.5606627807617187,"exported":0,"imported":0,"discharged":0.600000023841858,"maxPv":0}
