{"generated":0.300000011920929,"consumed":4.3838232421875,"exported":0,"imported":0.10000000149011612,"discharged":3.5,"maxPv":0.152}
