{"generated":4.099999904632568,"consumed":4.48281103515625,"exported":0,"imported":0,"discharged":3.200000047683716,"maxPv":6.123}
