{"generated":37.70000076293945,"consumed":69.4100625,"exported":10.199999809265137,"imported":34.9000015258789,"discharged":13.199999809265137,"maxPv":6.869}
