{"generated":36.70000076293945,"consumed":14.1766015625,"exported":0.300000011920929,"imported":10.800000190734863,"discharged":2.700000047683716,"maxPv":11.521}
