{"generated":0,"consumed":14.2272734375,"exported":0,"imported":0.699999988079071,"discharged":2.5,"maxPv":0}
