{"generated":25.69999885559082,"consumed":8.6685830078125,"exported":12.399999618530273,"imported":0.10000000149011612,"discharged":3.799999952316284,"maxPv":10.509}
