{"generated":12.999999761581421,"consumed":29.748408203125,"exported":0,"imported":0.10000000149011612,"discharged":5.599999904632568,"maxPv":4.279}
