{"generated":0,"consumed":4.3182177734375,"exported":0,"imported":0,"discharged":4.599999904632568,"maxPv":0}
