{"generated":35.29999923706055,"consumed":11.324169921875,"exported":20,"imported":0.10000000149011612,"discharged":3.9000000953674316,"maxPv":11.911}
