{"generated":49,"consumed":10.307548828125,"exported":13,"imported":0.10000000149011612,"discharged":4.5,"maxPv":8.734}
