{"generated":39.29999923706055,"consumed":26.8706015625,"exported":7.800000190734863,"imported":0.20000000298023224,"discharged":5.199999809265137,"maxPv":11.536}
