{"generated":16.200000762939453,"consumed":7.53190380859375,"exported":4.599999904632568,"imported":0.10000000149011612,"discharged":3.5999999046325684,"maxPv":7.486}
