{"generated":0.7000000476837158,"consumed":4.8887294921875,"exported":0,"imported":0.10000000149011612,"discharged":3.4000000953674316,"maxPv":2.243}
