{"generated":42.79999923706055,"consumed":12.0175087890625,"exported":6.800000190734863,"imported":1.100000023841858,"discharged":4.199999809265137,"maxPv":12.708}
