{"generated":0.600000023841858,"consumed":4.72425390625,"exported":0,"imported":0.20000000298023224,"discharged":4,"maxPv":2.261}
