{"generated":8.699999809265137,"consumed":9.4980244140625,"exported":0,"imported":0,"discharged":5.400000095367432,"maxPv":7.844}
