{"generated":25.5,"consumed":7.798638671875,"exported":0,"imported":0.10000000149011612,"discharged":4.199999809265137,"maxPv":8.542}
