{"generated":64.7999954223633,"consumed":31.29252734375,"exported":25.299999237060547,"imported":0.10000000149011612,"discharged":3,"maxPv":9.45}
