{"generated":40.20000076293945,"consumed":13.1467001953125,"exported":21.399999618530273,"imported":0.20000000298023224,"discharged":3.4000000953674316,"maxPv":12.276}
