{"generated":36.0999984741211,"consumed":0.5863574829101562,"exported":20,"imported":0.10000000149011612,"discharged":7.599999904632568,"maxPv":0}
