{"generated":22.5,"consumed":19.43094140625,"exported":0.10000000149011612,"imported":0.20000000298023224,"discharged":9.300000190734863,"maxPv":7.49}
