{"generated":6.299999713897705,"consumed":41.9688828125,"exported":0.10000000149011612,"imported":37.20000076293945,"discharged":3.700000047683716,"maxPv":4.062}
