{"generated":52.900001525878906,"consumed":42.30000199377537,"exported":0.300000011920929}
