{"generated":53.5,"consumed":20.66891015625,"exported":29.899999618530273,"imported":0.20000000298023224,"discharged":5.599999904632568,"maxPv":12.276}
