{"generated":29.399999618530273,"consumed":15.696470703125,"exported":6.099999904632568,"imported":0.10000000149011612,"discharged":2.9000000953674316,"maxPv":8.743}
