{"generated":6,"consumed":8.4041025390625,"exported":0.20000000298023224,"imported":0.300000011920929,"discharged":4.800000190734863,"maxPv":4.173}
