{"generated":60.29999542236328,"consumed":12.990880859375,"exported":43.70000076293945,"imported":0.20000000298023224,"discharged":4.400000095367432,"maxPv":8.7}
