{"generated":8.300000190734863,"consumed":13.404369140625,"exported":0,"imported":6.900000095367432,"discharged":0.20000000298023224,"maxPv":4.571}
