{"generated":20.30000114440918,"consumed":15.347017578125,"exported":0,"imported":0.10000000149011612,"discharged":10.899999618530273,"maxPv":7.351}
