{"generated":9.00000011920929,"consumed":7.600000500679016,"exported":0.10000000149011612}
