{"generated":2.799999952316284,"consumed":6.42849658203125,"exported":0,"imported":12,"discharged":4.5,"maxPv":2.553}
