{"generated":45.19999694824219,"consumed":13.516435546875,"exported":30.200000762939453,"imported":28.5,"discharged":5.599999904632568,"maxPv":7.573}
