{"generated":59.5,"consumed":13.723708984375,"exported":29.899999618530273,"imported":0.20000000298023224,"discharged":14.399999618530273,"maxPv":8.734}
