{"generated":65.19999885559082,"consumed":18.97543359375,"exported":42.5999984741211,"imported":0.5,"discharged":11.899999618530273,"maxPv":8.977}
