{"generated":66.0999984741211,"consumed":17.4966953125,"exported":41.5999984741211,"imported":0.10000000149011612,"discharged":6.900000095367432,"maxPv":8.898}
