{"generated":21.299999237060547,"consumed":11.259,"exported":1.5,"imported":0.10000000149011612,"discharged":4.599999904632568,"maxPv":5.617}
