{"generated":0,"consumed":0.7183289794921875,"exported":0,"imported":7.400000095367432,"discharged":0.699999988079071,"maxPv":0}
