{"generated":21.200000762939453,"consumed":7.397826171875,"exported":9.699999809265137,"imported":0.10000000149011612,"discharged":3.4000000953674316,"maxPv":9.372}
