{"generated":47.59999895095825,"consumed":23.499997712671757,"exported":16.700000762939453}
