{"generated":59.999996185302734,"consumed":24.38161328125,"exported":30.100000381469727,"imported":0.300000011920929,"discharged":4.800000190734863,"maxPv":11.256}
