{"generated":7.599999904632568,"consumed":6.74826220703125,"exported":0,"imported":0.10000000149011612,"discharged":4.099999904632568,"maxPv":5.81}
