{"generated":20.5,"consumed":19.307740234375,"exported":0.20000000298023224,"imported":2.700000047683716,"discharged":10,"maxPv":6.411}
