{"generated":11.100000381469727,"consumed":7.095,"exported":0,"imported":3.4000000953674316,"discharged":3.5,"maxPv":10.868}
