{"generated":11.700000762939453,"consumed":10.027599609375,"exported":0.10000000149011612,"imported":5.800000190734863,"discharged":0,"maxPv":8.356}
