{"generated":17.100000381469727,"consumed":6.99084765625,"exported":5.900000095367432,"imported":0.10000000149011612,"discharged":3.299999952316284,"maxPv":6.845}
