{"generated":24.5,"consumed":21.82180078125,"exported":1.600000023841858,"imported":0.10000000149011612,"discharged":11.399999618530273,"maxPv":5.617}
