{"generated":7.700000047683716,"consumed":8.899999856948853,"exported":0.10000000149011612}
