{"generated":0.4000000059604645,"consumed":4.27531298828125,"exported":0,"imported":0.300000011920929,"discharged":3,"maxPv":1.547}
