{"generated":54.0999984741211,"consumed":12.365529296875,"exported":34.29999923706055,"imported":0.10000000149011612,"discharged":4.099999904632568,"maxPv":8.802}
