{"generated":0,"consumed":2.433947509765625,"exported":0,"imported":1.600000023841858,"discharged":2.0999999046325684,"maxPv":0}
