{"generated":21.69999885559082,"consumed":9.5424052734375,"exported":5.199999809265137,"imported":0.20000000298023224,"discharged":4.800000190734863,"maxPv":8.302}
