{"generated":45.89999961853027,"consumed":17.99999962002039,"exported":8.300000190734863}
