{"generated":0,"consumed":3.7596044921875,"exported":0,"imported":0.10000000149011612,"discharged":3.4000000953674316,"maxPv":0.135}
