{"generated":0,"consumed":0.7610089111328125,"exported":0,"imported":0.10000000149011612,"discharged":0.699999988079071,"maxPv":0}
