{"generated":53.39999771118164,"consumed":23.49824609375,"exported":27.200000762939453,"imported":4.699999809265137,"discharged":26.399999618530273,"maxPv":8.199}
