{"generated":48.59999942779541,"consumed":22.89999933540821,"exported":3.5999999046325684}
