{"generated":37.39999771118164,"consumed":9.9958955078125,"exported":23,"imported":0.10000000149011612,"discharged":3.700000047683716,"maxPv":11.792}
