{"generated":0.20000000298023224,"consumed":33.59123828125,"exported":0.10000000149011612,"imported":2.5999999046325684,"discharged":29.899999618530273,"maxPv":1.249}
