{"generated":45.4000015258789,"consumed":32.98326171875,"exported":16.799999237060547,"imported":9.600000381469727,"discharged":27.399999618530273,"maxPv":8.874}
