{"generated":58.29999923706055,"consumed":0.5613594360351563,"exported":39.70000076293945,"imported":0.10000000149011612,"discharged":7.699999809265137,"maxPv":0}
