{"generated":5.900000095367432,"consumed":31.409578125,"exported":0.300000011920929,"imported":59.9000015258789,"discharged":2.5,"maxPv":4.742}
