{"generated":60.4000015258789,"consumed":21.80848828125,"exported":31.299999237060547,"imported":0.20000000298023224,"discharged":3.0999999046325684,"maxPv":8.527}
