{"generated":44.9000015258789,"consumed":17.013623046875,"exported":14.899999618530273,"imported":1.100000023841858,"discharged":15.800000190734863,"maxPv":10.471}
