{"generated":9.59999942779541,"consumed":7.346189453125,"exported":0,"imported":0.10000000149011612,"discharged":3.5,"maxPv":6.567}
