{"generated":41.4000015258789,"consumed":13.92471875,"exported":24.100000381469727,"imported":0.10000000149011612,"discharged":5.599999904632568,"maxPv":7.326}
