{"generated":4.400000095367432,"consumed":7.3544453125,"exported":0.10000000149011612,"imported":0.10000000149011612,"discharged":4.900000095367432,"maxPv":3.102}
