{"generated":29,"consumed":9.657228515625,"exported":14.899999618530273,"imported":0.10000000149011612,"discharged":3.700000047683716,"maxPv":12.155}
