{"generated":22.299999237060547,"consumed":10.3790869140625,"exported":0.10000000149011612,"imported":0.10000000149011612,"discharged":5.5,"maxPv":8.777}
