{"generated":0,"consumed":4.21888037109375,"exported":0,"imported":2.9000000953674316,"discharged":2.700000047683716,"maxPv":0}
