{"generated":30.200000762939453,"consumed":9.4414970703125,"exported":9,"imported":0.300000011920929,"discharged":4.099999904632568,"maxPv":8.197}
