{"generated":45.0999984741211,"consumed":16.0146552734375,"exported":19.899999618530273,"imported":0.5,"discharged":4.300000190734863,"maxPv":11.049}
