{"generated":49.60000228881836,"consumed":16.391912109375,"exported":31.100000381469727,"imported":0.10000000149011612,"discharged":8.199999809265137,"maxPv":12.165}
