{"generated":0.20000000298023224,"consumed":3.884265380859375,"exported":0,"imported":0.20000000298023224,"discharged":3.5999999046325684,"maxPv":0.263}
