{"generated":4,"consumed":7.7142099609375,"exported":0,"imported":0.10000000149011612,"discharged":5.400000095367432,"maxPv":4.637}
