{"generated":25.400001525878906,"consumed":23.19341796875,"exported":0.10000000149011612,"imported":0.10000000149011612,"discharged":4.900000095367432,"maxPv":7.025}
