{"generated":0.300000011920929,"consumed":4.82029736328125,"exported":0,"imported":0.10000000149011612,"discharged":4.400000095367432,"maxPv":1.758}
