{"generated":41.5,"consumed":7.796126953125,"exported":29.700000762939453,"imported":0.10000000149011612,"discharged":3.0999999046325684,"maxPv":12.068}
