{"generated":68.3000030517578,"consumed":20.863759765625,"exported":43,"imported":0.10000000149011612,"discharged":8.5,"maxPv":8.981}
