{"generated":6.400000095367432,"consumed":6.97269677734375,"exported":0,"imported":0,"discharged":4.5,"maxPv":5.113}
