{"generated":29.899999618530273,"consumed":26.799999237060547,"exported":0.10000000149011612,"imported":0.10000000149011612,"discharged":8,"maxPv":11.567}
