{"generated":48.5999984741211,"consumed":25.229970703125,"exported":12.399999618530273,"imported":4.599999904632568,"discharged":14.399999618530273,"maxPv":8.389}
