{"generated":7.5,"consumed":6.83188720703125,"exported":0.10000000149011612,"imported":0.10000000149011612,"discharged":3.9000000953674316,"maxPv":8.243}
