{"generated":60.0999984741211,"consumed":25.500267578125,"exported":30.100000381469727,"imported":0.300000011920929,"discharged":5.800000190734863,"maxPv":11.256}
