{"generated":0,"consumed":3.778488037109375,"exported":0,"imported":0,"discharged":3.5999999046325684,"maxPv":0}
