{"generated":18.400001525878906,"consumed":6.8553310546875,"exported":5.599999904632568,"imported":0.10000000149011612,"discharged":3.299999952316284,"maxPv":8.387}
