{"generated":30.30000114440918,"consumed":30.433333984375,"exported":0.10000000149011612,"imported":0.20000000298023224,"discharged":13.100000381469727,"maxPv":7.641}
