{"generated":56.00000047683716,"consumed":19.848146484375,"exported":24.399999618530273,"imported":0.20000000298023224,"discharged":4.699999809265137,"maxPv":9.796}
