{"generated":0,"consumed":11.1464130859375,"exported":0,"imported":32.20000076293945,"discharged":0,"maxPv":0}
