{"generated":14.400000095367432,"consumed":12.300000190734863,"exported":0.10000000149011612}
