{"generated":10.399999618530273,"consumed":12.004826171875,"exported":0.10000000149011612,"imported":6.800000190734863,"discharged":5.800000190734863,"maxPv":6.596}
