{"generated":23.600000381469727,"consumed":12.8549013671875,"exported":0.10000000149011612,"imported":0.20000000298023224,"discharged":6.5,"maxPv":5.916}
