{"generated":0.20000000298023224,"consumed":4.6625224609375,"exported":0.10000000149011612,"imported":0.20000000298023224,"discharged":3.700000047683716,"maxPv":0.084}
