{"generated":0.8000000715255737,"consumed":4.254400390625,"exported":0,"imported":0.10000000149011612,"discharged":2.9000000953674316,"maxPv":1.648}
