{"generated":58.80000019073486,"consumed":38.00000114738941,"exported":6.699999809265137}
