{"generated":0,"consumed":4.42962158203125,"exported":0,"imported":0.10000000149011612,"discharged":4.199999809265137,"maxPv":0}
