{"generated":66.39999961853027,"consumed":9.585203125,"exported":36.20000076293945,"imported":0.10000000149011612,"discharged":23.700000762939453,"maxPv":5.784}
