{"generated":39.20000076293945,"consumed":12.579052734375,"exported":4.900000095367432,"imported":3.5999999046325684,"discharged":5,"maxPv":12.049}
