{"generated":35.70000076293945,"consumed":8.2420986328125,"exported":23.799999237060547,"imported":0.10000000149011612,"discharged":3.299999952316284,"maxPv":11.958}
