{"generated":5.5,"consumed":6.611505859375,"exported":0.10000000149011612,"imported":0.20000000298023224,"discharged":3.9000000953674316,"maxPv":9.543}
