{"generated":7.599999904632568,"consumed":6.58592822265625,"exported":0,"imported":0.10000000149011612,"discharged":3.5,"maxPv":5.929}
