{"generated":44.4000015258789,"consumed":9.63021875,"exported":29.899999618530273,"imported":0.10000000149011612,"discharged":3.299999952316284,"maxPv":7.388}
