{"generated":30.499998092651367,"consumed":10.4691953125,"exported":11.5,"imported":0.300000011920929,"discharged":2.799999952316284,"maxPv":8.605}
