{"generated":54.69999694824219,"consumed":13.1401015625,"exported":37.29999923706055,"imported":0.10000000149011612,"discharged":3.799999952316284,"maxPv":10.511}
