{"generated":29.700000762939453,"consumed":14.24312109375,"exported":7.5,"imported":0.20000000298023224,"discharged":3.299999952316284,"maxPv":11.582}
