{"generated":51.0999984741211,"consumed":11.8673720703125,"exported":33.4000015258789,"imported":0.300000011920929,"discharged":23.600000381469727,"maxPv":8.031}
