{"generated":2.799999952316284,"consumed":19.78087890625,"exported":0,"imported":11.300000190734863,"discharged":4.699999809265137,"maxPv":1.265}
