{"generated":0,"consumed":2.748578125,"exported":0,"imported":0,"discharged":2.5999999046325684,"maxPv":0}
