{"generated":42.30000305175781,"consumed":13.723771484375,"exported":21.899999618530273,"imported":0.10000000149011612,"discharged":6.099999904632568,"maxPv":12.543}
