{"generated":5.099999934434891,"consumed":7.200000077486038,"exported":0.10000000149011612}
