{"generated":26.80000114440918,"consumed":13.315552734375,"exported":22.700000762939453,"imported":13.399999618530273,"discharged":30,"maxPv":11.489}
