{"generated":45.4000015258789,"consumed":10.8191474609375,"exported":9.899999618530273,"imported":0.699999988079071,"discharged":4,"maxPv":8.057}
