{"generated":53.5,"consumed":35.4284140625,"exported":0.10000000149011612,"imported":6.199999809265137,"discharged":3.4000000953674316,"maxPv":8.917}
