{"generated":0.4000000059604645,"consumed":4.706134765625,"exported":0,"imported":0.10000000149011612,"discharged":3.5999999046325684,"maxPv":0.554}
