{"generated":14.799999237060547,"consumed":13.56886328125,"exported":0.10000000149011612,"imported":0.10000000149011612,"discharged":5.900000095367432,"maxPv":4.893}
