{"generated":38.60000228881836,"consumed":21.7811015625,"exported":12.199999809265137,"imported":0.20000000298023224,"discharged":3.799999952316284,"maxPv":8.629}
