{"generated":18.399999618530273,"consumed":14.0896181640625,"exported":0.10000000149011612,"imported":1.600000023841858,"discharged":6.699999809265137,"maxPv":5.397}
