{"generated":55.5,"consumed":16.1102861328125,"exported":33.5999984741211,"imported":0.20000000298023224,"discharged":3.700000047683716,"maxPv":9.078}
