{"generated":33.5,"consumed":25.563361328125,"exported":0.300000011920929,"imported":0.300000011920929,"discharged":16.899999618530273,"maxPv":12.01}
