{"generated":35,"consumed":23.43156640625,"exported":0.10000000149011612,"imported":0.300000011920929,"discharged":10.300000190734863,"maxPv":9.047}
