{"generated":26.400001525878906,"consumed":17.8174296875,"exported":0.10000000149011612,"imported":0.20000000298023224,"discharged":10.100000381469727,"maxPv":0.935}
