{"generated":0,"consumed":30.900000020861626,"exported":0,"imported":0.600000023841858,"discharged":30.5,"maxPv":0}
