{"generated":0,"consumed":37.41634375,"exported":0,"imported":33.4000015258789,"discharged":0.899999976158142,"maxPv":0}
