{"generated":47.5,"consumed":33.85705078125,"exported":5.099999904632568,"imported":0.20000000298023224,"discharged":4.699999809265137,"maxPv":10.343}
