{"generated":33.79999923706055,"consumed":10.8649892578125,"exported":0.5,"imported":0.4000000059604645,"discharged":4.199999809265137,"maxPv":12.708}
