{"generated":0.800000011920929,"consumed":4.87526171875,"exported":0,"imported":0.20000000298023224,"discharged":4,"maxPv":1.851}
