{"generated":1.5999999046325684,"consumed":10.112408203125,"exported":0,"imported":3.799999952316284,"discharged":4.699999809265137,"maxPv":1.265}
