{"generated":45.29999923706055,"consumed":13.2031064453125,"exported":29.799999237060547,"imported":0.10000000149011612,"discharged":5.699999809265137,"maxPv":7.833}
