{"generated":30.299999237060547,"consumed":9.0350166015625,"exported":16,"imported":0.20000000298023224,"discharged":3.5999999046325684,"maxPv":7.181}
