{"generated":52.39999866485596,"consumed":44.779296875,"exported":7.599999904632568,"imported":0.20000000298023224,"discharged":33.0999984741211,"maxPv":12.265}
