{"generated":18.899999618530273,"consumed":14.5807431640625,"exported":0.10000000149011612,"imported":0.20000000298023224,"discharged":8,"maxPv":5.486}
