{"generated":18.200000762939453,"consumed":12.56160546875,"exported":0.20000000298023224,"imported":0.4000000059604645,"discharged":4.800000190734863,"maxPv":6.169}
