{"generated":45.4000015258789,"consumed":9.8529365234375,"exported":30.600000381469727,"imported":0.10000000149011612,"discharged":3.4000000953674316,"maxPv":10.511}
