{"generated":18.5,"consumed":25.056162109375,"exported":0.10000000149011612,"imported":14.199999809265137,"discharged":3.299999952316284,"maxPv":5.327}
