{"generated":25,"consumed":24.8788046875,"exported":0.20000000298023224,"imported":0.300000011920929,"discharged":16.899999618530273,"maxPv":12.01}
