{"generated":38.69999980926514,"consumed":13.800000287592411,"exported":5}
