{"generated":14.100000381469727,"consumed":8.651109375,"exported":0,"imported":0.10000000149011612,"discharged":4.300000190734863,"maxPv":7.111}
