{"generated":54.39999771118164,"consumed":11.4582197265625,"exported":37.4000015258789,"imported":0.10000000149011612,"discharged":2.9000000953674316,"maxPv":8.82}
