{"generated":67.89999389648438,"consumed":28.697001953125,"exported":38.0999984741211,"imported":0.300000011920929,"discharged":10.199999809265137,"maxPv":8.878}
