{"generated":20.200000762939453,"consumed":6.14989501953125,"exported":10.600000381469727,"imported":0.10000000149011612,"discharged":3.0999999046325684,"maxPv":11.919}
