{"generated":33.10000038146973,"consumed":31.705271484375,"exported":0.20000000298023224,"imported":0.20000000298023224,"discharged":6,"maxPv":13.625}
