{"generated":6.200000286102295,"consumed":7.77778955078125,"exported":0,"imported":0.10000000149011612,"discharged":4.800000190734863,"maxPv":9.936}
