{"generated":18.799999237060547,"consumed":8.1304375,"exported":0.10000000149011612,"imported":0.300000011920929,"discharged":4.199999809265137,"maxPv":12.445}
