{"generated":29.099998474121094,"consumed":7.8722294921875,"exported":16.299999237060547,"imported":0.10000000149011612,"discharged":2.9000000953674316,"maxPv":8.686}
