{"generated":44.69999694824219,"consumed":10.638220703125,"exported":30.100000381469727,"imported":28.5,"discharged":3.700000047683716,"maxPv":7.573}
