{"generated":4.900000095367432,"consumed":18.060578125,"exported":0.10000000149011612,"imported":17.5,"discharged":9.399999618530273,"maxPv":2.225}
