{"generated":8.700000762939453,"consumed":15.0444560546875,"exported":0,"imported":6.900000095367432,"discharged":1.2999999523162842,"maxPv":4.571}
