{"generated":54,"consumed":26.3496875,"exported":18.799999237060547,"imported":0.20000000298023224,"discharged":3.5999999046325684,"maxPv":8.952}
