{"generated":60.4000015258789,"consumed":18.545037109375,"exported":39.79999923706055,"imported":0.10000000149011612,"discharged":8.399999618530273,"maxPv":8.705}
