{"generated":3.500000238418579,"consumed":5.60821728515625,"exported":0.10000000149011612,"imported":0.4000000059604645,"discharged":3.299999952316284,"maxPv":6.461}
