{"generated":61.000003814697266,"consumed":24.08649609375,"exported":37.5999984741211,"imported":0.20000000298023224,"discharged":9.5,"maxPv":9.078}
