{"generated":22.5,"consumed":20.173216796875,"exported":0.10000000149011612,"imported":0.20000000298023224,"discharged":10,"maxPv":7.49}
