{"generated":37,"consumed":7.7408095703125,"exported":4.199999809265137,"imported":0.10000000149011612,"discharged":3.5,"maxPv":9.123}
