{"generated":42.60000228881836,"consumed":36.42144921875,"exported":11.5,"imported":7.400000095367432,"discharged":20,"maxPv":7.395}
