{"generated":54.20000076293945,"consumed":50.600000858306885,"exported":3.5999999046325684,"imported":26.200000762939453,"discharged":15,"maxPv":9.375}
