{"generated":16.30000114440918,"consumed":19.60890234375,"exported":0.20000000298023224,"imported":13.600000381469727,"discharged":7.800000190734863,"maxPv":4.665}
