{"generated":20.69999885559082,"consumed":15.7788349609375,"exported":0.10000000149011612,"imported":0.10000000149011612,"discharged":6.900000095367432,"maxPv":5.223}
