{"generated":9.5,"consumed":14.778638671875,"exported":0.10000000149011612,"imported":0.10000000149011612,"discharged":9.199999809265137,"maxPv":6.168}
