{"generated":51.70000076293945,"consumed":7.79465234375,"exported":39.5,"imported":0,"discharged":3.200000047683716,"maxPv":8.917}
