{"generated":61.29999923706055,"consumed":21.619197265625,"exported":33.5999984741211,"imported":0.10000000149011612,"discharged":4.5,"maxPv":8.059}
