{"generated":44.299999713897705,"consumed":38.5,"exported":0.10000000149011612}
