{"generated":14.5,"consumed":14.5973876953125,"exported":0,"imported":3.200000047683716,"discharged":7.5,"maxPv":5.102}
