{"generated":0,"consumed":2.09906103515625,"exported":0,"imported":5.699999809265137,"discharged":1.600000023841858,"maxPv":0}
