{"generated":10.5,"consumed":9.35302734375,"exported":0.10000000149011612,"imported":5.800000190734863,"discharged":0,"maxPv":8.356}
