{"generated":65.5999984741211,"consumed":13.494380859375,"exported":43.5,"imported":0.20000000298023224,"discharged":4.400000095367432,"maxPv":8.948}
