{"generated":5.200000286102295,"consumed":8.5280966796875,"exported":0.10000000149011612,"imported":0.10000000149011612,"discharged":5.400000095367432,"maxPv":4.418}
