{"generated":6.300000190734863,"consumed":26.882990234375,"exported":0,"imported":31.700000762939453,"discharged":11.100000381469727,"maxPv":4.015}
