{"generated":0.20000000298023224,"consumed":6.3976484375,"exported":0,"imported":0,"discharged":6.599999904632568,"maxPv":0.074}
