{"generated":11,"consumed":7.48568798828125,"exported":0.10000000149011612,"imported":1.600000023841858,"discharged":4.5,"maxPv":10.392}
