{"generated":0,"consumed":17.740701171875,"exported":0,"imported":12.199999809265137,"discharged":4.800000190734863,"maxPv":0.061}
