{"generated":50.29999923706055,"consumed":0.7091344604492188,"exported":5.099999904632568,"imported":0.300000011920929,"discharged":12.399999618530273,"maxPv":0}
