{"generated":36.29999923706055,"consumed":19.830876953125,"exported":10.899999618530273,"imported":0.20000000298023224,"discharged":4.300000190734863,"maxPv":12.592}
