{"generated":52.60000228881836,"consumed":10.136970703125,"exported":37.0999984741211,"imported":0.10000000149011612,"discharged":3.5,"maxPv":9.267}
