{"generated":13.5,"consumed":6.70276220703125,"exported":2.9000000953674316,"imported":0.10000000149011612,"discharged":3.4000000953674316,"maxPv":9.372}
