{"generated":44.100000858306885,"consumed":25.60000115633011,"exported":7.400000095367432}
