{"generated":15.799999237060547,"consumed":9.939943359375,"exported":1.399999976158142,"imported":0.10000000149011612,"discharged":4.599999904632568,"maxPv":11.932}
