{"generated":21.799999237060547,"consumed":21.00297265625,"exported":0.10000000149011612,"imported":0.20000000298023224,"discharged":13.100000381469727,"maxPv":5.579}
