{"generated":0,"consumed":2.214746826171875,"exported":0,"imported":30.200000762939453,"discharged":1.600000023841858,"maxPv":0}
