{"generated":67.5,"consumed":13.612998046875,"exported":46.79999923706055,"imported":0.20000000298023224,"discharged":4.199999809265137,"maxPv":8.891}
