{"generated":3.299999952316284,"consumed":5.6379521484375,"exported":0,"imported":0.10000000149011612,"discharged":3.4000000953674316,"maxPv":3.803}
