{"generated":54.9000015258789,"consumed":14.37589453125,"exported":24.200000762939453,"imported":0.10000000149011612,"discharged":3.4000000953674316,"maxPv":8.667}
