{"generated":32.39999961853027,"consumed":30.499999426305294,"exported":0.20000000298023224}
