{"generated":2.299999713897705,"consumed":6.0695205078125,"exported":0,"imported":0,"discharged":4.5,"maxPv":3.398}
