{"generated":0,"consumed":8.3575908203125,"exported":0,"imported":0.20000000298023224,"discharged":8.399999618530273,"maxPv":0}
