{"generated":13.899999618530273,"consumed":16.484259765625,"exported":7.900000095367432,"imported":10.300000190734863,"discharged":8.5,"maxPv":5.088}
