{"generated":26,"consumed":27.188208984375,"exported":0.10000000149011612,"imported":0.20000000298023224,"discharged":11.800000190734863,"maxPv":5.645}
