{"generated":58.29999923706055,"consumed":24.699560546875,"exported":27.100000381469727,"imported":0.10000000149011612,"discharged":4.400000095367432,"maxPv":9.635}
