{"generated":18.399999618530273,"consumed":18.045896484375,"exported":0.10000000149011612,"imported":1.7000000476837158,"discharged":10.399999618530273,"maxPv":5.397}
