{"generated":1.600000023841858,"consumed":32.92541015625,"exported":0,"imported":25.899999618530273,"discharged":3.799999952316284,"maxPv":3.324}
