{"generated":54.4000015258789,"consumed":11.08798046875,"exported":38.5,"imported":0.10000000149011612,"discharged":3.4000000953674316,"maxPv":9.37}
