{"generated":46,"consumed":22.568814453125,"exported":21.600000381469727,"imported":0.10000000149011612,"discharged":8.600000381469727,"maxPv":13.652}
