{"generated":52,"consumed":15.3109345703125,"exported":21.600000381469727,"imported":0.20000000298023224,"discharged":3.299999952316284,"maxPv":8.436}
