{"generated":0,"consumed":3.71031201171875,"exported":0.10000000149011612,"imported":0.20000000298023224,"discharged":3.5,"maxPv":0}
