{"generated":43.19999694824219,"consumed":12.3627529296875,"exported":5.800000190734863,"imported":0.4000000059604645,"discharged":4.400000095367432,"maxPv":10.471}
