{"generated":53.30000305175781,"consumed":14.578611328125,"exported":36.79999923706055,"imported":0.10000000149011612,"discharged":5.599999904632568,"maxPv":8.312}
