{"generated":33.4000015258789,"consumed":15.9830556640625,"exported":11.699999809265137,"imported":0.10000000149011612,"discharged":5.699999809265137,"maxPv":10.502}
