{"generated":1.9000000357627869,"consumed":32.554998046875,"exported":0,"imported":0.10000000149011612,"discharged":7.099999904632568,"maxPv":2.104}
