{"generated":0,"consumed":2.484614501953125,"exported":0,"imported":0,"discharged":2.299999952316284,"maxPv":0}
