{"generated":9.100000381469727,"consumed":9.8728603515625,"exported":0.10000000149011612,"imported":0.10000000149011612,"discharged":5.800000190734863,"maxPv":12.974}
