{"generated":4.5,"consumed":7.34849365234375,"exported":0,"imported":0.10000000149011612,"discharged":4.300000190734863,"maxPv":3.891}
