{"generated":14.999999046325684,"consumed":6.46956005859375,"exported":2.9000000953674316,"imported":0,"discharged":3.700000047683716,"maxPv":6.439}
