{"generated":21.30000114440918,"consumed":7.8353251953125,"exported":8.300000190734863,"imported":0.5,"discharged":2.9000000953674316,"maxPv":7.982}
