{"generated":42.79999923706055,"consumed":9.154931640625,"exported":8.399999618530273,"imported":0.699999988079071,"discharged":3.9000000953674316,"maxPv":8.057}
