{"generated":28.400001525878906,"consumed":42.41985546875,"exported":0.10000000149011612,"imported":25.299999237060547,"discharged":12.100000381469727,"maxPv":9.199}
