{"generated":54.5999984741211,"consumed":10.601548828125,"exported":37.5,"imported":0.10000000149011612,"discharged":3.4000000953674316,"maxPv":9.549}
