{"generated":13.799999237060547,"consumed":8.206845703125,"exported":0,"imported":0,"discharged":4.5,"maxPv":6.207}
