{"generated":35.40000009536743,"consumed":28.600000478327274,"exported":0}
