{"generated":57.500003814697266,"consumed":0.6313765869140625,"exported":36.29999923706055,"imported":0.20000000298023224,"discharged":8.800000190734863,"maxPv":0}
