{"generated":24.10000228881836,"consumed":20.68565625,"exported":0.10000000149011612,"imported":0.20000000298023224,"discharged":9.199999809265137,"maxPv":6.186}
