{"generated":19.400001525878906,"consumed":51.60244140625,"exported":0.10000000149011612,"imported":33.9000015258789,"discharged":7.900000095367432,"maxPv":6.163}
