{"generated":30.099998474121094,"consumed":9.967533203125,"exported":1.399999976158142,"imported":12,"discharged":4.5,"maxPv":11.882}
