{"generated":3.500000238418579,"consumed":4.90045849609375,"exported":0.10000000149011612,"imported":0.300000011920929,"discharged":3,"maxPv":4.913}
