{"generated":1.5,"consumed":6.4832509765625,"exported":0,"imported":0,"discharged":4.900000095367432,"maxPv":2.196}
