{"generated":0,"consumed":2.33633935546875,"exported":0,"imported":4.099999904632568,"discharged":1.899999976158142,"maxPv":0}
