{"generated":0.10000000149011612,"consumed":5.6999999061226845,"exported":0}
