{"generated":1.7000000476837158,"consumed":9.2398408203125,"exported":0,"imported":0.10000000149011612,"discharged":6.800000190734863,"maxPv":1.828}
