{"generated":46.5,"consumed":0.6505755004882813,"exported":22.899999618530273,"imported":0.20000000298023224,"discharged":7.5,"maxPv":0}
