{"generated":10.600000381469727,"consumed":9.0304140625,"exported":0,"imported":0.20000000298023224,"discharged":4.699999809265137,"maxPv":11.981}
