{"generated":47.29999923706055,"consumed":37.49095703125,"exported":1.2999999523162842,"imported":0.20000000298023224,"discharged":3,"maxPv":10.271}
