{"generated":46.19999980926514,"consumed":22.90000019222498,"exported":8.300000190734863}
