{"generated":52.10000228881836,"consumed":12.7891396484375,"exported":31.5,"imported":0.10000000149011612,"discharged":4.5,"maxPv":10.95}
