{"generated":40,"consumed":13.84355078125,"exported":19.700000762939453,"imported":30.200000762939453,"discharged":6.099999904632568,"maxPv":7.52}
