{"generated":62.299999237060554,"consumed":31.83561328125,"exported":26.799999237060547,"imported":0.300000011920929,"discharged":10.100000381469727,"maxPv":11.393}
