{"generated":0,"consumed":4.706263671875,"exported":0,"imported":0.20000000298023224,"discharged":4.400000095367432,"maxPv":0.064}
