{"generated":44.000003814697266,"consumed":11.4275185546875,"exported":26,"imported":0.10000000149011612,"discharged":4.400000095367432,"maxPv":9.635}
