{"generated":1.100000023841858,"consumed":6.77847509765625,"exported":0,"imported":0,"discharged":5.099999904632568,"maxPv":1.265}
