{"generated":27.799999237060547,"consumed":19.625416015625,"exported":6.900000095367432,"imported":0.20000000298023224,"discharged":7.5,"maxPv":12.51}
