{"generated":12.899999618530273,"consumed":9.81169140625,"exported":0.10000000149011612,"imported":0.10000000149011612,"discharged":4.900000095367432,"maxPv":9.841}
