{"generated":1.100000023841858,"consumed":7.564314453125,"exported":0,"imported":1.5,"discharged":5.900000095367432,"maxPv":1.532}
