{"generated":54.79999923706055,"consumed":29.70346484375,"exported":17,"imported":0.10000000149011612,"discharged":3,"maxPv":9.45}
