{"generated":33.70000076293945,"consumed":10.6640341796875,"exported":19,"imported":0.10000000149011612,"discharged":3.9000000953674316,"maxPv":11.911}
