{"generated":0,"consumed":25.364759765625,"exported":0,"imported":0,"discharged":0.800000011920929,"maxPv":0}
