{"generated":21.799999237060547,"consumed":16.1050869140625,"exported":0.10000000149011612,"imported":0.10000000149011612,"discharged":8.5,"maxPv":5.579}
