{"generated":0.7000000476837158,"consumed":5.026490234375,"exported":0.10000000149011612,"imported":0.10000000149011612,"discharged":4.099999904632568,"maxPv":2.053}
