{"generated":56.999996185302734,"consumed":18.188322265625,"exported":31,"imported":0.20000000298023224,"discharged":4.5,"maxPv":10.377}
