{"generated":0,"consumed":4.4790693359375,"exported":0,"imported":0,"discharged":4.099999904632568,"maxPv":0.049}
