{"generated":0,"consumed":0.56198046875,"exported":0,"imported":13.399999618530273,"discharged":0.5,"maxPv":0}
