{"generated":0,"consumed":4.1365283203125,"exported":0,"imported":0.10000000149011612,"discharged":3.9000000953674316,"maxPv":0.064}
