{"generated":42.9000015258789,"consumed":17.366720703125,"exported":23.5,"imported":0.10000000149011612,"discharged":7.5,"maxPv":7.205}
