{"generated":7.300000190734863,"consumed":18.32621875,"exported":0.10000000149011612,"imported":12.100000381469727,"discharged":6.699999809265137,"maxPv":5.403}
