{"generated":0.5,"consumed":5.76514013671875,"exported":0,"imported":0,"discharged":4.800000190734863,"maxPv":0.992}
