{"generated":18.200000762939453,"consumed":13.5968837890625,"exported":0,"imported":0.10000000149011612,"discharged":4.300000190734863,"maxPv":5.645}
