{"generated":5.900000035762787,"consumed":19.099999368190765,"exported":0,"imported":0,"discharged":16.799999237060547,"maxPv":8.313}
