{"generated":10.100000381469727,"consumed":6.69215087890625,"exported":0,"imported":5.5,"discharged":4.300000190734863,"maxPv":6.238}
