{"generated":26.80000114440918,"consumed":12.1724423828125,"exported":22.5,"imported":13.399999618530273,"discharged":28.799999237060547,"maxPv":11.489}
