{"generated":38.30000305175781,"consumed":12.803458984375,"exported":18.100000381469727,"imported":0.20000000298023224,"discharged":4.800000190734863,"maxPv":9.76}
