{"generated":1.7999999523162842,"consumed":8.758486328125,"exported":0,"imported":6.599999904632568,"discharged":0,"maxPv":1.261}
