{"generated":4.800000190734863,"consumed":7.07268310546875,"exported":0,"imported":0.10000000149011612,"discharged":4.300000190734863,"maxPv":5.515}
