{"generated":1,"consumed":7.37920361328125,"exported":0,"imported":6.199999809265137,"discharged":0,"maxPv":1.246}
