{"generated":1.5,"consumed":7.04783935546875,"exported":0.10000000149011612,"imported":0.20000000298023224,"discharged":4.800000190734863,"maxPv":1.922}
