{"generated":47.9000015258789,"consumed":11.7829921875,"exported":27,"imported":0.300000011920929,"discharged":2.799999952316284,"maxPv":8.878}
