{"generated":59,"consumed":11.6433935546875,"exported":21.5,"imported":0.10000000149011612,"discharged":4.300000190734863,"maxPv":8.714}
