{"generated":0.600000023841858,"consumed":5.38396484375,"exported":0,"imported":0.20000000298023224,"discharged":3.9000000953674316,"maxPv":1.159}
