{"generated":59.89999771118164,"consumed":24.264494140625,"exported":35.5999984741211,"imported":0.20000000298023224,"discharged":11,"maxPv":8.766}
