{"generated":28.899999618530273,"consumed":21.819859375,"exported":0.10000000149011612,"imported":34.9000015258789,"discharged":11,"maxPv":7.851}
