{"generated":37.69999933242798,"consumed":39.09999990463257,"exported":0.20000000298023224,"imported":0.20000000298023224,"discharged":9.100000381469727,"maxPv":11.096}
