{"generated":28.69999885559082,"consumed":7.57728955078125,"exported":9.800000190734863,"imported":0.20000000298023224,"discharged":2.700000047683716,"maxPv":8.588}
