{"generated":27,"consumed":11.2892607421875,"exported":7.900000095367432,"imported":0.10000000149011612,"discharged":4.699999809265137,"maxPv":6.156}
