{"generated":64.9000015258789,"consumed":13.01712890625,"exported":43.4000015258789,"imported":0.10000000149011612,"discharged":4.099999904632568,"maxPv":8.684}
