{"generated":37.70000076293945,"consumed":68.1847734375,"exported":10.199999809265137,"imported":34.9000015258789,"discharged":12,"maxPv":6.869}
