{"generated":32.29999923706055,"consumed":12.35013671875,"exported":12.300000190734863,"imported":0.10000000149011612,"discharged":4.300000190734863,"maxPv":9.154}
