{"generated":13.5,"consumed":10.760857421875,"exported":0,"imported":0.10000000149011612,"discharged":4.699999809265137,"maxPv":5.696}
