{"generated":39.20000076293945,"consumed":9.102896484375,"exported":21.899999618530273,"imported":0,"discharged":3.799999952316284,"maxPv":7.145}
