{"generated":33.100000858306885,"consumed":26.70000086724758,"exported":0.20000000298023224,"imported":0.300000011920929,"discharged":6.699999809265137,"maxPv":12.126,"timestamp":"2024-04-16T17:00:00-07:00"}
