{"generated":47.19999980926514,"consumed":15.49999962002039,"exported":24.5}
