{"generated":42.5,"consumed":12.0730947265625,"exported":25.899999618530273,"imported":0.300000011920929,"discharged":4,"maxPv":13.08}
