{"generated":32.9000015258789,"consumed":8.3620107421875,"exported":20,"imported":0.10000000149011612,"discharged":3.299999952316284,"maxPv":8.507}
