{"generated":58.79999923706055,"consumed":11.4644775390625,"exported":35.70000076293945,"imported":0.10000000149011612,"discharged":9.600000381469727,"maxPv":9.086}
