{"generated":0,"consumed":15.1062783203125,"exported":0,"imported":11.699999809265137,"discharged":2.5999999046325684,"maxPv":0.046}
