{"generated":1.4000000953674316,"consumed":4.50193896484375,"exported":0,"imported":0.10000000149011612,"discharged":3.299999952316284,"maxPv":1.543}
