{"generated":0,"consumed":3.374981201171875,"exported":0,"imported":0.20000000298023224,"discharged":2.0999999046325684,"maxPv":0}
