{"generated":0,"consumed":3.911918701171875,"exported":0,"imported":30.200000762939453,"discharged":3.0999999046325684,"maxPv":0}
