{"generated":32.69999980926514,"consumed":25.299999475479126,"exported":2.799999952316284}
