{"generated":1,"consumed":4.835775390625,"exported":0,"imported":0.20000000298023224,"discharged":3.299999952316284,"maxPv":3.876}
