{"generated":2.0999999046325684,"consumed":4.56830078125,"exported":0,"imported":0,"discharged":3.700000047683716,"maxPv":3.328}
