{"generated":4.199999809265137,"consumed":10.265533203125,"exported":0,"imported":6.5,"discharged":1.7000000476837158,"maxPv":3.71}
