{"generated":0,"consumed":21.118576171875,"exported":0,"imported":0,"discharged":20.399999618530273,"maxPv":0}
