{"generated":15.199999809265137,"consumed":55.79641015625,"exported":1.600000023841858,"imported":46,"discharged":2,"maxPv":6.6}
