{"generated":12.199999809265137,"consumed":29.4812109375,"exported":0.10000000149011612,"imported":20.700000762939453,"discharged":4,"maxPv":5.277}
