{"generated":14.600000381469727,"consumed":15.200000382959843,"exported":0}
