{"generated":40.10000228881836,"consumed":56.50594140625,"exported":9.800000190734863,"imported":19.799999237060547,"discharged":21.299999237060547,"maxPv":7.97}
