{"generated":0,"consumed":1.19496728515625,"exported":0,"imported":0.4000000059604645,"discharged":0.5,"maxPv":0}
