{"generated":48.10000038146973,"consumed":47.80000056326389,"exported":0.300000011920929}
