{"generated":46.79999923706055,"consumed":0.5467572631835937,"exported":31.299999237060547,"imported":0.10000000149011612,"discharged":6.800000190734863,"maxPv":0}
