{"generated":2.5,"consumed":5.984287109375,"exported":0,"imported":0,"discharged":4.300000190734863,"maxPv":4.204}
