{"generated":4.100000381469727,"consumed":18.331794921875,"exported":0.10000000149011612,"imported":6.400000095367432,"discharged":8.800000190734863,"maxPv":2.191}
