{"generated":20.400001525878906,"consumed":12.0722861328125,"exported":0.10000000149011612,"imported":0.20000000298023224,"discharged":6.099999904632568,"maxPv":5.374}
