{"generated":0.5,"consumed":19.784794921875,"exported":0,"imported":15,"discharged":2.700000047683716,"maxPv":1.826}
