{"generated":13.300000190734863,"consumed":5.63044873046875,"exported":4.400000095367432,"imported":0.10000000149011612,"discharged":3.0999999046325684,"maxPv":11.493}
