{"generated":29.5,"consumed":19.742916015625,"exported":0.20000000298023224,"imported":0.300000011920929,"discharged":8.399999618530273,"maxPv":9.883}
