{"generated":8.100000381469727,"consumed":56.4307734375,"exported":5.900000095367432,"imported":80.4000015258789,"discharged":11.399999618530273,"maxPv":3.927}
