{"generated":0,"consumed":2.87098974609375,"exported":0.10000000149011612,"imported":0.300000011920929,"discharged":2.200000047683716,"maxPv":0}
