{"generated":32.10000228881836,"consumed":11.42208984375,"exported":14.899999618530273,"imported":0.10000000149011612,"discharged":3.799999952316284,"maxPv":7.743}
