{"generated":14.5,"consumed":36.19575,"exported":0,"imported":36.9000015258789,"discharged":0,"maxPv":10.062}
