{"generated":66.6999969482422,"consumed":0.7289452514648438,"exported":37,"imported":0.20000000298023224,"discharged":15.300000190734863,"maxPv":0}
