{"generated":24.900001525878906,"consumed":14.7749521484375,"exported":0.10000000149011612,"imported":0.20000000298023224,"discharged":8.5,"maxPv":5.865}
