{"generated":47,"consumed":13.3754384765625,"exported":26.700000762939453,"imported":0.10000000149011612,"discharged":5.400000095367432,"maxPv":12.477}
