{"generated":21.099998474121094,"consumed":8.18314794921875,"exported":7.300000190734863,"imported":0.10000000149011612,"discharged":3.5,"maxPv":8.205}
