{"generated":66.49999809265137,"consumed":49.2636328125,"exported":36.20000076293945,"imported":0.20000000298023224,"discharged":23.700000762939453,"maxPv":8.967}
