{"generated":1.600000023841858,"consumed":5.7523701171875,"exported":0,"imported":0.10000000149011612,"discharged":4.5,"maxPv":2.676}
