{"generated":5.800000190734863,"consumed":5.79877099609375,"exported":0,"imported":0.20000000298023224,"discharged":3.5,"maxPv":5.844}
