{"generated":0,"consumed":2.607241455078125,"exported":0,"imported":0.20000000298023224,"discharged":1.899999976158142,"maxPv":0}
