{"generated":0.10000000149011612,"consumed":4.12481689453125,"exported":0,"imported":0.10000000149011612,"discharged":3.0999999046325684,"maxPv":0.064}
