{"generated":5.5,"consumed":7.21193359375,"exported":0,"imported":4.900000095367432,"discharged":0,"maxPv":3.837}
