{"generated":40.60000228881836,"consumed":9.89999609375,"exported":5.400000095367432,"imported":0.10000000149011612,"discharged":4.099999904632568,"maxPv":9.785}
