{"generated":64.3000030517578,"consumed":14.818919921875,"exported":42.79999923706055,"imported":0.10000000149011612,"discharged":4.599999904632568,"maxPv":9.168}
