{"generated":27.799999237060547,"consumed":12.2276611328125,"exported":7.699999809265137,"imported":0.20000000298023224,"discharged":4.400000095367432,"maxPv":8.191}
