{"generated":17.900001525878906,"consumed":9.6374912109375,"exported":4.099999904632568,"imported":0.10000000149011612,"discharged":4.199999809265137,"maxPv":12.065}
