{"generated":18.200000762939453,"consumed":36.80241015625,"exported":0.10000000149011612,"imported":28.399999618530273,"discharged":2.200000047683716,"maxPv":7.174}
