{"generated":0,"consumed":5.8664375,"exported":0,"imported":31.299999237060547,"discharged":2.299999952316284,"maxPv":0}
