{"generated":0,"consumed":2.13731884765625,"exported":0,"imported":0.20000000298023224,"discharged":1.2999999523162842,"maxPv":0}
