{"generated":14.399999618530273,"consumed":12.976150390625,"exported":0.10000000149011612,"imported":5.400000095367432,"discharged":1.600000023841858,"maxPv":8.155}
