{"generated":2.1000001430511475,"consumed":6.1982197265625,"exported":0,"imported":1.600000023841858,"discharged":4.5,"maxPv":2.167}
