{"generated":53.10000228881836,"consumed":16.290173828125,"exported":12.300000190734863,"imported":0.10000000149011612,"discharged":5.599999904632568,"maxPv":8.199}
