{"generated":0,"consumed":7.32420166015625,"exported":0,"imported":25.299999237060547,"discharged":0,"maxPv":0}
