{"generated":0,"consumed":0.732188232421875,"exported":0,"imported":1.399999976158142,"discharged":0.600000023841858,"maxPv":0}
