{"generated":50.40000009536743,"consumed":21.199999906122684,"exported":16.200000762939453}
