{"generated":34,"consumed":14.4901455078125,"exported":11.600000381469727,"imported":0.10000000149011612,"discharged":5.900000095367432,"maxPv":6.837}
