{"generated":0,"consumed":2.24947412109375,"exported":0,"imported":0,"discharged":2.0999999046325684,"maxPv":0}
