{"generated":51.5,"consumed":18.624546875,"exported":28.899999618530273,"imported":0.20000000298023224,"discharged":4.099999904632568,"maxPv":11.181}
