{"generated":0.20000000298023224,"consumed":4.428619140625,"exported":0,"imported":0.10000000149011612,"discharged":3.5999999046325684,"maxPv":0.114}
