{"generated":46.5999984741211,"consumed":15.9509140625,"exported":22.799999237060547,"imported":0.20000000298023224,"discharged":3.200000047683716,"maxPv":11.256}
