{"generated":55.5,"consumed":18.75233203125,"exported":30,"imported":0.20000000298023224,"discharged":6.599999904632568,"maxPv":11.611}
