{"generated":54.20000076293945,"consumed":13.0782958984375,"exported":35.0999984741211,"imported":0.10000000149011612,"discharged":4.699999809265137,"maxPv":11.101}
