{"generated":10.59999942779541,"consumed":16.803109375,"exported":4.5,"imported":18.5,"discharged":7.400000095367432,"maxPv":5.437}
