{"generated":0,"consumed":5.8815615234375,"exported":0,"imported":1.100000023841858,"discharged":5.5,"maxPv":0}
