{"generated":53.9000015258789,"consumed":12.335974609375,"exported":32.79999923706055,"imported":0.10000000149011612,"discharged":4.900000095367432,"maxPv":8.898}
