{"generated":0.20000000298023224,"consumed":5.09150146484375,"exported":0,"imported":0.10000000149011612,"discharged":4.599999904632568,"maxPv":1.345}
