{"generated":40.30000305175781,"consumed":15.145759765625,"exported":20.600000381469727,"imported":0.20000000298023224,"discharged":4.400000095367432,"maxPv":13.248}
