{"generated":7.5,"consumed":6.0529453125,"exported":0,"imported":0.10000000149011612,"discharged":3.299999952316284,"maxPv":6.336}
