{"generated":51.70000076293945,"consumed":29.015931640625,"exported":15.300000190734863,"imported":0.5,"discharged":6.400000095367432,"maxPv":13.022}
