{"generated":65.0999984741211,"consumed":32.8255390625,"exported":35.79999923706055,"imported":0.10000000149011612,"discharged":12.5,"maxPv":8.831}
