{"generated":24.200000762939453,"consumed":15.8216806640625,"exported":1.600000023841858,"imported":0.10000000149011612,"discharged":6,"maxPv":5.617}
