{"generated":14.199999809265137,"consumed":7.6918046875,"exported":0.10000000149011612,"imported":3.4000000953674316,"discharged":3.5,"maxPv":11.433}
