{"generated":54.19999694824219,"consumed":14.94041796875,"exported":34.4000015258789,"imported":0.300000011920929,"discharged":5,"maxPv":11.858}
