{"generated":38.5,"consumed":9.2227080078125,"exported":24.899999618530273,"imported":0.10000000149011612,"discharged":3.4000000953674316,"maxPv":8.312}
