{"generated":0.600000023841858,"consumed":5.2930068359375,"exported":0,"imported":0,"discharged":4.400000095367432,"maxPv":1.432}
