{"generated":30.899999618530273,"consumed":10.2549619140625,"exported":16.399999618530273,"imported":0.10000000149011612,"discharged":4,"maxPv":11.792}
