{"generated":8,"consumed":8.51294140625,"exported":0.10000000149011612,"imported":0,"discharged":5.099999904632568,"maxPv":10.332}
