{"generated":26.09999966621399,"consumed":24.799999475479126,"exported":0.10000000149011612}
