{"generated":19.099998474121094,"consumed":13.33158203125,"exported":0.10000000149011612,"imported":5.199999809265137,"discharged":0.899999976158142,"maxPv":6.45}
