{"generated":42.29999923706055,"consumed":14.071453125,"exported":23,"imported":0.10000000149011612,"discharged":3.9000000953674316,"maxPv":7.641}
