{"generated":32.70000076293945,"consumed":14.782419921875,"exported":1.600000023841858,"imported":0.20000000298023224,"discharged":7.599999904632568,"maxPv":8.987}
