{"generated":18.600000381469727,"consumed":37.83441796875,"exported":0.10000000149011612,"imported":25.5,"discharged":5.900000095367432,"maxPv":6.018}
