{"generated":42,"consumed":10.781126953125,"exported":28.600000381469727,"imported":0.10000000149011612,"discharged":3.9000000953674316,"maxPv":11.958}
