{"generated":63,"consumed":8.731001953125,"exported":49.70000076293945,"imported":0.10000000149011612,"discharged":3,"maxPv":8.916}
