{"generated":0,"consumed":2.924582763671875,"exported":0,"imported":0,"discharged":3.4000000953674316,"maxPv":0}
