{"generated":19.899999618530273,"consumed":17.887537109375,"exported":0.10000000149011612,"imported":0.20000000298023224,"discharged":3.5999999046325684,"maxPv":8.19}
