{"generated":1.8000000715255737,"consumed":52.96367578125,"exported":0,"imported":46,"discharged":2,"maxPv":2.961}
