{"generated":38.59999895095825,"consumed":40.7395859375,"exported":0,"imported":2.799999952316284,"discharged":31.399999618530273,"maxPv":9.478}
