{"generated":2.700000047683716,"consumed":12.8334951171875,"exported":0,"imported":5,"discharged":4.699999809265137,"maxPv":1.265}
