{"generated":39.89999771118164,"consumed":16.825005859375,"exported":22.100000381469727,"imported":0,"discharged":8.300000190734863,"maxPv":7.144}
