{"generated":29.80000114440918,"consumed":9.5138154296875,"exported":12.699999809265137,"imported":0.10000000149011612,"discharged":4.099999904632568,"maxPv":8.566}
