{"generated":42.60000228881836,"consumed":35.73566015625,"exported":11.5,"imported":6.599999904632568,"discharged":20,"maxPv":7.395}
