{"generated":51.0999984741211,"consumed":17.6022578125,"exported":31.399999618530273,"imported":0.20000000298023224,"discharged":8,"maxPv":11.409}
