{"generated":16.600000143051147,"consumed":8.199999809265137,"exported":2.700000047683716}
