{"generated":66.5,"consumed":17.519787109375,"exported":45.79999923706055,"imported":0.10000000149011612,"discharged":6.099999904632568,"maxPv":11.412}
