{"generated":46.70000076293945,"consumed":42.9435859375,"exported":6.699999809265137,"imported":28.5,"discharged":4.400000095367432,"maxPv":7.72}
