{"generated":4.100000381469727,"consumed":12.539185546875,"exported":0,"imported":41.29999923706055,"discharged":5.400000095367432,"maxPv":2.295}
