{"generated":0,"consumed":2.992447509765625,"exported":0,"imported":0.5,"discharged":2.0999999046325684,"maxPv":0}
