{"generated":0,"consumed":1.284383056640625,"exported":0,"imported":0.10000000149011612,"discharged":0.600000023841858,"maxPv":0}
