{"generated":0,"consumed":3.484446533203125,"exported":0,"imported":13.300000190734863,"discharged":3.299999952316284,"maxPv":0}
