{"generated":58.89999771118164,"consumed":15.450583984375,"exported":38.5,"imported":0.4000000059604645,"discharged":25.100000381469727,"maxPv":9.774}
