{"generated":63.0999984741211,"consumed":10.516283203125,"exported":22.100000381469727,"imported":0.699999988079071,"discharged":35.0999984741211,"maxPv":0}
