{"generated":66.5,"consumed":16.875357421875,"exported":45.79999923706055,"imported":0.10000000149011612,"discharged":5.5,"maxPv":11.412}
