{"generated":56.80000305175781,"consumed":0.6195337524414063,"exported":39.4000015258789,"imported":0,"discharged":7.199999809265137,"maxPv":0}
