{"generated":54.499999046325684,"consumed":30.100000001490116,"exported":15.300000190734863,"imported":0.10000000149011612,"discharged":17.700000762939453,"maxPv":10.548}
