{"generated":4.5,"consumed":16.86415234375,"exported":0.10000000149011612,"imported":17.399999618530273,"discharged":8.699999809265137,"maxPv":2.225}
