{"generated":37.9000015258789,"consumed":13.1926865234375,"exported":15.800000190734863,"imported":0.20000000298023224,"discharged":4.099999904632568,"maxPv":10.981}
