{"generated":39.69999694824219,"consumed":19.3953203125,"exported":22.299999237060547,"imported":3.799999952316284,"discharged":28.700000762939453,"maxPv":12.049}
