{"generated":55.90000057220459,"consumed":13.5203720703125,"exported":34.5,"imported":0.10000000149011612,"discharged":4.800000190734863,"maxPv":11.511}
