{"generated":3.400000035762787,"consumed":7.999999821186066,"exported":0}
