{"generated":3.3000001907348633,"consumed":22.22145703125,"exported":0.10000000149011612,"imported":10.899999618530273,"discharged":6.900000095367432,"maxPv":1.279}
