{"generated":0,"consumed":2.8128740234375,"exported":0,"imported":13.399999618530273,"discharged":2.5999999046325684,"maxPv":0}
