{"generated":0,"consumed":1.4288282470703124,"exported":0,"imported":0.20000000298023224,"discharged":0.600000023841858,"maxPv":0}
