{"generated":6.700000286102295,"consumed":6.43711962890625,"exported":0,"imported":0.10000000149011612,"discharged":4.800000190734863,"maxPv":4.174}
