{"generated":58.80000019073486,"consumed":40.400000765919685,"exported":6.699999809265137}
