{"generated":0,"consumed":3.456490966796875,"exported":0.10000000149011612,"imported":0.300000011920929,"discharged":2.700000047683716,"maxPv":0.073}
