{"generated":36.5,"consumed":8.096259765625,"exported":24.100000381469727,"imported":0.10000000149011612,"discharged":3,"maxPv":9.102}
