{"generated":0,"consumed":3.582582763671875,"exported":0,"imported":0.10000000149011612,"discharged":2.9000000953674316,"maxPv":0.065}
