{"generated":66.6999969482422,"consumed":22.484529296875,"exported":37,"imported":0.20000000298023224,"discharged":7.099999904632568,"maxPv":8.902}
