{"generated":5.000000476837158,"consumed":10.9393984375,"exported":0,"imported":25.299999237060547,"discharged":0,"maxPv":4.969}
