{"generated":7.900000154972076,"consumed":18.579546875,"exported":0.10000000149011612,"imported":0.10000000149011612,"discharged":12.199999809265137,"maxPv":5.751}
