{"generated":58.89999771118164,"consumed":43.89061328125,"exported":8.800000190734863,"imported":0.4000000059604645,"discharged":7.099999904632568,"maxPv":11.109}
