{"generated":16.899999618530273,"consumed":9.6225888671875,"exported":0,"imported":0.20000000298023224,"discharged":4.900000095367432,"maxPv":7.49}
