{"generated":11.100000381469727,"consumed":12.32161328125,"exported":0,"imported":6.5,"discharged":1.7000000476837158,"maxPv":5.729}
