{"generated":15.000000953674316,"consumed":11.405541015625,"exported":0.10000000149011612,"imported":0.20000000298023224,"discharged":3.9000000953674316,"maxPv":10.377}
