{"generated":0,"consumed":23.494728515625,"exported":0,"imported":0,"discharged":1.600000023841858,"maxPv":0}
