{"generated":29.100000143051147,"consumed":17.80000052601099,"exported":4.099999904632568}
