{"generated":7,"consumed":8.26887109375,"exported":0,"imported":0.20000000298023224,"discharged":4.699999809265137,"maxPv":7.839}
