{"generated":1.5,"consumed":5.5514404296875,"exported":0,"imported":0.10000000149011612,"discharged":3.9000000953674316,"maxPv":2.334}
