{"generated":60.000003814697266,"consumed":21.03913671875,"exported":30.5,"imported":0.10000000149011612,"discharged":2.9000000953674316,"maxPv":8.743}
