{"generated":14.300000190734863,"consumed":13.6499404296875,"exported":0.10000000149011612,"imported":0.10000000149011612,"discharged":4,"maxPv":7.778}
