{"generated":15.199999809265137,"consumed":7.86951513671875,"exported":0.20000000298023224,"imported":0.20000000298023224,"discharged":4.300000190734863,"maxPv":6.521}
