{"generated":5.799999713897705,"consumed":7.4396328125,"exported":0.10000000149011612,"imported":5.300000190734863,"discharged":0,"maxPv":7.066}
