{"generated":50.9000015258789,"consumed":11.2506201171875,"exported":24.200000762939453,"imported":0.300000011920929,"discharged":13.899999618530273,"maxPv":7.937}
