{"generated":6.299999713897705,"consumed":7.36659912109375,"exported":0,"imported":0,"discharged":4.900000095367432,"maxPv":4.396}
