{"generated":23,"consumed":25.2700546875,"exported":0.10000000149011612,"imported":0.20000000298023224,"discharged":12.199999809265137,"maxPv":5.609}
