{"generated":0,"consumed":3.895489990234375,"exported":0,"imported":3.4000000953674316,"discharged":1.2000000476837158,"maxPv":0.148}
