{"generated":10.399999618530273,"consumed":17.22395703125,"exported":0,"imported":1.600000023841858,"discharged":10.699999809265137,"maxPv":5.355}
