{"generated":51.20000076293945,"consumed":29.58215234375,"exported":31.399999618530273,"imported":0.10000000149011612,"discharged":19.799999237060547,"maxPv":12.159}
