{"generated":0,"consumed":12.4547978515625,"exported":0,"imported":49.29999923706055,"discharged":0,"maxPv":0}
