{"generated":0.600000023841858,"consumed":4.5545234375,"exported":0,"imported":0.699999988079071,"discharged":3.9000000953674316,"maxPv":0.959}
