{"generated":36.20000076293945,"consumed":24.7845859375,"exported":0.20000000298023224,"imported":0.300000011920929,"discharged":9.399999618530273,"maxPv":7.018}
