{"generated":29.299999237060547,"consumed":28.3156171875,"exported":0.10000000149011612,"imported":0.20000000298023224,"discharged":3.0999999046325684,"maxPv":8.383}
