{"generated":0.10000000149011612,"consumed":4.014772705078125,"exported":0,"imported":0,"discharged":3.700000047683716,"maxPv":0.874}
