{"generated":29.599998474121094,"consumed":7.365037109375,"exported":0,"imported":0.10000000149011612,"discharged":3.700000047683716,"maxPv":8.031}
