{"generated":38.70000076293945,"consumed":17.84556640625,"exported":14.199999809265137,"imported":0.300000011920929,"discharged":5,"maxPv":11.721}
