{"generated":0.600000023841858,"consumed":3.900304443359375,"exported":0,"imported":0.10000000149011612,"discharged":2.700000047683716,"maxPv":1.735}
