{"generated":4.300000190734863,"consumed":17.978587890625,"exported":0,"imported":12.899999618530273,"discharged":0.899999976158142,"maxPv":4.396}
