{"generated":21.899999618530273,"consumed":9.9502314453125,"exported":7.5,"imported":0.10000000149011612,"discharged":4.699999809265137,"maxPv":13.364}
