{"generated":3.5999999046325684,"consumed":5.70414404296875,"exported":0,"imported":0.300000011920929,"discharged":4.199999809265137,"maxPv":7.5}
