{"generated":66.6999969482422,"consumed":25.20912890625,"exported":37,"imported":0.20000000298023224,"discharged":9.699999809265137,"maxPv":8.902}
