{"generated":18.600000381469727,"consumed":39.0715390625,"exported":0.10000000149011612,"imported":25.5,"discharged":7.099999904632568,"maxPv":6.018}
