{"generated":3.200000047683716,"consumed":5.9082177734375,"exported":0,"imported":0.10000000149011612,"discharged":3.0999999046325684,"maxPv":3.644}
