{"generated":24.10000228881836,"consumed":23.940427734375,"exported":0.10000000149011612,"imported":0.20000000298023224,"discharged":12.300000190734863,"maxPv":6.186}
