{"generated":8.399999618530273,"consumed":5.16713720703125,"exported":0.5,"imported":0,"discharged":3,"maxPv":7.241}
