{"generated":0,"consumed":3.757442626953125,"exported":0,"imported":0.10000000149011612,"discharged":3,"maxPv":0.062}
