{"generated":24.80000114440918,"consumed":8.823046875,"exported":11.699999809265137,"imported":0.10000000149011612,"discharged":3.9000000953674316,"maxPv":11.911}
