{"generated":0,"consumed":33.391578125,"exported":0,"imported":30.700000762939453,"discharged":0.600000023841858,"maxPv":0}
