{"generated":30.099998474121094,"consumed":20.99778125,"exported":4.699999809265137,"imported":0.20000000298023224,"discharged":3.799999952316284,"maxPv":8.472}
