{"generated":0,"consumed":28.539685546875,"exported":0,"imported":36.9000015258789,"discharged":0,"maxPv":0}
