{"generated":57.499999046325684,"consumed":18.221525390625,"exported":34,"imported":0.10000000149011612,"discharged":7.099999904632568,"maxPv":8.934}
