{"generated":3.5999999046325684,"consumed":6.0082587890625,"exported":0,"imported":0.20000000298023224,"discharged":3.700000047683716,"maxPv":3.868}
