{"generated":52.20000076293945,"consumed":30.877359375,"exported":15.300000190734863,"imported":0.5,"discharged":7.800000190734863,"maxPv":13.022}
