{"generated":20.800000190734863,"consumed":15.700000382959843,"exported":0}
