{"generated":56.5999984741211,"consumed":9.2890048828125,"exported":42.70000076293945,"imported":0.10000000149011612,"discharged":2.9000000953674316,"maxPv":8.834}
