{"generated":26.80000114440918,"consumed":18.188734375,"exported":4.099999904632568,"imported":0.10000000149011612,"discharged":8.399999618530273,"maxPv":6.233}
