{"generated":42.80000305175781,"consumed":12.639591796875,"exported":23.299999237060547,"imported":0.10000000149011612,"discharged":5.400000095367432,"maxPv":12.477}
