{"generated":2.299999952316284,"consumed":6.8252216796875,"exported":0,"imported":0.10000000149011612,"discharged":4.800000190734863,"maxPv":2.294}
