{"generated":27.5,"consumed":10.57322265625,"exported":6.800000190734863,"imported":0.10000000149011612,"discharged":4.900000095367432,"maxPv":13.383}
