{"generated":58.10000038146973,"consumed":37.93684765625,"exported":32.20000076293945,"imported":0.20000000298023224,"discharged":9.600000381469727,"maxPv":9.904}
