{"generated":0,"consumed":3.52331005859375,"exported":0,"imported":0,"discharged":3.9000000953674316,"maxPv":0}
