{"generated":0,"consumed":2.8732333984375,"exported":0,"imported":7.5,"discharged":2.700000047683716,"maxPv":0}
