{"generated":5.199999809265137,"consumed":36.532890625,"exported":0,"imported":30.100000381469727,"discharged":2.799999952316284,"maxPv":3.811}
