{"generated":0,"consumed":4.36953857421875,"exported":0,"imported":28.5,"discharged":3.4000000953674316,"maxPv":0.06}
