{"generated":30.599998474121094,"consumed":10.5311748046875,"exported":1.5,"imported":12,"discharged":4.5,"maxPv":11.882}
