{"generated":46.09999942779541,"consumed":18.799999810755253,"exported":8.300000190734863}
