{"generated":45,"consumed":21.384408203125,"exported":22.299999237060547,"imported":0.20000000298023224,"discharged":10.399999618530273,"maxPv":12.974}
