{"generated":3.1999998092651367,"consumed":7.7587333984375,"exported":0,"imported":0,"discharged":5.099999904632568,"maxPv":3.276}
