{"generated":0,"consumed":4.36108056640625,"exported":0,"imported":0,"discharged":4.099999904632568,"maxPv":0}
