{"generated":54.69999694824219,"consumed":11.588859375,"exported":34.5999984741211,"imported":0.10000000149011612,"discharged":4.099999904632568,"maxPv":8.684}
