{"generated":56.5999984741211,"consumed":19.661890625,"exported":33.20000076293945,"imported":0.10000000149011612,"discharged":10.300000190734863,"maxPv":9.785}
