{"generated":2.6000001430511475,"consumed":7.7196865234375,"exported":0,"imported":0.10000000149011612,"discharged":5.599999904632568,"maxPv":4.937}
