{"generated":0,"consumed":1.9996956787109375,"exported":0,"imported":0,"discharged":1.899999976158142,"maxPv":0}
