{"generated":6.999999523162842,"consumed":6.974734375,"exported":0,"imported":0.10000000149011612,"discharged":4.300000190734863,"maxPv":8.987}
