{"generated":0,"consumed":7.22161767578125,"exported":0,"imported":0.20000000298023224,"discharged":7.300000190734863,"maxPv":0}
