{"generated":3.5,"consumed":5.52372314453125,"exported":0,"imported":0.10000000149011612,"discharged":3.299999952316284,"maxPv":4.042}
