{"generated":0,"consumed":1.1441109619140626,"exported":0,"imported":12.899999618530273,"discharged":0,"maxPv":0}
