{"generated":52.39999771118164,"consumed":12.30680859375,"exported":33,"imported":0.10000000149011612,"discharged":3.9000000953674316,"maxPv":10.891}
