{"generated":2.299999952316284,"consumed":6.31134130859375,"exported":0,"imported":0.10000000149011612,"discharged":3.9000000953674316,"maxPv":1.983}
