{"generated":45.0999984741211,"consumed":0.6084591064453125,"exported":28.100000381469727,"imported":0,"discharged":6.800000190734863,"maxPv":0}
