{"generated":55.10000228881836,"consumed":19.539970703125,"exported":30.100000381469727,"imported":0.20000000298023224,"discharged":8,"maxPv":11.411}
