{"generated":37.70000076293945,"consumed":67.4006953125,"exported":10.199999809265137,"imported":34.9000015258789,"discharged":11.300000190734863,"maxPv":6.869}
