{"generated":52.20000076293945,"consumed":0.7821875610351563,"exported":15.300000190734863,"imported":0.5,"discharged":14.100000381469727,"maxPv":0}
