{"generated":22.90000057220459,"consumed":21.600000858306885,"exported":0.10000000149011612}
