{"generated":18.399999618530273,"consumed":8.6957744140625,"exported":0,"imported":0,"discharged":4.5,"maxPv":7.491}
