{"generated":34.70000076293945,"consumed":10.14582421875,"exported":0.10000000149011612,"imported":0.20000000298023224,"discharged":4.300000190734863,"maxPv":10.471}
