{"generated":31.600000381469727,"consumed":8.14845361328125,"exported":18.700000762939453,"imported":0.10000000149011612,"discharged":3.299999952316284,"maxPv":7.833}
