{"generated":12,"consumed":10.37169140625,"exported":0.10000000149011612,"imported":0.20000000298023224,"discharged":4,"maxPv":11.609}
