{"generated":0,"consumed":1.161220703125,"exported":0,"imported":13.300000190734863,"discharged":1,"maxPv":0}
