{"generated":32,"consumed":16.41347265625,"exported":1.2000000476837158,"imported":0.10000000149011612,"discharged":3.5,"maxPv":7.529}
