{"generated":14.300000190734863,"consumed":11.4864658203125,"exported":0.10000000149011612,"imported":0.10000000149011612,"discharged":4.099999904632568,"maxPv":7.137}
