{"generated":5.599999904632568,"consumed":6.593978515625,"exported":0.10000000149011612,"imported":0.10000000149011612,"discharged":4.099999904632568,"maxPv":4.154}
