{"generated":25.899999618530273,"consumed":12.224015625,"exported":0,"imported":0.10000000149011612,"discharged":4.400000095367432,"maxPv":6.486}
