{"generated":0.800000011920929,"consumed":4.9539697265625,"exported":0,"imported":0.10000000149011612,"discharged":4,"maxPv":1.832}
