{"generated":2.800000011920929,"consumed":6.28955810546875,"exported":0,"imported":0,"discharged":4.599999904632568,"maxPv":3.692}
