{"generated":21.500001907348633,"consumed":18.483490234375,"exported":0.10000000149011612,"imported":0.10000000149011612,"discharged":4.099999904632568,"maxPv":7.72}
