{"generated":10.399999618530273,"consumed":6.699884765625,"exported":0,"imported":0.10000000149011612,"discharged":4.300000190734863,"maxPv":7.06}
