{"generated":14.800000190734863,"consumed":10.9017275390625,"exported":0.10000000149011612,"imported":0.10000000149011612,"discharged":5.599999904632568,"maxPv":9.321}
