{"generated":20.200000762939453,"consumed":13.2892705078125,"exported":0.10000000149011612,"imported":0.10000000149011612,"discharged":4.900000095367432,"maxPv":6.921}
