{"generated":64.69999885559082,"consumed":37.46828125,"exported":23.899999618530273,"imported":0.10000000149011612,"discharged":21.200000762939453,"maxPv":9.657}
