{"generated":63.79999923706055,"consumed":51.163125,"exported":11.5,"imported":0.20000000298023224,"discharged":8.600000381469727,"maxPv":8.443}
