{"generated":11.699999809265137,"consumed":6.30518115234375,"exported":1.2000000476837158,"imported":0.10000000149011612,"discharged":3.299999952316284,"maxPv":5.948}
