{"generated":3.3000001907348633,"consumed":7.144734375,"exported":0,"imported":0.10000000149011612,"discharged":5.5,"maxPv":4.345}
