{"generated":7.799999713897705,"consumed":7.3413984375,"exported":0,"imported":0.10000000149011612,"discharged":4.800000190734863,"maxPv":4.792}
