{"generated":29.499998092651367,"consumed":27.2328828125,"exported":0.20000000298023224,"imported":0.20000000298023224,"discharged":15.899999618530273,"maxPv":9.754}
