{"generated":48.5999984741211,"consumed":28.63857421875,"exported":21.5,"imported":4.599999904632568,"discharged":27,"maxPv":8.389}
