{"generated":0.10000000149011612,"consumed":52.2710546875,"exported":0,"imported":45.9000015258789,"discharged":2,"maxPv":0.833}
