{"generated":20.5,"consumed":16.49378125,"exported":0.10000000149011612,"imported":0.20000000298023224,"discharged":10.100000381469727,"maxPv":5.374}
