{"generated":20.30000114440918,"consumed":15.3709189453125,"exported":0.300000011920929,"imported":0.5,"discharged":6.099999904632568,"maxPv":6.169}
