{"generated":0.10000000149011612,"consumed":5.05870947265625,"exported":0,"imported":0,"discharged":5.300000190734863,"maxPv":0.231}
