{"generated":11.800000190734863,"consumed":8.8699697265625,"exported":0,"imported":0.10000000149011612,"discharged":5.800000190734863,"maxPv":6.336}
