{"generated":13.999999642372131,"consumed":8.899999357759953,"exported":0}
