{"generated":29.89999771118164,"consumed":27.40272265625,"exported":0.20000000298023224,"imported":0.10000000149011612,"discharged":3,"maxPv":8.617}
