{"generated":46.5,"consumed":40.70938671875,"exported":6.699999809265137,"imported":28.5,"discharged":2.4000000953674316,"maxPv":7.72}
