{"generated":57.79999923706055,"consumed":28.7370859375,"exported":28,"imported":0.5,"discharged":11.699999809265137,"maxPv":11.049}
