{"generated":50.29999923706055,"consumed":28.19999847561121,"exported":12.600000381469727,"imported":0.10000000149011612,"discharged":17.299999237060547,"maxPv":10.548}
