{"generated":9.59999942779541,"consumed":5.9216337890625,"exported":0,"imported":0.10000000149011612,"discharged":3.5999999046325684,"maxPv":6.104}
