{"generated":0,"consumed":3.439917236328125,"exported":0,"imported":5.699999809265137,"discharged":2.9000000953674316,"maxPv":0}
