{"generated":14.399999618530273,"consumed":10.3709404296875,"exported":0.5,"imported":0.300000011920929,"discharged":3.700000047683716,"maxPv":5.604}
