{"generated":4.400000095367432,"consumed":15.170017578125,"exported":0,"imported":0.10000000149011612,"discharged":10.5,"maxPv":4.067}
