{"generated":8.09999942779541,"consumed":8.03914501953125,"exported":0.10000000149011612,"imported":5.800000190734863,"discharged":0.4000000059604645,"maxPv":4.795}
