{"generated":18.600000381469727,"consumed":8.4472216796875,"exported":3.299999952316284,"imported":0.10000000149011612,"discharged":4.5,"maxPv":7.936}
