{"generated":29.5,"consumed":8.3553857421875,"exported":16.799999237060547,"imported":0.10000000149011612,"discharged":3.4000000953674316,"maxPv":9.372}
