{"generated":0,"consumed":0.6220750122070312,"exported":0,"imported":8.699999809265137,"discharged":0,"maxPv":0}
