{"generated":62.5,"consumed":15.1605009765625,"exported":36.0999984741211,"imported":0.10000000149011612,"discharged":4.599999904632568,"maxPv":8.84}
