{"generated":0,"consumed":3.1097626953125,"exported":0,"imported":0.20000000298023224,"discharged":2.9000000953674316,"maxPv":0}
