{"generated":56,"consumed":13.704421875,"exported":33.5,"imported":0.10000000149011612,"discharged":4.400000095367432,"maxPv":8.981}
