{"generated":30,"consumed":9.864203125,"exported":1.899999976158142,"imported":6.699999809265137,"discharged":4.199999809265137,"maxPv":12.445}
