{"generated":40.20000076293945,"consumed":10.398791015625,"exported":22.399999618530273,"imported":0.10000000149011612,"discharged":4.099999904632568,"maxPv":9.446}
