{"generated":57.10000228881836,"consumed":0.6115289916992187,"exported":40.29999923706055,"imported":0,"discharged":6.900000095367432,"maxPv":0}
