{"generated":17.30000114440918,"consumed":12.123392578125,"exported":0,"imported":0.10000000149011612,"discharged":6.699999809265137,"maxPv":5.664}
