{"generated":3.4000000953674316,"consumed":5.73274951171875,"exported":0,"imported":13.399999618530273,"discharged":4.099999904632568,"maxPv":4.68}
