{"generated":40.5,"consumed":16.02021875,"exported":20.600000381469727,"imported":0.20000000298023224,"discharged":4.900000095367432,"maxPv":13.248}
