{"generated":0,"consumed":1.8260494384765624,"exported":0,"imported":0.20000000298023224,"discharged":1,"maxPv":0}
