{"generated":0.10000000149011612,"consumed":5.598197265625,"exported":0,"imported":0,"discharged":5.900000095367432,"maxPv":0.062}
