{"generated":0,"consumed":1.7688218994140625,"exported":0,"imported":4.099999904632568,"discharged":1.399999976158142,"maxPv":0}
