{"generated":49.10000228881836,"consumed":16.874900390625,"exported":7,"imported":0.20000000298023224,"discharged":6.300000190734863,"maxPv":9.004}
