{"generated":67.6999969482422,"consumed":19.4536328125,"exported":41.9000015258789,"imported":0.10000000149011612,"discharged":4.800000190734863,"maxPv":8.821}
