{"generated":12.40000057220459,"consumed":12.263724609375,"exported":0,"imported":0.10000000149011612,"discharged":3.799999952316284,"maxPv":10.213}
