{"generated":0,"consumed":4.4765419921875,"exported":0,"imported":0,"discharged":4.800000190734863,"maxPv":0}
