{"generated":51.10000228881836,"consumed":10.4535654296875,"exported":35.70000076293945,"imported":0.10000000149011612,"discharged":3.4000000953674316,"maxPv":9.37}
