{"generated":9.5,"consumed":15.0208125,"exported":0.10000000149011612,"imported":0.20000000298023224,"discharged":9.5,"maxPv":6.756}
