{"generated":21.099998474121094,"consumed":13.4097041015625,"exported":0.10000000149011612,"imported":5.900000095367432,"discharged":2.0999999046325684,"maxPv":5.485}
