{"generated":64.0999984741211,"consumed":12.6737998046875,"exported":43.4000015258789,"imported":0.10000000149011612,"discharged":4.099999904632568,"maxPv":9.446}
