{"generated":65.0999984741211,"consumed":34.8438671875,"exported":35.79999923706055,"imported":0.10000000149011612,"discharged":14.300000190734863,"maxPv":8.831}
