{"generated":1.100000023841858,"consumed":9.02671875,"exported":0,"imported":3.200000047683716,"discharged":4.699999809265137,"maxPv":1.265}
