{"generated":28.799999237060547,"consumed":21.200294921875,"exported":0.20000000298023224,"imported":0.300000011920929,"discharged":4.699999809265137,"maxPv":11.24}
