{"generated":66,"consumed":30.006228515625,"exported":28.299999237060547,"imported":0.20000000298023224,"discharged":4.5,"maxPv":8.952}
