{"generated":3.200000047683716,"consumed":6.7670126953125,"exported":0,"imported":0,"discharged":4.599999904632568,"maxPv":3.305}
