{"generated":23.80000114440918,"consumed":58.657421875,"exported":0.699999988079071,"imported":59.79999923706055,"discharged":8.699999809265137,"maxPv":5.41}
