{"generated":35,"consumed":15.429376953125,"exported":0,"imported":0.10000000149011612,"discharged":4.5,"maxPv":9.323}
