{"generated":43.19999694824219,"consumed":10.2114306640625,"exported":26.700000762939453,"imported":0.20000000298023224,"discharged":3.799999952316284,"maxPv":9.694}
