{"generated":21.69999885559082,"consumed":15.7367373046875,"exported":0.10000000149011612,"imported":0.20000000298023224,"discharged":9.5,"maxPv":5.216}
