{"generated":46.60000133514404,"consumed":13.445048828125,"exported":25.899999618530273,"imported":0,"discharged":5.199999809265137,"maxPv":8.934}
