{"generated":5.099999934434891,"consumed":7.953720703125,"exported":0.10000000149011612,"imported":0,"discharged":5.599999904632568,"maxPv":5.284}
