{"generated":45.29999923706055,"consumed":17.319939453125,"exported":21.600000381469727,"imported":0.10000000149011612,"discharged":4.400000095367432,"maxPv":13.652}
