{"generated":57.79999923706055,"consumed":54.25908203125,"exported":0.10000000149011612,"imported":0.20000000298023224,"discharged":5.900000095367432,"maxPv":8.55}
