{"generated":31.100000381469727,"consumed":13.116123046875,"exported":13.899999618530273,"imported":0.10000000149011612,"discharged":4.5,"maxPv":13.169}
