{"generated":61.60000228881836,"consumed":28.24825,"exported":33.70000076293945,"imported":0.10000000149011612,"discharged":10.300000190734863,"maxPv":8.059}
