{"generated":21.69999885559082,"consumed":12.2436318359375,"exported":0.10000000149011612,"imported":0.10000000149011612,"discharged":6.300000190734863,"maxPv":5.216}
