{"generated":18.5,"consumed":16.1653310546875,"exported":0.10000000149011612,"imported":0.10000000149011612,"discharged":9.100000381469727,"maxPv":10.422}
