{"generated":10.699999809265137,"consumed":12.1767265625,"exported":0,"imported":0.10000000149011612,"discharged":7.099999904632568,"maxPv":6.376}
