{"generated":66.49999904632568,"consumed":41.78923046875,"exported":21.600000381469727,"imported":0.5,"discharged":12.5,"maxPv":11.208}
