{"generated":23.900001525878906,"consumed":15.98489453125,"exported":0.10000000149011612,"imported":0.20000000298023224,"discharged":5,"maxPv":6.186}
