{"generated":57.79999923706055,"consumed":11.6691640625,"exported":41.20000076293945,"imported":0.10000000149011612,"discharged":3.299999952316284,"maxPv":8.507}
