{"generated":43.70000076293945,"consumed":21.693412109375,"exported":14.800000190734863,"imported":0.20000000298023224,"discharged":6.900000095367432,"maxPv":0}
