{"generated":23.80000114440918,"consumed":57.570796875,"exported":0.699999988079071,"imported":59.79999923706055,"discharged":7.800000190734863,"maxPv":5.41}
