{"generated":0.7000000476837158,"consumed":4.7936064453125,"exported":0,"imported":0.10000000149011612,"discharged":3.299999952316284,"maxPv":1.567}
