{"generated":61.4000015258789,"consumed":18.241021484375,"exported":54.5999984741211,"imported":0.4000000059604645,"discharged":27.100000381469727,"maxPv":8.775}
