{"generated":0.900000035762787,"consumed":5.501080078125,"exported":0,"imported":0.20000000298023224,"discharged":3.9000000953674316,"maxPv":4.439}
