{"generated":36.30000305175781,"consumed":8.459767578125,"exported":0.10000000149011612,"imported":19.799999237060547,"discharged":1.2999999523162842,"maxPv":8.324}
