{"generated":0,"consumed":1.0774912109375,"exported":0,"imported":3.200000047683716,"discharged":0.899999976158142,"maxPv":0}
