{"generated":16.200000762939453,"consumed":8.180921875,"exported":0.10000000149011612,"imported":0.20000000298023224,"discharged":3.9000000953674316,"maxPv":10.981}
