{"generated":0,"consumed":2.44077880859375,"exported":0,"imported":0.10000000149011612,"discharged":2.200000047683716,"maxPv":0}
