{"generated":44.0999984741211,"consumed":24.844353515625,"exported":16.399999618530273,"imported":0.20000000298023224,"discharged":25.200000762939453,"maxPv":7.802}
