{"generated":14.5,"consumed":12.9237529296875,"exported":0,"imported":3.200000047683716,"discharged":5.900000095367432,"maxPv":5.102}
