{"generated":14.699999809265137,"consumed":11.88820703125,"exported":0.10000000149011612,"imported":0.10000000149011612,"discharged":5.699999809265137,"maxPv":6.859}
