{"generated":0,"consumed":3.578840576171875,"exported":0,"imported":3.799999952316284,"discharged":0,"maxPv":0}
