{"generated":15,"consumed":16.1381611328125,"exported":0.10000000149011612,"imported":0.10000000149011612,"discharged":8.300000190734863,"maxPv":4.893}
