{"generated":34.20000076293945,"consumed":26.500001192092896,"exported":2.799999952316284}
