{"generated":1.100000023841858,"consumed":5.46504541015625,"exported":0,"imported":5.5,"discharged":4.300000190734863,"maxPv":2.848}
