{"generated":8.700000762939453,"consumed":21.753455078125,"exported":0,"imported":12.100000381469727,"discharged":3.0999999046325684,"maxPv":4.571}
