{"generated":0,"consumed":35.0061328125,"exported":0,"imported":31.100000381469727,"discharged":0.800000011920929,"maxPv":0}
