{"generated":10.199999809265137,"consumed":7.59921630859375,"exported":0.10000000149011612,"imported":0.10000000149011612,"discharged":4.300000190734863,"maxPv":9.872}
