{"generated":42.50000047683716,"consumed":24.10000067949295,"exported":6.900000095367432}
