{"generated":6,"consumed":6.0288486328125,"exported":0.10000000149011612,"imported":0.10000000149011612,"discharged":2.9000000953674316,"maxPv":6.459}
