{"generated":11.899999618530273,"consumed":5.05633642578125,"exported":3.799999952316284,"imported":0.10000000149011612,"discharged":3,"maxPv":8.731}
