{"generated":0,"consumed":1.1560025634765625,"exported":0,"imported":34.9000015258789,"discharged":1,"maxPv":0}
