{"generated":47.9000015258789,"consumed":13.0010107421875,"exported":26.399999618530273,"imported":0.10000000149011612,"discharged":4.400000095367432,"maxPv":8.981}
