{"generated":67.0999984741211,"consumed":19.47975390625,"exported":44.0999984741211,"imported":0.20000000298023224,"discharged":8.899999618530273,"maxPv":8.948}
