{"generated":0,"consumed":2.358079345703125,"exported":0,"imported":2.700000047683716,"discharged":0,"maxPv":0}
