{"generated":40.10000228881836,"consumed":47.83863671875,"exported":17.899999618530273,"imported":30.200000762939453,"discharged":6.5,"maxPv":7.008}
