{"generated":18.299999237060547,"consumed":13.3744912109375,"exported":0,"imported":0.300000011920929,"discharged":6.599999904632568,"maxPv":4.989}
