{"generated":51.80000305175781,"consumed":38.74613671875,"exported":4.900000095367432,"imported":0.4000000059604645,"discharged":5.599999904632568,"maxPv":11.109}
