{"generated":2.5999999046325684,"consumed":41.25715234375,"exported":0,"imported":34.9000015258789,"discharged":1.5,"maxPv":3.087}
