{"generated":5.099999904632568,"consumed":23.075888671875,"exported":0.10000000149011612,"imported":17.5,"discharged":13.899999618530273,"maxPv":2.225}
