{"generated":37.70000076293945,"consumed":70.1615234375,"exported":10.199999809265137,"imported":34.9000015258789,"discharged":13.899999618530273,"maxPv":6.869}
