{"generated":19.299999237060547,"consumed":19.96116015625,"exported":0.20000000298023224,"imported":7.099999904632568,"discharged":6.400000095367432,"maxPv":6.45}
