{"generated":0,"consumed":2.641265625,"exported":0,"imported":42.0999984741211,"discharged":0,"maxPv":0}
