{"generated":21.5,"consumed":6.78884619140625,"exported":3.700000047683716,"imported":0.300000011920929,"discharged":3,"maxPv":9.698}
