{"generated":54,"consumed":13.32246875,"exported":34.4000015258789,"imported":0.300000011920929,"discharged":3.799999952316284,"maxPv":11.858}
