{"generated":53.5999984741211,"consumed":15.806376953125,"exported":29.299999237060547,"imported":0.20000000298023224,"discharged":5.300000190734863,"maxPv":11.611}
