{"generated":9.600000381469727,"consumed":6.7217724609375,"exported":0,"imported":3.200000047683716,"discharged":4.199999809265137,"maxPv":8.136}
