{"generated":59.79999542236328,"consumed":22.777234375,"exported":32.20000076293945,"imported":0.4000000059604645,"discharged":27.200000762939453,"maxPv":8.662}
