{"generated":0,"consumed":1.687360595703125,"exported":0,"imported":1,"discharged":1.2000000476837158,"maxPv":0}
