{"generated":19.099998474121094,"consumed":9.677701171875,"exported":0,"imported":0.10000000149011612,"discharged":4.5,"maxPv":6.207}
