{"generated":0.7000000476837158,"consumed":5.55190478515625,"exported":0,"imported":0,"discharged":4.599999904632568,"maxPv":1.105}
