{"generated":49.0999984741211,"consumed":14.9077099609375,"exported":31.799999237060547,"imported":0.10000000149011612,"discharged":6.099999904632568,"maxPv":10.509}
