{"generated":24.10000228881836,"consumed":22.12645703125,"exported":0.10000000149011612,"imported":0.20000000298023224,"discharged":10.600000381469727,"maxPv":6.186}
