{"generated":0.5,"consumed":5.30199951171875,"exported":0,"imported":0,"discharged":4.699999809265137,"maxPv":1.394}
