{"generated":66.39999961853027,"consumed":6.06895947265625,"exported":36.20000076293945,"imported":0.10000000149011612,"discharged":23.700000762939453,"maxPv":1.75}
