{"generated":68.8000030517578,"consumed":23.87962890625,"exported":38.20000076293945,"imported":0.10000000149011612,"discharged":7.5,"maxPv":10.413}
