{"generated":51.0999984741211,"consumed":9.7695615234375,"exported":34.79999923706055,"imported":0.10000000149011612,"discharged":3.299999952316284,"maxPv":10.515}
