{"generated":21.899999618530273,"consumed":11.5292529296875,"exported":0.600000023841858,"imported":0.10000000149011612,"discharged":2.9000000953674316,"maxPv":10.271}
