{"generated":65.10000038146973,"consumed":15.2289296875,"exported":42.5999984741211,"imported":0.5,"discharged":11.899999618530273,"maxPv":8.977}
