{"generated":51.0999984741211,"consumed":0.7060515747070313,"exported":31.399999618530273,"imported":0.20000000298023224,"discharged":13.5,"maxPv":0}
