{"generated":0.600000023841858,"consumed":6.18507470703125,"exported":0,"imported":0,"discharged":5.800000190734863,"maxPv":1.245}
