{"generated":0.10000000149011612,"consumed":5.0140390625,"exported":0,"imported":0.10000000149011612,"discharged":5.199999809265137,"maxPv":0.067}
