{"generated":38.80000019073486,"consumed":25.80000028759241,"exported":5.400000095367432}
