{"generated":67,"consumed":16.858291015625,"exported":44.29999923706055,"imported":0.10000000149011612,"discharged":6.5,"maxPv":8.684}
