{"generated":66.0999984741211,"consumed":15.7750029296875,"exported":43.20000076293945,"imported":0.10000000149011612,"discharged":4.099999904632568,"maxPv":8.802}
