{"generated":24.900001525878906,"consumed":14.159125,"exported":0.10000000149011612,"imported":0.20000000298023224,"discharged":7.900000095367432,"maxPv":5.865}
