{"generated":34.39999771118164,"consumed":10.8802841796875,"exported":19.299999237060547,"imported":0.10000000149011612,"discharged":4,"maxPv":11.792}
