{"generated":9.300000190734863,"consumed":6.011064453125,"exported":0,"imported":0,"discharged":3.799999952316284,"maxPv":5.331}
