{"generated":0,"consumed":4.2599326171875,"exported":0.10000000149011612,"imported":0.20000000298023224,"discharged":3.200000047683716,"maxPv":0.27}
