{"generated":4.699999809265137,"consumed":5.969935546875,"exported":0,"imported":0,"discharged":4.199999809265137,"maxPv":7.776}
