{"generated":59.30000305175781,"consumed":13.729271484375,"exported":39.9000015258789,"imported":0.5,"discharged":2.9000000953674316,"maxPv":9.004}
