{"generated":48.20000076293945,"consumed":10.8768681640625,"exported":31,"imported":0.20000000298023224,"discharged":3.799999952316284,"maxPv":9.694}
