{"generated":20.5,"consumed":11.320423828125,"exported":3.200000047683716,"imported":0.20000000298023224,"discharged":5.699999809265137,"maxPv":13.009}
