{"generated":20.30000114440918,"consumed":16.3655283203125,"exported":0.300000011920929,"imported":0.5,"discharged":7,"maxPv":6.169}
