{"generated":21.100000381469727,"consumed":8.7265537109375,"exported":8.300000190734863,"imported":0.10000000149011612,"discharged":3.0999999046325684,"maxPv":8.978}
