{"generated":0,"consumed":1.1461033935546876,"exported":0,"imported":0.10000000149011612,"discharged":0.5,"maxPv":0}
