{"generated":0.10000000149011612,"consumed":5.287171875,"exported":0,"imported":2.299999952316284,"discharged":4.699999809265137,"maxPv":0.3}
