{"generated":51.5999984741211,"consumed":18.51863671875,"exported":33.0999984741211,"imported":0.20000000298023224,"discharged":9.5,"maxPv":9.694}
