{"generated":18.799999237060547,"consumed":18.24941015625,"exported":0.10000000149011612,"imported":3,"discharged":9.699999809265137,"maxPv":4.585}
