{"generated":63.9000015258789,"consumed":10.919576171875,"exported":49.5999984741211,"imported":0.10000000149011612,"discharged":4,"maxPv":8.917}
