{"generated":54.000000953674316,"consumed":24.60000143200159,"exported":18}
