{"generated":19.200000762939453,"consumed":15.228873046875,"exported":0,"imported":0.10000000149011612,"discharged":9,"maxPv":6.026}
