{"generated":41.4000015258789,"consumed":10.6861728515625,"exported":9,"imported":19.799999237060547,"discharged":11.199999809265137,"maxPv":8.324}
