{"generated":0,"consumed":3.0753603515625,"exported":0,"imported":0.4000000059604645,"discharged":2.200000047683716,"maxPv":0}
