{"generated":0,"consumed":4.0097236328125,"exported":0,"imported":34.9000015258789,"discharged":3.700000047683716,"maxPv":0.059}
