{"generated":36.29999923706055,"consumed":23.550572265625,"exported":10.899999618530273,"imported":0.20000000298023224,"discharged":7.800000190734863,"maxPv":12.592}
