{"generated":5.900000095367432,"consumed":27.215203125,"exported":0,"imported":17.799999237060547,"discharged":4.400000095367432,"maxPv":4.536}
