{"generated":3.1999998092651367,"consumed":5.8245400390625,"exported":0,"imported":0.10000000149011612,"discharged":3.5,"maxPv":4.254}
