{"generated":0,"consumed":2.937759033203125,"exported":0,"imported":0,"discharged":2.799999952316284,"maxPv":0}
