{"generated":26.200000762939453,"consumed":10.15419140625,"exported":7.599999904632568,"imported":0.10000000149011612,"discharged":4.400000095367432,"maxPv":6.156}
