{"generated":48.30000019073486,"consumed":61.40000009536743,"exported":0.20000000298023224}
