{"generated":21.200000762939453,"consumed":9.6133701171875,"exported":5.900000095367432,"imported":0.10000000149011612,"discharged":5,"maxPv":12.566}
