{"generated":22.299999237060547,"consumed":8.50708984375,"exported":8.899999618530273,"imported":0.300000011920929,"discharged":3.4000000953674316,"maxPv":13.08}
