{"generated":13.100000381469727,"consumed":12.625650390625,"exported":0,"imported":0.4000000059604645,"discharged":5.400000095367432,"maxPv":7.797}
