{"generated":0.800000011920929,"consumed":41.8849453125,"exported":0.20000000298023224,"imported":78.0999984741211,"discharged":0.800000011920929,"maxPv":1.808}
