{"generated":11,"consumed":16.966466796875,"exported":0,"imported":0.10000000149011612,"discharged":11.100000381469727,"maxPv":6.376}
