{"generated":44.5,"consumed":17.379685546875,"exported":26.5,"imported":0.10000000149011612,"discharged":7.099999904632568,"maxPv":13.648}
