{"generated":33.4000015258789,"consumed":9.7765712890625,"exported":0,"imported":0.10000000149011612,"discharged":4.5,"maxPv":8.491}
