{"generated":46.9000015258789,"consumed":35.48016015625,"exported":2.200000047683716,"imported":0.10000000149011612,"discharged":4.099999904632568,"maxPv":9.713}
