{"generated":0.4000000059604645,"consumed":5.151859375,"exported":0,"imported":0.10000000149011612,"discharged":3.9000000953674316,"maxPv":0.693}
