{"generated":19.69999885559082,"consumed":17.44873828125,"exported":0,"imported":0.20000000298023224,"discharged":10.300000190734863,"maxPv":9.212}
