{"generated":10,"consumed":34.803765625,"exported":0,"imported":17.700000762939453,"discharged":4.699999809265137,"maxPv":5.62}
