{"generated":44.700000286102295,"consumed":42.50000085681677,"exported":0.20000000298023224}
