{"generated":54.0999984741211,"consumed":11.3222314453125,"exported":30.700000762939453,"imported":0.20000000298023224,"discharged":2.700000047683716,"maxPv":8.902}
