{"generated":45.70000076293945,"consumed":9.248994140625,"exported":31.600000381469727,"imported":0.10000000149011612,"discharged":3.200000047683716,"maxPv":9.064}
