{"generated":53.39999771118164,"consumed":20.052083984375,"exported":29.700000762939453,"imported":0.20000000298023224,"discharged":4.400000095367432,"maxPv":11.181}
