{"generated":4.700000286102295,"consumed":12.2872841796875,"exported":0,"imported":7.599999904632568,"discharged":7.400000095367432,"maxPv":2.91}
