{"generated":63.5999984741211,"consumed":6.97610986328125,"exported":39.79999923706055,"imported":0.10000000149011612,"discharged":10.899999618530273,"maxPv":5.475}
