{"generated":57.79999923706055,"consumed":0.7152783813476562,"exported":28,"imported":0.20000000298023224,"discharged":13.300000190734863,"maxPv":0}
