{"generated":48.30000019073486,"consumed":63.00000047683716,"exported":0.20000000298023224}
