{"generated":0,"consumed":4.1452861328125,"exported":0,"imported":0,"discharged":3.9000000953674316,"maxPv":0}
