{"generated":33.0999984741211,"consumed":0.6529683837890625,"exported":17.100000381469727,"imported":0.10000000149011612,"discharged":7.699999809265137,"maxPv":0}
