{"generated":1.5,"consumed":4.74998095703125,"exported":0,"imported":0.10000000149011612,"discharged":3.299999952316284,"maxPv":5.484}
