{"generated":4.799999713897705,"consumed":7.69523779296875,"exported":0,"imported":0.10000000149011612,"discharged":4.699999809265137,"maxPv":4.641}
