{"generated":63.80000305175781,"consumed":26.002626953125,"exported":26.100000381469727,"imported":0.20000000298023224,"discharged":6.099999904632568,"maxPv":8.436}
