{"generated":17.799999237060547,"consumed":58.37366015625,"exported":6.900000095367432,"imported":39.70000076293945,"discharged":9.399999618530273,"maxPv":4.457}
