{"generated":45.4000015258789,"consumed":13.109654296875,"exported":28,"imported":0.699999988079071,"discharged":25,"maxPv":8.057}
