{"generated":57.79999923706055,"consumed":25.875576171875,"exported":23,"imported":0.20000000298023224,"discharged":3.5,"maxPv":9.681}
