{"generated":64.8000030517578,"consumed":29.430201171875,"exported":35.79999923706055,"imported":0.10000000149011612,"discharged":9.399999618530273,"maxPv":8.831}
