{"generated":0,"consumed":3.852125732421875,"exported":0,"imported":0.10000000149011612,"discharged":3.5999999046325684,"maxPv":0}
