{"generated":9,"consumed":13.16286328125,"exported":0,"imported":0.10000000149011612,"discharged":8.5,"maxPv":7.844}
