{"generated":15.300000190734863,"consumed":11.918330078125,"exported":0.10000000149011612,"imported":0.20000000298023224,"discharged":7,"maxPv":4.594}
