{"generated":66,"consumed":32.471158203125,"exported":33.20000076293945,"imported":0.20000000298023224,"discharged":9.699999809265137,"maxPv":8.527}
