{"generated":59.5999984741211,"consumed":53.09710546875,"exported":3.299999952316284,"imported":0.20000000298023224,"discharged":7.099999904632568,"maxPv":10.271}
