{"generated":29.899999618530273,"consumed":16.389037109375,"exported":0,"imported":0.10000000149011612,"discharged":6.5,"maxPv":6.486}
