{"generated":41.4000015258789,"consumed":15.25899609375,"exported":24.100000381469727,"imported":0.10000000149011612,"discharged":6.900000095367432,"maxPv":7.326}
