{"generated":18.5,"consumed":22.350744140625,"exported":0.10000000149011612,"imported":14.199999809265137,"discharged":0.800000011920929,"maxPv":5.327}
