{"generated":40.70000076293945,"consumed":57.35503125,"exported":1,"imported":15.5,"discharged":22.100000381469727,"maxPv":7.803}
