{"generated":46.80000305175781,"consumed":9.9588408203125,"exported":27.5,"imported":0.10000000149011612,"discharged":3.4000000953674316,"maxPv":8.699}
