{"generated":14,"consumed":9.399220703125,"exported":0,"imported":3.5999999046325684,"discharged":4.300000190734863,"maxPv":3.78}
