{"generated":22.299999237060547,"consumed":7.26550439453125,"exported":7.300000190734863,"imported":0,"discharged":3.799999952316284,"maxPv":7.145}
