{"generated":0.10000000149011612,"consumed":3.84790869140625,"exported":0,"imported":0.10000000149011612,"discharged":3.5,"maxPv":0.394}
