{"generated":20.799999237060547,"consumed":11.186787109375,"exported":0.10000000149011612,"imported":5.900000095367432,"discharged":0.5,"maxPv":5.485}
