{"generated":26.80000114440918,"consumed":23.35001171875,"exported":4.099999904632568,"imported":0.10000000149011612,"discharged":13.300000190734863,"maxPv":6.233}
