{"generated":39.80000305175781,"consumed":18.49686328125,"exported":1.899999976158142,"imported":7,"discharged":4,"maxPv":11.367}
