{"generated":68,"consumed":35.74240625,"exported":30.600000381469727,"imported":0.10000000149011612,"discharged":8.699999809265137,"maxPv":8.975}
