{"generated":22,"consumed":6.97175390625,"exported":0.10000000149011612,"imported":0,"discharged":3.700000047683716,"maxPv":7.685}
