{"generated":31.799999237060547,"consumed":9.6790927734375,"exported":13.100000381469727,"imported":0.4000000059604645,"discharged":4.300000190734863,"maxPv":11.9}
