{"generated":1.400000050663948,"consumed":6.500000238418579,"exported":0}
