{"generated":0.10000000149011612,"consumed":5.100000001490116,"exported":0}
