{"generated":1.7000000178813934,"consumed":9.500000111758709,"exported":0}
