{"generated":66.5,"consumed":34.5202109375,"exported":25.600000381469727,"imported":0.10000000149011612,"discharged":4.699999809265137,"maxPv":9.45}
