{"generated":43.4000015258789,"consumed":15.9819345703125,"exported":25.200000762939453,"imported":0.20000000298023224,"discharged":6.900000095367432,"maxPv":13.364}
