{"generated":14.699999809265137,"consumed":14.8711591796875,"exported":0.10000000149011612,"imported":0.10000000149011612,"discharged":8.600000381469727,"maxPv":6.859}
