{"generated":8.399999618530273,"consumed":9.24069140625,"exported":0,"imported":19.399999618530273,"discharged":5.400000095367432,"maxPv":6.47}
