{"generated":24.100000381469727,"consumed":8.7789892578125,"exported":0.20000000298023224,"imported":12,"discharged":4.5,"maxPv":11.882}
