{"generated":4.800000190734863,"consumed":11.7831181640625,"exported":0,"imported":3.9000000953674316,"discharged":3.9000000953674316,"maxPv":11.543}
