{"generated":35.09999942779541,"consumed":31.799998864531517,"exported":0.20000000298023224,"imported":0.300000011920929,"discharged":10.399999618530273,"maxPv":12.126}
