{"generated":18.599998474121094,"consumed":7.3298134765625,"exported":0.10000000149011612,"imported":0.20000000298023224,"discharged":4,"maxPv":7.191}
