{"generated":33.79999923706055,"consumed":18.302908203125,"exported":2.4000000953674316,"imported":0.20000000298023224,"discharged":6.900000095367432,"maxPv":8.777}
