{"generated":2.700000047683716,"consumed":4.550654296875,"exported":0,"imported":0.10000000149011612,"discharged":3.200000047683716,"maxPv":3.294}
