{"generated":14.199999809265137,"consumed":6.6699794921875,"exported":2.4000000953674316,"imported":0.5,"discharged":2.9000000953674316,"maxPv":7.006}
