{"generated":27.100000381469727,"consumed":23.30000028759241,"exported":0}
