{"generated":0.30000000447034836,"consumed":31.342072265625,"exported":0,"imported":0.10000000149011612,"discharged":6.099999904632568,"maxPv":0.361}
