{"generated":3.200000047683716,"consumed":8.5141943359375,"exported":0.10000000149011612,"imported":5,"discharged":2.700000047683716,"maxPv":2.468}
