{"generated":27.5,"consumed":10.5630654296875,"exported":1.2999999523162842,"imported":8.300000190734863,"discharged":3.5999999046325684,"maxPv":11.507}
