{"generated":0,"consumed":3.057810302734375,"exported":0.10000000149011612,"imported":0.20000000298023224,"discharged":2.200000047683716,"maxPv":0}
