{"generated":6.699999809265137,"consumed":7.47731201171875,"exported":0,"imported":0.300000011920929,"discharged":3.9000000953674316,"maxPv":8.916}
