{"generated":57.499999046325684,"consumed":22.489591796875,"exported":34,"imported":0.10000000149011612,"discharged":11.100000381469727,"maxPv":8.934}
