{"generated":42,"consumed":13.3872841796875,"exported":22,"imported":0.10000000149011612,"discharged":5.400000095367432,"maxPv":7.146}
