{"generated":0,"consumed":4.720296875,"exported":0,"imported":0.20000000298023224,"discharged":4.800000190734863,"maxPv":0.043}
