{"generated":67,"consumed":5.38214794921875,"exported":30.899999618530273,"imported":0.20000000298023224,"discharged":11.399999618530273,"maxPv":0.154}
