{"generated":42.60000228881836,"consumed":22.668861328125,"exported":12.899999618530273,"imported":0.10000000149011612,"discharged":7.5,"maxPv":12.622}
