{"generated":34.5999984741211,"consumed":16.728546875,"exported":16.200000762939453,"imported":0.10000000149011612,"discharged":9,"maxPv":9.412}
