{"generated":0,"consumed":1.204209716796875,"exported":0,"imported":0,"discharged":1.100000023841858,"maxPv":0}
