{"generated":0.10000000149011612,"consumed":4.21329443359375,"exported":0,"imported":0,"discharged":3.9000000953674316,"maxPv":0.062}
