{"generated":0,"consumed":16.899999499320984,"exported":0,"imported":3.0999999046325684,"discharged":14.899999618530273,"maxPv":0}
