{"generated":31.200000762939453,"consumed":14.4770205078125,"exported":13.899999618530273,"imported":0.10000000149011612,"discharged":5.599999904632568,"maxPv":13.169}
