{"generated":19.299999237060547,"consumed":10.4205869140625,"exported":4.300000190734863,"imported":0.10000000149011612,"discharged":5.099999904632568,"maxPv":11.121}
