{"generated":13.199999809265137,"consumed":16.995962890625,"exported":0,"imported":0.4000000059604645,"discharged":9.399999618530273,"maxPv":7.797}
