{"generated":56.80000305175781,"consumed":13.471146484375,"exported":39.4000015258789,"imported":0.10000000149011612,"discharged":4.400000095367432,"maxPv":8.593}
