{"generated":0,"consumed":2.7681435546875,"exported":0,"imported":0.4000000059604645,"discharged":2,"maxPv":0}
