{"generated":49.5,"consumed":13.0078154296875,"exported":32.0999984741211,"imported":0.10000000149011612,"discharged":4.199999809265137,"maxPv":13.023}
