{"generated":60.0999984741211,"consumed":20.189662109375,"exported":32.5999984741211,"imported":0.10000000149011612,"discharged":4.5,"maxPv":8.577}
