{"generated":62.5,"consumed":14.3565771484375,"exported":42.5,"imported":0.5,"discharged":2.9000000953674316,"maxPv":9.004}
