{"generated":0.20000000298023224,"consumed":4.985896484375,"exported":0,"imported":0.300000011920929,"discharged":3.700000047683716,"maxPv":0.221}
