{"generated":67.4000015258789,"consumed":46.7072109375,"exported":18,"imported":0.20000000298023224,"discharged":10.5,"maxPv":9.713}
