{"generated":0,"consumed":5.80615185546875,"exported":0,"imported":0.10000000149011612,"discharged":6.199999809265137,"maxPv":0.025}
