{"generated":7.999999523162842,"consumed":8.68965234375,"exported":0.10000000149011612,"imported":0.10000000149011612,"discharged":4.800000190734863,"maxPv":6.756}
