{"generated":24.100000381469727,"consumed":7.3179609375,"exported":0.5,"imported":0.20000000298023224,"discharged":3.299999952316284,"maxPv":7.264}
