{"generated":67.89999389648438,"consumed":27.134345703125,"exported":38.0999984741211,"imported":0.300000011920929,"discharged":8.699999809265137,"maxPv":8.878}
