{"generated":26.5,"consumed":22.57709375,"exported":0.20000000298023224,"imported":0.20000000298023224,"discharged":6.5,"maxPv":6.11}
