{"generated":14.199999809265137,"consumed":7.699999898672104,"exported":0.4000000059604645}
