{"generated":0.300000011920929,"consumed":4.63556884765625,"exported":0,"imported":4.099999904632568,"discharged":4.099999904632568,"maxPv":1.74}
