{"generated":67.0999984741211,"consumed":15.9896865234375,"exported":44.0999984741211,"imported":0.20000000298023224,"discharged":5.699999809265137,"maxPv":8.948}
