{"generated":35.5999984741211,"consumed":9.9481240234375,"exported":18.299999237060547,"imported":0.10000000149011612,"discharged":4.5,"maxPv":10.418}
