{"generated":35.20000076293945,"consumed":11.300000287592411,"exported":16.600000381469727}
