{"generated":8.100000381469727,"consumed":54.0661171875,"exported":5.900000095367432,"imported":80.4000015258789,"discharged":9.199999809265137,"maxPv":3.927}
