{"generated":43.70000076293945,"consumed":8.3048427734375,"exported":10.199999809265137,"imported":0.10000000149011612,"discharged":3.5,"maxPv":9.123}
