{"generated":13.700000762939453,"consumed":10.5442861328125,"exported":0,"imported":0.10000000149011612,"discharged":6.699999809265137,"maxPv":5.664}
