{"generated":37.19999933242798,"consumed":36.6734375,"exported":0.10000000149011612,"imported":0.10000000149011612,"discharged":14.100000381469727,"maxPv":9.039}
