{"generated":58.000003814697266,"consumed":37.56241796875,"exported":0.10000000149011612,"imported":8.699999809265137,"discharged":9,"maxPv":8.56}
