{"generated":7.600000239908695,"consumed":37.33267578125,"exported":0,"imported":2.700000047683716,"discharged":31.399999618530273,"maxPv":5.909}
