{"generated":64.69999885559082,"consumed":33.56302734375,"exported":23.899999618530273,"imported":0.10000000149011612,"discharged":17.5,"maxPv":9.657}
