{"generated":11.600000381469727,"consumed":7.5975,"exported":0.10000000149011612,"imported":13.300000190734863,"discharged":4.5,"maxPv":11.073}
