{"generated":51.5,"consumed":19.406421875,"exported":24.700000762939453,"imported":0.20000000298023224,"discharged":3.799999952316284,"maxPv":10.272}
