{"generated":23.200000762939453,"consumed":18.45508203125,"exported":0.10000000149011612,"imported":0.20000000298023224,"discharged":8.899999618530273,"maxPv":9.126}
