{"generated":60.79999828338624,"consumed":50.8595546875,"exported":4,"imported":2.700000047683716,"discharged":30,"maxPv":10.877}
