{"generated":11.600000023841858,"consumed":11.1315947265625,"exported":0,"imported":0,"discharged":5.199999809265137,"maxPv":6.359}
