{"generated":40.10000228881836,"consumed":0.5367050170898438,"exported":17.899999618530273,"imported":30.200000762939453,"discharged":10.800000190734863,"maxPv":0}
