{"generated":29.19999885559082,"consumed":10.2017158203125,"exported":9.600000381469727,"imported":0.20000000298023224,"discharged":3.9000000953674316,"maxPv":10.981}
