{"generated":5.400000095367432,"consumed":7.05633935546875,"exported":0,"imported":0.10000000149011612,"discharged":3.799999952316284,"maxPv":3.41}
