{"generated":0,"consumed":0.7046787109375,"exported":0,"imported":0,"discharged":1.2999999523162842,"maxPv":0}
