{"generated":20.799999237060547,"consumed":12.1745380859375,"exported":0,"imported":0.10000000149011612,"discharged":5.199999809265137,"maxPv":5.904}
