{"generated":5.900000095367432,"consumed":17.202990234375,"exported":0,"imported":28.899999618530273,"discharged":5.300000190734863,"maxPv":4.015}
