{"generated":0,"consumed":3.2195380859375,"exported":0,"imported":10.800000190734863,"discharged":0,"maxPv":0}
