{"generated":7.299999713897705,"consumed":5.09799267578125,"exported":0,"imported":0.10000000149011612,"discharged":3.0999999046325684,"maxPv":10.897}
