{"generated":0,"consumed":0.59858154296875,"exported":0,"imported":1.600000023841858,"discharged":0.5,"maxPv":0}
