{"generated":20.80000114440918,"consumed":20.216328125,"exported":0.10000000149011612,"imported":0.10000000149011612,"discharged":10.699999809265137,"maxPv":6.921}
