{"generated":2.799999952316284,"consumed":6.34787939453125,"exported":0,"imported":0.10000000149011612,"discharged":4.099999904632568,"maxPv":4.733}
