{"generated":5.200000286102295,"consumed":6.9544404296875,"exported":0,"imported":0.10000000149011612,"discharged":4.599999904632568,"maxPv":6.308}
