{"generated":5.90000057220459,"consumed":6.425728515625,"exported":0,"imported":4.099999904632568,"discharged":4.099999904632568,"maxPv":4.065}
