{"generated":3.1000001430511475,"consumed":8.08185400390625,"exported":0,"imported":0,"discharged":6.300000190734863,"maxPv":2.98}
