{"generated":40.10000228881836,"consumed":49.1787890625,"exported":17.899999618530273,"imported":30.200000762939453,"discharged":7.599999904632568,"maxPv":7.008}
