{"generated":9.199999809265137,"consumed":10.85191015625,"exported":0,"imported":2.299999952316284,"discharged":5.199999809265137,"maxPv":5.228}
