{"generated":50.29999923706055,"consumed":25.200000382959843,"exported":20.799999237060547}
