{"generated":54.89999771118164,"consumed":36.22337890625,"exported":18.700000762939453,"imported":4.199999809265137,"discharged":26.799999237060547,"maxPv":8.761}
