{"generated":49.70000076293945,"consumed":11.573966796875,"exported":31.299999237060547,"imported":0.20000000298023224,"discharged":3.700000047683716,"maxPv":11.409}
