{"generated":39.20000457763672,"consumed":10.749267578125,"exported":21.600000381469727,"imported":0.10000000149011612,"discharged":3.9000000953674316,"maxPv":10.891}
