{"generated":0,"consumed":2.8288525390625,"exported":0,"imported":0,"discharged":2.5999999046325684,"maxPv":0}
