{"generated":0.4000000059604645,"consumed":10.0875498046875,"exported":0,"imported":0.20000000298023224,"discharged":9.699999809265137,"maxPv":1.433}
