{"generated":2.6000000536441803,"consumed":7.8165546875,"exported":0,"imported":0,"discharged":5.5,"maxPv":5.208}
