{"generated":25,"consumed":18.376173828125,"exported":0.10000000149011612,"imported":0.300000011920929,"discharged":11.5,"maxPv":6.533}
