{"generated":37.69999933242798,"consumed":47.90000009536743,"exported":0,"imported":26.200000762939453,"discharged":14.899999618530273,"maxPv":9.375}
