{"generated":45.5,"consumed":39.65940234375,"exported":6.300000190734863,"imported":28.399999618530273,"discharged":2.200000047683716,"maxPv":7.72}
