{"generated":20.5,"consumed":14.5230556640625,"exported":0.20000000298023224,"imported":2.700000047683716,"discharged":5.699999809265137,"maxPv":6.411}
