{"generated":4.599999904632568,"consumed":13.8816689453125,"exported":0,"imported":42,"discharged":5.900000095367432,"maxPv":2.295}
