{"generated":0,"consumed":3.238400390625,"exported":0,"imported":0,"discharged":3.0999999046325684,"maxPv":0}
