{"generated":29,"consumed":26.014185546875,"exported":0.20000000298023224,"imported":0.4000000059604645,"discharged":5.599999904632568,"maxPv":11.109}
