{"generated":3.499999761581421,"consumed":5.12877685546875,"exported":0.10000000149011612,"imported":0.10000000149011612,"discharged":3,"maxPv":3.907}
