{"generated":19.5,"consumed":8.17786376953125,"exported":0.10000000149011612,"imported":0.300000011920929,"discharged":4.099999904632568,"maxPv":8.197}
