{"generated":59.89999771118164,"consumed":21.350951171875,"exported":35.5999984741211,"imported":0.20000000298023224,"discharged":8.399999618530273,"maxPv":8.766}
