{"generated":46.20000076293945,"consumed":10.6355625,"exported":30.200000762939453,"imported":0.10000000149011612,"discharged":3.299999952316284,"maxPv":8.777}
