{"generated":51.39999771118164,"consumed":28.227884765625,"exported":15.300000190734863,"imported":0.5,"discharged":6.099999904632568,"maxPv":13.022}
