{"generated":0,"consumed":6.64786083984375,"exported":0,"imported":0.10000000149011612,"discharged":6.800000190734863,"maxPv":0.313}
