{"generated":63.19999694824219,"consumed":24.25752734375,"exported":37.5,"imported":0.10000000149011612,"discharged":9.100000381469727,"maxPv":8.685}
