{"generated":42.60000228881836,"consumed":37.1607265625,"exported":11.5,"imported":8.100000381469727,"discharged":20,"maxPv":7.395}
