{"generated":3.5999999046325684,"consumed":6.43782275390625,"exported":0,"imported":0.10000000149011612,"discharged":4.400000095367432,"maxPv":2.569}
