{"generated":0,"consumed":1.0140476684570312,"exported":0,"imported":0,"discharged":0.899999976158142,"maxPv":0}
