{"generated":6,"consumed":46.021046875,"exported":0.10000000149011612,"imported":38,"discharged":2.200000047683716,"maxPv":4.044}
