{"generated":11.899999618530273,"consumed":8.8319560546875,"exported":0,"imported":3.5999999046325684,"discharged":4.300000190734863,"maxPv":3.621}
