{"generated":15.09999942779541,"consumed":16.6183515625,"exported":0,"imported":0.10000000149011612,"discharged":10.899999618530273,"maxPv":5.638}
