{"generated":49.39999771118164,"consumed":19.8667890625,"exported":26.5,"imported":0.20000000298023224,"discharged":9,"maxPv":13.009}
