{"generated":20.399999618530273,"consumed":10.116708984375,"exported":2.4000000953674316,"imported":0.20000000298023224,"discharged":4.400000095367432,"maxPv":6.737}
