{"generated":35.5,"consumed":18.26567578125,"exported":10.800000190734863,"imported":0.20000000298023224,"discharged":3.700000047683716,"maxPv":12.592}
