{"generated":2.5,"consumed":34.44734375,"exported":0,"imported":25.899999618530273,"discharged":3.5999999046325684,"maxPv":2.449}
