{"generated":1.399999976158142,"consumed":6.4450556640625,"exported":0.10000000149011612,"imported":0.10000000149011612,"discharged":5.199999809265137,"maxPv":2.16}
