{"generated":0.10000000149011612,"consumed":4.5534833984375,"exported":0,"imported":0.300000011920929,"discharged":4.199999809265137,"maxPv":0.284}
