{"generated":38.5999984741211,"consumed":19.977033203125,"exported":1.899999976158142,"imported":4.099999904632568,"discharged":10.199999809265137,"maxPv":6.867}
