{"generated":16.200000762939453,"consumed":12.086369140625,"exported":10.100000381469727,"imported":3.5999999046325684,"discharged":16.100000381469727,"maxPv":3.78}
