{"generated":1,"consumed":7.14632470703125,"exported":0,"imported":0.10000000149011612,"discharged":5.900000095367432,"maxPv":6.158}
