{"generated":43.70000076293945,"consumed":7.2607216796875,"exported":32.29999923706055,"imported":0,"discharged":3.200000047683716,"maxPv":8.917}
