{"generated":6.799999713897705,"consumed":6.76365283203125,"exported":0.10000000149011612,"imported":0,"discharged":4.300000190734863,"maxPv":5.438}
