{"generated":19.899999618530273,"consumed":7.847552734375,"exported":0,"imported":0.20000000298023224,"discharged":3.299999952316284,"maxPv":7.624}
