{"generated":55.9000015258789,"consumed":11.6471865234375,"exported":39.0999984741211,"imported":0.10000000149011612,"discharged":3.5999999046325684,"maxPv":8.593}
