{"generated":39.69999694824219,"consumed":15.2487275390625,"exported":22.200000762939453,"imported":3.799999952316284,"discharged":24.799999237060547,"maxPv":12.049}
