{"generated":0,"consumed":0.5604104614257812,"exported":0,"imported":3.5999999046325684,"discharged":0.5,"maxPv":0}
