{"generated":14.699999809265137,"consumed":12.9058701171875,"exported":0.10000000149011612,"imported":0.10000000149011612,"discharged":6.699999809265137,"maxPv":6.859}
