{"generated":58.30000305175781,"consumed":21.159615234375,"exported":33.79999923706055,"imported":0.20000000298023224,"discharged":8.399999618530273,"maxPv":11.188}
