{"generated":49.20000076293945,"consumed":16.85888671875,"exported":26.5,"imported":0.20000000298023224,"discharged":6.300000190734863,"maxPv":13.009}
