{"generated":5.199999809265137,"consumed":7.55080322265625,"exported":0,"imported":0.20000000298023224,"discharged":3.4000000953674316,"maxPv":10.26}
