{"generated":0,"consumed":4.75985400390625,"exported":0,"imported":1.399999976158142,"discharged":4.400000095367432,"maxPv":0}
