{"generated":12.69999885559082,"consumed":12.495552734375,"exported":0,"imported":2.299999952316284,"discharged":5.300000190734863,"maxPv":5.228}
