{"generated":0,"consumed":1.8343197021484374,"exported":0,"imported":0.10000000149011612,"discharged":1.100000023841858,"maxPv":0}
