{"generated":12.9000004529953,"consumed":8.423787109375,"exported":0,"imported":0.10000000149011612,"discharged":4.599999904632568,"maxPv":6.397}
