{"generated":30.899999618530273,"consumed":11.2003447265625,"exported":10.199999809265137,"imported":0.10000000149011612,"discharged":4.699999809265137,"maxPv":6.837}
