{"generated":4.5,"consumed":7.51043994140625,"exported":0,"imported":0.10000000149011612,"discharged":3.9000000953674316,"maxPv":3.346}
