{"generated":0.10000000149011612,"consumed":4.27512890625,"exported":0,"imported":0.20000000298023224,"discharged":3.4000000953674316,"maxPv":0.081}
