{"generated":54.69999885559082,"consumed":35.59999809414148,"exported":17.200000762939453}
