{"generated":45.29999923706055,"consumed":10.5998349609375,"exported":9.600000381469727,"imported":12,"discharged":4.099999904632568,"maxPv":10.752}
