{"generated":40.39999771118164,"consumed":12.0136123046875,"exported":14.100000381469727,"imported":1.600000023841858,"discharged":14.5,"maxPv":10.392}
