{"generated":33.20000076293945,"consumed":10.933640625,"exported":13,"imported":0.20000000298023224,"discharged":3.9000000953674316,"maxPv":10.981}
