{"generated":20.5,"consumed":15.7324326171875,"exported":0.10000000149011612,"imported":0.20000000298023224,"discharged":9.399999618530273,"maxPv":5.374}
