{"generated":38.60000228881836,"consumed":11.75272265625,"exported":0,"imported":12.899999618530273,"discharged":0.300000011920929,"maxPv":7.47}
