{"generated":22.100000381469727,"consumed":10.8971494140625,"exported":3.5,"imported":0.10000000149011612,"discharged":4.400000095367432,"maxPv":8.099}
