{"generated":57.0999984741211,"consumed":18.420111328125,"exported":35.70000076293945,"imported":0.20000000298023224,"discharged":6.800000190734863,"maxPv":11.593}
