{"generated":11.699999809265137,"consumed":13.6678779296875,"exported":0,"imported":5.699999809265137,"discharged":3.700000047683716,"maxPv":3.845}
