{"generated":66.4000015258789,"consumed":25.815921875,"exported":42.79999923706055,"imported":0.10000000149011612,"discharged":12.699999809265137,"maxPv":9.168}
