{"generated":16.899999618530273,"consumed":17.564619140625,"exported":0,"imported":0.10000000149011612,"discharged":11,"maxPv":5.904}
