{"generated":6.599999904632568,"consumed":6.017486328125,"exported":0,"imported":0.20000000298023224,"discharged":3.299999952316284,"maxPv":5.451}
