{"generated":18.399999618530273,"consumed":17.23624609375,"exported":0.10000000149011612,"imported":1.600000023841858,"discharged":9.699999809265137,"maxPv":5.397}
