{"generated":0,"consumed":4.54611474609375,"exported":0,"imported":0.20000000298023224,"discharged":4.400000095367432,"maxPv":0.069}
