{"generated":8.800000190734863,"consumed":11.831044921875,"exported":0,"imported":25.299999237060547,"discharged":0,"maxPv":6.353}
