{"generated":57.79999923706055,"consumed":53.5259140625,"exported":0.10000000149011612,"imported":0.20000000298023224,"discharged":5.199999809265137,"maxPv":8.55}
