{"generated":40,"consumed":52.30372265625,"exported":0.10000000149011612,"imported":19.799999237060547,"discharged":7.400000095367432,"maxPv":7.97}
