{"generated":0,"consumed":1.3184464111328125,"exported":0,"imported":0,"discharged":1.100000023841858,"maxPv":0}
