{"generated":3.5,"consumed":7.72514697265625,"exported":0,"imported":0,"discharged":5.099999904632568,"maxPv":8.636}
