{"generated":5.100000381469727,"consumed":21.352943359375,"exported":0,"imported":15,"discharged":2.700000047683716,"maxPv":4.925}
