{"generated":19.30000114440918,"consumed":10.6326767578125,"exported":0.10000000149011612,"imported":0.10000000149011612,"discharged":5.699999809265137,"maxPv":5.374}
