{"generated":63.0999984741211,"consumed":30.869474609375,"exported":22.100000381469727,"imported":0.4000000059604645,"discharged":13.399999618530273,"maxPv":9.047}
