{"generated":0.7000000476837158,"consumed":4.952517578125,"exported":0.10000000149011612,"imported":0.4000000059604645,"discharged":3.299999952316284,"maxPv":2.377}
