{"generated":0.300000011920929,"consumed":5.9757626953125,"exported":0,"imported":0.20000000298023224,"discharged":4.099999904632568,"maxPv":0.707}
