{"generated":49.19999694824219,"consumed":12.1474130859375,"exported":28.5,"imported":0.10000000149011612,"discharged":3.299999952316284,"maxPv":10}
