{"generated":12,"consumed":14.4062265625,"exported":0.10000000149011612,"imported":5.800000190734863,"discharged":3.9000000953674316,"maxPv":8.356}
