{"generated":17.799999237060547,"consumed":55.97612109375,"exported":6.900000095367432,"imported":38.0999984741211,"discharged":8.699999809265137,"maxPv":4.457}
