{"generated":9.300000190734863,"consumed":8.99214453125,"exported":0,"imported":0.10000000149011612,"discharged":4.699999809265137,"maxPv":7.797}
