{"generated":33.70000076293945,"consumed":18.13375390625,"exported":14.399999618530273,"imported":0.10000000149011612,"discharged":7,"maxPv":14.077}
