{"generated":0,"consumed":1.11522412109375,"exported":0,"imported":0.699999988079071,"discharged":1.100000023841858,"maxPv":0}
