{"generated":66.4000015258789,"consumed":15.193046875,"exported":42.20000076293945,"imported":0.10000000149011612,"discharged":4.400000095367432,"maxPv":8.981}
