{"generated":16.700000762939453,"consumed":48.26667578125,"exported":6.5,"imported":38,"discharged":2.200000047683716,"maxPv":4.457}
