{"generated":24.69999885559082,"consumed":10.81453515625,"exported":10,"imported":0.20000000298023224,"discharged":4.099999904632568,"maxPv":11.181}
