{"generated":1.3000000715255737,"consumed":6.4941044921875,"exported":0,"imported":0.10000000149011612,"discharged":5.099999904632568,"maxPv":1.54}
