{"generated":7.5,"consumed":6.41330224609375,"exported":0.10000000149011612,"imported":0.10000000149011612,"discharged":3.799999952316284,"maxPv":6.738}
