{"generated":5.800000190734863,"consumed":11.393279296875,"exported":0,"imported":0.20000000298023224,"discharged":9.699999809265137,"maxPv":4.98}
