{"generated":41.70000076293945,"consumed":15.524302734375,"exported":19.600000381469727,"imported":0.10000000149011612,"discharged":4.400000095367432,"maxPv":13.652}
