{"generated":30.100000381469727,"consumed":10.6748642578125,"exported":0.300000011920929,"imported":0.300000011920929,"discharged":5,"maxPv":12.049}
