{"generated":27.5,"consumed":15.192955078125,"exported":10.100000381469727,"imported":0.10000000149011612,"discharged":7,"maxPv":11.121}
