{"generated":4.100000381469727,"consumed":15.5767392578125,"exported":0.10000000149011612,"imported":3.9000000953674316,"discharged":8.800000190734863,"maxPv":2.191}
