{"generated":68,"consumed":19.320794921875,"exported":46.79999923706055,"imported":0.20000000298023224,"discharged":9,"maxPv":8.891}
