{"generated":29.799999237060547,"consumed":39.939609375,"exported":0,"imported":2.799999952316284,"discharged":31.399999618530273,"maxPv":9.478}
