{"generated":37.70000076293945,"consumed":34.74003125,"exported":0.300000011920929,"imported":0.4000000059604645,"discharged":5.599999904632568,"maxPv":11.109}
