{"generated":27.80000114440918,"consumed":7.44759716796875,"exported":16.200000762939453,"imported":0.10000000149011612,"discharged":3,"maxPv":9.102}
