{"generated":66.8000030517578,"consumed":63.3477109375,"exported":2.299999952316284,"imported":0.5,"discharged":17,"maxPv":11.682}
