{"generated":0.900000035762787,"consumed":5.28019091796875,"exported":0,"imported":0.20000000298023224,"discharged":3.5,"maxPv":1.44}
