{"generated":66.39999389648438,"consumed":58.6166328125,"exported":2.299999952316284,"imported":0.5,"discharged":13.199999809265137,"maxPv":11.682}
