{"generated":50.5999984741211,"consumed":11.5192255859375,"exported":32.79999923706055,"imported":0.20000000298023224,"discharged":3.799999952316284,"maxPv":9.694}
