{"generated":8.90000057220459,"consumed":6.72216943359375,"exported":0.10000000149011612,"imported":0.10000000149011612,"discharged":3.9000000953674316,"maxPv":8.898}
