{"generated":66.3000030517578,"consumed":0.589214111328125,"exported":48.9000015258789,"imported":0.10000000149011612,"discharged":6.199999809265137,"maxPv":0}
