{"generated":13.699999809265137,"consumed":12.1456328125,"exported":0,"imported":0.20000000298023224,"discharged":3.299999952316284,"maxPv":7.811}
