{"generated":6.5000001192092896,"consumed":11.300000287592411,"exported":0}
