{"generated":60.70000171661376,"consumed":31.142134765625,"exported":28,"imported":0.10000000149011612,"discharged":10.399999618530273,"maxPv":8.843}
