{"generated":14.699999809265137,"consumed":14.0353740234375,"exported":0,"imported":0.20000000298023224,"discharged":9.699999809265137,"maxPv":9.212}
