{"generated":40.9000015258789,"consumed":14.2481181640625,"exported":5.5,"imported":2.700000047683716,"discharged":5.400000095367432,"maxPv":11.343}
