{"generated":22.399999618530273,"consumed":15.5474189453125,"exported":0.10000000149011612,"imported":0.20000000298023224,"discharged":5.699999809265137,"maxPv":7.49}
