{"generated":52.20000076293945,"consumed":32.8909765625,"exported":15.300000190734863,"imported":0.5,"discharged":9.600000381469727,"maxPv":13.022}
