{"generated":45,"consumed":12.1256796875,"exported":28.100000381469727,"imported":0.10000000149011612,"discharged":4,"maxPv":12.342}
