{"generated":67.2999954223633,"consumed":36.0156484375,"exported":23.5,"imported":0.20000000298023224,"discharged":6.300000190734863,"maxPv":11.092}
