{"generated":64.6999969482422,"consumed":17.634466796875,"exported":40.79999923706055,"imported":0.10000000149011612,"discharged":6.400000095367432,"maxPv":8.432}
