{"generated":51.30000019073486,"consumed":34.20000000298023,"exported":9.399999618530273}
