{"generated":21.799999237060547,"consumed":9.7990283203125,"exported":0,"imported":0.10000000149011612,"discharged":3.4000000953674316,"maxPv":8.546}
