{"generated":40,"consumed":14.4908642578125,"exported":19.700000762939453,"imported":30.200000762939453,"discharged":6.699999809265137,"maxPv":7.52}
