{"generated":0.20000000298023224,"consumed":5.42241650390625,"exported":0,"imported":0.10000000149011612,"discharged":4.699999809265137,"maxPv":0.169}
