{"generated":2.100000038743019,"consumed":6.69999984651804,"exported":0.10000000149011612}
