{"generated":66.49999904632568,"consumed":22.397830078125,"exported":21.600000381469727,"imported":0.20000000298023224,"discharged":12.5,"maxPv":10.675}
