{"generated":45.80000019073486,"consumed":27.000000573694706,"exported":11.199999809265137}
