{"generated":0,"consumed":2.09506982421875,"exported":0,"imported":0,"discharged":1.899999976158142,"maxPv":0}
