{"generated":26.299999237060547,"consumed":9.761615234375,"exported":0,"imported":0.10000000149011612,"discharged":4.5,"maxPv":8.631}
