{"generated":13.800000369548798,"consumed":19.50088671875,"exported":0.10000000149011612,"imported":0.10000000149011612,"discharged":12.199999809265137,"maxPv":6.609}
