{"generated":63.19999694824219,"consumed":31.279712890625,"exported":9.899999618530273,"imported":0.10000000149011612,"discharged":8.5,"maxPv":9.323}
