{"generated":44.4000015258789,"consumed":45.66918359375,"exported":1.399999976158142,"imported":0.10000000149011612,"discharged":18.600000381469727,"maxPv":7.529}
