{"generated":0,"consumed":16.100000381469727,"exported":0,"imported":0,"discharged":16.100000381469727,"maxPv":0.109}
