{"generated":6.499999523162842,"consumed":6.43610888671875,"exported":0,"imported":0.10000000149011612,"discharged":3.5,"maxPv":4.554}
