{"generated":44.200000286102295,"consumed":26.70000058412552,"exported":7.400000095367432}
