{"generated":7.90000057220459,"consumed":6.80963037109375,"exported":0.10000000149011612,"imported":0.10000000149011612,"discharged":4.099999904632568,"maxPv":5.917}
