{"generated":24.5,"consumed":7.5513408203125,"exported":12.300000190734863,"imported":0.10000000149011612,"discharged":3.299999952316284,"maxPv":7.833}
