{"generated":49.0999984741211,"consumed":13.694275390625,"exported":31.799999237060547,"imported":0.10000000149011612,"discharged":5,"maxPv":10.509}
