{"generated":44.70000076293945,"consumed":16.2806513671875,"exported":6,"imported":1.100000023841858,"discharged":5.900000095367432,"maxPv":10.471}
