{"generated":8.600000381469727,"consumed":14.1631669921875,"exported":0,"imported":6.900000095367432,"discharged":0.600000023841858,"maxPv":4.571}
