{"generated":40.399999141693115,"consumed":43.6999990940094,"exported":0.20000000298023224}
