{"generated":20.799999237060547,"consumed":14.659658203125,"exported":0.10000000149011612,"imported":0.10000000149011612,"discharged":7.800000190734863,"maxPv":6.281}
