{"generated":0,"consumed":0.6061168212890625,"exported":0,"imported":0,"discharged":1.100000023841858,"maxPv":0}
