{"generated":0,"consumed":2.3200146484375,"exported":0,"imported":6.800000190734863,"discharged":2.200000047683716,"maxPv":0}
