{"generated":0.900000035762787,"consumed":5.3024287109375,"exported":0,"imported":6.800000190734863,"discharged":4.400000095367432,"maxPv":5.313}
