{"generated":64.6999969482422,"consumed":18.6446640625,"exported":40.79999923706055,"imported":0.10000000149011612,"discharged":7.199999809265137,"maxPv":8.432}
