{"generated":0,"consumed":1.7462125244140625,"exported":0,"imported":15.699999809265137,"discharged":1.600000023841858,"maxPv":0}
