{"generated":3.1999999657273293,"consumed":15.1608984375,"exported":0.10000000149011612,"imported":0.10000000149011612,"discharged":11.100000381469727,"maxPv":3.771}
