{"generated":65.0999984741211,"consumed":0.6923250732421875,"exported":35.79999923706055,"imported":0.10000000149011612,"discharged":17.5,"maxPv":0}
