{"generated":3.0999999046325684,"consumed":8.6629599609375,"exported":0,"imported":0.10000000149011612,"discharged":5.699999809265137,"maxPv":2.643}
