{"generated":30.899999618530273,"consumed":7.91051025390625,"exported":6.599999904632568,"imported":0.20000000298023224,"discharged":3.299999952316284,"maxPv":7.264}
