{"generated":39.9000015258789,"consumed":28.7353515625,"exported":7.800000190734863,"imported":0.20000000298023224,"discharged":6.300000190734863,"maxPv":11.536}
