{"generated":43.10000228881836,"consumed":33.46926953125,"exported":18.299999237060547,"imported":0.10000000149011612,"discharged":16.799999237060547,"maxPv":7.368}
