{"generated":47.80000305175781,"consumed":15.60755859375,"exported":25.799999237060547,"imported":0.10000000149011612,"discharged":6.099999904632568,"maxPv":12.543}
