{"generated":2.299999952316284,"consumed":5.7772783203125,"exported":0,"imported":0,"discharged":4.5,"maxPv":2.988}
