{"generated":0,"consumed":0.7815963134765626,"exported":0,"imported":0,"discharged":1.399999976158142,"maxPv":0}
