{"generated":63.39999961853027,"consumed":15.923603515625,"exported":36.5,"imported":0.10000000149011612,"discharged":4.599999904632568,"maxPv":8.84}
