{"generated":1.8000000715255737,"consumed":7.55473046875,"exported":0,"imported":3.0999999046325684,"discharged":4.5,"maxPv":2.161}
