{"generated":41.30000019073486,"consumed":22.099999524652958,"exported":11.800000190734863}
