{"generated":17.299999237060547,"consumed":17.7078359375,"exported":0.20000000298023224,"imported":0.300000011920929,"discharged":10.300000190734863,"maxPv":5.061}
