{"generated":32.5,"consumed":13.996033203125,"exported":0,"imported":0.20000000298023224,"discharged":3.4000000953674316,"maxPv":8.917}
