{"generated":0,"consumed":1.5832799072265624,"exported":0,"imported":0,"discharged":2.200000047683716,"maxPv":0}
