{"generated":49.29999923706055,"consumed":13.4252373046875,"exported":28.5,"imported":0.10000000149011612,"discharged":4.300000190734863,"maxPv":10}
