{"generated":49.5,"consumed":15.371853515625,"exported":28.5,"imported":0.20000000298023224,"discharged":3.700000047683716,"maxPv":9.078}
