{"generated":40,"consumed":12.5853720703125,"exported":19.700000762939453,"imported":30.200000762939453,"discharged":4.900000095367432,"maxPv":7.52}
