{"generated":7.8000001311302185,"consumed":8.000000514090061,"exported":0}
