{"generated":34.5,"consumed":9.23894921875,"exported":16.600000381469727,"imported":0.10000000149011612,"discharged":3.299999952316284,"maxPv":10}
