{"generated":7.199999809265137,"consumed":13.1051962890625,"exported":0.10000000149011612,"imported":7.699999809265137,"discharged":5.199999809265137,"maxPv":5.403}
