{"generated":10.59999942779541,"consumed":15.611537109375,"exported":4.5,"imported":18.5,"discharged":6.300000190734863,"maxPv":5.437}
