{"generated":0.300000011920929,"consumed":5.02167041015625,"exported":0,"imported":0.10000000149011612,"discharged":4.5,"maxPv":0.632}
