{"generated":21,"consumed":13.827546875,"exported":0,"imported":0.10000000149011612,"discharged":6.599999904632568,"maxPv":5.904}
