{"generated":2.200000047683716,"consumed":8.17039453125,"exported":0.10000000149011612,"imported":0,"discharged":5.400000095367432,"maxPv":2.401}
