{"generated":36.4000015258789,"consumed":15.908861328125,"exported":21.100000381469727,"imported":0.10000000149011612,"discharged":6.699999809265137,"maxPv":12.013}
