{"generated":61.4000015258789,"consumed":17.759478515625,"exported":37.4000015258789,"imported":0.10000000149011612,"discharged":4.900000095367432,"maxPv":8.685}
