{"generated":0,"consumed":3.06358740234375,"exported":0,"imported":28.5,"discharged":2.200000047683716,"maxPv":0}
