{"generated":5.899999618530273,"consumed":6.822216796875,"exported":0,"imported":0.10000000149011612,"discharged":3.799999952316284,"maxPv":4.2}
