{"generated":50.5,"consumed":8.6392919921875,"exported":37.4000015258789,"imported":0.10000000149011612,"discharged":2.9000000953674316,"maxPv":8.834}
