{"generated":65,"consumed":16.2247255859375,"exported":41.79999923706055,"imported":0.10000000149011612,"discharged":5.099999904632568,"maxPv":10.95}
