{"generated":12.5,"consumed":8.725853515625,"exported":0,"imported":0.10000000149011612,"discharged":3.799999952316284,"maxPv":7.915}
