{"generated":52.20000076293945,"consumed":35.1258671875,"exported":15.300000190734863,"imported":0.5,"discharged":11.699999809265137,"maxPv":13.022}
