{"generated":10.90000057220459,"consumed":7.8705576171875,"exported":0,"imported":0.10000000149011612,"discharged":4.800000190734863,"maxPv":6.089}
