{"generated":57.79999923706055,"consumed":52.04574609375,"exported":0.10000000149011612,"imported":0.20000000298023224,"discharged":3.9000000953674316,"maxPv":8.55}
