{"generated":0,"consumed":9.52647265625,"exported":0,"imported":0.20000000298023224,"discharged":9.5,"maxPv":0.042}
