{"generated":21.299999237060547,"consumed":27.073072265625,"exported":0.10000000149011612,"imported":12.300000190734863,"discharged":8,"maxPv":5.063}
