{"generated":32.29999923706055,"consumed":9.11091015625,"exported":13,"imported":0.10000000149011612,"discharged":3.700000047683716,"maxPv":9.785}
