{"generated":24,"consumed":11.7865205078125,"exported":8.5,"imported":0.10000000149011612,"discharged":4.300000190734863,"maxPv":9.931}
