{"generated":0,"consumed":17.994359375,"exported":0,"imported":16.700000762939453,"discharged":0.20000000298023224,"maxPv":0}
