{"generated":12.80000114440918,"consumed":9.7042783203125,"exported":0.10000000149011612,"imported":5.400000095367432,"discharged":0,"maxPv":8.155}
