{"generated":41,"consumed":17.334267578125,"exported":22.700000762939453,"imported":2.799999952316284,"discharged":26,"maxPv":11.343}
