{"generated":0.5,"consumed":25.35646484375,"exported":0,"imported":20.700000762939453,"discharged":3.9000000953674316,"maxPv":0.945}
