{"generated":12.700000762939453,"consumed":9.5053408203125,"exported":0.10000000149011612,"imported":0.10000000149011612,"discharged":4.699999809265137,"maxPv":10.422}
