{"generated":0,"consumed":3.48239453125,"exported":0,"imported":3.5999999046325684,"discharged":3.200000047683716,"maxPv":0}
