{"generated":48.10000038146973,"consumed":50.70000018179417,"exported":0.300000011920929}
