{"generated":12.599999904632568,"consumed":13.899999618530273,"exported":0.10000000149011612,"imported":0.10000000149011612,"discharged":7.599999904632568,"maxPv":11.096}
