{"generated":4.5,"consumed":37.69281640625,"exported":0,"imported":36.4000015258789,"discharged":9,"maxPv":2.37}
