{"generated":0,"consumed":1.6822662353515625,"exported":0,"imported":0.20000000298023224,"discharged":1.100000023841858,"maxPv":0}
