{"generated":0.20000000298023224,"consumed":3.801444091796875,"exported":0,"imported":0.10000000149011612,"discharged":3.4000000953674316,"maxPv":0.846}
