{"generated":2.799999952316284,"consumed":18.034912109375,"exported":0,"imported":9.600000381469727,"discharged":4.699999809265137,"maxPv":1.265}
