{"generated":0,"consumed":24.334791015625,"exported":0,"imported":0.10000000149011612,"discharged":23.100000381469727,"maxPv":0}
