{"generated":16.399999618530273,"consumed":7.47590283203125,"exported":3.9000000953674316,"imported":0.20000000298023224,"discharged":3.5999999046325684,"maxPv":6.664}
