{"generated":48.29999923706055,"consumed":18.09999866783619,"exported":11.800000190734863,"imported":0.20000000298023224,"discharged":8.5,"maxPv":10.971}
