{"generated":63.4000015258789,"consumed":27.275578125,"exported":37.5,"imported":0.10000000149011612,"discharged":11.899999618530273,"maxPv":8.685}
