{"generated":47.40000057220459,"consumed":12.500000573694706,"exported":28.5}
