{"generated":10.699999809265137,"consumed":8.8189931640625,"exported":0,"imported":0.10000000149011612,"discharged":4.199999809265137,"maxPv":11.117}
