{"generated":26.399999618530273,"consumed":10.0082412109375,"exported":7,"imported":0.10000000149011612,"discharged":4.699999809265137,"maxPv":6.837}
