{"generated":14,"consumed":11.068064453125,"exported":0.10000000149011612,"imported":5,"discharged":2.700000047683716,"maxPv":4.783}
