{"generated":63.4000015258789,"consumed":47.738640625,"exported":11.5,"imported":0.20000000298023224,"discharged":5.599999904632568,"maxPv":8.443}
