{"generated":48.39999961853027,"consumed":25.000000096857548,"exported":16.799999237060547}
