{"generated":47,"consumed":28.876869140625,"exported":10.100000381469727,"imported":0.10000000149011612,"discharged":3,"maxPv":9.45}
