{"generated":66.6999969482422,"consumed":14.61021484375,"exported":44.29999923706055,"imported":0.10000000149011612,"discharged":4.599999904632568,"maxPv":8.684}
