{"generated":57.4000015258789,"consumed":11.47496875,"exported":18.100000381469727,"imported":0.10000000149011612,"discharged":4.699999809265137,"maxPv":10.482}
