{"generated":14.299999237060547,"consumed":12.15514453125,"exported":0,"imported":3.200000047683716,"discharged":5.300000190734863,"maxPv":5.102}
