{"generated":0.20000000298023224,"consumed":4.86439208984375,"exported":0,"imported":18.100000381469727,"discharged":4.5,"maxPv":0.249}
