{"generated":9.09999942779541,"consumed":7.94957861328125,"exported":0,"imported":18.100000381469727,"discharged":4.599999904632568,"maxPv":6.022}
