{"generated":51.5,"consumed":12.350869140625,"exported":29.799999237060547,"imported":0.4000000059604645,"discharged":4.300000190734863,"maxPv":11.9}
