{"generated":13.100000381469727,"consumed":18.996474609375,"exported":0,"imported":2.4000000953674316,"discharged":11,"maxPv":5.228}
