{"generated":5.700000286102295,"consumed":20.93043359375,"exported":0.20000000298023224,"imported":13.5,"discharged":4.300000190734863,"maxPv":4.655}
