{"generated":67.0999984741211,"consumed":34.41041796875,"exported":23.5,"imported":0.20000000298023224,"discharged":5,"maxPv":11.092}
