{"generated":53.30000305175781,"consumed":0.581340087890625,"exported":36.79999923706055,"imported":0.10000000149011612,"discharged":6.699999809265137,"maxPv":0}
