{"generated":25,"consumed":23.65118359375,"exported":0.10000000149011612,"imported":0.4000000059604645,"discharged":16,"maxPv":6.533}
