{"generated":0,"consumed":11.7603916015625,"exported":0,"imported":0.10000000149011612,"discharged":11.399999618530273,"maxPv":0}
