{"generated":50.9000015258789,"consumed":10.1713857421875,"exported":15.5,"imported":0.10000000149011612,"discharged":3.700000047683716,"maxPv":8.031}
