{"generated":0,"consumed":5.8612822265625,"exported":0,"imported":2.5999999046325684,"discharged":4.5,"maxPv":0}
