{"generated":1.2000000476837158,"consumed":6.06140234375,"exported":0,"imported":0.10000000149011612,"discharged":4.300000190734863,"maxPv":2.387}
