{"generated":10.399999618530273,"consumed":13.6155244140625,"exported":0,"imported":1.600000023841858,"discharged":7.300000190734863,"maxPv":5.355}
