{"generated":23.899999618530273,"consumed":20.490599609375,"exported":0.10000000149011612,"imported":0.10000000149011612,"discharged":4.199999809265137,"maxPv":11.536}
