{"generated":53.39999771118164,"consumed":25.85536328125,"exported":27.299999237060547,"imported":4.699999809265137,"discharged":28.600000381469727,"maxPv":8.199}
