{"generated":23.799999237060547,"consumed":10.4479755859375,"exported":8.600000381469727,"imported":0.10000000149011612,"discharged":4.300000190734863,"maxPv":13.169}
