{"generated":31.200000762939453,"consumed":15.7826279296875,"exported":13.899999618530273,"imported":0.10000000149011612,"discharged":6.800000190734863,"maxPv":13.169}
