{"generated":4.400000095367432,"consumed":15.9978173828125,"exported":0,"imported":0.10000000149011612,"discharged":11.300000190734863,"maxPv":4.067}
