{"generated":20.799999475479126,"consumed":9.799999810755253,"exported":3.799999952316284}
