{"generated":0,"consumed":29.6564375,"exported":0,"imported":36.9000015258789,"discharged":0,"maxPv":0}
