{"generated":20.600000381469727,"consumed":7.71550244140625,"exported":7.5,"imported":0.10000000149011612,"discharged":3.5999999046325684,"maxPv":12.666}
