{"generated":40.70000076293945,"consumed":62.88354296875,"exported":1,"imported":15.5,"discharged":27.299999237060547,"maxPv":7.803}
