{"generated":13.899999618530273,"consumed":16.7418671875,"exported":0.10000000149011612,"imported":0.20000000298023224,"discharged":10.699999809265137,"maxPv":7.09}
