{"generated":6.899999618530273,"consumed":6.53373095703125,"exported":0,"imported":6.800000190734863,"discharged":4.400000095367432,"maxPv":7.695}
