{"generated":44.200000286102295,"consumed":28.900000870227814,"exported":7.5}
