{"generated":0,"consumed":3.42502099609375,"exported":0,"imported":0,"discharged":3.200000047683716,"maxPv":0}
