{"generated":68,"consumed":34.878140625,"exported":30.600000381469727,"imported":0.10000000149011612,"discharged":7.900000095367432,"maxPv":8.975}
