{"generated":12.5,"consumed":22.46665625,"exported":0,"imported":32.20000076293945,"discharged":11.5,"maxPv":6.47}
