{"generated":18.899999618530273,"consumed":17.99934375,"exported":0.10000000149011612,"imported":0.20000000298023224,"discharged":11.199999809265137,"maxPv":5.486}
