{"generated":0.5,"consumed":6.1734892578125,"exported":0,"imported":25.899999618530273,"discharged":3.9000000953674316,"maxPv":1.004}
