{"generated":0,"consumed":2.872519287109375,"exported":0,"imported":0.20000000298023224,"discharged":2.700000047683716,"maxPv":0}
