{"generated":41.4000015258789,"consumed":26.371392578125,"exported":0.300000011920929,"imported":0.300000011920929,"discharged":16.899999618530273,"maxPv":12.01}
