{"generated":0.5,"consumed":7.17424072265625,"exported":0,"imported":0.10000000149011612,"discharged":6.199999809265137,"maxPv":0.783}
