{"generated":24.5,"consumed":8.04169873046875,"exported":11.600000381469727,"imported":0.20000000298023224,"discharged":3.700000047683716,"maxPv":9.078}
