{"generated":7.799999713897705,"consumed":6.233376953125,"exported":0.10000000149011612,"imported":0.10000000149011612,"discharged":3,"maxPv":6.064}
