{"generated":55.10000228881836,"consumed":18.8175546875,"exported":30.100000381469727,"imported":0.20000000298023224,"discharged":7.400000095367432,"maxPv":11.411}
