{"generated":17,"consumed":9.4538173828125,"exported":0.10000000149011612,"imported":0.20000000298023224,"discharged":4.400000095367432,"maxPv":6.737}
