{"generated":19.5,"consumed":10.5242861328125,"exported":0.10000000149011612,"imported":0.10000000149011612,"discharged":4.5,"maxPv":5.579}
