{"generated":69.5999984741211,"consumed":53.88865234375,"exported":11.600000381469727,"imported":0.10000000149011612,"discharged":6.300000190734863,"maxPv":9.841}
