{"generated":12.200000762939453,"consumed":13.4295439453125,"exported":0,"imported":19.5,"discharged":7.800000190734863,"maxPv":6.47}
