{"generated":0,"consumed":1.2675850830078126,"exported":0,"imported":0.20000000298023224,"discharged":1.2000000476837158,"maxPv":0}
