{"generated":53.5999984741211,"consumed":11.133033203125,"exported":32.9000015258789,"imported":0.10000000149011612,"discharged":3.4000000953674316,"maxPv":8.432}
