{"generated":46.5,"consumed":20.2620078125,"exported":22.899999618530273,"imported":0.20000000298023224,"discharged":5,"maxPv":12.78}
