{"generated":64.5999984741211,"consumed":15.061095703125,"exported":45.70000076293945,"imported":0.10000000149011612,"discharged":4.699999809265137,"maxPv":8.777}
