{"generated":18.600000381469727,"consumed":9.66097265625,"exported":3.9000000953674316,"imported":0.10000000149011612,"discharged":3.799999952316284,"maxPv":14.077}
