{"generated":19.100000381469727,"consumed":12.2221103515625,"exported":0,"imported":0.10000000149011612,"discharged":6.300000190734863,"maxPv":6.026}
