{"generated":37.70000076293945,"consumed":10.6043427734375,"exported":21.799999237060547,"imported":0.10000000149011612,"discharged":5.099999904632568,"maxPv":12.165}
