{"generated":0.8000000715255737,"consumed":7.68902099609375,"exported":0,"imported":6.400000095367432,"discharged":1.7000000476837158,"maxPv":2.085}
