{"generated":15,"consumed":8.7850517578125,"exported":0.10000000149011612,"imported":0.10000000149011612,"discharged":4.400000095367432,"maxPv":5.033}
