{"generated":43.4000015258789,"consumed":8.7338349609375,"exported":30.799999237060547,"imported":0.10000000149011612,"discharged":3.4000000953674316,"maxPv":12.053}
