{"generated":0,"consumed":13.6556787109375,"exported":0,"imported":0.699999988079071,"discharged":2,"maxPv":0}
