{"generated":21.5,"consumed":9.66264453125,"exported":6.199999809265137,"imported":0.10000000149011612,"discharged":4,"maxPv":11.129}
