{"generated":0.10000000149011612,"consumed":4.20290283203125,"exported":0,"imported":0.10000000149011612,"discharged":3.4000000953674316,"maxPv":0.185}
