{"generated":9.199999809265137,"consumed":21.91232421875,"exported":0,"imported":15.100000381469727,"discharged":2.700000047683716,"maxPv":5.634}
