{"generated":0.10000000149011612,"consumed":5.03790234375,"exported":0,"imported":4.800000190734863,"discharged":0,"maxPv":0.039}
