{"generated":0,"consumed":1.28713671875,"exported":0,"imported":0.20000000298023224,"discharged":0.600000023841858,"maxPv":0}
