{"generated":53.00000047683716,"consumed":12.693814453125,"exported":29.100000381469727,"imported":0.10000000149011612,"discharged":4.599999904632568,"maxPv":8.84}
