{"generated":38.70000076293945,"consumed":0.6948593139648438,"exported":14.199999809265137,"imported":0.10000000149011612,"discharged":10.600000381469727,"maxPv":0}
