{"generated":6.700000286102295,"consumed":5.688826171875,"exported":0,"imported":0.10000000149011612,"discharged":3.299999952316284,"maxPv":4.523}
