{"generated":15.699999809265137,"consumed":6.57722998046875,"exported":0,"imported":0.10000000149011612,"discharged":3.5999999046325684,"maxPv":7.124}
