{"generated":29.100000381469727,"consumed":14.641873046875,"exported":5.800000190734863,"imported":0.5,"discharged":4.300000190734863,"maxPv":11.049}
