{"generated":30.399999618530273,"consumed":0.6595764770507813,"exported":8,"imported":0.10000000149011612,"discharged":12.899999618530273,"maxPv":0}
