{"generated":0,"consumed":1.6138865966796876,"exported":0,"imported":0.10000000149011612,"discharged":1.5,"maxPv":0}
