{"generated":18.299999237060547,"consumed":7.70386865234375,"exported":0,"imported":0.10000000149011612,"discharged":4.400000095367432,"maxPv":9.004}
