{"generated":59.5,"consumed":16.545455078125,"exported":38.29999923706055,"imported":0.20000000298023224,"discharged":25.899999618530273,"maxPv":8.734}
