{"generated":0,"consumed":2.53491650390625,"exported":0,"imported":0.10000000149011612,"discharged":2.4000000953674316,"maxPv":0}
