{"generated":16.200000762939453,"consumed":16.14798046875,"exported":0.20000000298023224,"imported":13.600000381469727,"discharged":4.599999904632568,"maxPv":4.665}
