{"generated":59.0999984741211,"consumed":25.7359609375,"exported":23.700000762939453,"imported":0.10000000149011612,"discharged":4.400000095367432,"maxPv":9.124}
