{"generated":20.80000114440918,"consumed":18.621037109375,"exported":0.10000000149011612,"imported":0.10000000149011612,"discharged":9.199999809265137,"maxPv":6.921}
