{"generated":7.099999904632568,"consumed":6.53852978515625,"exported":0,"imported":0.20000000298023224,"discharged":3.799999952316284,"maxPv":6.035}
