{"generated":43.9000015258789,"consumed":29.873646484375,"exported":4.800000190734863,"imported":0.20000000298023224,"discharged":4.5,"maxPv":10.343}
