{"generated":0,"consumed":3.506158447265625,"exported":0,"imported":12,"discharged":3.299999952316284,"maxPv":0}
