{"generated":14.899999618530273,"consumed":15.69832421875,"exported":0,"imported":6.5,"discharged":3.0999999046325684,"maxPv":5.729}
