{"generated":51.89999961853027,"consumed":14.400000095367432,"exported":31.399999618530273}
