{"generated":24.600000381469727,"consumed":47.33846484375,"exported":1,"imported":33.79999923706055,"discharged":3.299999952316284,"maxPv":6.162}
