{"generated":0,"consumed":4.49545751953125,"exported":0,"imported":0.10000000149011612,"discharged":3.4000000953674316,"maxPv":0.098}
