{"generated":47.29999923706055,"consumed":0.614868408203125,"exported":29.700000762939453,"imported":0.10000000149011612,"discharged":7.5,"maxPv":0}
