{"generated":20.69999885559082,"consumed":16.98479296875,"exported":0.10000000149011612,"imported":0.10000000149011612,"discharged":8.100000381469727,"maxPv":5.223}
