{"generated":33.29999923706055,"consumed":16.479328125,"exported":19.200000762939453,"imported":9.600000381469727,"discharged":26.100000381469727,"maxPv":13.091}
