{"generated":17.100000381469727,"consumed":22.228037109375,"exported":0,"imported":12.300000190734863,"discharged":5.099999904632568,"maxPv":5.063}
