{"generated":15.700000762939453,"consumed":8.4809150390625,"exported":1.5,"imported":0.10000000149011612,"discharged":4,"maxPv":11.129}
