{"generated":47.0999984741211,"consumed":9.68728125,"exported":32.4000015258789,"imported":0.10000000149011612,"discharged":3.299999952316284,"maxPv":11.16}
