{"generated":43.29999923706055,"consumed":24.74071484375,"exported":12.600000381469727,"imported":0.20000000298023224,"discharged":12.899999618530273,"maxPv":7.264}
