{"generated":55,"consumed":16.81781640625,"exported":30,"imported":0.20000000298023224,"discharged":5.400000095367432,"maxPv":11.611}
