{"generated":0,"consumed":25.83219140625,"exported":0,"imported":23.700000762939453,"discharged":1,"maxPv":0}
