{"generated":53.9000015258789,"consumed":26.04063671875,"exported":20.600000381469727,"imported":0.300000011920929,"discharged":5.5,"maxPv":11.24}
