{"generated":36.79999923706055,"consumed":16.0328193359375,"exported":13.699999809265137,"imported":0.10000000149011612,"discharged":7.400000095367432,"maxPv":13.383}
