{"generated":0.7000000029802322,"consumed":32.94906640625,"exported":0,"imported":0,"discharged":5.199999809265137,"maxPv":1.206}
