{"generated":0,"consumed":32.665359375,"exported":0.10000000149011612,"imported":1.7000000476837158,"discharged":29.899999618530273,"maxPv":0.042}
