{"generated":58.69999694824219,"consumed":16.1168466796875,"exported":39.9000015258789,"imported":0.10000000149011612,"discharged":7.599999904632568,"maxPv":9.192}
