{"generated":3.299999713897705,"consumed":45.257625,"exported":0.10000000149011612,"imported":38,"discharged":2.200000047683716,"maxPv":2.377}
