{"generated":57.500003814697266,"consumed":16.680408203125,"exported":36.29999923706055,"imported":0.10000000149011612,"discharged":6.099999904632568,"maxPv":10.891}
