{"generated":49.39999771118164,"consumed":20.874181640625,"exported":26.5,"imported":0.20000000298023224,"discharged":9.899999618530273,"maxPv":13.009}
