{"generated":3.9000000953674316,"consumed":7.15334423828125,"exported":0,"imported":0,"discharged":4.699999809265137,"maxPv":3.849}
