{"generated":40.39999961853027,"consumed":36.89999981969595,"exported":0.10000000149011612}
