{"generated":1.899999976158142,"consumed":5.248421875,"exported":0,"imported":30.200000762939453,"discharged":3.5,"maxPv":3.266}
