{"generated":38.79999923706055,"consumed":15.785390625,"exported":20,"imported":0.20000000298023224,"discharged":4.699999809265137,"maxPv":13.223}
