{"generated":0.800000011920929,"consumed":7.49874365234375,"exported":0,"imported":0,"discharged":6,"maxPv":0.796}
