{"generated":51.9000015258789,"consumed":13.4754443359375,"exported":29.799999237060547,"imported":0.4000000059604645,"discharged":4.900000095367432,"maxPv":11.9}
