{"generated":16.100000381469727,"consumed":44.17382421875,"exported":1.2000000476837158,"imported":34.9000015258789,"discharged":1.5,"maxPv":6.869}
