{"generated":21.30000114440918,"consumed":15.04955078125,"exported":0.10000000149011612,"imported":0.10000000149011612,"discharged":5.699999809265137,"maxPv":7.291}
