{"generated":33.0999984741211,"consumed":13.91966015625,"exported":0.10000000149011612,"imported":0.20000000298023224,"discharged":4.300000190734863,"maxPv":8.389}
