{"generated":1.3000000268220901,"consumed":8.700000122189522,"exported":0,"imported":0.10000000149011612,"discharged":7.400000095367432,"maxPv":1.432}
