{"generated":64.29999923706055,"consumed":20.194439453125,"exported":39.79999923706055,"imported":0.20000000298023224,"discharged":10.899999618530273,"maxPv":9.313}
