{"generated":14.600000381469727,"consumed":9.7711376953125,"exported":0.300000011920929,"imported":0.10000000149011612,"discharged":5.099999904632568,"maxPv":9.983}
