{"generated":0,"consumed":1.5959974365234375,"exported":0,"imported":3.4000000953674316,"discharged":1.5,"maxPv":0}
