{"generated":43.5,"consumed":8.92699609375,"exported":9.300000190734863,"imported":0.20000000298023224,"discharged":3.700000047683716,"maxPv":8.638}
