{"generated":0,"consumed":4.3357841796875,"exported":0.10000000149011612,"imported":0.4000000059604645,"discharged":3.200000047683716,"maxPv":0.541}
