{"generated":21.600000381469727,"consumed":16.445005859375,"exported":0.10000000149011612,"imported":0.20000000298023224,"discharged":5,"maxPv":5.609}
