{"generated":11.80000114440918,"consumed":9.484916015625,"exported":0,"imported":0,"discharged":4.900000095367432,"maxPv":4.613}
