{"generated":58.5,"consumed":13.6096201171875,"exported":37,"imported":0.10000000149011612,"discharged":4.5,"maxPv":10.95}
