{"generated":42.60000228881836,"consumed":34.88253515625,"exported":11.5,"imported":5.199999809265137,"discharged":20,"maxPv":7.395}
