{"generated":13.40000057220459,"consumed":8.63555859375,"exported":0.10000000149011612,"imported":0.10000000149011612,"discharged":4.800000190734863,"maxPv":9.936}
