{"generated":14.699999809265137,"consumed":10.275005859375,"exported":0,"imported":0.20000000298023224,"discharged":5.199999809265137,"maxPv":4.989}
