{"generated":2.8000001907348633,"consumed":4.89403369140625,"exported":0,"imported":10.800000190734863,"discharged":0,"maxPv":4.25}
