{"generated":52.69999694824219,"consumed":19.15215234375,"exported":31.700000762939453,"imported":0.10000000149011612,"discharged":8,"maxPv":11.932}
