{"generated":8.100000381469727,"consumed":57.1536875,"exported":5.900000095367432,"imported":80.4000015258789,"discharged":12.100000381469727,"maxPv":3.927}
