{"generated":17.700000762939453,"consumed":16.8632890625,"exported":0,"imported":0.10000000149011612,"discharged":10.800000190734863,"maxPv":5.664}
