{"generated":0,"consumed":4.19532666015625,"exported":0,"imported":0.10000000149011612,"discharged":3.299999952316284,"maxPv":0}
