{"generated":27.59999990463257,"consumed":16.19999933242798,"exported":0.20000000298023224,"imported":0.20000000298023224,"discharged":5.699999809265137,"maxPv":13.625}
