{"generated":2.799999952316284,"consumed":7.1907001953125,"exported":0,"imported":1.2999999523162842,"discharged":4.5,"maxPv":3.328}
