{"generated":21.600000381469727,"consumed":8.84253515625,"exported":0.20000000298023224,"imported":0.20000000298023224,"discharged":4.300000190734863,"maxPv":7.018}
