{"generated":42.99999952316284,"consumed":12.5,"exported":24.399999618530273}
