{"generated":48.10000038146973,"consumed":13.200001239776611,"exported":28.799999237060547}
