{"generated":29.200000762939453,"consumed":7.40622509765625,"exported":0,"imported":0.300000011920929,"discharged":3.9000000953674316,"maxPv":7.791}
