{"generated":47.5,"consumed":47.35384375,"exported":0.10000000149011612,"imported":0.4000000059604645,"discharged":13.199999809265137,"maxPv":11.682}
