{"generated":26.799999237060547,"consumed":10.28059375,"exported":0.4000000059604645,"imported":0.300000011920929,"discharged":4.199999809265137,"maxPv":12.708}
