{"generated":0,"consumed":1.2591046142578124,"exported":0,"imported":0.10000000149011612,"discharged":0.600000023841858,"maxPv":0}
