{"generated":10.300000190734863,"consumed":8.145216796875,"exported":0.10000000149011612,"imported":0.10000000149011612,"discharged":4.400000095367432,"maxPv":4.899}
