{"generated":65.4000015258789,"consumed":0.7165714721679688,"exported":22.200000762939453,"imported":0.20000000298023224,"discharged":12.899999618530273,"maxPv":0}
