{"generated":0,"consumed":2.3065556640625,"exported":0,"imported":3.5999999046325684,"discharged":2.0999999046325684,"maxPv":0}
