{"generated":15.199999809265137,"consumed":9.69179296875,"exported":1.7999999523162842,"imported":0.10000000149011612,"discharged":3.9000000953674316,"maxPv":13.648}
