{"generated":37.39999771118164,"consumed":8.3933056640625,"exported":17.299999237060547,"imported":0.20000000298023224,"discharged":2.700000047683716,"maxPv":8.859}
