{"generated":15.5,"consumed":11.154236328125,"exported":0.10000000149011612,"imported":0.20000000298023224,"discharged":3.4000000953674316,"maxPv":12.276}
