{"generated":19.400001525878906,"consumed":53.60453125,"exported":0.10000000149011612,"imported":33.9000015258789,"discharged":9.800000190734863,"maxPv":6.163}
