{"generated":45.80000114440918,"consumed":41.10000133514404,"exported":0.20000000298023224}
