{"generated":51.69999694824219,"consumed":11.0280849609375,"exported":25.399999618530273,"imported":0.300000011920929,"discharged":13.5,"maxPv":9.123}
