{"generated":10.399999618530273,"consumed":19.06943359375,"exported":0,"imported":3.9000000953674316,"discharged":7.5,"maxPv":11.543}
