{"generated":12.800000190734863,"consumed":7.19348486328125,"exported":0.10000000149011612,"imported":0.20000000298023224,"discharged":3.5999999046325684,"maxPv":6.856}
