{"generated":57.20000076293945,"consumed":12.8183193359375,"exported":18.799999237060547,"imported":0.10000000149011612,"discharged":4.099999904632568,"maxPv":9.785}
