{"generated":1.8000000715255737,"consumed":5.413828125,"exported":0,"imported":0,"discharged":4.099999904632568,"maxPv":3.094}
