{"generated":3.9000000953674316,"consumed":6.23816162109375,"exported":0,"imported":0.10000000149011612,"discharged":3.9000000953674316,"maxPv":6.774}
