{"generated":0,"consumed":1.232075439453125,"exported":0,"imported":0,"discharged":1.2000000476837158,"maxPv":0}
