{"generated":17.799999237060547,"consumed":8.5906689453125,"exported":4.5,"imported":0.10000000149011612,"discharged":3.9000000953674316,"maxPv":13.413}
