{"generated":57.499996185302734,"consumed":0.7261104736328124,"exported":27.700000762939453,"imported":0.20000000298023224,"discharged":11,"maxPv":0}
