{"generated":0,"consumed":2.363407958984375,"exported":0,"imported":0.20000000298023224,"discharged":1.5,"maxPv":0}
