{"generated":36.20000076293945,"consumed":24.154509765625,"exported":0.20000000298023224,"imported":0.300000011920929,"discharged":8.800000190734863,"maxPv":7.018}
