{"generated":44.200000286102295,"consumed":34.10000067949295,"exported":7.5}
