{"generated":0,"consumed":2.077581787109375,"exported":0,"imported":21.700000762939453,"discharged":0.5,"maxPv":0}
