{"generated":67.09999942779541,"consumed":29.178,"exported":36.20000076293945,"imported":0.20000000298023224,"discharged":11.800000190734863,"maxPv":9.018}
