{"generated":47.5,"consumed":23.4367578125,"exported":3.0999999046325684,"imported":4.400000095367432,"discharged":4.400000095367432,"maxPv":8.389}
