{"generated":28.200000762939453,"consumed":38.43701171875,"exported":0.10000000149011612,"imported":25.299999237060547,"discharged":12.100000381469727,"maxPv":9.199}
