{"generated":0.20000000298023224,"consumed":5.35778662109375,"exported":0,"imported":25.899999618530273,"discharged":3.5,"maxPv":0.107}
