{"generated":0,"consumed":0.5416655883789062,"exported":0,"imported":3.4000000953674316,"discharged":0.5,"maxPv":0}
