{"generated":38.70000076293945,"consumed":13.343384765625,"exported":10.699999809265137,"imported":12.899999618530273,"discharged":12.800000190734863,"maxPv":7.47}
