{"generated":41.0999984741211,"consumed":9.0249013671875,"exported":27.299999237060547,"imported":0.10000000149011612,"discharged":3.299999952316284,"maxPv":8.507}
