{"generated":44.0999984741211,"consumed":0.785135498046875,"exported":17.399999618530273,"imported":0.10000000149011612,"discharged":16.399999618530273,"maxPv":0}
