{"generated":50.4000015258789,"consumed":9.60855078125,"exported":15.399999618530273,"imported":0.10000000149011612,"discharged":3.700000047683716,"maxPv":8.031}
