{"generated":15.800000190734863,"consumed":7.9567734375,"exported":2.0999999046325684,"imported":0.10000000149011612,"discharged":3.799999952316284,"maxPv":7.113}
