{"generated":19.5,"consumed":18.10000028461218,"exported":0.10000000149011612}
