{"generated":28.700000762939453,"consumed":16.000000953674316,"exported":0.10000000149011612,"imported":0.10000000149011612,"discharged":7.300000190734863,"maxPv":8.819}
