{"generated":0,"consumed":1.282540771484375,"exported":0,"imported":0.10000000149011612,"discharged":0.600000023841858,"maxPv":0}
