{"generated":0,"consumed":1.7723787841796874,"exported":0,"imported":8.699999809265137,"discharged":0,"maxPv":0}
