{"generated":63.10000228881836,"consumed":0.567122802734375,"exported":29.100000381469727,"imported":0.300000011920929,"discharged":10.800000190734863,"maxPv":0}
