{"generated":1.100000023841858,"consumed":7.44474951171875,"exported":0,"imported":7.5,"discharged":6,"maxPv":2.91}
