{"generated":40.20000076293945,"consumed":10.0160830078125,"exported":23.5,"imported":0.20000000298023224,"discharged":3.700000047683716,"maxPv":11.409}
