{"generated":16.200000762939453,"consumed":15.7128095703125,"exported":10.100000381469727,"imported":3.5999999046325684,"discharged":19.700000762939453,"maxPv":3.78}
