{"generated":63.10000228881836,"consumed":29.2413671875,"exported":29.100000381469727,"imported":0.300000011920929,"discharged":7.900000095367432,"maxPv":10.905}
