{"generated":6.400000095367432,"consumed":9.1266611328125,"exported":0,"imported":0.10000000149011612,"discharged":5.800000190734863,"maxPv":5.555}
