{"generated":64.39999866485596,"consumed":40.68872265625,"exported":36.70000076293945,"imported":0.300000011920929,"discharged":27.200000762939453,"maxPv":8.84}
