{"generated":67.7999954223633,"consumed":14.631330078125,"exported":46.79999923706055,"imported":0.20000000298023224,"discharged":4.900000095367432,"maxPv":8.891}
