{"generated":5.300000190734863,"consumed":7.89993701171875,"exported":0,"imported":0,"discharged":4.900000095367432,"maxPv":9.094}
