{"generated":14.399999618530273,"consumed":18.79908984375,"exported":0.10000000149011612,"imported":5.400000095367432,"discharged":7,"maxPv":8.155}
