{"generated":3.3000001907348633,"consumed":18.290607421875,"exported":0.10000000149011612,"imported":7.400000095367432,"discharged":6.900000095367432,"maxPv":1.279}
