{"generated":45.29999923706055,"consumed":12.10243359375,"exported":29.799999237060547,"imported":0.10000000149011612,"discharged":4.599999904632568,"maxPv":7.833}
