{"generated":42.30000019073486,"consumed":12.200000859797,"exported":22.799999237060547}
