{"generated":0.10000000149011612,"consumed":5.12497021484375,"exported":0,"imported":0.10000000149011612,"discharged":4.699999809265137,"maxPv":0.588}
