{"generated":37.70000076293945,"consumed":10.0798203125,"exported":23,"imported":0.10000000149011612,"discharged":3.0999999046325684,"maxPv":8.978}
