{"generated":36,"consumed":70.9366484375,"exported":0.10000000149011612,"imported":32.79999923706055,"discharged":17.299999237060547,"maxPv":5.387}
