{"generated":12.5,"consumed":7.18085546875,"exported":0,"imported":0.10000000149011612,"discharged":2.700000047683716,"maxPv":6.796}
