{"generated":0.5,"consumed":4.90502001953125,"exported":0,"imported":0.10000000149011612,"discharged":3.700000047683716,"maxPv":1.19}
