{"generated":26.5,"consumed":24.9668515625,"exported":0.20000000298023224,"imported":0.20000000298023224,"discharged":8.800000190734863,"maxPv":6.11}
