{"generated":7.400000095367432,"consumed":7.01722998046875,"exported":0.10000000149011612,"imported":0.10000000149011612,"discharged":4.199999809265137,"maxPv":10.056}
