{"generated":20.099998474121094,"consumed":8.6603486328125,"exported":0.10000000149011612,"imported":15.699999809265137,"discharged":4.599999904632568,"maxPv":7.273}
