{"generated":21.299999237060547,"consumed":26.381318359375,"exported":0.10000000149011612,"imported":12.300000190734863,"discharged":7.400000095367432,"maxPv":5.063}
