{"generated":0,"consumed":2.485383544921875,"exported":0,"imported":0.10000000149011612,"discharged":2.299999952316284,"maxPv":0}
