{"generated":0,"consumed":4.18802197265625,"exported":0,"imported":0.10000000149011612,"discharged":4.5,"maxPv":0.078}
