{"generated":17.600000381469727,"consumed":11.3006953125,"exported":0.20000000298023224,"imported":0.10000000149011612,"discharged":5.400000095367432,"maxPv":10.212}
