{"generated":56.69999694824219,"consumed":18.20285546875,"exported":31.299999237060547,"imported":0.20000000298023224,"discharged":3.4000000953674316,"maxPv":12.933}
