{"generated":36.79999923706055,"consumed":10.34587890625,"exported":20.399999618530273,"imported":0.10000000149011612,"discharged":4.599999904632568,"maxPv":9.064}
