{"generated":0,"consumed":3.295762939453125,"exported":0,"imported":0.10000000149011612,"discharged":2.5,"maxPv":0.072}
