{"generated":0,"consumed":3.320287109375,"exported":0,"imported":4.099999904632568,"discharged":0.600000023841858,"maxPv":0}
