{"generated":7.300000190734863,"consumed":21.70513671875,"exported":0.10000000149011612,"imported":15.199999809265137,"discharged":6.699999809265137,"maxPv":5.403}
