{"generated":39.4000015258789,"consumed":12.4758037109375,"exported":5.900000095367432,"imported":18.100000381469727,"discharged":4.599999904632568,"maxPv":7.885}
