{"generated":36.9000015258789,"consumed":8.765376953125,"exported":11.600000381469727,"imported":0.20000000298023224,"discharged":3.299999952316284,"maxPv":7.264}
