{"generated":47.20000076293945,"consumed":23.908962890625,"exported":12.100000381469727,"imported":0.20000000298023224,"discharged":3.299999952316284,"maxPv":11.092}
