{"generated":6.300000190734863,"consumed":29.4259765625,"exported":0,"imported":31.700000762939453,"discharged":13.5,"maxPv":4.015}
