{"generated":40.99999952316284,"consumed":17.89999971538782,"exported":13.899999618530273}
