{"generated":15.09999942779541,"consumed":19.797970703125,"exported":0,"imported":6.5,"discharged":7,"maxPv":5.729}
