{"generated":62.20000076293945,"consumed":27.1821875,"exported":26.799999237060547,"imported":0.300000011920929,"discharged":5.800000190734863,"maxPv":11.393}
