{"generated":0,"consumed":1.9781658935546875,"exported":0,"imported":25.299999237060547,"discharged":0,"maxPv":0}
