{"generated":4.299999713897705,"consumed":8.3988974609375,"exported":0,"imported":3.200000047683716,"discharged":4.900000095367432,"maxPv":4.337}
