{"generated":17.200000762939453,"consumed":7.8372470703125,"exported":0,"imported":0.10000000149011612,"discharged":4.300000190734863,"maxPv":7.192}
