{"generated":18.899999618530273,"consumed":7.9768896484375,"exported":0.10000000149011612,"imported":3.200000047683716,"discharged":4.199999809265137,"maxPv":9.758}
