{"generated":0,"consumed":5.9138720703125,"exported":0,"imported":0.300000011920929,"discharged":5.900000095367432,"maxPv":0.073}
