{"generated":38.39999771118164,"consumed":24.91419140625,"exported":7.800000190734863,"imported":0.20000000298023224,"discharged":4.300000190734863,"maxPv":11.536}
