{"generated":0.800000011920929,"consumed":5.31498583984375,"exported":0,"imported":0.20000000298023224,"discharged":4.400000095367432,"maxPv":2.182}
