{"generated":17.899999618530273,"consumed":8.7886328125,"exported":0,"imported":0.10000000149011612,"discharged":3.5,"maxPv":7.528}
