{"generated":34.0999984741211,"consumed":6.5513330078125,"exported":23.399999618530273,"imported":0.10000000149011612,"discharged":2.9000000953674316,"maxPv":8.834}
