{"generated":0.10000000149011612,"consumed":3.986388916015625,"exported":0,"imported":0.699999988079071,"discharged":3.700000047683716,"maxPv":0.117}
