{"generated":29.200000762939453,"consumed":10.063185546875,"exported":14.600000381469727,"imported":0.10000000149011612,"discharged":3.4000000953674316,"maxPv":8.796}
