{"generated":3.1999998092651367,"consumed":6.128271484375,"exported":0,"imported":0.10000000149011612,"discharged":3.799999952316284,"maxPv":7.632}
