{"generated":2.4000000953674316,"consumed":5.7632724609375,"exported":0,"imported":0.20000000298023224,"discharged":3.799999952316284,"maxPv":5.973}
