{"generated":0,"consumed":5.07568310546875,"exported":0,"imported":3.700000047683716,"discharged":2.700000047683716,"maxPv":0}
