{"generated":28.100000381469727,"consumed":7.77261669921875,"exported":16.100000381469727,"imported":0.10000000149011612,"discharged":3.200000047683716,"maxPv":8.717}
