{"generated":41.29999923706055,"consumed":22.471888671875,"exported":23.399999618530273,"imported":18.100000381469727,"discharged":30.399999618530273,"maxPv":7.885}
