{"generated":21.399999618530273,"consumed":16.30264453125,"exported":0,"imported":0.10000000149011612,"discharged":6.099999904632568,"maxPv":7.399}
