{"generated":48.5,"consumed":11.763185546875,"exported":31.700000762939453,"imported":0.10000000149011612,"discharged":3.799999952316284,"maxPv":13.023}
