{"generated":26.400001525878906,"consumed":14.974302734375,"exported":0.10000000149011612,"imported":0.20000000298023224,"discharged":7.5,"maxPv":0.935}
