{"generated":14.399999618530273,"consumed":16.444546875,"exported":0.10000000149011612,"imported":0.20000000298023224,"discharged":3.799999952316284,"maxPv":7.276}
