{"generated":10.09999942779541,"consumed":42.8318203125,"exported":0.10000000149011612,"imported":37.29999923706055,"discharged":3.700000047683716,"maxPv":4.812}
