{"generated":0,"consumed":0.6724752807617187,"exported":0,"imported":0,"discharged":0.600000023841858,"maxPv":0}
