{"generated":32,"consumed":28.03543359375,"exported":0.20000000298023224,"imported":0.20000000298023224,"discharged":4.5,"maxPv":10.343}
