{"generated":0,"consumed":4.676708984375,"exported":0,"imported":0.20000000298023224,"discharged":3.299999952316284,"maxPv":0.058}
