{"generated":65.5,"consumed":19.221037109375,"exported":41.79999923706055,"imported":0.10000000149011612,"discharged":7.300000190734863,"maxPv":10.95}
