{"generated":5.400000095367432,"consumed":7.48820263671875,"exported":0,"imported":0.10000000149011612,"discharged":4.599999904632568,"maxPv":9.734}
