{"generated":40,"consumed":20.881708984375,"exported":19.600000381469727,"imported":7,"discharged":24.600000381469727,"maxPv":11.367}
