{"generated":0.5,"consumed":28.288484375,"exported":0,"imported":34.0999984741211,"discharged":4.199999809265137,"maxPv":0.652}
