{"generated":6.800000071525574,"consumed":10.200000263750553,"exported":0,"imported":0.10000000149011612,"discharged":7.400000095367432,"maxPv":5.133}
