{"generated":21.200000762939453,"consumed":20.14842578125,"exported":0.10000000149011612,"imported":0.20000000298023224,"discharged":3.0999999046325684,"maxPv":7.937}
