{"generated":5.099999904632568,"consumed":22.14865234375,"exported":0.10000000149011612,"imported":17.5,"discharged":13.100000381469727,"maxPv":2.225}
