{"generated":49.79999923706055,"consumed":17.799999810755253,"exported":24.799999237060547}
