{"generated":19.600000381469727,"consumed":13.3063955078125,"exported":0.10000000149011612,"imported":3.200000047683716,"discharged":4.599999904632568,"maxPv":4.77}
