{"generated":54.5,"consumed":29.081505859375,"exported":18.799999237060547,"imported":0.20000000298023224,"discharged":5,"maxPv":10.557}
