{"generated":16.69999885559082,"consumed":13.087607421875,"exported":0.10000000149011612,"imported":0.10000000149011612,"discharged":6,"maxPv":6.429}
