{"generated":8.09999942779541,"consumed":9.7248515625,"exported":0.10000000149011612,"imported":0,"discharged":5.400000095367432,"maxPv":5.406}
