{"generated":52.9000015258789,"consumed":21.42601953125,"exported":30.5,"imported":0.20000000298023224,"discharged":10.699999809265137,"maxPv":13.221}
