{"generated":3.8000001907348633,"consumed":10.4138916015625,"exported":0.10000000149011612,"imported":1.7999999523162842,"discharged":5.800000190734863,"maxPv":2.294}
