{"generated":4.099999904632568,"consumed":7.75559814453125,"exported":0,"imported":0.300000011920929,"discharged":3.700000047683716,"maxPv":2.431}
