{"generated":0,"consumed":1.7353507080078125,"exported":0,"imported":12,"discharged":1.600000023841858,"maxPv":0}
