{"generated":46.80000305175781,"consumed":25.32452734375,"exported":5.5,"imported":15.399999618530273,"discharged":13.800000190734863,"maxPv":8.076}
