{"generated":0,"consumed":1.1939503173828125,"exported":0,"imported":0.10000000149011612,"discharged":0.600000023841858,"maxPv":0}
