{"generated":47.20000076293945,"consumed":15.036505859375,"exported":25.399999618530273,"imported":0.20000000298023224,"discharged":5.699999809265137,"maxPv":13.009}
