{"generated":57.5,"consumed":12.916173828125,"exported":32.5999984741211,"imported":0.20000000298023224,"discharged":3.299999952316284,"maxPv":8.429}
