{"generated":18.0999995470047,"consumed":17.273162109375,"exported":0,"imported":0.10000000149011612,"discharged":5.199999809265137,"maxPv":7.168}
