{"generated":14.09999942779541,"consumed":12.387970703125,"exported":0,"imported":0.20000000298023224,"discharged":3.4000000953674316,"maxPv":7.001}
