{"generated":35.70000076293945,"consumed":12.71540234375,"exported":21.399999618530273,"imported":3.4000000953674316,"discharged":23.899999618530273,"maxPv":11.187}
