{"generated":66.0999984741211,"consumed":12.3623623046875,"exported":48.9000015258789,"imported":0.10000000149011612,"discharged":3.200000047683716,"maxPv":9.064}
