{"generated":16,"consumed":11.851513671875,"exported":0.20000000298023224,"imported":0.4000000059604645,"discharged":3.5999999046325684,"maxPv":11.803}
