{"generated":6.300000190734863,"consumed":27.84496484375,"exported":0,"imported":31.700000762939453,"discharged":12,"maxPv":4.015}
