{"generated":10.699999809265137,"consumed":6.72973095703125,"exported":0.10000000149011612,"imported":0.10000000149011612,"discharged":3.5,"maxPv":5.726}
