{"generated":51.90000104904175,"consumed":42.38159375,"exported":2.9000000953674316,"imported":2.700000047683716,"discharged":29.899999618530273,"maxPv":10.877}
