{"generated":39.29999923706055,"consumed":10.024826171875,"exported":22.799999237060547,"imported":0.20000000298023224,"discharged":4.199999809265137,"maxPv":8.866}
