{"generated":64.8000030517578,"consumed":12.5046474609375,"exported":47.20000076293945,"imported":0.10000000149011612,"discharged":3,"maxPv":8.959}
