{"generated":14.5,"consumed":9.96520703125,"exported":0,"imported":0,"discharged":6.199999809265137,"maxPv":6.026}
