{"generated":0,"consumed":9.10898828125,"exported":0,"imported":32.20000076293945,"discharged":0,"maxPv":0}
