{"generated":16.399999618530273,"consumed":9.844521484375,"exported":0.10000000149011612,"imported":0.10000000149011612,"discharged":5.699999809265137,"maxPv":5.374}
