{"generated":4.899999618530273,"consumed":46.42322265625,"exported":1.2999999523162842,"imported":78.8000030517578,"discharged":1,"maxPv":2.734}
