{"generated":38.70000076293945,"consumed":16.72851953125,"exported":10.699999809265137,"imported":12.899999618530273,"discharged":16.100000381469727,"maxPv":7.47}
