{"generated":12.59999942779541,"consumed":6.58619873046875,"exported":1.899999976158142,"imported":0.10000000149011612,"discharged":3.299999952316284,"maxPv":5.861}
