{"generated":65.1999969482422,"consumed":15.0987587890625,"exported":45.79999923706055,"imported":0.10000000149011612,"discharged":3.9000000953674316,"maxPv":8.82}
