{"generated":10.399999618530273,"consumed":16.1431904296875,"exported":0,"imported":3.9000000953674316,"discharged":4.800000190734863,"maxPv":11.543}
