{"generated":17.69999885559082,"consumed":7.4617705078125,"exported":0.5,"imported":0.10000000149011612,"discharged":3.700000047683716,"maxPv":6.833}
