{"generated":62.09999942779542,"consumed":52.37603125,"exported":4.5,"imported":2.799999952316284,"discharged":30.399999618530273,"maxPv":10.877}
