{"generated":5.599999904632568,"consumed":6.2888642578125,"exported":0.10000000149011612,"imported":0.10000000149011612,"discharged":4.699999809265137,"maxPv":3.648}
