{"generated":4.199999809265137,"consumed":5.17714111328125,"exported":0,"imported":0.300000011920929,"discharged":3.9000000953674316,"maxPv":4.047}
