{"generated":42.60000228881836,"consumed":21.371748046875,"exported":12.899999618530273,"imported":0.10000000149011612,"discharged":6.199999809265137,"maxPv":12.622}
