{"generated":53.5999984741211,"consumed":39.60811328125,"exported":5,"imported":0.4000000059604645,"discharged":22.5,"maxPv":12.01}
