{"generated":17.5,"consumed":38.10358203125,"exported":0,"imported":26,"discharged":3.5999999046325684,"maxPv":5.487}
