{"generated":1.5999999046325684,"consumed":5.77921533203125,"exported":0,"imported":4.5,"discharged":0,"maxPv":1.966}
