{"generated":28.999998092651367,"consumed":49.17768359375,"exported":8.899999618530273,"imported":34.9000015258789,"discharged":1.5,"maxPv":6.869}
