{"generated":54.10000038146973,"consumed":25.400000289082527,"exported":6.599999904632568}
