{"generated":33.70000076293945,"consumed":11.079869140625,"exported":19.5,"imported":0.10000000149011612,"discharged":3.299999952316284,"maxPv":12.013}
