{"generated":6.899999618530273,"consumed":10.373466796875,"exported":0,"imported":1.5,"discharged":6,"maxPv":5.355}
