{"generated":25.100000381469727,"consumed":11.500000953674316,"exported":0.10000000149011612,"imported":0.10000000149011612,"discharged":7.300000190734863,"maxPv":10.971}
