{"generated":37.5999984741211,"consumed":11.0805107421875,"exported":18.299999237060547,"imported":0.20000000298023224,"discharged":3.700000047683716,"maxPv":11.188}
