{"generated":40.700000286102295,"consumed":15.900000669062138,"exported":13.899999618530273}
