{"generated":41.70000076293945,"consumed":9.781826171875,"exported":28.5,"imported":0.10000000149011612,"discharged":3.299999952316284,"maxPv":11.958}
