{"generated":3.5999999046325684,"consumed":41.06057421875,"exported":0.10000000149011612,"imported":37.20000076293945,"discharged":3.700000047683716,"maxPv":2.458}
