{"generated":20.700000762939453,"consumed":19.999904296875,"exported":0.300000011920929,"imported":0.4000000059604645,"discharged":11.399999618530273,"maxPv":7.674}
