{"generated":10.799999237060547,"consumed":6.504494140625,"exported":0.5,"imported":0.10000000149011612,"discharged":3.4000000953674316,"maxPv":5.852}
