{"generated":8.09999942779541,"consumed":6.29397314453125,"exported":0,"imported":0.300000011920929,"discharged":4.199999809265137,"maxPv":8.009}
