{"generated":0.4000000059604645,"consumed":4.82186767578125,"exported":0,"imported":0.10000000149011612,"discharged":4.199999809265137,"maxPv":1.59}
