{"generated":39,"consumed":15.2680224609375,"exported":16.100000381469727,"imported":0.20000000298023224,"discharged":3.200000047683716,"maxPv":11.256}
