{"generated":1.2000000476837158,"consumed":5.4198310546875,"exported":0,"imported":0.10000000149011612,"discharged":4.400000095367432,"maxPv":3.676}
