{"generated":0.10000000149011612,"consumed":5.36499365234375,"exported":0,"imported":13.399999618530273,"discharged":3.700000047683716,"maxPv":0.935}
