{"generated":47.20000076293945,"consumed":9.53143359375,"exported":32.29999923706055,"imported":0.10000000149011612,"discharged":3.5,"maxPv":9.267}
