{"generated":14.5,"consumed":9.27212109375,"exported":0.699999988079071,"imported":0,"discharged":5.099999904632568,"maxPv":12.159}
