{"generated":36.0999984741211,"consumed":6.63784814453125,"exported":25.600000381469727,"imported":0.10000000149011612,"discharged":3,"maxPv":8.916}
