{"generated":29.600000381469727,"consumed":22.509716796875,"exported":0.10000000149011612,"imported":0.10000000149011612,"discharged":6.400000095367432,"maxPv":7.641}
