{"generated":4.999999523162842,"consumed":6.271005859375,"exported":0.10000000149011612,"imported":0.300000011920929,"discharged":4.099999904632568,"maxPv":3.627}
