{"generated":26.400001525878906,"consumed":10.1444169921875,"exported":12.600000381469727,"imported":0.20000000298023224,"discharged":3.9000000953674316,"maxPv":12.118}
