{"generated":2.3999998569488525,"consumed":6.23101171875,"exported":0,"imported":0,"discharged":4.699999809265137,"maxPv":2.829}
