{"generated":3.1000001430511475,"consumed":7.53195556640625,"exported":0,"imported":0,"discharged":5.5,"maxPv":3.155}
