{"generated":55.79999923706055,"consumed":24.155560546875,"exported":27.899999618530273,"imported":4.199999809265137,"discharged":25.899999618530273,"maxPv":8.733}
