{"generated":19.80000114440918,"consumed":14.0590224609375,"exported":0.10000000149011612,"imported":3.200000047683716,"discharged":5.199999809265137,"maxPv":4.77}
