{"generated":35.70000076293945,"consumed":13.0356494140625,"exported":17.600000381469727,"imported":0.20000000298023224,"discharged":4,"maxPv":13.248}
