{"generated":60.0999984741211,"consumed":24.937650390625,"exported":30.100000381469727,"imported":0.300000011920929,"discharged":5.199999809265137,"maxPv":11.256}
