{"generated":30.399999618530273,"consumed":21.3146796875,"exported":8,"imported":0.20000000298023224,"discharged":10.5,"maxPv":8.191}
