{"generated":17.30000114440918,"consumed":8.5514208984375,"exported":5,"imported":0.10000000149011612,"discharged":3.4000000953674316,"maxPv":12.086}
