{"generated":7.200000286102295,"consumed":8.01840234375,"exported":0.10000000149011612,"imported":0.10000000149011612,"discharged":4.800000190734863,"maxPv":6.756}
