{"generated":12.5,"consumed":9.9256513671875,"exported":0.10000000149011612,"imported":0.10000000149011612,"discharged":4.300000190734863,"maxPv":6.777}
