{"generated":60.79999923706055,"consumed":25.80183203125,"exported":21.600000381469727,"imported":0.300000011920929,"discharged":10.300000190734863,"maxPv":9.047}
