{"generated":0,"consumed":1.6198280029296874,"exported":0,"imported":0,"discharged":2.299999952316284,"maxPv":0}
