{"generated":17.399999618530273,"consumed":33.1634609375,"exported":0.10000000149011612,"imported":31.399999618530273,"discharged":11.699999809265137,"maxPv":5.067}
