{"generated":6.900000095367432,"consumed":9.3451259765625,"exported":0,"imported":0.10000000149011612,"discharged":6,"maxPv":7.695}
