{"generated":12.5,"consumed":15.80241796875,"exported":0,"imported":20.899999618530273,"discharged":8.5,"maxPv":6.47}
