{"generated":55.70000076293945,"consumed":13.5703515625,"exported":38.9000015258789,"imported":0.10000000149011612,"discharged":4.599999904632568,"maxPv":9.37}
