{"generated":0.10000000149011612,"consumed":6.00670654296875,"exported":0,"imported":2.799999952316284,"discharged":4.900000095367432,"maxPv":0.143}
