{"generated":7.499999523162842,"consumed":7.33473388671875,"exported":0,"imported":0.10000000149011612,"discharged":4.699999809265137,"maxPv":4.595}
