{"generated":20.299999237060547,"consumed":13.8212080078125,"exported":0.10000000149011612,"imported":0.5,"discharged":4.300000190734863,"maxPv":11.049}
