{"generated":9.800000190734863,"consumed":6.27384375,"exported":0,"imported":0.10000000149011612,"discharged":3.5,"maxPv":6.878}
