{"generated":51.20000076293945,"consumed":17.836072265625,"exported":31.299999237060547,"imported":0.10000000149011612,"discharged":8.300000190734863,"maxPv":12.159}
