{"generated":0.20000000298023224,"consumed":5.1520986328125,"exported":0,"imported":0,"discharged":4.5,"maxPv":1.131}
