{"generated":0,"consumed":20.822904296875,"exported":0,"imported":22.600000381469727,"discharged":0,"maxPv":0}
