{"generated":2.5999999046325684,"consumed":5.84847216796875,"exported":0,"imported":0,"discharged":4.300000190734863,"maxPv":3.508}
