{"generated":12.5,"consumed":6.659509765625,"exported":0.10000000149011612,"imported":0.10000000149011612,"discharged":3.299999952316284,"maxPv":8.794}
