{"generated":2.299999713897705,"consumed":5.3477607421875,"exported":0,"imported":0.10000000149011612,"discharged":3.5,"maxPv":3.29}
