{"generated":53.90000057220459,"consumed":23.700000859797,"exported":18}
