{"generated":23.500001907348633,"consumed":10.5132490234375,"exported":0.10000000149011612,"imported":0.20000000298023224,"discharged":4.699999809265137,"maxPv":6.533}
