{"generated":64.5,"consumed":13.6601533203125,"exported":45.70000076293945,"imported":0.10000000149011612,"discharged":3.5,"maxPv":8.777}
