{"generated":66.4000015258789,"consumed":23.2905078125,"exported":42.79999923706055,"imported":0.10000000149011612,"discharged":10.300000190734863,"maxPv":9.168}
