{"generated":21.30000114440918,"consumed":56.17874609375,"exported":0.4000000059604645,"imported":60,"discharged":11.199999809265137,"maxPv":8.709}
