{"generated":0,"consumed":24.378314453125,"exported":0,"imported":21.700000762939453,"discharged":0.300000011920929,"maxPv":0}
