{"generated":4.400000095367432,"consumed":18.503541015625,"exported":0,"imported":0.10000000149011612,"discharged":13.699999809265137,"maxPv":4.067}
