{"generated":55.70000076293945,"consumed":14.8422578125,"exported":38.9000015258789,"imported":0.10000000149011612,"discharged":5.800000190734863,"maxPv":9.37}
