{"generated":6.5,"consumed":11.5207626953125,"exported":0,"imported":7.699999809265137,"discharged":4.5,"maxPv":5.403}
