{"generated":32.9000015258789,"consumed":13.41749609375,"exported":13.399999618530273,"imported":0.10000000149011612,"discharged":5.800000190734863,"maxPv":12.974}
