{"generated":0,"consumed":1.3449156494140626,"exported":0,"imported":2.9000000953674316,"discharged":0,"maxPv":0}
