{"generated":14.600000381469727,"consumed":6.29652734375,"exported":0,"imported":0.300000011920929,"discharged":3.9000000953674316,"maxPv":6.553}
