{"generated":29.000000476837158,"consumed":23.600000381469727,"exported":0.10000000149011612}
