{"generated":40.20000076293945,"consumed":0.6338775024414063,"exported":0.20000000298023224,"imported":0.4000000059604645,"discharged":9.100000381469727,"maxPv":0}
