{"generated":40.5,"consumed":17.338259765625,"exported":20.600000381469727,"imported":0.20000000298023224,"discharged":6.199999809265137,"maxPv":13.248}
