{"generated":30,"consumed":9.198630859375,"exported":12.600000381469727,"imported":0.10000000149011612,"discharged":4.099999904632568,"maxPv":7.146}
