{"generated":20.5,"consumed":13.6882255859375,"exported":0,"imported":0.10000000149011612,"discharged":8.100000381469727,"maxPv":6.336}
