{"generated":57.10000228881836,"consumed":13.9089736328125,"exported":40.29999923706055,"imported":0.10000000149011612,"discharged":5.199999809265137,"maxPv":11.16}
