{"generated":55.29999923706055,"consumed":11.7304736328125,"exported":38.9000015258789,"imported":0.10000000149011612,"discharged":3.4000000953674316,"maxPv":9.37}
