{"generated":10.599999904632568,"consumed":3.195960205078125,"exported":4.800000190734863,"imported":0,"discharged":1.600000023841858,"maxPv":5.867}
