{"generated":50.69999885559082,"consumed":22.39999780803919,"exported":23.700000762939453}
