{"generated":42,"consumed":21.0999990478158,"exported":20.700000762939453,"imported":0.10000000149011612,"discharged":7.199999809265137,"maxPv":9.97}
