{"generated":48.80000019073486,"consumed":6.5123251953125,"exported":19.100000381469727,"imported":1.5,"discharged":0,"maxPv":10.328}
