{"generated":51.90000057220459,"consumed":4.50734619140625,"exported":44.70000076293945,"imported":0.10000000149011612,"discharged":1.399999976158142,"maxPv":11.339}
