{"generated":52.69999885559082,"consumed":24.699998766183853,"exported":22.5}
