{"generated":39.599998474121094,"consumed":9.571755859375,"exported":22.399999618530273,"imported":2.5,"discharged":20.399999618530273,"maxPv":6.752}
