{"generated":24.199999809265137,"consumed":2.267181396484375,"exported":19.5,"imported":0,"discharged":0.899999976158142,"maxPv":7.871}
