{"generated":57.59999942779541,"consumed":39.09999880939722,"exported":16.200000762939453,"imported":0.10000000149011612,"discharged":2.299999952316284,"maxPv":8.217}
