{"generated":0,"consumed":1.09226806640625,"exported":0,"imported":0.600000023841858,"discharged":0.300000011920929,"maxPv":0}
