{"generated":24,"consumed":6.51546484375,"exported":14.699999809265137,"imported":0.10000000149011612,"discharged":1.899999976158142,"maxPv":12.245}
