{"generated":0,"consumed":0.404843505859375,"exported":0,"imported":0.20000000298023224,"discharged":0.20000000298023224,"maxPv":0}
