{"generated":52.5,"consumed":8.8772109375,"exported":35.9000015258789,"imported":0.10000000149011612,"discharged":1.5,"maxPv":10.457}
