{"generated":64.70000076293945,"consumed":6.9746650390625,"exported":53.0999984741211,"imported":0,"discharged":1.5,"maxPv":8.191}
