{"generated":64.8000020980835,"consumed":7.05226171875,"exported":56.5999984741211,"imported":2.4000000953674316,"discharged":5.599999904632568,"maxPv":8.051}
