{"generated":28.300000190734863,"consumed":10.0597783203125,"exported":20.700000762939453,"imported":5.900000095367432,"discharged":20,"maxPv":9.736}
