{"generated":42,"consumed":13.200000382959843,"exported":27.899999618530273}
