{"generated":0.30000000447034836,"consumed":1.23602001953125,"exported":0,"imported":0,"discharged":1,"maxPv":0.442}
