{"generated":0,"consumed":0.19288954162597657,"exported":0,"imported":0,"discharged":0.10000000149011612,"maxPv":0}
