{"generated":41.90000057220459,"consumed":20.956974609375,"exported":0.10000000149011612,"imported":1.600000023841858,"discharged":0.300000011920929,"maxPv":11.625}
