{"generated":20,"consumed":5.11781494140625,"exported":6.300000190734863,"imported":0.10000000149011612,"discharged":5.300000190734863,"maxPv":6.786}
