{"generated":37.40000104904175,"consumed":7.58903271484375,"exported":26.5,"imported":0.10000000149011612,"discharged":1.899999976158142,"maxPv":12.245}
