{"generated":20.899999618530273,"consumed":4.83672021484375,"exported":0.10000000149011612,"imported":1.5,"discharged":0,"maxPv":7.406}
