{"generated":41.89999961853027,"consumed":18.299998857080936,"exported":20.700000762939453,"imported":0.10000000149011612,"discharged":4.5,"maxPv":9.97}
