{"generated":40.79999923706055,"consumed":7.199999190866947,"exported":30.5}
