{"generated":3.799999952316284,"consumed":2.803939697265625,"exported":0.10000000149011612,"imported":1.600000023841858,"discharged":0,"maxPv":3.836}
