{"generated":0,"consumed":1.6000000461935997,"exported":0.10000000149011612}
