{"generated":10.200000047683716,"consumed":11.6848740234375,"exported":0.10000000149011612,"imported":0.10000000149011612,"discharged":4.900000095367432,"maxPv":6.519}
