{"generated":61.19999885559082,"consumed":6.15632763671875,"exported":46.4000015258789,"imported":0.10000000149011612,"discharged":1.7999999523162842,"maxPv":8.17}
