{"generated":1.200000047683716,"consumed":2.511103271484375,"exported":0.10000000149011612,"imported":1.5,"discharged":0.5,"maxPv":3.183}
