{"generated":33.59999895095825,"consumed":0.5028176879882813,"exported":24,"imported":0.10000000149011612,"discharged":2.799999952316284,"maxPv":0}
