{"generated":47.5,"consumed":21.659998046875,"exported":4.400000095367432,"imported":2.9000000953674316,"discharged":0.300000011920929,"maxPv":7.883}
