{"generated":17.90000009536743,"consumed":4.7923603515625,"exported":11.399999618530273,"imported":0,"discharged":2.9000000953674316,"maxPv":6.203}
