{"generated":32.69999980926514,"consumed":5.13109423828125,"exported":24.299999237060547,"imported":0.10000000149011612,"discharged":1.399999976158142,"maxPv":8.506}
