{"generated":49.79999923706055,"consumed":34.69282421875,"exported":13.199999809265137,"imported":0.10000000149011612,"discharged":1.7999999523162842,"maxPv":8.609}
