{"generated":21.5,"consumed":3.5118876953125,"exported":15,"imported":0,"discharged":1.899999976158142,"maxPv":6.162}
