{"generated":0.30000000447034836,"consumed":2.12998779296875,"exported":0,"imported":1.7000000476837158,"discharged":0,"maxPv":0.796}
