{"generated":15.399999618530273,"consumed":16.9635859375,"exported":0.10000000149011612,"imported":0.20000000298023224,"discharged":1.7000000476837158,"maxPv":6.876}
