{"generated":0.9000000059604645,"consumed":2.13070947265625,"exported":0,"imported":1.600000023841858,"discharged":0,"maxPv":1.715}
