{"generated":44.89999961853027,"consumed":9.120033203125,"exported":22.399999618530273,"imported":2,"discharged":9.800000190734863,"maxPv":8.086}
