{"generated":19.90000009536743,"consumed":16.37828515625,"exported":0.300000011920929,"imported":0.10000000149011612,"discharged":4,"maxPv":7.616}
