{"generated":24.59999990463257,"consumed":5.0691923828125,"exported":14.800000190734863,"imported":0,"discharged":3.200000047683716,"maxPv":4.705}
