{"generated":0,"consumed":1.3975443115234376,"exported":0,"imported":0.600000023841858,"discharged":0.699999988079071,"maxPv":0.172}
