{"generated":15.100000143051147,"consumed":12.94379296875,"exported":0.4000000059604645,"imported":0,"discharged":1.600000023841858,"maxPv":6.92}
