{"generated":36.60000038146973,"consumed":4.67831982421875,"exported":26.600000381469727,"imported":0.10000000149011612,"discharged":4.599999904632568,"maxPv":5.379}
