{"generated":53.39999961853027,"consumed":7.368310546875,"exported":42,"imported":0,"discharged":2.4000000953674316,"maxPv":10.96}
