{"generated":39.19999980926514,"consumed":17.56436328125,"exported":11.800000190734863,"imported":4.599999904632568,"discharged":10.300000190734863,"maxPv":10.657}
