{"generated":0,"consumed":0.9105570678710937,"exported":0,"imported":0.10000000149011612,"discharged":0.800000011920929,"maxPv":0}
