{"generated":0,"consumed":0.6706603393554688,"exported":0,"imported":0,"discharged":0.699999988079071,"maxPv":0}
