{"generated":10.400000095367432,"consumed":6.78157470703125,"exported":1.7999999523162842,"imported":0,"discharged":1.600000023841858,"maxPv":6.012}
