{"generated":44.70000076293945,"consumed":20.680951171875,"exported":19.899999618530273,"imported":2.5,"discharged":20.799999237060547,"maxPv":7.024}
