{"generated":25.09999990463257,"consumed":4.3477841796875,"exported":18.200000762939453,"imported":7.800000190734863,"discharged":20.700000762939453,"maxPv":8.893}
