{"generated":45.499999046325684,"consumed":7.06937646484375,"exported":14.199999809265137,"imported":1.7000000476837158,"discharged":0,"maxPv":7.66}
