{"generated":39.90000057220459,"consumed":26.13523828125,"exported":11.600000381469727,"imported":0.10000000149011612,"discharged":1.600000023841858,"maxPv":8.342}
