{"generated":61.19999980926514,"consumed":13.8634033203125,"exported":43.5,"imported":0.10000000149011612,"discharged":1.7000000476837158,"maxPv":8.038}
