{"generated":1.8000000417232513,"consumed":2.533380126953125,"exported":0.10000000149011612,"imported":0,"discharged":1.600000023841858,"maxPv":2.441}
