{"generated":23.499999523162842,"consumed":3.632996337890625,"exported":16.100000381469727,"imported":0.10000000149011612,"discharged":1.899999976158142,"maxPv":9.599}
