{"generated":32.200000286102295,"consumed":9.99999938160181,"exported":19.700000762939453}
