{"generated":2.3000000715255737,"consumed":1.6895440673828126,"exported":0,"imported":0,"discharged":1,"maxPv":2.17}
