{"generated":24.09999990463257,"consumed":11.30222265625,"exported":10.5,"imported":0,"discharged":1.600000023841858,"maxPv":7.623}
