{"generated":2.200000047683716,"consumed":4.299999974668026,"exported":0.10000000149011612}
