{"generated":1.9000000357627869,"consumed":2.401760498046875,"exported":0.10000000149011612,"imported":0,"discharged":2.0999999046325684,"maxPv":3.37}
