{"generated":57.5,"consumed":10.870345703125,"exported":32.20000076293945,"imported":0.899999976158142,"discharged":10.600000381469727,"maxPv":7.782}
