{"generated":61.999999046325684,"consumed":11.4732998046875,"exported":47,"imported":0.10000000149011612,"discharged":2.299999952316284,"maxPv":8.052}
