{"generated":0,"consumed":1.5295635986328124,"exported":0.10000000149011612,"imported":0,"discharged":1.399999976158142,"maxPv":0}
