{"generated":42.59999942779541,"consumed":9.600000239908695,"exported":31.299999237060547}
