{"generated":0,"consumed":0.3518417053222656,"exported":0.10000000149011612,"imported":0,"discharged":0.300000011920929,"maxPv":0}
