{"generated":23.100000381469727,"consumed":4.19508642578125,"exported":16.399999618530273,"imported":0,"discharged":2.299999952316284,"maxPv":4.309}
