{"generated":5.0000001192092896,"consumed":2.654721923828125,"exported":0.4000000059604645,"imported":0,"discharged":2.0999999046325684,"maxPv":3.238}
