{"generated":0,"consumed":0.5470262451171874,"exported":0,"imported":0.10000000149011612,"discharged":0.5,"maxPv":0}
