{"generated":14.200000047683716,"consumed":4.154548828125,"exported":0,"imported":1.5,"discharged":0.5,"maxPv":8.892}
