{"generated":29.200000762939453,"consumed":6.8526728515625,"exported":18.200000762939453,"imported":7.800000190734863,"discharged":20.700000762939453,"maxPv":8.893}
