{"generated":0.5000000149011612,"consumed":2.34247509765625,"exported":0,"imported":1.2999999523162842,"discharged":0.5,"maxPv":0.96}
