{"generated":52.20000076293945,"consumed":9.4452548828125,"exported":38.79999923706055,"imported":1.100000023841858,"discharged":20.299999237060547,"maxPv":7.895}
