{"generated":57.59999942779541,"consumed":39.899998761713505,"exported":16.200000762939453,"imported":0.10000000149011612,"discharged":3.0999999046325684,"maxPv":8.217}
