{"generated":18,"consumed":4.4999993816018105,"exported":9.600000381469727,"imported":0.10000000149011612,"discharged":1.7999999523162842,"maxPv":11.738}
