{"generated":20,"consumed":1.3720152587890626,"exported":3.9000000953674316,"imported":0.10000000149011612,"discharged":5.300000190734863,"maxPv":0}
