{"generated":0.10000000149011612,"consumed":2.3184365234375,"exported":0,"imported":0.10000000149011612,"discharged":2.0999999046325684,"maxPv":0.576}
