{"generated":0,"consumed":0.884627197265625,"exported":0,"imported":0.600000023841858,"discharged":0.20000000298023224,"maxPv":0}
