{"generated":26.500000476837158,"consumed":24.45251953125,"exported":0.20000000298023224,"imported":0.20000000298023224,"discharged":5.400000095367432,"maxPv":6.519}
