{"generated":2.200000047683716,"consumed":1.8500069580078125,"exported":0,"imported":1,"discharged":0.20000000298023224,"maxPv":2.142}
