{"generated":0.6000000163912773,"consumed":2.56529541015625,"exported":0,"imported":1.2999999523162842,"discharged":0.699999988079071,"maxPv":0.848}
