{"generated":13.100000143051147,"consumed":3.767150634765625,"exported":0.10000000149011612,"imported":1.100000023841858,"discharged":0.699999988079071,"maxPv":6.293}
