{"generated":31.40000057220459,"consumed":4.721537109375,"exported":20,"imported":0.10000000149011612,"discharged":1.399999976158142,"maxPv":8.125}
