{"generated":29.200000762939453,"consumed":1.3037283935546875,"exported":11.300000190734863,"imported":3,"discharged":11.899999618530273,"maxPv":0}
