{"generated":49.29999923706055,"consumed":6.44669775390625,"exported":19,"imported":1,"discharged":0.899999976158142,"maxPv":7.39}
