{"generated":16.200000286102295,"consumed":3.308078125,"exported":10,"imported":0.10000000149011612,"discharged":1.600000023841858,"maxPv":6.898}
