{"generated":34.69999980926514,"consumed":16.499999344348907,"exported":14.800000190734863}
