{"generated":24.40000009536743,"consumed":21.129259765625,"exported":0.600000023841858,"imported":0.10000000149011612,"discharged":4.199999809265137,"maxPv":5.012}
