{"generated":0.20000000298023224,"consumed":2.328564697265625,"exported":0,"imported":0,"discharged":2.200000047683716,"maxPv":0.122}
