{"generated":40.999999046325684,"consumed":4.048292236328125,"exported":22.700000762939453,"imported":3.5999999046325684,"discharged":20.200000762939453,"maxPv":9.734}
