{"generated":64.20000076293945,"consumed":9.1194736328125,"exported":50.5,"imported":0.10000000149011612,"discharged":6,"maxPv":8.17}
