{"generated":65.3000020980835,"consumed":38.0022265625,"exported":56.70000076293945,"imported":0.10000000149011612,"discharged":4.900000095367432,"maxPv":8.108}
