{"generated":32.40000057220459,"consumed":31.4630703125,"exported":0.10000000149011612,"imported":0.10000000149011612,"discharged":1.7000000476837158,"maxPv":8.609}
