{"generated":57.80000019073486,"consumed":37.0431015625,"exported":18,"imported":0.4000000059604645,"discharged":4.900000095367432,"maxPv":8.54}
