{"generated":2.6999999284744263,"consumed":3.2999998331069946,"exported":0.10000000149011612}
