{"generated":0,"consumed":0.28825384521484376,"exported":0,"imported":0.20000000298023224,"discharged":0,"maxPv":0}
