{"generated":26.499999523162842,"consumed":12.274283203125,"exported":13,"imported":0.10000000149011612,"discharged":4.900000095367432,"maxPv":9.138}
