{"generated":39.89999961853027,"consumed":5.5106943359375,"exported":30.600000381469727,"imported":0,"discharged":1.600000023841858,"maxPv":8.128}
