{"generated":50.19999885559082,"consumed":2.731178466796875,"exported":38.29999923706055,"imported":0.10000000149011612,"discharged":2.700000047683716,"maxPv":6.484}
