{"generated":4.9999998807907104,"consumed":8.6493818359375,"exported":0,"imported":0.10000000149011612,"discharged":1.7999999523162842,"maxPv":3.485}
