{"generated":20.399999618530273,"consumed":4.300000049173832,"exported":12.899999618530273}
