{"generated":49.500000953674316,"consumed":14.900000669062138,"exported":32.5}
