{"generated":0.9000000059604645,"consumed":3.083021728515625,"exported":0,"imported":0,"discharged":2.299999952316284,"maxPv":1.1}
