{"generated":64.39999961853027,"consumed":12.3764560546875,"exported":48.20000076293945,"imported":0.10000000149011612,"discharged":1.7999999523162842,"maxPv":8.506}
