{"generated":52.09999942779541,"consumed":9.40459375,"exported":38.9000015258789,"imported":1.600000023841858,"discharged":19.899999618530273,"maxPv":10.328}
