{"generated":24.59999990463257,"consumed":5,"exported":16.399999618530273}
