{"generated":0,"consumed":1.468787353515625,"exported":0,"imported":0.899999976158142,"discharged":0.5,"maxPv":0}
