{"generated":52.39999866485596,"consumed":7.1959765625,"exported":21.799999237060547,"imported":1.600000023841858,"discharged":0,"maxPv":7.855}
