{"generated":64.19999885559082,"consumed":8.19032177734375,"exported":53,"imported":0.10000000149011612,"discharged":2.5999999046325684,"maxPv":8.188}
