{"generated":33.09999942779541,"consumed":1.50190869140625,"exported":23.5,"imported":0.10000000149011612,"discharged":4.5,"maxPv":0}
