{"generated":57.09999942779541,"consumed":8.389849609375,"exported":44.79999923706055,"imported":0,"discharged":1.399999976158142,"maxPv":7.832}
