{"generated":48.5,"consumed":10.8408408203125,"exported":22.399999618530273,"imported":1.399999976158142,"discharged":9,"maxPv":10.732}
