{"generated":51.5,"consumed":9.5250625,"exported":38.29999923706055,"imported":0.10000000149011612,"discharged":1.7999999523162842,"maxPv":8.052}
