{"generated":46.19999885559082,"consumed":8.7709833984375,"exported":34.9000015258789,"imported":0.10000000149011612,"discharged":2.799999952316284,"maxPv":10.6}
