{"generated":34.59999942779541,"consumed":8.7426650390625,"exported":2.700000047683716,"imported":1.399999976158142,"discharged":0.699999988079071,"maxPv":7.692}
