{"generated":2.599999964237213,"consumed":3.271169921875,"exported":0,"imported":1.899999976158142,"discharged":0,"maxPv":3.009}
