{"generated":3.599999964237213,"consumed":6.699999965727329,"exported":0}
