{"generated":7.099999904632568,"consumed":4.35893359375,"exported":0.10000000149011612,"imported":1.899999976158142,"discharged":0,"maxPv":8.086}
