{"generated":27.40000057220459,"consumed":10.35880859375,"exported":15.800000190734863,"imported":0.20000000298023224,"discharged":2.200000047683716,"maxPv":11.622}
