{"generated":62.499999046325684,"consumed":16.114990234375,"exported":44.5,"imported":0.300000011920929,"discharged":3.5,"maxPv":10.359}
