{"generated":18.899999618530273,"consumed":5.6913583984375,"exported":0.10000000149011612,"imported":2,"discharged":0,"maxPv":11.993}
