{"generated":43.19999885559082,"consumed":0.3487608642578125,"exported":30.600000381469727,"imported":2,"discharged":20.200000762939453,"maxPv":0}
