{"generated":3.899999976158142,"consumed":2.47995263671875,"exported":0.10000000149011612,"imported":1.399999976158142,"discharged":0,"maxPv":4.538}
