{"generated":5.799999833106995,"consumed":3.8027939453125,"exported":0.10000000149011612,"imported":0,"discharged":2.5999999046325684,"maxPv":5.196}
