{"generated":13.900000095367432,"consumed":4.2886767578125,"exported":0.10000000149011612,"imported":1.5,"discharged":0,"maxPv":6.679}
