{"generated":12.200000047683716,"consumed":2.840864501953125,"exported":7,"imported":0,"discharged":2.0999999046325684,"maxPv":6.907}
