{"generated":32.499999046325684,"consumed":13.29052734375,"exported":18.5,"imported":0.10000000149011612,"discharged":1.7999999523162842,"maxPv":11.35}
