{"generated":0,"consumed":1.5748380126953125,"exported":0,"imported":1.399999976158142,"discharged":0,"maxPv":0}
