{"generated":39.19999980926514,"consumed":17.84384375,"exported":20.5,"imported":4.599999904632568,"discharged":19.600000381469727,"maxPv":10.657}
