{"generated":48.000000953674316,"consumed":24.07811328125,"exported":2.5999999046325684,"imported":2.5,"discharged":0.300000011920929,"maxPv":8.302}
