{"generated":0,"consumed":1.5820169677734375,"exported":0,"imported":0.10000000149011612,"discharged":1.5,"maxPv":0.048}
