{"generated":41.500000953674316,"consumed":15.5317666015625,"exported":21.799999237060547,"imported":2.299999952316284,"discharged":20.899999618530273,"maxPv":6.718}
