{"generated":63,"consumed":23.020416015625,"exported":33,"imported":0.10000000149011612,"discharged":1.7000000476837158,"maxPv":8.423}
