{"generated":0,"consumed":0.7284664306640625,"exported":0,"imported":0.5,"discharged":0.20000000298023224,"maxPv":0}
