{"generated":61.59999942779541,"consumed":14.925708984375,"exported":41.0999984741211,"imported":0.10000000149011612,"discharged":2.9000000953674316,"maxPv":8.175}
