{"generated":28,"consumed":14.253517578125,"exported":16.200000762939453,"imported":0.10000000149011612,"discharged":7.900000095367432,"maxPv":5.02}
