{"generated":1.5,"consumed":3.59743359375,"exported":0.10000000149011612,"imported":0.10000000149011612,"discharged":2.799999952316284,"maxPv":2.017}
