{"generated":9.900000095367432,"consumed":1.918712890625,"exported":6.300000190734863,"imported":0,"discharged":0.899999976158142,"maxPv":6.105}
