{"generated":49.29999923706055,"consumed":8.5332265625,"exported":36.20000076293945,"imported":1.100000023841858,"discharged":20.799999237060547,"maxPv":7.39}
