{"generated":11.700000047683716,"consumed":11.800000190734863,"exported":0}
