{"generated":39.30000019073486,"consumed":5.1525869140625,"exported":27.100000381469727,"imported":0.10000000149011612,"discharged":1.399999976158142,"maxPv":8.149}
