{"generated":60.89999961853027,"consumed":14.0816689453125,"exported":43.0999984741211,"imported":0.10000000149011612,"discharged":2.799999952316284,"maxPv":7.874}
