{"generated":8.299999952316284,"consumed":3.486788818359375,"exported":0.10000000149011612,"imported":1.600000023841858,"discharged":0,"maxPv":5.4}
