{"generated":61.500000953674316,"consumed":17.416724609375,"exported":43.5,"imported":0.10000000149011612,"discharged":4.800000190734863,"maxPv":8.038}
