{"generated":57.79999923706055,"consumed":30.878962890625,"exported":5.699999809265137,"imported":2.5,"discharged":0.4000000059604645,"maxPv":8.302}
