{"generated":63.80000114440918,"consumed":15.3060029296875,"exported":42.79999923706055,"imported":0.10000000149011612,"discharged":2.9000000953674316,"maxPv":8.175}
