{"generated":58.60000038146973,"consumed":19.605455078125,"exported":35.0999984741211,"imported":1.5,"discharged":18.899999618530273,"maxPv":12.506}
