{"generated":55,"consumed":10.922826171875,"exported":37.5,"imported":0.10000000149011612,"discharged":2.799999952316284,"maxPv":10.457}
