{"generated":21.199999809265137,"consumed":2.6623447265625,"exported":0,"imported":0.600000023841858,"discharged":0.699999988079071,"maxPv":7.115}
