{"generated":0.30000000447034836,"consumed":2.4999999552965164,"exported":0.10000000149011612}
