{"generated":3,"consumed":2.284371337890625,"exported":0.10000000149011612,"imported":0,"discharged":2.0999999046325684,"maxPv":3.555}
