{"generated":0,"consumed":1.6412939453125,"exported":0,"imported":0.800000011920929,"discharged":0.699999988079071,"maxPv":0}
