{"generated":0.10000000149011612,"consumed":1.5140576171875,"exported":0,"imported":0,"discharged":1.2999999523162842,"maxPv":0.275}
