{"generated":16.5,"consumed":10.8902255859375,"exported":1.7000000476837158,"imported":0.10000000149011612,"discharged":2.9000000953674316,"maxPv":7.081}
