{"generated":34.70000076293945,"consumed":5.700000524520874,"exported":25.600000381469727,"imported":0,"discharged":1.7999999523162842,"maxPv":7.723}
