{"generated":42.60000038146973,"consumed":3.5084130859375,"exported":22.100000381469727,"imported":2.5,"discharged":20.799999237060547,"maxPv":8.655}
