{"generated":2.699999988079071,"consumed":2.193100830078125,"exported":0,"imported":0,"discharged":1.899999976158142,"maxPv":2.727}
