{"generated":52,"consumed":17.20000157505273,"exported":32.0999984741211}
