{"generated":57.39999866485596,"consumed":11.80173046875,"exported":41.20000076293945,"imported":0.10000000149011612,"discharged":2.299999952316284,"maxPv":10.168}
