{"generated":58.89999961853027,"consumed":7.34282666015625,"exported":47.20000076293945,"imported":0.10000000149011612,"discharged":2.299999952316284,"maxPv":10.603}
