{"generated":37.69999980926514,"consumed":5.21786474609375,"exported":25,"imported":0.10000000149011612,"discharged":4.699999809265137,"maxPv":5.927}
