{"generated":34.90000057220459,"consumed":5.45675927734375,"exported":7.099999904632568,"imported":1.899999976158142,"discharged":0,"maxPv":10.016}
