{"generated":23.300000190734863,"consumed":3.426260009765625,"exported":16.899999618530273,"imported":0,"discharged":1.899999976158142,"maxPv":4.649}
