{"generated":27.5,"consumed":5.553611328125,"exported":0.10000000149011612,"imported":1.899999976158142,"discharged":0,"maxPv":8.086}
