{"generated":7.899999976158142,"consumed":3.330992919921875,"exported":2.299999952316284,"imported":0,"discharged":2.200000047683716,"maxPv":7.131}
