{"generated":31.700000762939453,"consumed":15.000000536441803,"exported":13}
