{"generated":7.799999952316284,"consumed":3.40000007301569,"exported":0.899999976158142}
