{"generated":28.800000190734863,"consumed":17.752376953125,"exported":16,"imported":0.10000000149011612,"discharged":5.699999809265137,"maxPv":7.859}
