{"generated":49.500000953674316,"consumed":15.600000955164433,"exported":32.5}
