{"generated":0,"consumed":1.181063232421875,"exported":0,"imported":0.300000011920929,"discharged":0.800000011920929,"maxPv":0}
