{"generated":56.000000953674316,"consumed":30.541689453125,"exported":4.199999809265137,"imported":2.5,"discharged":0.4000000059604645,"maxPv":8.302}
