{"generated":6.399999976158142,"consumed":2.4880615234375,"exported":1.7000000476837158,"imported":0,"discharged":1.899999976158142,"maxPv":4.57}
