{"generated":31.800000190734863,"consumed":3.865314453125,"exported":24.600000381469727,"imported":0.10000000149011612,"discharged":1.5,"maxPv":8.07}
