{"generated":54.90000057220459,"consumed":9.100000716745853,"exported":43}
