{"generated":52.30000019073486,"consumed":5.09017724609375,"exported":43.0999984741211,"imported":0,"discharged":1.399999976158142,"maxPv":7.832}
