{"generated":27.5,"consumed":6.16682080078125,"exported":0.10000000149011612,"imported":1.100000023841858,"discharged":0.800000011920929,"maxPv":10.818}
