{"generated":32.89999961853027,"consumed":21.899999529123306,"exported":5.5}
