{"generated":17.40000009536743,"consumed":4.600000001490116,"exported":9.800000190734863}
