{"generated":52,"consumed":17.500001527369015,"exported":32.0999984741211}
