{"generated":31.199999809265137,"consumed":4.6664130859375,"exported":3.5,"imported":1.5,"discharged":0.5,"maxPv":9.462}
