{"generated":0.10000000149011612,"consumed":2.8999999538064003,"exported":0}
