{"generated":0.5000000149011612,"consumed":1.878747314453125,"exported":0,"imported":0,"discharged":1.600000023841858,"maxPv":0.935}
