{"generated":49.39999961853027,"consumed":15.9973349609375,"exported":19.600000381469727,"imported":1.600000023841858,"discharged":10,"maxPv":7.333}
