{"generated":31.600000381469727,"consumed":4.38506005859375,"exported":4.599999904632568,"imported":1.600000023841858,"discharged":0,"maxPv":11.091}
