{"generated":37.69999980926514,"consumed":3.043553955078125,"exported":25,"imported":0.10000000149011612,"discharged":4.699999809265137,"maxPv":2.325}
