{"generated":23.899999141693115,"consumed":21.8556796875,"exported":0.300000011920929,"imported":0.20000000298023224,"discharged":6.300000190734863,"maxPv":7.616}
