{"generated":9.59999966621399,"consumed":4.054691650390625,"exported":3.4000000953674316,"imported":0,"discharged":2.4000000953674316,"maxPv":7.131}
