{"generated":10.5,"consumed":3.059424072265625,"exported":5.099999904632568,"imported":0.10000000149011612,"discharged":1.5,"maxPv":5.94}
