{"generated":38,"consumed":16.13287109375,"exported":1.600000023841858,"imported":2.700000047683716,"discharged":1.2000000476837158,"maxPv":10.818}
