{"generated":12.400000095367432,"consumed":8.6491806640625,"exported":0.5,"imported":0.10000000149011612,"discharged":2.799999952316284,"maxPv":5.012}
