{"generated":52.60000038146973,"consumed":12.40856640625,"exported":37,"imported":0.10000000149011612,"discharged":1.5,"maxPv":8.197}
