{"generated":0.10000000149011612,"consumed":1.7437279052734376,"exported":0,"imported":0,"discharged":1.899999976158142,"maxPv":0.137}
