{"generated":50.10000133514404,"consumed":29.10000152885914,"exported":17.899999618530273,"imported":0.20000000298023224,"discharged":3.0999999046325684,"maxPv":9.878}
