{"generated":16.799999713897705,"consumed":6.134830078125,"exported":7.099999904632568,"imported":0,"discharged":1.600000023841858,"maxPv":9.483}
