{"generated":61.599998474121094,"consumed":19.889005859375,"exported":39.0999984741211,"imported":0.10000000149011612,"discharged":2.5,"maxPv":8.083}
