{"generated":36.19999980926514,"consumed":9.0295517578125,"exported":4.199999809265137,"imported":1.399999976158142,"discharged":0.5,"maxPv":10.732}
