{"generated":40.90000057220459,"consumed":7.900001622736454,"exported":30.799999237060547,"imported":0.10000000149011612,"discharged":2.9000000953674316,"maxPv":10.162}
