{"generated":0,"consumed":1.1209781494140625,"exported":0,"imported":0,"discharged":1.2999999523162842,"maxPv":0}
