{"generated":0,"consumed":1.1945184326171876,"exported":0,"imported":0.20000000298023224,"discharged":0.899999976158142,"maxPv":0}
