{"generated":40.70000076293945,"consumed":19.327166015625,"exported":16.5,"imported":0.20000000298023224,"discharged":2.700000047683716,"maxPv":11.673}
