{"generated":48.59999942779541,"consumed":5.2124267578125,"exported":39.29999923706055,"imported":0,"discharged":1.5,"maxPv":8.381}
