{"generated":7.799999952316284,"consumed":3.39870263671875,"exported":0,"imported":1.5,"discharged":0.5,"maxPv":8.78}
