{"generated":22.300000190734863,"consumed":5.000000335276127,"exported":14.199999809265137}
