{"generated":66.0999984741211,"consumed":4.40118359375,"exported":58.0999984741211,"imported":0,"discharged":1.5,"maxPv":8.382}
