{"generated":0,"consumed":1.5708704833984375,"exported":0,"imported":1.100000023841858,"discharged":0.300000011920929,"maxPv":0}
