{"generated":40.89999961853027,"consumed":2.80498193359375,"exported":34.79999923706055,"imported":0,"discharged":1,"maxPv":9.945}
