{"generated":22.40000057220459,"consumed":19.554462890625,"exported":0.800000011920929,"imported":0,"discharged":1.600000023841858,"maxPv":7.64}
