{"generated":2.400000035762787,"consumed":3.3999999165534973,"exported":0}
