{"generated":64.19999885559082,"consumed":7.02307470703125,"exported":53,"imported":0.10000000149011612,"discharged":1.600000023841858,"maxPv":8.188}
