{"generated":8.600000143051147,"consumed":6.50820654296875,"exported":0.20000000298023224,"imported":0,"discharged":1.600000023841858,"maxPv":5.905}
