{"generated":22.799999713897705,"consumed":18.52730859375,"exported":0.600000023841858,"imported":0.10000000149011612,"discharged":2.9000000953674316,"maxPv":5.012}
