{"generated":57.80000019073486,"consumed":8.673421875,"exported":43.79999923706055,"imported":1.600000023841858,"discharged":18.899999618530273,"maxPv":7.855}
