{"generated":64.8000020980835,"consumed":0.025405561447143555,"exported":25.299999237060547,"imported":2.4000000953674316,"discharged":5.599999904632568,"maxPv":0}
