{"generated":45.000000953674316,"consumed":4.09887744140625,"exported":26.399999618530273,"imported":0.600000023841858,"discharged":10.199999809265137,"maxPv":7.115}
