{"generated":0,"consumed":0.25540736389160157,"exported":0,"imported":0,"discharged":0.4000000059604645,"maxPv":0}
