{"generated":51.19999980926514,"consumed":3.7305185546875,"exported":44.0999984741211,"imported":0.10000000149011612,"discharged":1,"maxPv":11.339}
