{"generated":4.700000047683716,"consumed":4.500000096857548,"exported":0}
