{"generated":60.10000038146973,"consumed":5.85176318359375,"exported":49.70000076293945,"imported":0,"discharged":1.5,"maxPv":8.381}
