{"generated":39.59999942779541,"consumed":8.2814521484375,"exported":26.700000762939453,"imported":0,"discharged":1.600000023841858,"maxPv":10.168}
