{"generated":33,"consumed":9.1266689453125,"exported":20.899999618530273,"imported":0.10000000149011612,"discharged":2.0999999046325684,"maxPv":11.812}
