{"generated":37.49999952316284,"consumed":5.98348388671875,"exported":28,"imported":0,"discharged":1.7000000476837158,"maxPv":10.6}
