{"generated":20.499999523162842,"consumed":3.321170166015625,"exported":0,"imported":1.600000023841858,"discharged":0,"maxPv":7.581}
