{"generated":23.499999523162842,"consumed":3.900575439453125,"exported":16.700000762939453,"imported":0,"discharged":2.0999999046325684,"maxPv":4.709}
