{"generated":61.79999923706055,"consumed":12.7294833984375,"exported":54,"imported":0,"discharged":11.5,"maxPv":8.064}
