{"generated":53.09999942779541,"consumed":17.53653125,"exported":13.399999618530273,"imported":1.5,"discharged":0,"maxPv":12.506}
