{"generated":40.90000057220459,"consumed":7.500001527369022,"exported":30.799999237060547,"imported":0.10000000149011612,"discharged":2.5,"maxPv":10.162}
