{"generated":33.60000038146973,"consumed":13.199958984375,"exported":21.399999618530273,"imported":6.699999809265137,"discharged":20,"maxPv":9.736}
