{"generated":34.30000019073486,"consumed":7.72438525390625,"exported":23.299999237060547,"imported":0.10000000149011612,"discharged":6.599999904632568,"maxPv":5.793}
