{"generated":29.90000057220459,"consumed":11.71239453125,"exported":14.399999618530273,"imported":0.10000000149011612,"discharged":5.199999809265137,"maxPv":8.436}
