{"generated":56.80000019073486,"consumed":13.086404296875,"exported":40.20000076293945,"imported":0.300000011920929,"discharged":1.899999976158142,"maxPv":10.359}
