{"generated":53.09999942779541,"consumed":35.2169765625,"exported":15.899999618530273,"imported":0.10000000149011612,"discharged":1.7999999523162842,"maxPv":8.609}
