{"generated":24.699999809265137,"consumed":2.273396240234375,"exported":18.200000762939453,"imported":7.800000190734863,"discharged":20.700000762939453,"maxPv":0.695}
