{"generated":38,"consumed":4.6046259765625,"exported":29.399999618530273,"imported":0.10000000149011612,"discharged":2,"maxPv":8.102}
