{"generated":56.30000019073486,"consumed":25.400001145899296,"exported":28.799999237060547}
