{"generated":23.100000381469727,"consumed":5.45389501953125,"exported":16.399999618530273,"imported":0,"discharged":3.5999999046325684,"maxPv":4.309}
