{"generated":34.89999961853027,"consumed":3.35889453125,"exported":28,"imported":0,"discharged":1.2999999523162842,"maxPv":11.65}
