{"generated":29.000000476837158,"consumed":3.93893310546875,"exported":1.7000000476837158,"imported":1.5,"discharged":0.5,"maxPv":7.828}
