{"generated":27.09999990463257,"consumed":0.24860987854003908,"exported":18.5,"imported":7.099999904632568,"discharged":20.600000381469727,"maxPv":0}
