{"generated":42,"consumed":33.04096875,"exported":6.699999809265137,"imported":0.300000011920929,"discharged":4.900000095367432,"maxPv":8.54}
