{"generated":49.500000953674316,"consumed":15.30000076442957,"exported":32.5}
