{"generated":27.700000286102295,"consumed":5.500000335276127,"exported":19}
