{"generated":11.400000095367432,"consumed":3.678709716796875,"exported":5.800000190734863,"imported":0.10000000149011612,"discharged":2.200000047683716,"maxPv":9.172}
