{"generated":22.500000476837158,"consumed":4.7340546875,"exported":0,"imported":1.899999976158142,"discharged":0,"maxPv":10.016}
