{"generated":34.29999923706055,"consumed":5.7301708984375,"exported":24.200000762939453,"imported":0.10000000149011612,"discharged":2.799999952316284,"maxPv":10.415}
