{"generated":40.30000114440918,"consumed":5.89046484375,"exported":30,"imported":0.10000000149011612,"discharged":1.7000000476837158,"maxPv":11.674}
