{"generated":49.39999961853027,"consumed":15.7388837890625,"exported":10.600000381469727,"imported":1.600000023841858,"discharged":0.4000000059604645,"maxPv":7.333}
