{"generated":52.89999961853027,"consumed":25.29999938607216,"exported":22.5}
