{"generated":52.80000019073486,"consumed":14.2133037109375,"exported":33.29999923706055,"imported":0.10000000149011612,"discharged":2.9000000953674316,"maxPv":8.175}
