{"generated":42.5,"consumed":19.799999095499516,"exported":17.200000762939453}
