{"generated":4.200000047683716,"consumed":3.74028271484375,"exported":0.10000000149011612,"imported":0,"discharged":1.600000023841858,"maxPv":4.535}
