{"generated":39.89999961853027,"consumed":10.7200341796875,"exported":24.700000762939453,"imported":2.5,"discharged":20.399999618530273,"maxPv":6.752}
