{"generated":49,"consumed":8.099998950958252,"exported":37.70000076293945}
