{"generated":49.30000019073486,"consumed":7.73548193359375,"exported":17.200000762939453,"imported":1.7000000476837158,"discharged":0,"maxPv":7.66}
