{"generated":57.5,"consumed":22.2856328125,"exported":28.399999618530273,"imported":0.10000000149011612,"discharged":1.7000000476837158,"maxPv":8.423}
