{"generated":21.40000057220459,"consumed":8.200000859797,"exported":9.899999618530273}
