{"generated":15.799999713897705,"consumed":3.613602294921875,"exported":5.400000095367432,"imported":0.10000000149011612,"discharged":1.7999999523162842,"maxPv":7.878}
