{"generated":24.09999942779541,"consumed":19.46856640625,"exported":0.600000023841858,"imported":0.10000000149011612,"discharged":2.9000000953674316,"maxPv":5.012}
