{"generated":51,"consumed":7.98954638671875,"exported":20.399999618530273,"imported":1.100000023841858,"discharged":0.899999976158142,"maxPv":7.895}
