{"generated":33.89999866485596,"consumed":10.7348232421875,"exported":22.600000381469727,"imported":0.10000000149011612,"discharged":1.7999999523162842,"maxPv":11.846}
