{"generated":64.20000171661377,"consumed":11.996185546875,"exported":48.20000076293945,"imported":0.10000000149011612,"discharged":1.5,"maxPv":8.506}
