{"generated":39.79999923706055,"consumed":10.0389970703125,"exported":6.800000190734863,"imported":1.399999976158142,"discharged":0.699999988079071,"maxPv":7.692}
