{"generated":24.600000858306885,"consumed":5.313642578125,"exported":17.700000762939453,"imported":0,"discharged":3.4000000953674316,"maxPv":4.649}
