{"generated":44,"consumed":0.9716260986328125,"exported":19.899999618530273,"imported":1.7999999523162842,"discharged":19.5,"maxPv":0}
