{"generated":12.5,"consumed":13.000000104308128,"exported":0.20000000298023224}
