{"generated":31.199999809265137,"consumed":4.23518115234375,"exported":19.5,"imported":0.10000000149011612,"discharged":1.7999999523162842,"maxPv":8.158}
