{"generated":0.8000000268220901,"consumed":2.184992431640625,"exported":0.10000000149011612,"imported":0,"discharged":2.0999999046325684,"maxPv":2.39}
