{"generated":42.09999942779541,"consumed":20.199999667704105,"exported":16.399999618530273}
