{"generated":24.299999713897705,"consumed":17.699999392032623,"exported":0.699999988079071}
