{"generated":33.20000076293945,"consumed":9.100000381469727,"exported":20.600000381469727}
