{"generated":4.300000071525574,"consumed":2.861344970703125,"exported":0,"imported":0.10000000149011612,"discharged":2,"maxPv":4.609}
