{"generated":42.30000114440918,"consumed":22.063587890625,"exported":0.10000000149011612,"imported":1.5,"discharged":0.300000011920929,"maxPv":8.302}
