{"generated":63.5,"consumed":23.617111328125,"exported":33.20000076293945,"imported":0.10000000149011612,"discharged":2,"maxPv":8.423}
