{"generated":46.30000114440918,"consumed":16.307810546875,"exported":7.199999809265137,"imported":1.399999976158142,"discharged":0.699999988079071,"maxPv":7.692}
