{"generated":38.20000076293945,"consumed":16.489296875,"exported":10.699999809265137,"imported":2.700000047683716,"discharged":10.800000190734863,"maxPv":10.818}
