{"generated":46.39999961853027,"consumed":4.8280537109375,"exported":37.70000076293945,"imported":0,"discharged":1.399999976158142,"maxPv":7.832}
