{"generated":38.20000076293945,"consumed":3.27100146484375,"exported":11.600000381469727,"imported":1,"discharged":0.20000000298023224,"maxPv":9.279}
