{"generated":40.400001525878906,"consumed":7.24863134765625,"exported":23.399999618530273,"imported":13.199999809265137,"discharged":21.100000381469727,"maxPv":5.888}
