{"generated":63.99999809265137,"consumed":7.72152490234375,"exported":48.5,"imported":0.10000000149011612,"discharged":1.399999976158142,"maxPv":8.149}
