{"generated":24.90000057220459,"consumed":4.14902587890625,"exported":18.399999618530273,"imported":0.10000000149011612,"discharged":2.200000047683716,"maxPv":10.72}
