{"generated":19.000000476837158,"consumed":3.700000047683716,"exported":12.100000381469727,"imported":0,"discharged":1.7999999523162842,"maxPv":7.333}
