{"generated":48.30000019073486,"consumed":5.40764013671875,"exported":38.0999984741211,"imported":0,"discharged":1.600000023841858,"maxPv":10.96}
