{"generated":18.40000009536743,"consumed":17.000000089406967,"exported":0.300000011920929}
