{"generated":20.100000381469727,"consumed":3.2045244140625,"exported":14,"imported":0,"discharged":1.899999976158142,"maxPv":4.709}
