{"generated":52.500000953674316,"consumed":8.000001765787601,"exported":41.29999923706055}
