{"generated":55,"consumed":9.71325390625,"exported":37.5,"imported":0.10000000149011612,"discharged":1.7000000476837158,"maxPv":10.457}
