{"generated":11.099999904632568,"consumed":3.159747314453125,"exported":5.5,"imported":0,"discharged":1.399999976158142,"maxPv":5.95}
