{"generated":58.09999942779541,"consumed":6.7944013671875,"exported":46.9000015258789,"imported":0.10000000149011612,"discharged":1.5,"maxPv":8.109}
