{"generated":64.30000114440918,"consumed":7.7639970703125,"exported":52,"imported":0.10000000149011612,"discharged":1.600000023841858,"maxPv":8.109}
