{"generated":22.800000190734863,"consumed":9.8910048828125,"exported":12,"imported":0.20000000298023224,"discharged":2.200000047683716,"maxPv":11.622}
