{"generated":47.19999980926514,"consumed":2.708755859375,"exported":41.0999984741211,"imported":0.10000000149011612,"discharged":0.899999976158142,"maxPv":9.743}
