{"generated":13.300000190734863,"consumed":16.187396484375,"exported":0.10000000149011612,"imported":0.20000000298023224,"discharged":4.400000095367432,"maxPv":7.205}
