{"generated":62.69999980926514,"consumed":25.223201171875,"exported":37.5,"imported":0.10000000149011612,"discharged":4.400000095367432,"maxPv":8.197}
