{"generated":46.19999980926514,"consumed":11.7912685546875,"exported":30.100000381469727,"imported":1.5,"discharged":20.100000381469727,"maxPv":9.462}
