{"generated":60,"consumed":6.726931640625,"exported":48.4000015258789,"imported":0.10000000149011612,"discharged":1.899999976158142,"maxPv":7.935}
