{"generated":33,"consumed":5.84033447265625,"exported":4.5,"imported":1.899999976158142,"discharged":0,"maxPv":8.086}
