{"generated":64.19999885559082,"consumed":7.86482373046875,"exported":53,"imported":0.10000000149011612,"discharged":2.299999952316284,"maxPv":8.188}
