{"generated":52.60000038146973,"consumed":10.49999962002039,"exported":40.20000076293945}
