{"generated":18.699999809265137,"consumed":5.41637158203125,"exported":0,"imported":1.899999976158142,"discharged":0,"maxPv":5.151}
