{"generated":40.400001525878906,"consumed":6.815486328125,"exported":23.399999618530273,"imported":9,"discharged":21.100000381469727,"maxPv":5.888}
