{"generated":36.5,"consumed":5.6000009551644325,"exported":27.799999237060547,"imported":0.10000000149011612,"discharged":2,"maxPv":10.162}
