{"generated":15,"consumed":5.88914453125,"exported":6.400000095367432,"imported":0,"discharged":2.700000047683716,"maxPv":5.196}
