{"generated":13.700000047683716,"consumed":3.4000001922249794,"exported":7.099999904632568}
