{"generated":24.600000858306885,"consumed":4.5459560546875,"exported":17.700000762939453,"imported":0,"discharged":2.700000047683716,"maxPv":4.649}
