{"generated":60.39999866485596,"consumed":6.77718115234375,"exported":48.79999923706055,"imported":0.10000000149011612,"discharged":2,"maxPv":8.102}
