{"generated":30.300000190734863,"consumed":4.94471875,"exported":22.700000762939453,"imported":3.5999999046325684,"discharged":19.399999618530273,"maxPv":10.962}
