{"generated":38.499999046325684,"consumed":5.5166083984375,"exported":28.899999618530273,"imported":0,"discharged":1.7999999523162842,"maxPv":7.781}
