{"generated":36.10000038146973,"consumed":6.299999572336674,"exported":26.700000762939453}
