{"generated":6.3999998569488525,"consumed":5.5,"exported":0.10000000149011612}
