{"generated":8.399999856948853,"consumed":7.1017548828125,"exported":0,"imported":0.10000000149011612,"discharged":1.5,"maxPv":6.119}
