{"generated":17.30000066757202,"consumed":3.55725341796875,"exported":0,"imported":1.100000023841858,"discharged":0.800000011920929,"maxPv":7.81}
