{"generated":7.399999976158142,"consumed":2.899999976158142,"exported":1.5}
