{"generated":36.39999866485596,"consumed":19.39999920129776,"exported":12.399999618530273,"imported":0.300000011920929,"discharged":3.799999952316284,"maxPv":11.277}
