{"generated":7.0000001192092896,"consumed":10.338408203125,"exported":0.10000000149011612,"imported":0.10000000149011612,"discharged":4.199999809265137,"maxPv":6.145}
