{"generated":0.10000000149011612,"consumed":1.748080810546875,"exported":0,"imported":1.600000023841858,"discharged":0,"maxPv":0.291}
