{"generated":44.999999046325684,"consumed":6.50745654296875,"exported":34.5,"imported":0.10000000149011612,"discharged":2.799999952316284,"maxPv":10.415}
