{"generated":54.59999942779541,"consumed":26.293732421875,"exported":25.100000381469727,"imported":0.20000000298023224,"discharged":1.7000000476837158,"maxPv":7.998}
