{"generated":7.8999998569488525,"consumed":3.106061279296875,"exported":0,"imported":0.899999976158142,"discharged":0.800000011920929,"maxPv":5.185}
