{"generated":13.900000095367432,"consumed":9.023921875,"exported":1.399999976158142,"imported":0.10000000149011612,"discharged":3.200000047683716,"maxPv":4.257}
