{"generated":12.299999713897705,"consumed":3.693293212890625,"exported":0,"imported":1,"discharged":0.899999976158142,"maxPv":6.162}
