{"generated":56.59999942779541,"consumed":11.4885341796875,"exported":22,"imported":1.600000023841858,"discharged":0.10000000149011612,"maxPv":7.754}
