{"generated":58.5,"consumed":2.900635986328125,"exported":50.4000015258789,"imported":0.10000000149011612,"discharged":1.5,"maxPv":8.165}
