{"generated":0,"consumed":0.33456423950195313,"exported":0,"imported":0,"discharged":0.300000011920929,"maxPv":0}
