{"generated":32.200000286102295,"consumed":10.299999333918095,"exported":19.700000762939453}
