{"generated":41.70000076293945,"consumed":6.59754736328125,"exported":22.200000762939453,"imported":4.400000095367432,"discharged":20.200000762939453,"maxPv":6.767}
