{"generated":9.5,"consumed":3.856547119140625,"exported":3.200000047683716,"imported":0,"discharged":1.7000000476837158,"maxPv":9.432}
