{"generated":59.10000038146973,"consumed":28.392189453125,"exported":28.200000762939453,"imported":0.20000000298023224,"discharged":2.4000000953674316,"maxPv":7.998}
