{"generated":35.40000009536743,"consumed":11.22451953125,"exported":21,"imported":0.10000000149011612,"discharged":4.199999809265137,"maxPv":1.998}
