{"generated":28.90000057220459,"consumed":5.43727978515625,"exported":11.199999809265137,"imported":0,"discharged":2.0999999046325684,"maxPv":8.27}
