{"generated":20.300000190734863,"consumed":10.1001884765625,"exported":6.800000190734863,"imported":0.10000000149011612,"discharged":3,"maxPv":6.16}
