{"generated":5.699999928474426,"consumed":5.699999928474426,"exported":0.10000000149011612}
