{"generated":9.5,"consumed":3.8999998345971107,"exported":2.799999952316284,"imported":0.10000000149011612,"discharged":1.899999976158142,"maxPv":9.138}
