{"generated":0,"consumed":1.5000000223517418,"exported":0.10000000149011612}
