{"generated":40.400001525878906,"consumed":8.8816005859375,"exported":23.399999618530273,"imported":13.399999618530273,"discharged":21.100000381469727,"maxPv":5.888}
