{"generated":24.40000009536743,"consumed":22.313705078125,"exported":0.600000023841858,"imported":0.10000000149011612,"discharged":5.300000190734863,"maxPv":5.012}
