{"generated":6.599999904632568,"consumed":3.902210693359375,"exported":0,"imported":1,"discharged":0.899999976158142,"maxPv":4.94}
