{"generated":64.0999984741211,"consumed":11.20196484375,"exported":48.79999923706055,"imported":0.10000000149011612,"discharged":1.899999976158142,"maxPv":8.128}
