{"generated":36.69999980926514,"consumed":5.61856982421875,"exported":25.700000762939453,"imported":0.10000000149011612,"discharged":1.600000023841858,"maxPv":9.852}
