{"generated":0.40000001341104513,"consumed":2.409900390625,"exported":0.10000000149011612,"imported":0,"discharged":2,"maxPv":0.712}
