{"generated":29.40000009536743,"consumed":11.6945947265625,"exported":15.100000381469727,"imported":0.10000000149011612,"discharged":2.799999952316284,"maxPv":7.848}
