{"generated":52.30000019073486,"consumed":12.922005859375,"exported":34.9000015258789,"imported":0.10000000149011612,"discharged":6.800000190734863,"maxPv":11.069}
