{"generated":50.499999046325684,"consumed":20.89999794960022,"exported":23.700000762939453}
