{"generated":6.799999952316284,"consumed":2.8000001907348633,"exported":0.899999976158142,"imported":0,"discharged":1.600000023841858,"maxPv":7.456}
