{"generated":58.79999923706055,"consumed":6.36574072265625,"exported":47.5999984741211,"imported":0.10000000149011612,"discharged":2,"maxPv":8.102}
