{"generated":34.69999980926514,"consumed":17.199999630451202,"exported":14.800000190734863}
