{"generated":60.70000076293945,"consumed":11.935029296875,"exported":45,"imported":0,"discharged":1.399999976158142,"maxPv":7.832}
