{"generated":16.199999809265137,"consumed":6.34043701171875,"exported":6.5,"imported":0.20000000298023224,"discharged":1.7999999523162842,"maxPv":6.193}
