{"generated":20.90000009536743,"consumed":4.05314208984375,"exported":0,"imported":0.899999976158142,"discharged":0.899999976158142,"maxPv":7.28}
