{"generated":43.19999885559082,"consumed":0.026043338775634764,"exported":30.600000381469727,"imported":2,"discharged":20.200000762939453,"maxPv":0}
