{"generated":5.300000071525574,"consumed":2.656945556640625,"exported":0.5,"imported":0.10000000149011612,"discharged":1.5,"maxPv":5.25}
