{"generated":52.80000019073486,"consumed":9.72875,"exported":40.4000015258789,"imported":0.10000000149011612,"discharged":2.5999999046325684,"maxPv":10.72}
