{"generated":14.099999904632568,"consumed":4.562986328125,"exported":0.10000000149011612,"imported":1.600000023841858,"discharged":0,"maxPv":6.494}
