{"generated":47.10000038146973,"consumed":5.24361376953125,"exported":38.0999984741211,"imported":0.10000000149011612,"discharged":1.5,"maxPv":8.188}
