{"generated":19.799999237060547,"consumed":3.009747314453125,"exported":13.800000190734863,"imported":0,"discharged":1.2999999523162842,"maxPv":11.65}
