{"generated":44.60000038146973,"consumed":2.387318359375,"exported":18.600000381469727,"imported":2.5,"discharged":20.799999237060547,"maxPv":3.38}
