{"generated":38.69999980926514,"consumed":6.364208984375,"exported":9.899999618530273,"imported":1.100000023841858,"discharged":0.899999976158142,"maxPv":7.895}
