{"generated":23.600000381469727,"consumed":4.226763671875,"exported":13,"imported":0.10000000149011612,"discharged":1.399999976158142,"maxPv":7.759}
