{"generated":14.399999856948853,"consumed":3.22627880859375,"exported":8.600000381469727,"imported":0,"discharged":1.899999976158142,"maxPv":5.088}
