{"generated":58.20000076293945,"consumed":31.6230546875,"exported":23.5,"imported":2.5,"discharged":19.299999237060547,"maxPv":8.302}
