{"generated":18.999999523162842,"consumed":4.099999524652958,"exported":11.800000190734863,"imported":0.10000000149011612,"discharged":2,"maxPv":10.162}
