{"generated":26.199999809265137,"consumed":7.189732421875,"exported":0.10000000149011612,"imported":1.899999976158142,"discharged":0.10000000149011612,"maxPv":5.151}
