{"generated":0,"consumed":1.72258251953125,"exported":0,"imported":0.800000011920929,"discharged":0.899999976158142,"maxPv":0}
