{"generated":44.80000019073486,"consumed":7.59999942779541,"exported":34.20000076293945}
