{"generated":43.79999923706055,"consumed":4.55489990234375,"exported":15.300000190734863,"imported":1.100000023841858,"discharged":0.800000011920929,"maxPv":10.544}
