{"generated":30.5,"consumed":0.6828975219726563,"exported":18.700000762939453,"imported":0.10000000149011612,"discharged":5,"maxPv":0}
