{"generated":0.10000000149011612,"consumed":1.835327880859375,"exported":0,"imported":0,"discharged":2.0999999046325684,"maxPv":0.19}
