{"generated":12.299999952316284,"consumed":4.44577294921875,"exported":0,"imported":1.5,"discharged":0,"maxPv":10.056}
