{"generated":54.80000019073486,"consumed":8.600000239908695,"exported":43}
