{"generated":51.70000076293945,"consumed":11.999999381601818,"exported":36.9000015258789}
