{"generated":61.10000038146973,"consumed":7.6225390625,"exported":48.5,"imported":0,"discharged":1.7999999523162842,"maxPv":7.781}
