{"generated":64.29999828338623,"consumed":16.6148125,"exported":42.70000076293945,"imported":0,"discharged":5.699999809265137,"maxPv":8.368}
