{"generated":0.10000000149011612,"consumed":2.695033447265625,"exported":0,"imported":0,"discharged":2.5,"maxPv":0.151}
