{"generated":20.40000057220459,"consumed":16.558642578125,"exported":6.800000190734863,"imported":0.300000011920929,"discharged":14,"maxPv":2.457}
