{"generated":7.699999928474426,"consumed":9.0607080078125,"exported":0,"imported":0.10000000149011612,"discharged":1.7999999523162842,"maxPv":3.972}
