{"generated":2.599999964237213,"consumed":5.297248046875,"exported":0.10000000149011612,"imported":0.10000000149011612,"discharged":3.200000047683716,"maxPv":3.586}
