{"generated":47.30000114440918,"consumed":2.778486083984375,"exported":41.0999984741211,"imported":0,"discharged":0.899999976158142,"maxPv":8.382}
