{"generated":40.90000057220459,"consumed":8.60000143200159,"exported":30.799999237060547,"imported":0.10000000149011612,"discharged":3.5999999046325684,"maxPv":10.162}
