{"generated":6.199999928474426,"consumed":3.344433837890625,"exported":0,"imported":1.7999999523162842,"discharged":0,"maxPv":3.899}
