{"generated":44,"consumed":2.112705322265625,"exported":18.600000381469727,"imported":2.4000000953674316,"discharged":21.200000762939453,"maxPv":0.598}
