{"generated":1.300000011920929,"consumed":2.717255126953125,"exported":0,"imported":0.10000000149011612,"discharged":2,"maxPv":2.326}
