{"generated":39.89999961853027,"consumed":10.30774609375,"exported":22.399999618530273,"imported":2.5,"discharged":20.399999618530273,"maxPv":6.752}
