{"generated":14.600000381469727,"consumed":2.467906982421875,"exported":0,"imported":0.600000023841858,"discharged":0.699999988079071,"maxPv":6.428}
