{"generated":9.59999966621399,"consumed":4.80061083984375,"exported":3.4000000953674316,"imported":0,"discharged":3.0999999046325684,"maxPv":7.131}
