{"generated":2.399999976158142,"consumed":8.16405517578125,"exported":0,"imported":0.10000000149011612,"discharged":1.7999999523162842,"maxPv":3.33}
