{"generated":11.100000143051147,"consumed":3.3356669921875,"exported":5.300000190734863,"imported":0,"discharged":1.5,"maxPv":6.117}
