{"generated":18.800000190734863,"consumed":4.699999809265137,"exported":10.600000381469727}
