{"generated":44.90000057220459,"consumed":12.500000953674316,"exported":28.899999618530273}
