{"generated":0.5000000149011612,"consumed":2.099999964237213,"exported":0,"imported":0,"discharged":1.7999999523162842,"maxPv":1.195}
