{"generated":9.399999618530273,"consumed":7.49999962002039,"exported":0.10000000149011612,"imported":0.20000000298023224,"discharged":2,"maxPv":9.111}
