{"generated":9.900000095367432,"consumed":3.867250244140625,"exported":0,"imported":1.7999999523162842,"discharged":0,"maxPv":9.163}
