{"generated":0,"consumed":0.5034695129394531,"exported":0.10000000149011612,"imported":0,"discharged":0.4000000059604645,"maxPv":0}
