{"generated":59.19999885559082,"consumed":17.383947265625,"exported":38.5999984741211,"imported":0.10000000149011612,"discharged":2,"maxPv":8.083}
