{"generated":15.699999809265137,"consumed":3.243853759765625,"exported":10,"imported":0,"discharged":2.0999999046325684,"maxPv":5.702}
