{"generated":16.59999990463257,"consumed":4.8073701171875,"exported":10.199999809265137,"imported":0,"discharged":2.9000000953674316,"maxPv":5.088}
