{"generated":57.5,"consumed":5.61224267578125,"exported":43.29999923706055,"imported":0.10000000149011612,"discharged":1.7999999523162842,"maxPv":8.17}
