{"generated":1.0000000298023224,"consumed":2.36768359375,"exported":0.10000000149011612,"imported":0.10000000149011612,"discharged":1.600000023841858,"maxPv":1.814}
