{"generated":40.400001525878906,"consumed":3.71897412109375,"exported":23.399999618530273,"imported":1.600000023841858,"discharged":21.100000381469727,"maxPv":2.547}
