{"generated":26.199999809265137,"consumed":5.04181201171875,"exported":0,"imported":1.5,"discharged":0.5,"maxPv":8.892}
