{"generated":63.39999961853027,"consumed":25.163384765625,"exported":36.29999923706055,"imported":0.10000000149011612,"discharged":2.9000000953674316,"maxPv":9.444}
