{"generated":1.4000000357627869,"consumed":2.516608154296875,"exported":0,"imported":1.7000000476837158,"discharged":0,"maxPv":1.964}
