{"generated":38,"consumed":3.04190576171875,"exported":27.399999618530273,"imported":0.10000000149011612,"discharged":4.800000190734863,"maxPv":2.382}
