{"generated":66.19999980926514,"consumed":2.196839111328125,"exported":58.4000015258789,"imported":0.10000000149011612,"discharged":1.5,"maxPv":6.906}
