{"generated":49.5,"consumed":7.412509765625,"exported":38,"imported":0.10000000149011612,"discharged":2.799999952316284,"maxPv":10.415}
