{"generated":46.19999980926514,"consumed":12.213123046875,"exported":30.100000381469727,"imported":1.600000023841858,"discharged":20.5,"maxPv":9.462}
