{"generated":29.40000009536743,"consumed":4.79013720703125,"exported":19.5,"imported":0.10000000149011612,"discharged":1.600000023841858,"maxPv":9.852}
