{"generated":18.40000009536743,"consumed":3.718712158203125,"exported":0,"imported":1.5,"discharged":0,"maxPv":6.957}
