{"generated":7.799999952316284,"consumed":2.945740478515625,"exported":2.200000047683716,"imported":0.10000000149011612,"discharged":1.600000023841858,"maxPv":5.84}
