{"generated":44,"consumed":0.5251172485351563,"exported":18.600000381469727,"imported":2.4000000953674316,"discharged":21.200000762939453,"maxPv":0}
