{"generated":30.59999990463257,"consumed":14.0859091796875,"exported":15.300000190734863,"imported":0.10000000149011612,"discharged":5.599999904632568,"maxPv":8.436}
