{"generated":17.90000009536743,"consumed":4.54135205078125,"exported":11.399999618530273,"imported":0,"discharged":2.5999999046325684,"maxPv":6.203}
