{"generated":17.800000190734863,"consumed":3.22677685546875,"exported":0.10000000149011612,"imported":1.2000000476837158,"discharged":0.5,"maxPv":10.962}
