{"generated":20.399999618530273,"consumed":4.099999286234379,"exported":13.100000381469727}
