{"generated":28.300000190734863,"consumed":3.18333837890625,"exported":21.799999237060547,"imported":0,"discharged":1.2999999523162842,"maxPv":11.65}
