{"generated":4.899999976158142,"consumed":3.38218212890625,"exported":0.10000000149011612,"imported":1.5,"discharged":0.5,"maxPv":4.342}
