{"generated":60.59999942779541,"consumed":19.834583984375,"exported":37.4000015258789,"imported":0,"discharged":1.7000000476837158,"maxPv":8.048}
