{"generated":38,"consumed":6.79238720703125,"exported":27.299999237060547,"imported":0.10000000149011612,"discharged":6.300000190734863,"maxPv":6.071}
