{"generated":0.6000000163912773,"consumed":3.251517333984375,"exported":0,"imported":0,"discharged":2.799999952316284,"maxPv":1.506}
