{"generated":42.40000057220459,"consumed":7.242474609375,"exported":22,"imported":1.899999976158142,"discharged":9.600000381469727,"maxPv":10.016}
