{"generated":31.100000381469727,"consumed":6.9233046875,"exported":21.100000381469727,"imported":0.10000000149011612,"discharged":1.899999976158142,"maxPv":12.245}
