{"generated":9.100000143051147,"consumed":3.45136474609375,"exported":3,"imported":0.10000000149011612,"discharged":2,"maxPv":5.622}
