{"generated":9.099999904632568,"consumed":4.6671337890625,"exported":1.100000023841858,"imported":0,"discharged":1.600000023841858,"maxPv":9.483}
