{"generated":45.29999923706055,"consumed":6.08752587890625,"exported":34.70000076293945,"imported":0,"discharged":1.7999999523162842,"maxPv":7.781}
