{"generated":1.0000000298023224,"consumed":3.064712890625,"exported":0.10000000149011612,"imported":0.10000000149011612,"discharged":2.5999999046325684,"maxPv":1.69}
