{"generated":14.899999618530273,"consumed":4.79669775390625,"exported":0.10000000149011612,"imported":1.399999976158142,"discharged":0.699999988079071,"maxPv":7.261}
