{"generated":49.60000133514404,"consumed":12.364478515625,"exported":34.5999984741211,"imported":2.200000047683716,"discharged":21.299999237060547,"maxPv":10.732}
