{"generated":54.000000953674316,"consumed":7.7898525390625,"exported":42.29999923706055,"imported":0.10000000149011612,"discharged":1.399999976158142,"maxPv":8.506}
