{"generated":54.09999942779541,"consumed":11.3149384765625,"exported":40.4000015258789,"imported":0.10000000149011612,"discharged":2.799999952316284,"maxPv":10.72}
