{"generated":4.900000095367432,"consumed":4.70408349609375,"exported":0.10000000149011612,"imported":0.10000000149011612,"discharged":1.899999976158142,"maxPv":3.243}
