{"generated":1.5,"consumed":2.061223388671875,"exported":0,"imported":0.10000000149011612,"discharged":1.5,"maxPv":2.451}
