{"generated":57.5,"consumed":12.348732421875,"exported":40.5999984741211,"imported":1,"discharged":20.799999237060547,"maxPv":7.782}
