{"generated":3.6999999284744263,"consumed":3.987343994140625,"exported":0.10000000149011612,"imported":1.399999976158142,"discharged":0.699999988079071,"maxPv":3.062}
