{"generated":4.9999998807907104,"consumed":1.9444461669921875,"exported":1.399999976158142,"imported":0,"discharged":1,"maxPv":6.879}
