{"generated":2.5,"consumed":4.3671826171875,"exported":0.10000000149011612,"imported":0.10000000149011612,"discharged":3.0999999046325684,"maxPv":2.392}
