{"generated":0.10000000149011612,"consumed":2.11860498046875,"exported":0.10000000149011612,"imported":0,"discharged":1.899999976158142,"maxPv":0.156}
