{"generated":58.70000076293945,"consumed":13.823298828125,"exported":41.20000076293945,"imported":0.10000000149011612,"discharged":2.799999952316284,"maxPv":7.874}
