{"generated":5.299999952316284,"consumed":2.90169140625,"exported":0.10000000149011612,"imported":0,"discharged":2.200000047683716,"maxPv":7.131}
