{"generated":0.20000000298023224,"consumed":2.23783984375,"exported":0,"imported":1.5,"discharged":0.5,"maxPv":0.385}
