{"generated":35.40000057220459,"consumed":9.8105771484375,"exported":24,"imported":6.900000095367432,"discharged":20.600000381469727,"maxPv":10.098}
