{"generated":47.69999980926514,"consumed":5.211513671875,"exported":38.5,"imported":0,"discharged":1.5,"maxPv":8.191}
