{"generated":44.29999923706055,"consumed":3.68615771484375,"exported":17,"imported":0.600000023841858,"discharged":0.699999988079071,"maxPv":7.115}
