{"generated":36.09999942779541,"consumed":5.95069580078125,"exported":6.199999809265137,"imported":1.7000000476837158,"discharged":0,"maxPv":7.66}
