{"generated":46.90000057220459,"consumed":6.36122314453125,"exported":36.5999984741211,"imported":0,"discharged":1.600000023841858,"maxPv":8.128}
