{"generated":63.39999961853027,"consumed":25.838552734375,"exported":36.29999923706055,"imported":0.10000000149011612,"discharged":3.5,"maxPv":9.444}
