{"generated":1.5000000298023224,"consumed":2.2674150390625,"exported":0,"imported":0.10000000149011612,"discharged":1.399999976158142,"maxPv":3.154}
