{"generated":22.499999523162842,"consumed":3.4660068359375,"exported":0.20000000298023224,"imported":1.2000000476837158,"discharged":0.5,"maxPv":10.962}
