{"generated":58.900001525878906,"consumed":7.67179296875,"exported":38,"imported":0,"discharged":2.200000047683716,"maxPv":8.27}
