{"generated":32.19999980926514,"consumed":2.43099462890625,"exported":27,"imported":0,"discharged":0.899999976158142,"maxPv":8.323}
