{"generated":33.600000858306885,"consumed":8.10000143200159,"exported":23.299999237060547,"imported":0.10000000149011612,"discharged":2.5,"maxPv":9.138}
