{"generated":2.799999952316284,"consumed":2.632015869140625,"exported":0,"imported":1,"discharged":0.800000011920929,"maxPv":3.142}
