{"generated":57.19999980926514,"consumed":13.4524375,"exported":40.5999984741211,"imported":0.10000000149011612,"discharged":2.299999952316284,"maxPv":8.024}
