{"generated":40.80000019073486,"consumed":21.500001050531864,"exported":19.299999237060547}
