{"generated":29.499999046325684,"consumed":2.799521728515625,"exported":20,"imported":3.4000000953674316,"discharged":21.5,"maxPv":1.341}
