{"generated":1.7000000178813934,"consumed":1.8437496337890624,"exported":0,"imported":0.600000023841858,"discharged":0.699999988079071,"maxPv":3.356}
