{"generated":40.80000019073486,"consumed":7.67883349609375,"exported":28.600000381469727,"imported":0.10000000149011612,"discharged":2.4000000953674316,"maxPv":9.852}
