{"generated":35.500000953674316,"consumed":14.045380859375,"exported":0.10000000149011612,"imported":1.7000000476837158,"discharged":0.300000011920929,"maxPv":7.883}
