{"generated":8.200000047683716,"consumed":5.000000141561031,"exported":0.20000000298023224}
