{"generated":11.299999952316284,"consumed":4.800000049173832,"exported":3.200000047683716}
