{"generated":30.100000381469727,"consumed":5.4818271484375,"exported":0.800000011920929,"imported":1.7000000476837158,"discharged":0,"maxPv":7.66}
