{"generated":40.80000019073486,"consumed":4.76739111328125,"exported":32.29999923706055,"imported":0,"discharged":1.5,"maxPv":8.191}
