{"generated":0.800000011920929,"consumed":2.3999999538064003,"exported":0,"imported":0.10000000149011612,"discharged":1.7999999523162842,"maxPv":2.523}
