{"generated":15.799999952316284,"consumed":4.29396142578125,"exported":0,"imported":1.7999999523162842,"discharged":0,"maxPv":10.016}
