{"generated":35.59999942779541,"consumed":7.31854296875,"exported":5.199999809265137,"imported":0.899999976158142,"discharged":0.899999976158142,"maxPv":7.782}
