{"generated":42.5,"consumed":5.24637548828125,"exported":14.300000190734863,"imported":1.600000023841858,"discharged":0,"maxPv":11.091}
