{"generated":0.9000000059604645,"consumed":1.98650830078125,"exported":0,"imported":1.399999976158142,"discharged":0,"maxPv":2.952}
