{"generated":5.799999952316284,"consumed":2.720241455078125,"exported":1.100000023841858,"imported":0,"discharged":2.0999999046325684,"maxPv":3.555}
