{"generated":45.000000953674316,"consumed":10.800001479685307,"exported":31.399999618530273}
