{"generated":28.800000190734863,"consumed":9.630484375,"exported":15.899999618530273,"imported":0.10000000149011612,"discharged":5.300000190734863,"maxPv":6.786}
