{"generated":35.90000057220459,"consumed":0.34750616455078126,"exported":22.399999618530273,"imported":2.5,"discharged":20.399999618530273,"maxPv":0}
