{"generated":65.80000019073486,"consumed":1.49754248046875,"exported":58.20000076293945,"imported":0.10000000149011612,"discharged":1.399999976158142,"maxPv":2.875}
