{"generated":2.799999952316284,"consumed":3.570559326171875,"exported":0,"imported":0,"discharged":2.799999952316284,"maxPv":4.517}
