{"generated":56.89999961853027,"consumed":11.4259130859375,"exported":40.5999984741211,"imported":1.7000000476837158,"discharged":20.100000381469727,"maxPv":7.935}
