{"generated":48.19999980926514,"consumed":4.77692919921875,"exported":19.399999618530273,"imported":1.100000023841858,"discharged":0.800000011920929,"maxPv":10.544}
