{"generated":2.200000047683716,"consumed":3.45155712890625,"exported":0,"imported":0,"discharged":2.299999952316284,"maxPv":1.96}
