{"generated":19.300000190734863,"consumed":4.46296875,"exported":13,"imported":0.10000000149011612,"discharged":2.799999952316284,"maxPv":5.702}
