{"generated":19.299999713897705,"consumed":2.6155224609375,"exported":14.699999809265137,"imported":0.10000000149011612,"discharged":1,"maxPv":11.339}
