{"generated":44,"consumed":8.81069921875,"exported":20,"imported":3.4000000953674316,"discharged":21.200000762939453,"maxPv":8.002}
