{"generated":24.700000762939453,"consumed":8.1963974609375,"exported":0.699999988079071,"imported":0.10000000149011612,"discharged":3.4000000953674316,"maxPv":6.433}
