{"generated":0.10000000149011612,"consumed":2.247905029296875,"exported":0,"imported":0,"discharged":2,"maxPv":0.924}
