{"generated":59.20000076293945,"consumed":8.26548828125,"exported":55.9000015258789,"imported":0,"discharged":21,"maxPv":8.27}
