{"generated":25.800000190734863,"consumed":6.07969775390625,"exported":12.699999809265137,"imported":0,"discharged":2.5999999046325684,"maxPv":4.857}
