{"generated":0,"consumed":0.6304819946289062,"exported":0.10000000149011612,"imported":0,"discharged":0.5,"maxPv":0}
