{"generated":46.09999942779541,"consumed":17.54993359375,"exported":22.200000762939453,"imported":0.10000000149011612,"discharged":1.7000000476837158,"maxPv":8.423}
