{"generated":1.4000000357627869,"consumed":2.984767333984375,"exported":0,"imported":0.10000000149011612,"discharged":1.899999976158142,"maxPv":2.395}
