{"generated":0.10000000149011612,"consumed":2.73162353515625,"exported":0.10000000149011612,"imported":0.10000000149011612,"discharged":2.5999999046325684,"maxPv":0.324}
