{"generated":24.799999713897705,"consumed":8.2030634765625,"exported":12.199999809265137,"imported":0.10000000149011612,"discharged":5.400000095367432,"maxPv":5.687}
