{"generated":57.69999980926514,"consumed":41.6493828125,"exported":38.29999923706055,"imported":1.2000000476837158,"discharged":5.599999904632568,"maxPv":11.68}
