{"generated":52.89999961853027,"consumed":21.069435546875,"exported":9.100000381469727,"imported":1.2000000476837158,"discharged":0.899999976158142,"maxPv":11.306}
