{"generated":44,"consumed":22.722515625,"exported":22.5,"imported":5.099999904632568,"discharged":19.899999618530273,"maxPv":9.91}
