{"generated":56.30000019073486,"consumed":24.30000100284815,"exported":28.799999237060547}
