{"generated":23.100000381469727,"consumed":5.21748876953125,"exported":16.399999618530273,"imported":0,"discharged":3.299999952316284,"maxPv":4.309}
