{"generated":41.80000114440918,"consumed":6.26363232421875,"exported":12.5,"imported":1.600000023841858,"discharged":0,"maxPv":7.855}
