{"generated":4.899999976158142,"consumed":2.44671044921875,"exported":0.4000000059604645,"imported":0,"discharged":2,"maxPv":3.416}
