{"generated":19.199999809265137,"consumed":7.299999572336674,"exported":9.100000381469727}
