{"generated":12.500000238418579,"consumed":10.8823037109375,"exported":0.10000000149011612,"imported":0.10000000149011612,"discharged":3.5,"maxPv":7.394}
