{"generated":20.09999990463257,"consumed":3.481172119140625,"exported":13.899999618530273,"imported":0,"discharged":2.0999999046325684,"maxPv":6.907}
