{"generated":0,"consumed":0.45298309326171876,"exported":0,"imported":0.4000000059604645,"discharged":0,"maxPv":0}
