{"generated":0.10000000149011612,"consumed":2.83074365234375,"exported":0,"imported":0,"discharged":2.700000047683716,"maxPv":0.133}
