{"generated":27.199999809265137,"consumed":18.121548828125,"exported":4.300000190734863,"imported":0.20000000298023224,"discharged":2.700000047683716,"maxPv":11.673}
