{"generated":23.299999713897705,"consumed":12.0025751953125,"exported":6.300000190734863,"imported":0.10000000149011612,"discharged":1.7000000476837158,"maxPv":7.591}
