{"generated":48.79999923706055,"consumed":5.14342822265625,"exported":19.600000381469727,"imported":1.5,"discharged":0.5,"maxPv":7.935}
