{"generated":27.30000066757202,"consumed":6.5208857421875,"exported":13.699999809265137,"imported":0,"discharged":2.5999999046325684,"maxPv":4.857}
