{"generated":10.099999904632568,"consumed":2.592089111328125,"exported":5.300000190734863,"imported":0.10000000149011612,"discharged":1.5,"maxPv":5.953}
