{"generated":46,"consumed":11.797423828125,"exported":25.899999618530273,"imported":0.10000000149011612,"discharged":2.700000047683716,"maxPv":11.069}
