{"generated":62.69999885559082,"consumed":21.0619765625,"exported":38.9000015258789,"imported":0.10000000149011612,"discharged":2.0999999046325684,"maxPv":8.048}
