{"generated":1.300000011920929,"consumed":2.5710185546875,"exported":0,"imported":0.10000000149011612,"discharged":2,"maxPv":2.585}
