{"generated":52.39999961853027,"consumed":33.98572265625,"exported":0.300000011920929,"imported":5.400000095367432,"discharged":2.5999999046325684,"maxPv":8.75}
