{"generated":42.39999961853027,"consumed":14.13716796875,"exported":25.200000762939453,"imported":0.10000000149011612,"discharged":1.600000023841858,"maxPv":7.846}
