{"generated":55,"consumed":10.5425888671875,"exported":37.5,"imported":0.10000000149011612,"discharged":2.4000000953674316,"maxPv":10.457}
