{"generated":24.500000476837158,"consumed":3.82690283203125,"exported":0,"imported":1.100000023841858,"discharged":0.800000011920929,"maxPv":7.81}
