{"generated":42.40000057220459,"consumed":6.50391455078125,"exported":12.899999618530273,"imported":1.899999976158142,"discharged":0,"maxPv":8.086}
