{"generated":48.39999961853027,"consumed":8.822802734375,"exported":36,"imported":0.10000000149011612,"discharged":1.899999976158142,"maxPv":12.245}
