{"generated":14.399999856948853,"consumed":3.704357177734375,"exported":0,"imported":0.899999976158142,"discharged":0.899999976158142,"maxPv":6.88}
