{"generated":58.09999942779541,"consumed":6.17418212890625,"exported":47,"imported":0.10000000149011612,"discharged":1.899999976158142,"maxPv":7.935}
