{"generated":59.10000038146973,"consumed":28.029951171875,"exported":28.200000762939453,"imported":0.20000000298023224,"discharged":2.0999999046325684,"maxPv":7.998}
