{"generated":25.000000476837158,"consumed":4.36673388671875,"exported":0.10000000149011612,"imported":1.5,"discharged":0.5,"maxPv":9.462}
