{"generated":65.3000020980835,"consumed":37.4060859375,"exported":56.70000076293945,"imported":0.10000000149011612,"discharged":4.300000190734863,"maxPv":8.108}
