{"generated":51.29999923706055,"consumed":29.207521484375,"exported":17.600000381469727,"imported":0.20000000298023224,"discharged":2.9000000953674316,"maxPv":11.673}
