{"generated":56.80000019073486,"consumed":33.6408046875,"exported":11.899999618530273,"imported":2.700000047683716,"discharged":9.899999618530273,"maxPv":11.625}
