{"generated":18.90000009536743,"consumed":4.81845361328125,"exported":0.10000000149011612,"imported":1.5,"discharged":0,"maxPv":11.245}
