{"generated":42.30000019073486,"consumed":6.85937158203125,"exported":13.100000381469727,"imported":1.899999976158142,"discharged":0,"maxPv":10.016}
