{"generated":7.8999998569488525,"consumed":3.38803857421875,"exported":0.10000000149011612,"imported":1.5,"discharged":0,"maxPv":5.469}
