{"generated":57.39999866485596,"consumed":12.0511025390625,"exported":41.20000076293945,"imported":0.10000000149011612,"discharged":2.5,"maxPv":10.168}
