{"generated":48.70000076293945,"consumed":22.3361796875,"exported":14.199999809265137,"imported":2.9000000953674316,"discharged":9.899999618530273,"maxPv":7.883}
