{"generated":64.39999866485596,"consumed":7.5459404296875,"exported":51.29999923706055,"imported":0,"discharged":1.399999976158142,"maxPv":8.066}
