{"generated":0.10000000149011612,"consumed":1.934194091796875,"exported":0,"imported":1.399999976158142,"discharged":0.20000000298023224,"maxPv":0.502}
