{"generated":0,"consumed":0.8607965087890626,"exported":0,"imported":0.4000000059604645,"discharged":0.300000011920929,"maxPv":0}
