{"generated":17.299999713897705,"consumed":2.751514892578125,"exported":0.699999988079071,"imported":6.099999904632568,"discharged":6,"maxPv":0.409}
