{"generated":57.999999046325684,"consumed":37.52322265625,"exported":18,"imported":0.4000000059604645,"discharged":5.199999809265137,"maxPv":8.54}
