{"generated":24.699999809265137,"consumed":9.1583759765625,"exported":18.200000762939453,"imported":13.399999618530273,"discharged":20.399999618530273,"maxPv":8.331}
