{"generated":64.39999866485596,"consumed":16.666734375,"exported":43.0999984741211,"imported":0.10000000149011612,"discharged":3.9000000953674316,"maxPv":8.175}
