{"generated":40.999999046325684,"consumed":4.7834619140625,"exported":31,"imported":3.5999999046325684,"discharged":20.200000762939453,"maxPv":9.734}
