{"generated":50.89999866485596,"consumed":5.51779296875,"exported":40.70000076293945,"imported":0.10000000149011612,"discharged":2,"maxPv":8.102}
