{"generated":61.999999046325684,"consumed":12.1506806640625,"exported":47,"imported":0.10000000149011612,"discharged":2.9000000953674316,"maxPv":8.052}
