{"generated":60.59999942779541,"consumed":7.436162109375,"exported":48.79999923706055,"imported":0.10000000149011612,"discharged":2.4000000953674316,"maxPv":8.102}
