{"generated":50.10000038146973,"consumed":7.06435302734375,"exported":38.0999984741211,"imported":1.600000023841858,"discharged":19,"maxPv":11.091}
