{"generated":39.89999961853027,"consumed":6.4069755859375,"exported":24.299999237060547,"imported":9.800000190734863,"discharged":20.299999237060547,"maxPv":4.534}
