{"generated":38,"consumed":5.1856787109375,"exported":28.600000381469727,"imported":0.10000000149011612,"discharged":1.899999976158142,"maxPv":7.935}
