{"generated":2.5,"consumed":3.108937255859375,"exported":0.10000000149011612,"imported":1.5,"discharged":0.5,"maxPv":2.191}
