{"generated":24.59999990463257,"consumed":4.3534541015625,"exported":14.800000190734863,"imported":0,"discharged":2.5,"maxPv":4.705}
