{"generated":38.69999980926514,"consumed":5.8355078125,"exported":10.399999618530273,"imported":1.899999976158142,"discharged":0,"maxPv":10.016}
