{"generated":60.59999942779541,"consumed":7.1082490234375,"exported":48.79999923706055,"imported":0.10000000149011612,"discharged":2.0999999046325684,"maxPv":8.102}
