{"generated":57.19999885559082,"consumed":10.500000573694699,"exported":44.5999984741211}
