{"generated":57.19999980926514,"consumed":15.1076650390625,"exported":37.29999923706055,"imported":1.600000023841858,"discharged":19.399999618530273,"maxPv":7.774}
