{"generated":63.90000057220459,"consumed":30.558873046875,"exported":31.600000381469727,"imported":0.10000000149011612,"discharged":2.9000000953674316,"maxPv":8.342}
