{"generated":61.400001525878906,"consumed":8.79643359375,"exported":48.5999984741211,"imported":0.10000000149011612,"discharged":2.5999999046325684,"maxPv":7.781}
