{"generated":52.69999980926514,"consumed":36.49999985843897,"exported":13.300000190734863,"imported":0.10000000149011612,"discharged":1.7000000476837158,"maxPv":8.217}
