{"generated":51.80000019073486,"consumed":23.188443359375,"exported":23.399999618530273,"imported":0.10000000149011612,"discharged":1.7000000476837158,"maxPv":8.094}
