{"generated":19.299999713897705,"consumed":5.5442763671875,"exported":17.5,"imported":13.600000381469727,"discharged":20.299999237060547,"maxPv":9.581}
