{"generated":45.70000076293945,"consumed":7.300623046875,"exported":34.79999923706055,"imported":0,"discharged":1.7000000476837158,"maxPv":10.6}
