{"generated":20.40000057220459,"consumed":7.89787451171875,"exported":6.800000190734863,"imported":0.300000011920929,"discharged":6.900000095367432,"maxPv":0.587}
