{"generated":49.89999961853027,"consumed":7.35640576171875,"exported":27.899999618530273,"imported":1,"discharged":10.399999618530273,"maxPv":7.705}
