{"generated":26.899999618530273,"consumed":26.52255859375,"exported":0.20000000298023224,"imported":0.20000000298023224,"discharged":7.199999809265137,"maxPv":6.519}
