{"generated":44,"consumed":25.380298828125,"exported":15.800000190734863,"imported":0.20000000298023224,"discharged":1.7000000476837158,"maxPv":7.998}
