{"generated":47.500000953674316,"consumed":26.65209765625,"exported":0.300000011920929,"imported":2.700000047683716,"discharged":0.300000011920929,"maxPv":11.625}
