{"generated":49.90000057220459,"consumed":10.100000381469727,"exported":38}
