{"generated":64.8000020980835,"consumed":1.732156982421875,"exported":25.299999237060547,"imported":2.4000000953674316,"discharged":5.599999904632568,"maxPv":0.082}
