{"generated":4.700000166893005,"consumed":6.92328759765625,"exported":0.10000000149011612,"imported":0,"discharged":2.9000000953674316,"maxPv":6.845}
