{"generated":40,"consumed":6.11327197265625,"exported":30.100000381469727,"imported":0.10000000149011612,"discharged":2.799999952316284,"maxPv":10.415}
