{"generated":61.599998474121094,"consumed":20.312681640625,"exported":39.0999984741211,"imported":0.10000000149011612,"discharged":2.9000000953674316,"maxPv":8.083}
