{"generated":36.19999980926514,"consumed":15.9252373046875,"exported":0.10000000149011612,"imported":1.399999976158142,"discharged":0.20000000298023224,"maxPv":8.302}
