{"generated":28,"consumed":14.6384033203125,"exported":16.200000762939453,"imported":0.10000000149011612,"discharged":8.300000190734863,"maxPv":5.02}
