{"generated":17.90000009536743,"consumed":4.094921630859375,"exported":0.10000000149011612,"imported":1.100000023841858,"discharged":0.699999988079071,"maxPv":7.763}
