{"generated":1.300000011920929,"consumed":3.4974638671875,"exported":0.10000000149011612,"imported":0,"discharged":2.799999952316284,"maxPv":1.629}
