{"generated":28.800000190734863,"consumed":17.299999810755253,"exported":5.400000095367432}
