{"generated":0.9000000059604645,"consumed":1.4591180419921874,"exported":0,"imported":0,"discharged":1,"maxPv":1.08}
