{"generated":0.10000000149011612,"consumed":2.07304443359375,"exported":0,"imported":1.2000000476837158,"discharged":0.699999988079071,"maxPv":0.155}
