{"generated":64.8000020980835,"consumed":4.4932080078125,"exported":27.799999237060547,"imported":2.4000000953674316,"discharged":5.599999904632568,"maxPv":8.004}
