{"generated":55.79999923706055,"consumed":9.967939453125,"exported":41.5999984741211,"imported":0,"discharged":2,"maxPv":8.064}
