{"generated":30.90000009536743,"consumed":5.48052490234375,"exported":3.4000000953674316,"imported":1.7999999523162842,"discharged":0.5,"maxPv":8.892}
