{"generated":49.69999885559082,"consumed":5.0896689453125,"exported":39.9000015258789,"imported":0.10000000149011612,"discharged":1.899999976158142,"maxPv":10.603}
