{"generated":20.499999523162842,"consumed":4.555318359375,"exported":0,"imported":1.5,"discharged":0.5,"maxPv":8.892}
