{"generated":40.59999942779541,"consumed":3.517516357421875,"exported":13.699999809265137,"imported":1,"discharged":0.20000000298023224,"maxPv":9.279}
