{"generated":25.299999237060547,"consumed":23.419587890625,"exported":0.20000000298023224,"imported":0.20000000298023224,"discharged":5.400000095367432,"maxPv":6.519}
