{"generated":4,"consumed":3.015974365234375,"exported":0,"imported":0,"discharged":2.0999999046325684,"maxPv":4.901}
