{"generated":50.69999885559082,"consumed":21.299997806549072,"exported":23.700000762939453}
