{"generated":42.09999942779541,"consumed":20.49999962002039,"exported":16.399999618530273}
