{"generated":47.60000133514404,"consumed":6.7058056640625,"exported":17.700000762939453,"imported":1.600000023841858,"discharged":0,"maxPv":7.855}
