{"generated":18.899999618530273,"consumed":4.4251044921875,"exported":0,"imported":1.5,"discharged":0,"maxPv":6.802}
