{"generated":34.40000057220459,"consumed":10.7348232421875,"exported":22.700000762939453,"imported":0.10000000149011612,"discharged":3.700000047683716,"maxPv":11.846}
