{"generated":46.19999980926514,"consumed":11.3164853515625,"exported":30,"imported":1.5,"discharged":19.600000381469727,"maxPv":9.462}
