{"generated":4.700000166893005,"consumed":2.765150634765625,"exported":0.10000000149011612,"imported":0.10000000149011612,"discharged":1.600000023841858,"maxPv":4.475}
