{"generated":8.5,"consumed":2.81309375,"exported":3.5,"imported":0,"discharged":1.899999976158142,"maxPv":4.315}
