{"generated":0,"consumed":1.428185302734375,"exported":0,"imported":0.5,"discharged":0.899999976158142,"maxPv":0}
