{"generated":46.30000019073486,"consumed":6.11493994140625,"exported":36.79999923706055,"imported":0.10000000149011612,"discharged":1.5,"maxPv":8.197}
