{"generated":46.10000038146973,"consumed":21.80000028759241,"exported":20}
