{"generated":39.89999961853027,"consumed":7.37991064453125,"exported":24.299999237060547,"imported":13.399999618530273,"discharged":20.299999237060547,"maxPv":4.534}
