{"generated":10.899999618530273,"consumed":3.200162109375,"exported":5.099999904632568,"imported":0.10000000149011612,"discharged":1.5,"maxPv":5.99}
