{"generated":61.80000019073486,"consumed":7.1065908203125,"exported":50.0999984741211,"imported":0.10000000149011612,"discharged":1.5,"maxPv":8.109}
