{"generated":52.80000019073486,"consumed":19.700001716613762,"exported":33.0999984741211}
