{"generated":58.89999961853027,"consumed":8.0807783203125,"exported":47.20000076293945,"imported":0.10000000149011612,"discharged":3,"maxPv":10.603}
