{"generated":0,"consumed":0.8980565795898438,"exported":0,"imported":0,"discharged":0.800000011920929,"maxPv":0}
