{"generated":2.699999988079071,"consumed":2.673276611328125,"exported":0.10000000149011612,"imported":0.10000000149011612,"discharged":1.600000023841858,"maxPv":5.135}
