{"generated":0,"consumed":6.6436689453125,"exported":0,"imported":0.10000000149011612,"discharged":1.600000023841858,"maxPv":0.475}
