{"generated":3.0000000596046448,"consumed":2.290429931640625,"exported":0,"imported":0,"discharged":1.899999976158142,"maxPv":2.984}
