{"generated":29.200000762939453,"consumed":3.387167724609375,"exported":11.300000190734863,"imported":3,"discharged":11.899999618530273,"maxPv":0.96}
