{"generated":10.899999618530273,"consumed":3.142541259765625,"exported":5.300000190734863,"imported":0,"discharged":1.5,"maxPv":6.074}
