{"generated":27.300000190734863,"consumed":21.4000004529953,"exported":2.799999952316284,"imported":0,"discharged":1.600000023841858,"maxPv":8.091}
