{"generated":0,"consumed":2.8919365234375,"exported":0,"imported":0,"discharged":2.799999952316284,"maxPv":0.208}
