{"generated":38.29999923706055,"consumed":6.699999190866947,"exported":28.5}
