{"generated":61.5,"consumed":28.42955078125,"exported":30,"imported":0.10000000149011612,"discharged":1.600000023841858,"maxPv":8.342}
