{"generated":31.199999809265137,"consumed":18.499999284744263,"exported":6.800000190734863}
