{"generated":63.29999923706055,"consumed":16.60553515625,"exported":45.9000015258789,"imported":0.4000000059604645,"discharged":3.799999952316284,"maxPv":7.832}
