{"generated":50.19999885559082,"consumed":17.9397890625,"exported":38.29999923706055,"imported":1.100000023841858,"discharged":5.599999904632568,"maxPv":11.68}
