{"generated":36.40000057220459,"consumed":12.9689892578125,"exported":21.399999618530273,"imported":0.20000000298023224,"discharged":5.199999809265137,"maxPv":1.998}
