{"generated":43.099998474121094,"consumed":6.11012939453125,"exported":24.100000381469727,"imported":0,"discharged":2.0999999046325684,"maxPv":8.27}
