{"generated":41.89999961853027,"consumed":7.290951171875,"exported":31.100000381469727,"imported":0.10000000149011612,"discharged":1.600000023841858,"maxPv":8.024}
