{"generated":22.800000190734863,"consumed":6.4572138671875,"exported":0.10000000149011612,"imported":0.10000000149011612,"discharged":2.799999952316284,"maxPv":6.433}
