{"generated":16.5,"consumed":3.795009033203125,"exported":6.599999904632568,"imported":0.10000000149011612,"discharged":1.399999976158142,"maxPv":7.244}
