{"generated":15.699999809265137,"consumed":4.47984033203125,"exported":8,"imported":0.10000000149011612,"discharged":1.899999976158142,"maxPv":6.78}
