{"generated":58.19999980926514,"consumed":0.17260934448242188,"exported":50.4000015258789,"imported":0.10000000149011612,"discharged":1.5,"maxPv":0}
