{"generated":50.69999980926514,"consumed":9.13393359375,"exported":38.20000076293945,"imported":0.10000000149011612,"discharged":2,"maxPv":8.083}
