{"generated":45.39999961853027,"consumed":8.97641015625,"exported":31.700000762939453,"imported":0.10000000149011612,"discharged":1.600000023841858,"maxPv":10.168}
