{"generated":0,"consumed":1.029931396484375,"exported":0,"imported":0.10000000149011612,"discharged":0.899999976158142,"maxPv":0}
