{"generated":0,"consumed":1.388266357421875,"exported":0.10000000149011612,"imported":0.699999988079071,"discharged":0.5,"maxPv":0}
