{"generated":24.700000762939453,"consumed":8.5941337890625,"exported":0.699999988079071,"imported":0.10000000149011612,"discharged":3.700000047683716,"maxPv":6.433}
