{"generated":39.89999961853027,"consumed":3.4586494140625,"exported":24.299999237060547,"imported":1.899999976158142,"discharged":20.299999237060547,"maxPv":2.61}
