{"generated":27.40000009536743,"consumed":4.64419970703125,"exported":19.600000381469727,"imported":0.10000000149011612,"discharged":1.600000023841858,"maxPv":7.931}
