{"generated":50.60000038146973,"consumed":5.65019873046875,"exported":40.20000076293945,"imported":0.10000000149011612,"discharged":1.899999976158142,"maxPv":7.935}
