{"generated":17.799999713897705,"consumed":6.59999942779541,"exported":8}
