{"generated":3.800000011920929,"consumed":3.733777099609375,"exported":0,"imported":0.10000000149011612,"discharged":2.299999952316284,"maxPv":2.656}
