{"generated":13.200000047683716,"consumed":10.2814853515625,"exported":2.799999952316284,"imported":0.10000000149011612,"discharged":1.7999999523162842,"maxPv":4.36}
