{"generated":52.60000038146973,"consumed":10.099999524652958,"exported":40.20000076293945}
