{"generated":13.800000190734863,"consumed":4.74937939453125,"exported":2.5999999046325684,"imported":0.10000000149011612,"discharged":1.5,"maxPv":8.732}
