{"generated":61.09999942779541,"consumed":22.575896484375,"exported":31.600000381469727,"imported":0.10000000149011612,"discharged":1.7000000476837158,"maxPv":8.423}
