{"generated":38,"consumed":6.00455810546875,"exported":26.5,"imported":1.899999976158142,"discharged":20.600000381469727,"maxPv":10.291}
