{"generated":0.10000000149011612,"consumed":2.813304931640625,"exported":0,"imported":0,"discharged":2.700000047683716,"maxPv":0.159}
