{"generated":43,"consumed":9.6849912109375,"exported":29.799999237060547,"imported":0,"discharged":3.299999952316284,"maxPv":11.87}
