{"generated":44.60000038146973,"consumed":23.926583984375,"exported":30.600000381469727,"imported":2.5,"discharged":20.200000762939453,"maxPv":7.228}
