{"generated":50.90000057220459,"consumed":9.59103125,"exported":37.20000076293945,"imported":0,"discharged":2,"maxPv":8.064}
