{"generated":58.90000057220459,"consumed":3.989247802734375,"exported":51.20000076293945,"imported":0,"discharged":1.100000023841858,"maxPv":9.945}
