{"generated":4,"consumed":2.890392578125,"exported":0,"imported":0.899999976158142,"discharged":0.899999976158142,"maxPv":3.859}
