{"generated":19.800000190734863,"consumed":4.055476318359375,"exported":12.800000190734863,"imported":0.10000000149011612,"discharged":1.600000023841858,"maxPv":7.502}
