{"generated":1.9000000059604645,"consumed":2.96025634765625,"exported":0,"imported":0,"discharged":1.600000023841858,"maxPv":2.035}
