{"generated":26.5,"consumed":8.6147607421875,"exported":7.400000095367432,"imported":1.899999976158142,"discharged":8.899999618530273,"maxPv":5.151}
