{"generated":13.200000047683716,"consumed":3.7078623046875,"exported":6.300000190734863,"imported":0.10000000149011612,"discharged":1.7000000476837158,"maxPv":9.659}
