{"generated":8.599999904632568,"consumed":4.53196240234375,"exported":0.10000000149011612,"imported":1.399999976158142,"discharged":0.699999988079071,"maxPv":7.261}
