{"generated":2.299999952316284,"consumed":2.39150927734375,"exported":0,"imported":0,"discharged":1.399999976158142,"maxPv":2.928}
