{"generated":0.4000000059604645,"consumed":2.999999910593033,"exported":0.10000000149011612}
