{"generated":0,"consumed":1.031586181640625,"exported":0,"imported":0.10000000149011612,"discharged":0.899999976158142,"maxPv":0.211}
