{"generated":27.699999809265137,"consumed":8.6010458984375,"exported":16.100000381469727,"imported":0,"discharged":3.299999952316284,"maxPv":11.87}
