{"generated":17.800000190734863,"consumed":4.0229951171875,"exported":11.399999618530273,"imported":0,"discharged":2.0999999046325684,"maxPv":6.203}
