{"generated":37.19999980926514,"consumed":12.0100107421875,"exported":22.100000381469727,"imported":0.10000000149011612,"discharged":2.799999952316284,"maxPv":7.874}
