{"generated":32.600000858306885,"consumed":10.7348232421875,"exported":21.700000762939453,"imported":0.10000000149011612,"discharged":1.7999999523162842,"maxPv":11.846}
