{"generated":30.500000953674316,"consumed":4.95026171875,"exported":21.700000762939453,"imported":0.10000000149011612,"discharged":1.899999976158142,"maxPv":7.884}
