{"generated":46.19999885559082,"consumed":7.6799345703125,"exported":34.9000015258789,"imported":0.10000000149011612,"discharged":1.7999999523162842,"maxPv":10.6}
