{"generated":3.199999988079071,"consumed":2.699999988079071,"exported":0}
