{"generated":35.69999980926514,"consumed":7.7570556640625,"exported":17.5,"imported":13.600000381469727,"discharged":20.299999237060547,"maxPv":9.581}
