{"generated":24.399999618530273,"consumed":4.38114208984375,"exported":16.899999618530273,"imported":0,"discharged":1.600000023841858,"maxPv":7.706}
