{"generated":68.10000133514404,"consumed":1.6860103759765626,"exported":59.9000015258789,"imported":0.10000000149011612,"discharged":1.600000023841858,"maxPv":4.485}
