{"generated":49.60000133514404,"consumed":11.698517578125,"exported":34.5999984741211,"imported":1.600000023841858,"discharged":21.299999237060547,"maxPv":10.732}
