{"generated":28.999999523162842,"consumed":2.742875732421875,"exported":3.5,"imported":0.10000000149011612,"discharged":5.199999809265137,"maxPv":1.24}
