{"generated":0.20000000298023224,"consumed":1.79082666015625,"exported":0,"imported":0.10000000149011612,"discharged":1.5,"maxPv":0.523}
