{"generated":0,"consumed":1.6842291259765625,"exported":0.10000000149011612,"imported":1.100000023841858,"discharged":0.5,"maxPv":0}
