{"generated":25.700000286102295,"consumed":3.70561865234375,"exported":1.100000023841858,"imported":3.5999999046325684,"discharged":0.5,"maxPv":10.962}
