{"generated":63.500001907348626,"consumed":7.37758984375,"exported":48.20000076293945,"imported":0.10000000149011612,"discharged":1.399999976158142,"maxPv":8.149}
