{"generated":44,"consumed":23.141646484375,"exported":22.5,"imported":5.099999904632568,"discharged":20,"maxPv":9.91}
