{"generated":19.100000381469727,"consumed":3.278565185546875,"exported":13,"imported":0,"discharged":2.0999999046325684,"maxPv":6.907}
