{"generated":23.499999523162842,"consumed":5.320064453125,"exported":15,"imported":0,"discharged":2.799999952316284,"maxPv":5.02}
