{"generated":2.600000023841858,"consumed":3.274821044921875,"exported":0,"imported":0,"discharged":1.899999976158142,"maxPv":1.842}
