{"generated":15.300000190734863,"consumed":3.614450927734375,"exported":9.100000381469727,"imported":0.10000000149011612,"discharged":2,"maxPv":6.74}
