{"generated":52.69999885559082,"consumed":13.099997617304332,"exported":37.4000015258789}
