{"generated":3.700000047683716,"consumed":2.4404208984375,"exported":0,"imported":0,"discharged":2.0999999046325684,"maxPv":5.746}
