{"generated":39.19999980926514,"consumed":4.5097890625,"exported":31.200000762939453,"imported":0.10000000149011612,"discharged":1.5,"maxPv":8.188}
