{"generated":52.20000076293945,"consumed":8.381716796875,"exported":21.100000381469727,"imported":1.100000023841858,"discharged":0.899999976158142,"maxPv":7.895}
