{"generated":0.10000000149011612,"consumed":2.003455322265625,"exported":0,"imported":1.7000000476837158,"discharged":0,"maxPv":0.162}
