{"generated":3.100000023841858,"consumed":4.52995751953125,"exported":0.10000000149011612,"imported":0.10000000149011612,"discharged":2.700000047683716,"maxPv":3.339}
