{"generated":0.5000000149011612,"consumed":2.400000013411045,"exported":0,"imported":0.10000000149011612,"discharged":2,"maxPv":0.696}
