{"generated":7.9999998807907104,"consumed":2.99516943359375,"exported":2.5999999046325684,"imported":0.10000000149011612,"discharged":1.600000023841858,"maxPv":8.293}
