{"generated":7.999999761581421,"consumed":5.599999666213989,"exported":0.10000000149011612}
