{"generated":0,"consumed":0.8463945922851562,"exported":0,"imported":0.4000000059604645,"discharged":0.5,"maxPv":0}
