{"generated":8.299999833106995,"consumed":6.9999998807907104,"exported":0.10000000149011612}
