{"generated":27.800000190734863,"consumed":2.858484375,"exported":1.7999999523162842,"imported":0.600000023841858,"discharged":0.699999988079071,"maxPv":7.115}
