{"generated":45.80000019073486,"consumed":10.6074111328125,"exported":12.300000190734863,"imported":1.5,"discharged":0.699999988079071,"maxPv":9.462}
