{"generated":57.500000953674316,"consumed":6.46139599609375,"exported":43.29999923706055,"imported":0.10000000149011612,"discharged":1.399999976158142,"maxPv":8.149}
