{"generated":54.90000057220459,"consumed":9.500000573694706,"exported":43}
