{"generated":21.90000057220459,"consumed":4.441775390625,"exported":12.699999809265137,"imported":0.10000000149011612,"discharged":1.600000023841858,"maxPv":8.838}
