{"generated":0,"consumed":1.6563970947265625,"exported":0,"imported":0.800000011920929,"discharged":0.800000011920929,"maxPv":0}
