{"generated":51.90000057220459,"consumed":4.15685693359375,"exported":44.70000076293945,"imported":0.10000000149011612,"discharged":1,"maxPv":11.339}
