{"generated":0,"consumed":1.536884033203125,"exported":0.10000000149011612,"imported":0.10000000149011612,"discharged":1.399999976158142,"maxPv":0.062}
