{"generated":33.10000038146973,"consumed":4.333982421875,"exported":25.299999237060547,"imported":0,"discharged":1.5,"maxPv":8.191}
