{"generated":25.09999990463257,"consumed":3.859811767578125,"exported":18.200000762939453,"imported":0,"discharged":1.5,"maxPv":7.81}
