{"generated":21.90000009536743,"consumed":8.11156591796875,"exported":0.10000000149011612,"imported":1.399999976158142,"discharged":0.699999988079071,"maxPv":7.692}
