{"generated":15.800000190734863,"consumed":3.44267724609375,"exported":9.800000190734863,"imported":0,"discharged":1.899999976158142,"maxPv":5.088}
