{"generated":0.6000000089406967,"consumed":2.13674658203125,"exported":0,"imported":1.5,"discharged":0,"maxPv":2.034}
