{"generated":30.59999990463257,"consumed":10.7420380859375,"exported":18.5,"imported":0.20000000298023224,"discharged":2.200000047683716,"maxPv":11.622}
