{"generated":17.59999990463257,"consumed":3.726762451171875,"exported":10,"imported":0,"discharged":1.399999976158142,"maxPv":7.054}
