{"generated":42.09999942779541,"consumed":21.199999429285526,"exported":16.399999618530273}
