{"generated":41.70000076293945,"consumed":32.90000090748072,"exported":5.900000095367432,"imported":0.10000000149011612,"discharged":1.7000000476837158,"maxPv":8.217}
