{"generated":2.1999999582767487,"consumed":2.42004443359375,"exported":0,"imported":0,"discharged":1.600000023841858,"maxPv":2.67}
