{"generated":0,"consumed":1.3487880859375,"exported":0.10000000149011612,"imported":0,"discharged":1.2000000476837158,"maxPv":0}
