{"generated":1.0000000149011612,"consumed":2.530041015625,"exported":0,"imported":1.899999976158142,"discharged":0,"maxPv":1.812}
