{"generated":15.000000238418579,"consumed":7.89869091796875,"exported":4.599999904632568,"imported":0,"discharged":3.299999952316284,"maxPv":11.611}
