{"generated":34.49999952316284,"consumed":2.96147607421875,"exported":28.899999618530273,"imported":0.10000000149011612,"discharged":1,"maxPv":11.339}
