{"generated":30.30000114440918,"consumed":8.5244033203125,"exported":0,"imported":1.399999976158142,"discharged":0.5,"maxPv":10.732}
