{"generated":24.600000381469727,"consumed":10.0541171875,"exported":6.5,"imported":0,"discharged":1.600000023841858,"maxPv":8.368}
