{"generated":68.10000133514404,"consumed":4.146671875,"exported":59.9000015258789,"imported":0.10000000149011612,"discharged":1.600000023841858,"maxPv":8.243}
