{"generated":6.199999928474426,"consumed":4.24893798828125,"exported":0,"imported":0.10000000149011612,"discharged":1.7999999523162842,"maxPv":4.293}
