{"generated":0.7000000178813934,"consumed":1.9740452880859376,"exported":0,"imported":0,"discharged":1.899999976158142,"maxPv":1.194}
