{"generated":10.400000095367432,"consumed":10.4490419921875,"exported":0,"imported":0.10000000149011612,"discharged":1.600000023841858,"maxPv":6.662}
