{"generated":23.100000381469727,"consumed":4.45634521484375,"exported":16.399999618530273,"imported":0,"discharged":2.5,"maxPv":4.309}
