{"generated":27.5,"consumed":17.099999964237213,"exported":5.300000190734863,"imported":0.300000011920929,"discharged":3.299999952316284,"maxPv":11.277}
