{"generated":2.800000011920929,"consumed":3.036501953125,"exported":0.10000000149011612,"imported":1.5,"discharged":0.300000011920929,"maxPv":5.548}
