{"generated":47.69999980926514,"consumed":17.402208984375,"exported":7.800000190734863,"imported":1.7999999523162842,"discharged":0,"maxPv":8.964}
