{"generated":13.800000190734863,"consumed":4.08055419921875,"exported":0,"imported":1.600000023841858,"discharged":0,"maxPv":6.459}
