{"generated":51.69999980926514,"consumed":30.58194921875,"exported":17.799999237060547,"imported":0.20000000298023224,"discharged":3.9000000953674316,"maxPv":11.673}
