{"generated":0.5000000149011612,"consumed":3.16466796875,"exported":0,"imported":0,"discharged":2.799999952316284,"maxPv":0.693}
