{"generated":50.59999942779541,"consumed":13.873384765625,"exported":33.4000015258789,"imported":0.10000000149011612,"discharged":2.299999952316284,"maxPv":11.674}
