{"generated":63.80000019073486,"consumed":29.321234375,"exported":31.5,"imported":0.10000000149011612,"discharged":1.7000000476837158,"maxPv":8.342}
