{"generated":11.799999952316284,"consumed":7.19999984651804,"exported":0.800000011920929}
