{"generated":29.200000762939453,"consumed":11.53309375,"exported":11.300000190734863,"imported":6.099999904632568,"discharged":11.899999618530273,"maxPv":7.996}
