{"generated":29.299999237060547,"consumed":5.699999190866947,"exported":20.5}
