{"generated":44.89999961853027,"consumed":10.391201171875,"exported":31,"imported":2,"discharged":20.100000381469727,"maxPv":8.086}
