{"generated":7.799999952316284,"consumed":2.6539482421875,"exported":3,"imported":0,"discharged":2.0999999046325684,"maxPv":5.746}
