{"generated":5.300000071525574,"consumed":2.40488720703125,"exported":0.600000023841858,"imported":0,"discharged":1.899999976158142,"maxPv":3.12}
