{"generated":33.69999980926514,"consumed":5.21569775390625,"exported":23.200000762939453,"imported":0.10000000149011612,"discharged":1.600000023841858,"maxPv":9.852}
