{"generated":11.799999713897705,"consumed":3.768044189453125,"exported":3.700000047683716,"imported":0.10000000149011612,"discharged":1.600000023841858,"maxPv":8.755}
