{"generated":16.59999990463257,"consumed":4.53994775390625,"exported":10.199999809265137,"imported":0,"discharged":2.5999999046325684,"maxPv":5.088}
