{"generated":24.700000762939453,"consumed":7.66212109375,"exported":0.699999988079071,"imported":0.10000000149011612,"discharged":2.9000000953674316,"maxPv":6.433}
