{"generated":45.000000953674316,"consumed":4.31963330078125,"exported":35.29999923706055,"imported":0.600000023841858,"discharged":19.600000381469727,"maxPv":7.115}
