{"generated":48.90000057220459,"consumed":6.82643701171875,"exported":18.200000762939453,"imported":1,"discharged":0.800000011920929,"maxPv":7.705}
