{"generated":35.40000057220459,"consumed":18.500000536441803,"exported":11.800000190734863,"imported":0.300000011920929,"discharged":3.299999952316284,"maxPv":11.277}
