{"generated":11.299999952316284,"consumed":4.5470029296875,"exported":0,"imported":1.5,"discharged":0,"maxPv":7.723}
