{"generated":1.300000011920929,"consumed":2.75609912109375,"exported":0,"imported":1.600000023841858,"discharged":0.300000011920929,"maxPv":2.16}
