{"generated":53.099998474121094,"consumed":13.9061962890625,"exported":35.70000076293945,"imported":0.10000000149011612,"discharged":1.7000000476837158,"maxPv":9.444}
