{"generated":63.5,"consumed":24.357869140625,"exported":33.20000076293945,"imported":0.10000000149011612,"discharged":2.5999999046325684,"maxPv":8.423}
