{"generated":58.10000038146973,"consumed":27.814828125,"exported":27.299999237060547,"imported":0.10000000149011612,"discharged":1.600000023841858,"maxPv":8.342}
