{"generated":38.20000076293945,"consumed":17.309287109375,"exported":19.299999237060547,"imported":2.799999952316284,"discharged":20.5,"maxPv":10.818}
