{"generated":14.100000381469727,"consumed":8.490322265625,"exported":0.10000000149011612,"imported":1.5,"discharged":0.20000000298023224,"maxPv":7.2}
