{"generated":36,"consumed":9.199999332427979,"exported":23.600000381469727}
