{"generated":66.0999984741211,"consumed":4.2169921875,"exported":58.0999984741211,"imported":0,"discharged":1.2999999523162842,"maxPv":8.382}
