{"generated":32.09999942779541,"consumed":6.999999977648258,"exported":22.299999237060547,"imported":0.10000000149011612,"discharged":1.899999976158142,"maxPv":9.138}
