{"generated":23.199999809265137,"consumed":3.9181025390625,"exported":12.199999809265137,"imported":0.10000000149011612,"discharged":1.7999999523162842,"maxPv":7.878}
