{"generated":0.10000000149011612,"consumed":1.6270614013671876,"exported":0,"imported":0.10000000149011612,"discharged":1.5,"maxPv":0.121}
