{"generated":1.5999999940395355,"consumed":2.591703125,"exported":0,"imported":0,"discharged":1.7000000476837158,"maxPv":1.623}
