{"generated":56,"consumed":37.700000144541264,"exported":15.5,"imported":0.10000000149011612,"discharged":1.7999999523162842,"maxPv":8.217}
