{"generated":18.199999809265137,"consumed":3.815954345703125,"exported":0.10000000149011612,"imported":1.5,"discharged":0.300000011920929,"maxPv":6.5}
