{"generated":0,"consumed":1.0454210205078125,"exported":0,"imported":0,"discharged":0.899999976158142,"maxPv":0}
