{"generated":8.499999761581421,"consumed":2.85266845703125,"exported":3.5,"imported":0,"discharged":2.0999999046325684,"maxPv":5.702}
