{"generated":21.5,"consumed":5.0182578125,"exported":4.400000095367432,"imported":0,"discharged":2.0999999046325684,"maxPv":8.27}
