{"generated":16.90000057220459,"consumed":4.035026611328125,"exported":8.199999809265137,"imported":0.10000000149011612,"discharged":1.600000023841858,"maxPv":8.838}
