{"generated":1.8000000417232513,"consumed":2.967651123046875,"exported":0,"imported":0.10000000149011612,"discharged":1.7999999523162842,"maxPv":2.613}
