{"generated":49.89999961853027,"consumed":6.3772744140625,"exported":20.5,"imported":1.600000023841858,"discharged":0,"maxPv":11.091}
