{"generated":0.4000000059604645,"consumed":2.4999999552965164,"exported":0.10000000149011612}
