{"generated":32.60000038146973,"consumed":13.691203125,"exported":18.700000762939453,"imported":5,"discharged":19,"maxPv":11.993}
