{"generated":11.90000033378601,"consumed":3.799999952316284,"exported":4.900000095367432}
