{"generated":23.800000190734863,"consumed":21.200000286102295,"exported":0.20000000298023224,"imported":0.20000000298023224,"discharged":2.4000000953674316,"maxPv":9.878}
