{"generated":52.69999885559082,"consumed":12.6999975219369,"exported":37.4000015258789}
