{"generated":25.59999942779541,"consumed":10.811619140625,"exported":13,"imported":0.10000000149011612,"discharged":4.199999809265137,"maxPv":9.138}
