{"generated":1.5999999940395355,"consumed":2.8772734375,"exported":0,"imported":0.10000000149011612,"discharged":1.600000023841858,"maxPv":2.353}
