{"generated":9.59999966621399,"consumed":5.52457568359375,"exported":3.4000000953674316,"imported":0,"discharged":3.799999952316284,"maxPv":7.131}
