{"generated":5.0000001192092896,"consumed":3.025361572265625,"exported":0,"imported":0,"discharged":1.7999999523162842,"maxPv":4.426}
