{"generated":5.100000023841858,"consumed":2.923296630859375,"exported":0.20000000298023224,"imported":0,"discharged":1.600000023841858,"maxPv":4.48}
