{"generated":61.59999942779541,"consumed":10.1119013671875,"exported":47,"imported":0,"discharged":1.600000023841858,"maxPv":8.128}
