{"generated":0,"consumed":0.48539382934570313,"exported":0,"imported":0,"discharged":0.699999988079071,"maxPv":0}
