{"generated":61.400001525878906,"consumed":15.134578125,"exported":43.29999923706055,"imported":0.10000000149011612,"discharged":3.5999999046325684,"maxPv":7.874}
