{"generated":7.600000023841858,"consumed":3.509916259765625,"exported":0,"imported":0.10000000149011612,"discharged":1.600000023841858,"maxPv":7.836}
