{"generated":53.30000019073486,"consumed":10.40916796875,"exported":37.4000015258789,"imported":1.2999999523162842,"discharged":19.5,"maxPv":5.88}
