{"generated":20.40000057220459,"consumed":12.0362939453125,"exported":6.800000190734863,"imported":0.10000000149011612,"discharged":4.800000190734863,"maxPv":6.16}
