{"generated":60.20000076293945,"consumed":31.385494140625,"exported":24.399999618530273,"imported":0.20000000298023224,"discharged":2.200000047683716,"maxPv":8.094}
