{"generated":35.40000057220459,"consumed":2.79360107421875,"exported":24,"imported":1.7999999523162842,"discharged":20.5,"maxPv":3.664}
