{"generated":0,"consumed":0.3999999985098839,"exported":0.10000000149011612,"imported":0,"discharged":0.5,"maxPv":0}
