{"generated":0,"consumed":1.56910888671875,"exported":0,"imported":0,"discharged":1.399999976158142,"maxPv":0.092}
