{"generated":54.90000057220459,"consumed":9.80000076442957,"exported":43}
