{"generated":15.900000095367432,"consumed":4.1539697265625,"exported":0,"imported":1.600000023841858,"discharged":0.300000011920929,"maxPv":7.22}
