{"generated":56.999999046325684,"consumed":12.619775390625,"exported":40.5999984741211,"imported":0.10000000149011612,"discharged":1.7000000476837158,"maxPv":8.024}
