{"generated":63.499999046325684,"consumed":14.6290458984375,"exported":44.70000076293945,"imported":0.10000000149011612,"discharged":1.600000023841858,"maxPv":9.258}
