{"generated":0,"consumed":1.8999999538064003,"exported":0,"imported":0.10000000149011612,"discharged":1.7999999523162842,"maxPv":0.402}
