{"generated":54.5,"consumed":8.500001668930047,"exported":42.5999984741211,"imported":0,"discharged":1.7999999523162842,"maxPv":7.723}
