{"generated":24.700000286102295,"consumed":4.9393193359375,"exported":0,"imported":1,"discharged":0.800000011920929,"maxPv":7.495}
