{"generated":53.29999923706055,"consumed":6.611654296875,"exported":42,"imported":0,"discharged":1.7999999523162842,"maxPv":10.96}
