{"generated":12.700000047683716,"consumed":5.28788720703125,"exported":0,"imported":1.899999976158142,"discharged":0,"maxPv":10.999}
