{"generated":66.19999980926514,"consumed":1.2996856689453125,"exported":58.4000015258789,"imported":0.10000000149011612,"discharged":1.5,"maxPv":1.05}
