{"generated":45.29999923706055,"consumed":4.98127734375,"exported":37.20000076293945,"imported":0.10000000149011612,"discharged":2.200000047683716,"maxPv":10.72}
