{"generated":46.10000038146973,"consumed":7.300001621246331,"exported":35.5999984741211}
