{"generated":65.80000019073486,"consumed":4.26449951171875,"exported":58,"imported":0.10000000149011612,"discharged":1.399999976158142,"maxPv":9.743}
