{"generated":0.4000000059604645,"consumed":1.9703828125,"exported":0,"imported":0,"discharged":1.600000023841858,"maxPv":0.609}
