{"generated":23.800000190734863,"consumed":6.6253974609375,"exported":14.199999809265137,"imported":0.10000000149011612,"discharged":1.7999999523162842,"maxPv":7.655}
