{"generated":49.30000019073486,"consumed":9.034810546875,"exported":34.70000076293945,"imported":1.7000000476837158,"discharged":19.399999618530273,"maxPv":7.66}
