{"generated":35.90000057220459,"consumed":3.892564208984375,"exported":22.399999618530273,"imported":2.5,"discharged":20.399999618530273,"maxPv":6.445}
