{"generated":12.599999904632568,"consumed":3.693386474609375,"exported":6.300000190734863,"imported":0.10000000149011612,"discharged":1.600000023841858,"maxPv":7.357}
