{"generated":35.90000057220459,"consumed":9.99307421875,"exported":22.399999618530273,"imported":13.600000381469727,"discharged":20.299999237060547,"maxPv":9.581}
