{"generated":66.19999885559082,"consumed":4.43286474609375,"exported":58.20000076293945,"imported":0.10000000149011612,"discharged":1.5,"maxPv":8.09}
