{"generated":17.899999618530273,"consumed":17.299999713897705,"exported":0}
