{"generated":57.19999885559082,"consumed":9.700000382959836,"exported":44.5999984741211}
