{"generated":0.10000000149011612,"consumed":1.562766845703125,"exported":0,"imported":0,"discharged":1.399999976158142,"maxPv":0.091}
