{"generated":44,"consumed":3.303637939453125,"exported":19.899999618530273,"imported":1.7999999523162842,"discharged":19.5,"maxPv":5.725}
