{"generated":0,"consumed":1.4359794921875,"exported":0,"imported":0,"discharged":1.2999999523162842,"maxPv":0.096}
