{"generated":67.30000019073486,"consumed":3.46143896484375,"exported":59.5,"imported":0.10000000149011612,"discharged":1.600000023841858,"maxPv":8.614}
