{"generated":50.79999923706055,"consumed":7.899998523294926,"exported":39.70000076293945}
