{"generated":5.100000023841858,"consumed":2.554552001953125,"exported":0.10000000149011612,"imported":1.2000000476837158,"discharged":0.5,"maxPv":4.5}
