{"generated":50.69999885559082,"consumed":21.999997712671757,"exported":23.700000762939453}
