{"generated":63.4000015258789,"consumed":18.44019921875,"exported":47,"imported":0.4000000059604645,"discharged":6.599999904632568,"maxPv":7.832}
