{"generated":44,"consumed":23.949908203125,"exported":22.5,"imported":5.099999904632568,"discharged":20.799999237060547,"maxPv":9.91}
