{"generated":52.60000038146973,"consumed":11.199999667704105,"exported":40.20000076293945}
