{"generated":0,"consumed":0.9115177001953125,"exported":0.10000000149011612,"imported":0.4000000059604645,"discharged":0.5,"maxPv":0}
