{"generated":63.69999980926514,"consumed":15.2790986328125,"exported":44.79999923706055,"imported":0.10000000149011612,"discharged":2,"maxPv":9.258}
