{"generated":26.499999523162842,"consumed":11.83458984375,"exported":13,"imported":0.10000000149011612,"discharged":4.5,"maxPv":9.138}
