{"generated":40.30000019073486,"consumed":6.68498486328125,"exported":28.399999618530273,"imported":0.10000000149011612,"discharged":1.899999976158142,"maxPv":9.852}
