{"generated":58.30000114440918,"consumed":18.901115234375,"exported":17.299999237060547,"imported":1.5,"discharged":0.10000000149011612,"maxPv":12.506}
