{"generated":62.69999980926514,"consumed":24.788142578125,"exported":37.5,"imported":0.10000000149011612,"discharged":4,"maxPv":8.197}
