{"generated":0,"consumed":1.668906982421875,"exported":0,"imported":1.100000023841858,"discharged":0.5,"maxPv":0}
