{"generated":0,"consumed":2.534599365234375,"exported":0.10000000149011612,"imported":0,"discharged":2.5,"maxPv":0.162}
