{"generated":63.4000015258789,"consumed":17.645236328125,"exported":47,"imported":0.4000000059604645,"discharged":5.800000190734863,"maxPv":7.832}
