{"generated":52.89999961853027,"consumed":13.51690625,"exported":30.600000381469727,"imported":0,"discharged":1.600000023841858,"maxPv":8.368}
