{"generated":29.499999046325684,"consumed":1.079306884765625,"exported":20,"imported":3.4000000953674316,"discharged":21.5,"maxPv":0}
