{"generated":0.10000000149011612,"consumed":1.9724805908203125,"exported":0,"imported":0,"discharged":1.7000000476837158,"maxPv":0.358}
