{"generated":28.200000286102295,"consumed":10.975947265625,"exported":0.10000000149011612,"imported":1.5,"discharged":0.20000000298023224,"maxPv":11.625}
