{"generated":3.4999999403953552,"consumed":2.8136611328125,"exported":0.10000000149011612,"imported":0.10000000149011612,"discharged":1.899999976158142,"maxPv":5.096}
