{"generated":3.5,"consumed":2.436518310546875,"exported":0,"imported":0,"discharged":2.0999999046325684,"maxPv":3.238}
