{"generated":18,"consumed":7.600000001490116,"exported":6.599999904632568}
