{"generated":21,"consumed":3.214769287109375,"exported":15,"imported":0,"discharged":1.899999976158142,"maxPv":4.649}
