{"generated":11.400000095367432,"consumed":4.68569482421875,"exported":3.799999952316284,"imported":0,"discharged":2.5999999046325684,"maxPv":5.196}
