{"generated":1.200000047683716,"consumed":2.305369140625,"exported":0.10000000149011612,"imported":1,"discharged":0.699999988079071,"maxPv":2.445}
