{"generated":64.10000038146973,"consumed":16.0074775390625,"exported":41.20000076293945,"imported":0,"discharged":3.700000047683716,"maxPv":8.368}
