{"generated":21.799999713897705,"consumed":4.97824462890625,"exported":15,"imported":0,"discharged":3.200000047683716,"maxPv":6.907}
