{"generated":16.899999618530273,"consumed":3.005484619140625,"exported":11.199999809265137,"imported":0,"discharged":1.899999976158142,"maxPv":4.709}
