{"generated":23.499999523162842,"consumed":5.4372333984375,"exported":16.700000762939453,"imported":0,"discharged":3.5999999046325684,"maxPv":4.709}
