{"generated":0,"consumed":1.952781005859375,"exported":0.10000000149011612,"imported":0,"discharged":2.0999999046325684,"maxPv":0.223}
