{"generated":62.70000076293945,"consumed":6.6366220703125,"exported":51.4000015258789,"imported":0,"discharged":1.5,"maxPv":8.191}
