{"generated":29.59999942779541,"consumed":2.880994384765625,"exported":3.700000047683716,"imported":1,"discharged":0.20000000298023224,"maxPv":9.279}
