{"generated":10.300000190734863,"consumed":9.5132431640625,"exported":0.600000023841858,"imported":0.10000000149011612,"discharged":1.7999999523162842,"maxPv":4.36}
