{"generated":3.100000023841858,"consumed":2.665383544921875,"exported":0.10000000149011612,"imported":1,"discharged":0.699999988079071,"maxPv":3.007}
