{"generated":39.400001525878906,"consumed":10.200002051889896,"exported":26.399999618530273}
