{"generated":57.80000019073486,"consumed":14.1675419921875,"exported":34.79999923706055,"imported":0,"discharged":1.600000023841858,"maxPv":8.368}
