{"generated":50.89999961853027,"consumed":6.400000333786011,"exported":41.29999923706055,"imported":0,"discharged":1.7999999523162842,"maxPv":7.892}
