{"generated":41.500000953674316,"consumed":4.435765625,"exported":21.799999237060547,"imported":1.600000023841858,"discharged":20.899999618530273,"maxPv":5.625}
