{"generated":16.59999990463257,"consumed":14.91636328125,"exported":0.20000000298023224,"imported":0.10000000149011612,"discharged":3.9000000953674316,"maxPv":7.616}
