{"generated":27.899999618530273,"consumed":30.688125,"exported":0.20000000298023224,"imported":0.300000011920929,"discharged":4.900000095367432,"maxPv":8.317}
