{"generated":46.29999923706055,"consumed":6.55429150390625,"exported":15.899999618530273,"imported":1,"discharged":0.800000011920929,"maxPv":7.705}
