{"generated":52.30000114440918,"consumed":9.600000478327274,"exported":40.20000076293945}
