{"generated":1.8000000417232513,"consumed":2.44358349609375,"exported":0,"imported":0.10000000149011612,"discharged":1.600000023841858,"maxPv":2.639}
