{"generated":55.80000114440918,"consumed":14.0606484375,"exported":38.4000015258789,"imported":0.10000000149011612,"discharged":2,"maxPv":8.083}
