{"generated":28,"consumed":9.960900390625,"exported":16.200000762939453,"imported":0,"discharged":3.799999952316284,"maxPv":5.02}
