{"generated":57.19999885559082,"consumed":10.100000478327267,"exported":44.5999984741211}
