{"generated":57.80000019073486,"consumed":14.4500654296875,"exported":41,"imported":0.20000000298023224,"discharged":4.599999904632568,"maxPv":8.176}
