{"generated":24.59999990463257,"consumed":4.82764306640625,"exported":14.800000190734863,"imported":0,"discharged":2.9000000953674316,"maxPv":4.705}
