{"generated":8.099999904632568,"consumed":3.471890625,"exported":0,"imported":1.600000023841858,"discharged":0,"maxPv":5.228}
