{"generated":3.6999999284744263,"consumed":2.59127734375,"exported":0,"imported":1.600000023841858,"discharged":0,"maxPv":3.733}
