{"generated":65.80000019073486,"consumed":3.888223388671875,"exported":58,"imported":0.10000000149011612,"discharged":1,"maxPv":9.743}
