{"generated":44,"consumed":7.94932568359375,"exported":19.899999618530273,"imported":3.4000000953674316,"discharged":20.299999237060547,"maxPv":8.002}
