{"generated":53.10000038146973,"consumed":6.5288427734375,"exported":42.29999923706055,"imported":0.10000000149011612,"discharged":1.5,"maxPv":8.109}
