{"generated":16.59999990463257,"consumed":5.05175439453125,"exported":10.199999809265137,"imported":0,"discharged":3.0999999046325684,"maxPv":5.088}
