{"generated":13.899999856948853,"consumed":5.28084375,"exported":5.699999809265137,"imported":0,"discharged":2.5999999046325684,"maxPv":5.196}
