{"generated":32.500000953674316,"consumed":7.523068359375,"exported":20.700000762939453,"imported":0,"discharged":1.600000023841858,"maxPv":10.168}
