{"generated":21.799999713897705,"consumed":4.47661669921875,"exported":15,"imported":0,"discharged":2.700000047683716,"maxPv":6.907}
