{"generated":0.30000000447034836,"consumed":6.59540478515625,"exported":0.10000000149011612,"imported":0.10000000149011612,"discharged":2.0999999046325684,"maxPv":0.576}
