{"generated":64.8000020980835,"consumed":43.017921875,"exported":38.29999923706055,"imported":1.399999976158142,"discharged":5.599999904632568,"maxPv":11.68}
