{"generated":39.89999961853027,"consumed":2.041714599609375,"exported":24.700000762939453,"imported":2,"discharged":20.700000762939453,"maxPv":1.012}
