{"generated":24.600000381469727,"consumed":23.411705078125,"exported":0.10000000149011612,"imported":0.10000000149011612,"discharged":1.7000000476837158,"maxPv":8.609}
