{"generated":0,"consumed":0.7334826049804688,"exported":0,"imported":0.699999988079071,"discharged":0,"maxPv":0}
