{"generated":47.90000057220459,"consumed":11.3142421875,"exported":33,"imported":0.10000000149011612,"discharged":1.7000000476837158,"maxPv":8.024}
