{"generated":0.30000000447034836,"consumed":2.30199951171875,"exported":0,"imported":1.600000023841858,"discharged":0.300000011920929,"maxPv":0.652}
