{"generated":23.09999990463257,"consumed":4.0970712890625,"exported":15.300000190734863,"imported":0,"discharged":1.600000023841858,"maxPv":10.96}
