{"generated":48.19999980926514,"consumed":7.20163525390625,"exported":18.299999237060547,"imported":1.100000023841858,"discharged":0.899999976158142,"maxPv":7.895}
