{"generated":0.10000000149011612,"consumed":1.8618670654296876,"exported":0,"imported":0,"discharged":1.5,"maxPv":0.347}
