{"generated":37.90000057220459,"consumed":7.1999999061226845,"exported":27.700000762939453}
