{"generated":22.300000190734863,"consumed":3.72753466796875,"exported":15.600000381469727,"imported":0,"discharged":1.899999976158142,"maxPv":6.162}
