{"generated":39.000000953674316,"consumed":4.5455673828125,"exported":30.5,"imported":0.10000000149011612,"discharged":1.7000000476837158,"maxPv":9.444}
