{"generated":59.500000953674316,"consumed":10.400427734375,"exported":45.20000076293945,"imported":0.10000000149011612,"discharged":1.7999999523162842,"maxPv":8.052}
