{"generated":64.30000114440918,"consumed":8.4173671875,"exported":52,"imported":0.10000000149011612,"discharged":2.0999999046325684,"maxPv":8.109}
