{"generated":28.800000190734863,"consumed":8.8163251953125,"exported":16,"imported":0.10000000149011612,"discharged":5.099999904632568,"maxPv":5.707}
