{"generated":20.199999809265137,"consumed":5.599999405443668,"exported":11.800000190734863,"imported":0.10000000149011612,"discharged":1.899999976158142,"maxPv":9.138}
