{"generated":48.70000076293945,"consumed":23.1607734375,"exported":22.100000381469727,"imported":2.9000000953674316,"discharged":18.899999618530273,"maxPv":7.883}
