{"generated":25.799999713897705,"consumed":4.8150439453125,"exported":0,"imported":1.5,"discharged":0,"maxPv":7.812}
