{"generated":26.5,"consumed":9.0343984375,"exported":7.400000095367432,"imported":1.899999976158142,"discharged":9.300000190734863,"maxPv":5.151}
