{"generated":0.800000011920929,"consumed":2.5000000074505806,"exported":0}
