{"generated":1.8000000417232513,"consumed":2.41139013671875,"exported":0,"imported":0,"discharged":1.5,"maxPv":3.038}
