{"generated":20.800000190734863,"consumed":6.84578271484375,"exported":17.700000762939453,"imported":13.399999618530273,"discharged":20.100000381469727,"maxPv":8.331}
