{"generated":42.39999961853027,"consumed":19.69999871402979,"exported":17.200000762939453}
