{"generated":65.49999809265137,"consumed":1.8851278076171876,"exported":57.5,"imported":0.10000000149011612,"discharged":1.600000023841858,"maxPv":6.412}
