{"generated":37.09999942779541,"consumed":17.59740625,"exported":0.10000000149011612,"imported":1.2999999523162842,"discharged":0.899999976158142,"maxPv":8.75}
