{"generated":12.799999952316284,"consumed":6.600000001490116,"exported":3.4000000953674316}
