{"generated":4.6000001430511475,"consumed":3.409406005859375,"exported":0,"imported":0.10000000149011612,"discharged":1.899999976158142,"maxPv":4.258}
