{"generated":48.20000076293945,"consumed":17.085380859375,"exported":9.100000381469727,"imported":1.5,"discharged":0,"maxPv":12.506}
