{"generated":30.699999809265137,"consumed":9.2913154296875,"exported":0.300000011920929,"imported":2.5999999046325684,"discharged":0.800000011920929,"maxPv":10.818}
