{"generated":42.400001525878906,"consumed":6.266001953125,"exported":12.399999618530273,"imported":1,"discharged":0.800000011920929,"maxPv":7.705}
