{"generated":9.900000095367432,"consumed":8.9514140625,"exported":0,"imported":0.10000000149011612,"discharged":1.600000023841858,"maxPv":5.874}
