{"generated":6.199999928474426,"consumed":3.3279345703125,"exported":1.100000023841858,"imported":0.10000000149011612,"discharged":2.200000047683716,"maxPv":8.253}
