{"generated":6.399999976158142,"consumed":3.287478515625,"exported":0.699999988079071,"imported":0.10000000149011612,"discharged":1.600000023841858,"maxPv":5.397}
