{"generated":0.5000000149011612,"consumed":1.2410511474609376,"exported":0,"imported":0.10000000149011612,"discharged":0.899999976158142,"maxPv":1.23}
