{"generated":0,"consumed":1.4421314697265626,"exported":0,"imported":1.2999999523162842,"discharged":0,"maxPv":0}
