{"generated":61.39999961853027,"consumed":11.2575615234375,"exported":45.79999923706055,"imported":0,"discharged":2,"maxPv":8.064}
