{"generated":0,"consumed":1.5872791748046875,"exported":0.10000000149011612,"imported":0,"discharged":1.600000023841858,"maxPv":0}
