{"generated":12.400000095367432,"consumed":2.82970263671875,"exported":7.099999904632568,"imported":0,"discharged":1.2999999523162842,"maxPv":11.65}
