{"generated":60.20000076293945,"consumed":32.090162109375,"exported":24.399999618530273,"imported":0.20000000298023224,"discharged":2.9000000953674316,"maxPv":8.094}
