{"generated":4.199999928474426,"consumed":2.517359619140625,"exported":0.10000000149011612,"imported":0,"discharged":2.0999999046325684,"maxPv":3.555}
