{"generated":52.60000038146973,"consumed":34.8867265625,"exported":18.100000381469727,"imported":5.400000095367432,"discharged":21.899999618530273,"maxPv":8.75}
