{"generated":18,"consumed":4.400000095367432,"exported":10.399999618530273}
