{"generated":49.29999923706055,"consumed":8.12523828125,"exported":36.20000076293945,"imported":1,"discharged":20.399999618530273,"maxPv":7.39}
