{"generated":56.69999980926514,"consumed":11.837861328125,"exported":31,"imported":1.600000023841858,"discharged":9.699999809265137,"maxPv":7.754}
