{"generated":35.19999980926514,"consumed":4.0584990234375,"exported":8.300000190734863,"imported":1.600000023841858,"discharged":0,"maxPv":7.754}
