{"generated":49.60000038146973,"consumed":12.2393056640625,"exported":33.4000015258789,"imported":0.10000000149011612,"discharged":1.7999999523162842,"maxPv":11.674}
