{"generated":53.39999961853027,"consumed":6.9617099609375,"exported":42,"imported":0,"discharged":2.0999999046325684,"maxPv":10.96}
