{"generated":33.09999942779541,"consumed":0.9078926391601563,"exported":23.5,"imported":0.10000000149011612,"discharged":4.5,"maxPv":0}
