{"generated":35.29999876022339,"consumed":16.95270703125,"exported":19.899999618530273,"imported":0.10000000149011612,"discharged":3.700000047683716,"maxPv":11.35}
