{"generated":0,"consumed":0.9218435668945313,"exported":0,"imported":0,"discharged":0.800000011920929,"maxPv":0}
