{"generated":24.799999713897705,"consumed":13.124953125,"exported":12.199999809265137,"imported":0.10000000149011612,"discharged":6.300000190734863,"maxPv":8.386}
