{"generated":22.300000190734863,"consumed":4.4557314453125,"exported":0.10000000149011612,"imported":1.100000023841858,"discharged":0.699999988079071,"maxPv":10.818}
