{"generated":15.200000286102295,"consumed":8.9116416015625,"exported":0.800000011920929,"imported":0.10000000149011612,"discharged":1.7000000476837158,"maxPv":7.162}
