{"generated":12.000000238418579,"consumed":5.799999952316284,"exported":3}
