{"generated":0.20000000298023224,"consumed":1.946158447265625,"exported":0.10000000149011612,"imported":0,"discharged":1.600000023841858,"maxPv":0.55}
