{"generated":52.499999046325684,"consumed":21.8580703125,"exported":24,"imported":0.10000000149011612,"discharged":1.7000000476837158,"maxPv":8.423}
