{"generated":57,"consumed":7.34516162109375,"exported":36.4000015258789,"imported":0,"discharged":2.0999999046325684,"maxPv":8.27}
