{"generated":0.10000000149011612,"consumed":1.864484130859375,"exported":0,"imported":0.899999976158142,"discharged":0.800000011920929,"maxPv":0.276}
