{"generated":0.5000000149011612,"consumed":2.473772705078125,"exported":0,"imported":0,"discharged":1.899999976158142,"maxPv":0.916}
