{"generated":2.800000011920929,"consumed":3.099999964237213,"exported":0.10000000149011612}
