{"generated":1.4000000357627869,"consumed":2.865298095703125,"exported":0.10000000149011612,"imported":0,"discharged":2,"maxPv":1.557}
