{"generated":61.90000057220459,"consumed":11.056005859375,"exported":47,"imported":0.10000000149011612,"discharged":1.899999976158142,"maxPv":8.052}
