{"generated":9.400000095367432,"consumed":3.794813232421875,"exported":0.10000000149011612,"imported":1.2000000476837158,"discharged":0.899999976158142,"maxPv":8.228}
