{"generated":50.90000057220459,"consumed":32.78215625,"exported":0.20000000298023224,"imported":4.5,"discharged":2.5,"maxPv":8.75}
