{"generated":37.80000019073486,"consumed":7.7201953125,"exported":22.799999237060547,"imported":0.10000000149011612,"discharged":1.5,"maxPv":10.457}
