{"generated":0.20000000298023224,"consumed":1.828516845703125,"exported":0,"imported":0,"discharged":1.899999976158142,"maxPv":0.234}
