{"generated":58.500000953674316,"consumed":6.30344287109375,"exported":46.70000076293945,"imported":0,"discharged":1.399999976158142,"maxPv":8.066}
