{"generated":53.39999961853027,"consumed":4.098064453125,"exported":45,"imported":0,"discharged":1.2999999523162842,"maxPv":11.65}
