{"generated":40.80000019073486,"consumed":21.100000955164433,"exported":19.299999237060547}
