{"generated":27.899999618530273,"consumed":5.099999286234379,"exported":19.600000381469727}
