{"generated":52.20000076293945,"consumed":9.86261328125,"exported":38.79999923706055,"imported":1.100000023841858,"discharged":20.700000762939453,"maxPv":7.895}
