{"generated":30.300000190734863,"consumed":4.7170107421875,"exported":13.899999618530273,"imported":3.5999999046325684,"discharged":10.100000381469727,"maxPv":10.962}
