{"generated":20.799999713897705,"consumed":3.461725341796875,"exported":14.300000190734863,"imported":0.10000000149011612,"discharged":1.600000023841858,"maxPv":7.204}
