{"generated":20.59999942779541,"consumed":4.799999572336674,"exported":11.399999618530273}
