{"generated":36.20000076293945,"consumed":18.700001299381256,"exported":12.399999618530273,"imported":0.300000011920929,"discharged":3.299999952316284,"maxPv":11.277}
