{"generated":49.59999942779541,"consumed":13.899998620152473,"exported":32.70000076293945}
