{"generated":4.300000071525574,"consumed":3.114322509765625,"exported":0,"imported":0.10000000149011612,"discharged":2,"maxPv":5.04}
