{"generated":61.400001525878906,"consumed":15.4976884765625,"exported":43.29999923706055,"imported":0.10000000149011612,"discharged":4,"maxPv":7.874}
