{"generated":12.299999952316284,"consumed":4.100000239908695,"exported":5.199999809265137}
