{"generated":38.89999961853027,"consumed":6.899999618530273,"exported":29}
