{"generated":0,"consumed":0.4262926025390625,"exported":0,"imported":0,"discharged":0.4000000059604645,"maxPv":0}
