{"generated":45.000000953674316,"consumed":4.5937001953125,"exported":35.29999923706055,"imported":0.600000023841858,"discharged":19.899999618530273,"maxPv":7.115}
