{"generated":63.999998092651374,"consumed":7.65845263671875,"exported":49.70000076293945,"imported":0.10000000149011612,"discharged":3.9000000953674316,"maxPv":8.17}
