{"generated":56.69999980926514,"consumed":33.34303125,"exported":2.799999952316284,"imported":2.700000047683716,"discharged":0.300000011920929,"maxPv":11.625}
