{"generated":1.9000000059604645,"consumed":3.3661025390625,"exported":0,"imported":0.10000000149011612,"discharged":1.7999999523162842,"maxPv":1.894}
