{"generated":38.40000057220459,"consumed":3.254759033203125,"exported":11.600000381469727,"imported":0.600000023841858,"discharged":0.699999988079071,"maxPv":7.115}
