{"generated":30.300000190734863,"consumed":3.952923583984375,"exported":22.299999237060547,"imported":0.10000000149011612,"discharged":1.899999976158142,"maxPv":10.603}
