{"generated":46.90000057220459,"consumed":6.270556640625,"exported":36.70000076293945,"imported":0.10000000149011612,"discharged":1.5,"maxPv":8.109}
