{"generated":2.0000000298023224,"consumed":2.1999999582767487,"exported":0,"imported":0,"discharged":1.7999999523162842,"maxPv":3.856}
