{"generated":27.5,"consumed":7.42857958984375,"exported":31.200000762939453,"imported":0,"discharged":21.399999618530273,"maxPv":4.857}
