{"generated":0,"consumed":1.7910706787109374,"exported":0,"imported":1.600000023841858,"discharged":0,"maxPv":0.296}
