{"generated":65.49999904632568,"consumed":7.3082490234375,"exported":57.0999984741211,"imported":2.4000000953674316,"discharged":5.599999904632568,"maxPv":8.051}
