{"generated":0,"consumed":1.2703165283203126,"exported":0.10000000149011612,"imported":0,"discharged":1.2999999523162842,"maxPv":0}
