{"generated":13.199999809265137,"consumed":2.895876953125,"exported":7.599999904632568,"imported":0,"discharged":1.899999976158142,"maxPv":5.659}
