{"generated":42,"consumed":12.800000287592411,"exported":27.899999618530273}
