{"generated":24.800000190734863,"consumed":21.254236328125,"exported":0.699999988079071,"imported":6.099999904632568,"discharged":6,"maxPv":7.661}
