{"generated":14,"consumed":3.221751708984375,"exported":7.900000095367432,"imported":0.10000000149011612,"discharged":1.600000023841858,"maxPv":6.601}
