{"generated":4.5000001192092896,"consumed":2.8000000715255737,"exported":0.10000000149011612,"imported":0.10000000149011612,"discharged":1.7999999523162842,"maxPv":7.1}
