{"generated":16.59999990463257,"consumed":5.30084765625,"exported":10.199999809265137,"imported":0,"discharged":3.299999952316284,"maxPv":5.088}
