{"generated":22.700000286102295,"consumed":10.3521494140625,"exported":6.599999904632568,"imported":0.10000000149011612,"discharged":1.7000000476837158,"maxPv":8.029}
