{"generated":49.60000133514404,"consumed":12.721779296875,"exported":34.5999984741211,"imported":2.5,"discharged":21.299999237060547,"maxPv":10.732}
