{"generated":10.700000047683716,"consumed":3.7766533203125,"exported":0,"imported":1.5,"discharged":0.5,"maxPv":8.892}
