{"generated":59.10000038146973,"consumed":27.673841796875,"exported":28.200000762939453,"imported":0.20000000298023224,"discharged":1.7999999523162842,"maxPv":7.998}
