{"generated":38.09999942779541,"consumed":9.1708095703125,"exported":25.399999618530273,"imported":0,"discharged":3.299999952316284,"maxPv":11.87}
