{"generated":49,"consumed":6.07732861328125,"exported":19.799999237060547,"imported":1.600000023841858,"discharged":0,"maxPv":11.091}
