{"generated":0,"consumed":0.26569973754882814,"exported":0,"imported":0,"discharged":0.20000000298023224,"maxPv":0}
