{"generated":62.69999885559082,"consumed":21.40789453125,"exported":38.9000015258789,"imported":0.10000000149011612,"discharged":2.4000000953674316,"maxPv":8.048}
