{"generated":52.89999961853027,"consumed":25.999999433755875,"exported":22.5}
