{"generated":30.5,"consumed":10.394755859375,"exported":18.700000762939453,"imported":0.10000000149011612,"discharged":4.699999809265137,"maxPv":0}
