{"generated":28.399999618530273,"consumed":8.66284765625,"exported":15.899999618530273,"imported":0.10000000149011612,"discharged":5.300000190734863,"maxPv":6.786}
