{"generated":28.999999523162842,"consumed":10.417365234375,"exported":4.800000190734863,"imported":0.10000000149011612,"discharged":5.199999809265137,"maxPv":8.436}
