{"generated":55.10000038146973,"consumed":10.458669921875,"exported":21.5,"imported":1.600000023841858,"discharged":0,"maxPv":7.754}
