{"generated":66,"consumed":3.73260546875,"exported":58.0999984741211,"imported":0,"discharged":0.899999976158142,"maxPv":8.382}
