{"generated":46.19999980926514,"consumed":8.3055615234375,"exported":34.4000015258789,"imported":0.10000000149011612,"discharged":1.899999976158142,"maxPv":12.245}
