{"generated":64.89999866485596,"consumed":8.1539638671875,"exported":51.5999984741211,"imported":0.10000000149011612,"discharged":1.600000023841858,"maxPv":8.066}
