{"generated":24.40000009536743,"consumed":21.54675390625,"exported":0.600000023841858,"imported":0.10000000149011612,"discharged":4.599999904632568,"maxPv":5.012}
