{"generated":55.5,"consumed":7.8000006675720215,"exported":44.79999923706055,"imported":0,"discharged":2.0999999046325684,"maxPv":7.892}
