{"generated":20,"consumed":1.68939990234375,"exported":3.9000000953674316,"imported":0.10000000149011612,"discharged":5.300000190734863,"maxPv":0}
