{"generated":3.800000011920929,"consumed":4.9571943359375,"exported":0.10000000149011612,"imported":0,"discharged":2.0999999046325684,"maxPv":7.595}
