{"generated":42.500000953674316,"consumed":8.0010810546875,"exported":31,"imported":0.10000000149011612,"discharged":1.899999976158142,"maxPv":12.245}
