{"generated":0.800000011920929,"consumed":2.300000011920929,"exported":0}
