{"generated":62.69999980926514,"consumed":23.577892578125,"exported":37.5,"imported":0.10000000149011612,"discharged":2.799999952316284,"maxPv":8.197}
