{"generated":62.9000015258789,"consumed":14.250375,"exported":45.20000076293945,"imported":0.10000000149011612,"discharged":1.7000000476837158,"maxPv":7.832}
