{"generated":35.39999961853027,"consumed":14.635705078125,"exported":0.10000000149011612,"imported":1.5,"discharged":0.300000011920929,"maxPv":11.625}
