{"generated":51.89999961853027,"consumed":7.81108203125,"exported":21.299999237060547,"imported":1.600000023841858,"discharged":0.20000000298023224,"maxPv":10.328}
