{"generated":52.80000019073486,"consumed":19.09999990463257,"exported":33}
