{"generated":35.80000019073486,"consumed":14.071939453125,"exported":0.20000000298023224,"imported":1.5,"discharged":0,"maxPv":12.506}
