{"generated":68.1999979019165,"consumed":0.9358323974609375,"exported":60.0999984741211,"imported":0,"discharged":1.600000023841858,"maxPv":0}
