{"generated":9.599999904632568,"consumed":4.15778369140625,"exported":2.4000000953674316,"imported":0.10000000149011612,"discharged":1.899999976158142,"maxPv":5.685}
