{"generated":46.39999866485596,"consumed":16.6860703125,"exported":26.799999237060547,"imported":0,"discharged":1.7000000476837158,"maxPv":8.048}
