{"generated":33.80000019073486,"consumed":8.8627587890625,"exported":21.600000381469727,"imported":0,"discharged":3.299999952316284,"maxPv":11.87}
