{"generated":0,"consumed":0.7860203247070312,"exported":0,"imported":0,"discharged":0.800000011920929,"maxPv":0}
