{"generated":1.5999999940395355,"consumed":1.8344239501953126,"exported":0,"imported":0.10000000149011612,"discharged":1,"maxPv":1.633}
