{"generated":39.499999046325684,"consumed":6.399999238550663,"exported":30,"imported":0.10000000149011612,"discharged":2,"maxPv":10.162}
