{"generated":35,"consumed":8.0249794921875,"exported":23.799999237060547,"imported":0.10000000149011612,"discharged":6.599999904632568,"maxPv":5.793}
