{"generated":0.10000000149011612,"consumed":1.9236455078125,"exported":0,"imported":0.899999976158142,"discharged":0.899999976158142,"maxPv":0.225}
