{"generated":0.5000000149011612,"consumed":2.3999999165534973,"exported":0}
