{"generated":35.000000953674316,"consumed":2.78940185546875,"exported":22.200000762939453,"imported":4.400000095367432,"discharged":20.200000762939453,"maxPv":2.802}
