{"generated":35.79999923706055,"consumed":7.571796875,"exported":25,"imported":0.10000000149011612,"discharged":1.600000023841858,"maxPv":7.846}
