{"generated":44.60000038146973,"consumed":3.187543701171875,"exported":18.600000381469727,"imported":2.5,"discharged":20.799999237060547,"maxPv":5.825}
