{"generated":11.899999856948853,"consumed":3.87827392578125,"exported":0,"imported":1,"discharged":0.800000011920929,"maxPv":5.764}
