{"generated":30.09999942779541,"consumed":16.39999933540821,"exported":10.699999809265137}
