{"generated":51.69999980926514,"consumed":30.163560546875,"exported":17.799999237060547,"imported":0.20000000298023224,"discharged":3.5,"maxPv":11.673}
