{"generated":32.79999923706055,"consumed":2.369672119140625,"exported":27.600000381469727,"imported":0.10000000149011612,"discharged":0.899999976158142,"maxPv":8.77}
