{"generated":0.4000000059604645,"consumed":1.8960252685546874,"exported":0,"imported":0,"discharged":1.5,"maxPv":0.818}
