{"generated":64.8000020980835,"consumed":3.024085205078125,"exported":56.70000076293945,"imported":0.10000000149011612,"discharged":1.600000023841858,"maxPv":5.824}
