{"generated":49.999999046325684,"consumed":7.71047119140625,"exported":38.29999923706055,"imported":0.10000000149011612,"discharged":2.799999952316284,"maxPv":10.415}
