{"generated":9.799999713897705,"consumed":7.60598291015625,"exported":0.10000000149011612,"imported":0,"discharged":3.299999952316284,"maxPv":5.851}
