{"generated":45.10000038146973,"consumed":20.19373828125,"exported":12.199999809265137,"imported":1.7000000476837158,"discharged":10,"maxPv":11.245}
