{"generated":0.5000000149011612,"consumed":3.544035888671875,"exported":0,"imported":0.10000000149011612,"discharged":3,"maxPv":0.763}
