{"generated":49.60000133514404,"consumed":12.018580078125,"exported":34.5999984741211,"imported":1.7999999523162842,"discharged":21.299999237060547,"maxPv":10.732}
