{"generated":21.699999809265137,"consumed":6.26533837890625,"exported":9.800000190734863,"imported":0.10000000149011612,"discharged":5.300000190734863,"maxPv":6.786}
