{"generated":37.39999961853027,"consumed":4.6635537109375,"exported":28.5,"imported":0,"discharged":1.600000023841858,"maxPv":10.96}
