{"generated":30.59999990463257,"consumed":13.574671875,"exported":15.300000190734863,"imported":0.10000000149011612,"discharged":5.199999809265137,"maxPv":8.436}
