{"generated":55.30000019073486,"consumed":10.045650390625,"exported":21.700000762939453,"imported":0.899999976158142,"discharged":0.899999976158142,"maxPv":7.782}
