{"generated":32.10000038146973,"consumed":25.43450390625,"exported":4.900000095367432,"imported":0.10000000149011612,"discharged":1.600000023841858,"maxPv":8.342}
