{"generated":0,"consumed":0.33031472778320314,"exported":0,"imported":0,"discharged":0.300000011920929,"maxPv":0}
