{"generated":40.80000019073486,"consumed":19.287037109375,"exported":0.20000000298023224,"imported":2.799999952316284,"discharged":0.300000011920929,"maxPv":7.883}
