{"generated":47.10000038146973,"consumed":18.75000390625,"exported":24.600000381469727,"imported":1.399999976158142,"discharged":20.299999237060547,"maxPv":7.692}
