{"generated":4.600000023841858,"consumed":3.32130615234375,"exported":0,"imported":1.399999976158142,"discharged":0.5,"maxPv":5.992}
