{"generated":40.69999980926514,"consumed":6.99747705078125,"exported":28.600000381469727,"imported":0.10000000149011612,"discharged":1.899999976158142,"maxPv":9.852}
