{"generated":52.500000953674316,"consumed":7.5159619140625,"exported":21.299999237060547,"imported":1.600000023841858,"discharged":0.699999988079071,"maxPv":7.935}
