{"generated":49.000000953674316,"consumed":10.8596923828125,"exported":36.20000076293945,"imported":0.10000000149011612,"discharged":3.5,"maxPv":12.245}
