{"generated":0,"consumed":1.13735791015625,"exported":0,"imported":0.300000011920929,"discharged":0.800000011920929,"maxPv":0}
