{"generated":15.5,"consumed":3.668514404296875,"exported":9.100000381469727,"imported":0.10000000149011612,"discharged":1.7000000476837158,"maxPv":9.444}
