{"generated":21.5,"consumed":3.695392333984375,"exported":14.800000190734863,"imported":0,"discharged":2.0999999046325684,"maxPv":6.907}
