{"generated":15.500000238418579,"consumed":3.82382275390625,"exported":8.300000190734863,"imported":0,"discharged":1.600000023841858,"maxPv":10.96}
