{"generated":24.499999523162842,"consumed":7.71255712890625,"exported":17.700000762939453,"imported":13.399999618530273,"discharged":20.100000381469727,"maxPv":8.331}
