{"generated":0.10000000149011612,"consumed":1.7083782958984375,"exported":0,"imported":0,"discharged":1.899999976158142,"maxPv":0.111}
