{"generated":22.90000009536743,"consumed":3.69033740234375,"exported":16.299999237060547,"imported":0,"discharged":2,"maxPv":4.309}
