{"generated":0,"consumed":0.2658604736328125,"exported":0,"imported":0.20000000298023224,"discharged":0,"maxPv":0}
