{"generated":47.80000114440918,"consumed":10.383697265625,"exported":33.20000076293945,"imported":0.10000000149011612,"discharged":1.7999999523162842,"maxPv":11.674}
