{"generated":33.100000858306885,"consumed":10.7420380859375,"exported":19.899999618530273,"imported":0.20000000298023224,"discharged":5.400000095367432,"maxPv":11.622}
