{"generated":55.70000076293945,"consumed":3.351801513671875,"exported":48.70000076293945,"imported":0,"discharged":1,"maxPv":9.945}
