{"generated":10.600000143051147,"consumed":3.140263427734375,"exported":5.199999809265137,"imported":0,"discharged":2.0999999046325684,"maxPv":6.203}
