{"generated":28.999999523162842,"consumed":5.11916064453125,"exported":1.7999999523162842,"imported":1.899999976158142,"discharged":0,"maxPv":10.016}
