{"generated":33.10000038146973,"consumed":25.133044921875,"exported":4,"imported":0.300000011920929,"discharged":15.5,"maxPv":0}
