{"generated":0.4000000059604645,"consumed":2.162621826171875,"exported":0,"imported":1,"discharged":0.800000011920929,"maxPv":1.109}
