{"generated":59.5,"consumed":3.07122607421875,"exported":52,"imported":0.10000000149011612,"discharged":1.5,"maxPv":8.165}
