{"generated":5.399999976158142,"consumed":3.36715771484375,"exported":0,"imported":1.7999999523162842,"discharged":0,"maxPv":4.03}
