{"generated":24.5,"consumed":4.06822509765625,"exported":17.299999237060547,"imported":0.10000000149011612,"discharged":1.5,"maxPv":7.446}
