{"generated":19.09999990463257,"consumed":17.641361328125,"exported":0.20000000298023224,"imported":0.20000000298023224,"discharged":5.400000095367432,"maxPv":6.519}
