{"generated":57.90000057220459,"consumed":21.505130859375,"exported":33.20000076293945,"imported":0.10000000149011612,"discharged":2,"maxPv":7.846}
