{"generated":16.799999713897705,"consumed":15.6241982421875,"exported":0.10000000149011612,"imported":0.10000000149011612,"discharged":1.7000000476837158,"maxPv":6.93}
