{"generated":9.900000095367432,"consumed":7.78041552734375,"exported":0.10000000149011612,"imported":0.10000000149011612,"discharged":2.9000000953674316,"maxPv":7.002}
