{"generated":0,"consumed":1.682209716796875,"exported":0.10000000149011612,"imported":1.100000023841858,"discharged":0.5,"maxPv":0.171}
