{"generated":6.300000071525574,"consumed":3.11525732421875,"exported":1,"imported":0,"discharged":2.200000047683716,"maxPv":7.131}
