{"generated":17.5,"consumed":3.933854248046875,"exported":11.399999618530273,"imported":0.10000000149011612,"discharged":2.200000047683716,"maxPv":10.72}
