{"generated":42.39999961853027,"consumed":19.799999095499516,"exported":17.100000381469727}
