{"generated":0,"consumed":0.49956454467773437,"exported":0,"imported":0.10000000149011612,"discharged":0.4000000059604645,"maxPv":0}
