{"generated":23.5,"consumed":14.200000002980232,"exported":5.699999809265137}
