{"generated":31.19999933242798,"consumed":12.1354248046875,"exported":0.600000023841858,"imported":4.900000095367432,"discharged":0,"maxPv":11.993}
