{"generated":39.19999980926514,"consumed":18.228712890625,"exported":20.5,"imported":4.599999904632568,"discharged":20,"maxPv":10.657}
