{"generated":0.20000000298023224,"consumed":1.981058349609375,"exported":0,"imported":0,"discharged":1.600000023841858,"maxPv":0.692}
