{"generated":19.300000190734863,"consumed":3.9176064453125,"exported":13,"imported":0.10000000149011612,"discharged":2.200000047683716,"maxPv":5.702}
