{"generated":35.29999876022339,"consumed":17.277486328125,"exported":19.899999618530273,"imported":0.10000000149011612,"discharged":4,"maxPv":11.35}
