{"generated":64.8000020980835,"consumed":6.0799501953125,"exported":51.4000015258789,"imported":2.4000000953674316,"discharged":5.599999904632568,"maxPv":8.051}
