{"generated":23.300000190734863,"consumed":3.628314697265625,"exported":16.700000762939453,"imported":0,"discharged":1.899999976158142,"maxPv":4.709}
