{"generated":48.70000076293945,"consumed":13.300001382827759,"exported":32.29999923706055}
