{"generated":61.59999942779541,"consumed":42.06047265625,"exported":38.29999923706055,"imported":1.2000000476837158,"discharged":5.599999904632568,"maxPv":11.68}
