{"generated":58.90000057220459,"consumed":4.365529296875,"exported":51.20000076293945,"imported":0,"discharged":1.399999976158142,"maxPv":9.945}
