{"generated":41.79999923706055,"consumed":5.16909423828125,"exported":13.100000381469727,"imported":1.600000023841858,"discharged":0,"maxPv":7.774}
