{"generated":0.4000000059604645,"consumed":2.603760498046875,"exported":0,"imported":1.2000000476837158,"discharged":0.899999976158142,"maxPv":0.724}
