{"generated":41.39999961853027,"consumed":17.45462890625,"exported":1.899999976158142,"imported":1.7000000476837158,"discharged":0.20000000298023224,"maxPv":11.245}
