{"generated":53.39999961853027,"consumed":12.9419072265625,"exported":36.5,"imported":0,"discharged":1.600000023841858,"maxPv":9.258}
