{"generated":24.000000476837158,"consumed":7.100000478327274,"exported":13.5}
