{"generated":40.80000019073486,"consumed":7.36056103515625,"exported":28.600000381469727,"imported":0.10000000149011612,"discharged":2.0999999046325684,"maxPv":9.852}
