{"generated":33.10000038146973,"consumed":26.532357421875,"exported":4,"imported":0.4000000059604645,"discharged":16.899999618530273,"maxPv":0}
