{"generated":53.999999046325684,"consumed":5.68388818359375,"exported":44,"imported":0,"discharged":1.5,"maxPv":8.191}
