{"generated":19.000000476837158,"consumed":5.42895556640625,"exported":7.099999904632568,"imported":0.10000000149011612,"discharged":1.5,"maxPv":9.59}
