{"generated":0,"consumed":0.25255767822265623,"exported":0,"imported":0.20000000298023224,"discharged":0,"maxPv":0}
