{"generated":54.500000953674316,"consumed":14.653578125,"exported":40.4000015258789,"imported":0.20000000298023224,"discharged":5.699999809265137,"maxPv":10.72}
