{"generated":28.799999713897705,"consumed":6.4088427734375,"exported":17.5,"imported":13.600000381469727,"discharged":20.299999237060547,"maxPv":9.581}
