{"generated":57.400001525878906,"consumed":26.835224609375,"exported":27.399999618530273,"imported":0.20000000298023224,"discharged":1.7000000476837158,"maxPv":7.998}
