{"generated":6.100000023841858,"consumed":5.699999928474426,"exported":0}
