{"generated":2.1999999582767487,"consumed":1.463381591796875,"exported":0,"imported":0.10000000149011612,"discharged":0.899999976158142,"maxPv":3.959}
