{"generated":55.80000019073486,"consumed":8.699998714029796,"exported":43.9000015258789}
