{"generated":2.899999976158142,"consumed":3.124279541015625,"exported":0,"imported":0.10000000149011612,"discharged":1.600000023841858,"maxPv":4.367}
