{"generated":36.500000953674316,"consumed":10.0412529296875,"exported":20,"imported":3.4000000953674316,"discharged":21.5,"maxPv":6.936}
