{"generated":51.5,"consumed":5.80033447265625,"exported":40.9000015258789,"imported":0,"discharged":1.600000023841858,"maxPv":10.96}
