{"generated":12.5,"consumed":2.843744384765625,"exported":7.300000190734863,"imported":0,"discharged":2,"maxPv":4.309}
