{"generated":17,"consumed":3.3275458984375,"exported":11.100000381469727,"imported":0.10000000149011612,"discharged":1.5,"maxPv":7.001}
