{"generated":53.30000019073486,"consumed":9.364396484375,"exported":29.600000381469727,"imported":1.2000000476837158,"discharged":10.399999618530273,"maxPv":5.88}
