{"generated":19.09999990463257,"consumed":6.599999524652958,"exported":9.100000381469727}
