{"generated":47.10000038146973,"consumed":16.67993359375,"exported":7.699999809265137,"imported":1.399999976158142,"discharged":0.699999988079071,"maxPv":7.692}
