{"generated":39.999999046325684,"consumed":11.6878037109375,"exported":19.700000762939453,"imported":0,"discharged":1.600000023841858,"maxPv":8.368}
