{"generated":52.80000114440918,"consumed":28.736138671875,"exported":2.799999952316284,"imported":2.5,"discharged":0.4000000059604645,"maxPv":8.302}
