{"generated":1.0000000149011612,"consumed":2.06658935546875,"exported":0,"imported":1.399999976158142,"discharged":0,"maxPv":2.737}
