{"generated":0,"consumed":0.6688960571289062,"exported":0,"imported":0,"discharged":0.600000023841858,"maxPv":0}
