{"generated":43.19999885559082,"consumed":17.830775390625,"exported":30.600000381469727,"imported":2.4000000953674316,"discharged":20.200000762939453,"maxPv":7.228}
