{"generated":21.799999713897705,"consumed":4.2263251953125,"exported":15,"imported":0,"discharged":2.4000000953674316,"maxPv":6.907}
