{"generated":12.299999952316284,"consumed":3.799999952316284,"exported":5}
