{"generated":50.39999961853027,"consumed":19.55451171875,"exported":27.200000762939453,"imported":1.7999999523162842,"discharged":19.5,"maxPv":8.964}
