{"generated":16.299999713897705,"consumed":4.695337890625,"exported":0,"imported":1.7000000476837158,"discharged":0,"maxPv":7.42}
