{"generated":0.8000000044703484,"consumed":7.23221533203125,"exported":0.10000000149011612,"imported":0.10000000149011612,"discharged":2.200000047683716,"maxPv":1.257}
