{"generated":57.19999980926514,"consumed":13.8048388671875,"exported":40.5999984741211,"imported":0.10000000149011612,"discharged":2.5999999046325684,"maxPv":8.024}
