{"generated":51.69999980926514,"consumed":29.841306640625,"exported":17.799999237060547,"imported":0.20000000298023224,"discharged":3.299999952316284,"maxPv":11.673}
