{"generated":2.699999988079071,"consumed":2.337973876953125,"exported":0.10000000149011612,"imported":1.2000000476837158,"discharged":0.5,"maxPv":2.364}
