{"generated":0,"consumed":2.272586181640625,"exported":0.10000000149011612,"imported":0,"discharged":2.0999999046325684,"maxPv":0.195}
