{"generated":7.8999998569488525,"consumed":3.4999999031424522,"exported":0.20000000298023224}
