{"generated":0.20000000298023224,"consumed":2.432592529296875,"exported":0.10000000149011612,"imported":1.5,"discharged":0.5,"maxPv":0.572}
