{"generated":39.39999961853027,"consumed":11.799999237060547,"exported":24.100000381469727}
