{"generated":1.200000047683716,"consumed":2.633591064453125,"exported":0,"imported":0,"discharged":2.0999999046325684,"maxPv":2.144}
