{"generated":64.0999984741211,"consumed":11.561451171875,"exported":48.79999923706055,"imported":0.10000000149011612,"discharged":2.299999952316284,"maxPv":8.128}
