{"generated":33.29999923706055,"consumed":13.2953466796875,"exported":0.4000000059604645,"imported":4.599999904632568,"discharged":0.4000000059604645,"maxPv":10.657}
