{"generated":7.3999998569488525,"consumed":3.982375,"exported":0.10000000149011612,"imported":0.10000000149011612,"discharged":1.5,"maxPv":8.435}
