{"generated":0.20000000298023224,"consumed":1.8000000268220901,"exported":0,"imported":0,"discharged":1.600000023841858,"maxPv":0.336}
