{"generated":3.3000000715255737,"consumed":4.32942529296875,"exported":0,"imported":0.10000000149011612,"discharged":1.600000023841858,"maxPv":3.815}
