{"generated":17.600000381469727,"consumed":2.898636474609375,"exported":17.700000762939453,"imported":13.399999618530273,"discharged":20.100000381469727,"maxPv":0.975}
