{"generated":44,"consumed":8.17177978515625,"exported":28.299999237060547,"imported":0.10000000149011612,"discharged":1.5,"maxPv":10.457}
