{"generated":40.000000953674316,"consumed":2.54090625,"exported":34.4000015258789,"imported":0.10000000149011612,"discharged":0.899999976158142,"maxPv":9.743}
