{"generated":30.5,"consumed":9.0349609375,"exported":18.600000381469727,"imported":0.10000000149011612,"discharged":3.299999952316284,"maxPv":0}
