{"generated":40.29999923706055,"consumed":18.699998952448368,"exported":15.5}
