{"generated":0,"consumed":0.8841498413085938,"exported":0.10000000149011612,"imported":0.4000000059604645,"discharged":0.300000011920929,"maxPv":0}
