{"generated":31.600000381469727,"consumed":7.428953125,"exported":20.799999237060547,"imported":0.10000000149011612,"discharged":1.7999999523162842,"maxPv":7.944}
