{"generated":24.700000762939453,"consumed":9.8088466796875,"exported":0.699999988079071,"imported":0.10000000149011612,"discharged":4.900000095367432,"maxPv":6.433}
