{"generated":15.100000381469727,"consumed":7.12973046875,"exported":6.400000095367432,"imported":0,"discharged":3.9000000953674316,"maxPv":5.196}
