{"generated":0,"consumed":1.4358651123046875,"exported":0,"imported":0.5,"discharged":0.899999976158142,"maxPv":0}
