{"generated":10.5,"consumed":4.7160830078125,"exported":3.0999999046325684,"imported":0.10000000149011612,"discharged":1.7999999523162842,"maxPv":5.983}
