{"generated":1.3000000268220901,"consumed":2.4158115234375,"exported":0,"imported":1.399999976158142,"discharged":0.20000000298023224,"maxPv":2.238}
