{"generated":34.19999980926514,"consumed":10.7348232421875,"exported":22.700000762939453,"imported":0.10000000149011612,"discharged":2.200000047683716,"maxPv":11.846}
