{"generated":16.199999809265137,"consumed":5.07405615234375,"exported":0.10000000149011612,"imported":0.10000000149011612,"discharged":2.799999952316284,"maxPv":6.433}
