{"generated":24.5,"consumed":5.31660546875,"exported":16.200000762939453,"imported":0,"discharged":1.7000000476837158,"maxPv":10.6}
