{"generated":39.69999980926514,"consumed":17.30000076442957,"exported":19.299999237060547}
