{"generated":7.399999976158142,"consumed":3.650618408203125,"exported":0,"imported":1.5,"discharged":0,"maxPv":9.497}
