{"generated":22.499999523162842,"consumed":22.954330078125,"exported":0.10000000149011612,"imported":0.20000000298023224,"discharged":1.7000000476837158,"maxPv":7.998}
