{"generated":0.9000000059604645,"consumed":2.1529970703125,"exported":0,"imported":0.899999976158142,"discharged":0.800000011920929,"maxPv":1.927}
