{"generated":1.5999999940395355,"consumed":2.883119873046875,"exported":0,"imported":1.399999976158142,"discharged":0.5,"maxPv":2.525}
