{"generated":64.20000076293945,"consumed":8.822376953125,"exported":50.5,"imported":0.10000000149011612,"discharged":5.699999809265137,"maxPv":8.17}
