{"generated":52.499999046325684,"consumed":6.0056845703125,"exported":38.9000015258789,"imported":0.10000000149011612,"discharged":1.399999976158142,"maxPv":8.149}
