{"generated":49.000000953674316,"consumed":11.2532998046875,"exported":36.20000076293945,"imported":0.10000000149011612,"discharged":3.9000000953674316,"maxPv":12.245}
