{"generated":0,"consumed":1.300000049173832,"exported":0,"imported":0.10000000149011612,"discharged":1.2000000476837158,"maxPv":0}
