{"generated":0.9000000208616257,"consumed":2.0758505859375,"exported":0,"imported":0,"discharged":1.899999976158142,"maxPv":1.533}
