{"generated":0,"consumed":1.6760330810546875,"exported":0.10000000149011612,"imported":0,"discharged":1.899999976158142,"maxPv":0}
