{"generated":49.90000057220459,"consumed":20.668759765625,"exported":6.599999904632568,"imported":1.2000000476837158,"discharged":0.899999976158142,"maxPv":11.306}
