{"generated":63.90000057220459,"consumed":30.17436328125,"exported":31.600000381469727,"imported":0.10000000149011612,"discharged":2.5,"maxPv":8.342}
