{"generated":0,"consumed":1.3376217041015626,"exported":0,"imported":0.899999976158142,"discharged":0.300000011920929,"maxPv":0}
