{"generated":64.8000020980835,"consumed":29.77398046875,"exported":56.70000076293945,"imported":0.10000000149011612,"discharged":2.5999999046325684,"maxPv":8.108}
