{"generated":34.69999980926514,"consumed":16.79999953508377,"exported":14.800000190734863}
