{"generated":0,"consumed":1.1339239501953124,"exported":0.10000000149011612,"imported":0.4000000059604645,"discharged":0.699999988079071,"maxPv":0}
