{"generated":35.90000057220459,"consumed":1.7523687744140626,"exported":22.399999618530273,"imported":2.5,"discharged":20.399999618530273,"maxPv":0}
