{"generated":25.299999713897705,"consumed":7.499999046325684,"exported":14.600000381469727}
