{"generated":26.5,"consumed":8.04043603515625,"exported":7.400000095367432,"imported":1.899999976158142,"discharged":8.300000190734863,"maxPv":5.151}
