{"generated":50.19999885559082,"consumed":39.8227109375,"exported":38.29999923706055,"imported":1.2000000476837158,"discharged":5.599999904632568,"maxPv":11.68}
