{"generated":30.90000057220459,"consumed":2.9932060546875,"exported":22.700000762939453,"imported":3.5999999046325684,"discharged":20.200000762939453,"maxPv":9.734}
