{"generated":0,"consumed":1.174234375,"exported":0.10000000149011612,"imported":0.600000023841858,"discharged":0.5,"maxPv":0}
