{"generated":16.40000009536743,"consumed":3.046052490234375,"exported":10.699999809265137,"imported":0,"discharged":2,"maxPv":4.309}
