{"generated":1.0000000298023224,"consumed":2.16147119140625,"exported":0,"imported":1.600000023841858,"discharged":0,"maxPv":2.15}
