{"generated":48.69999980926514,"consumed":12.799998953938484,"exported":32.20000076293945}
