{"generated":61.79999923706055,"consumed":11.5989287109375,"exported":46.0999984741211,"imported":0,"discharged":2.0999999046325684,"maxPv":8.064}
