{"generated":44,"consumed":5.91960205078125,"exported":19.899999618530273,"imported":3.299999952316284,"discharged":19.5,"maxPv":8.002}
