{"generated":52.20000076293945,"consumed":8.6381650390625,"exported":30.100000381469727,"imported":1.100000023841858,"discharged":10.5,"maxPv":7.895}
