{"generated":54.500000953674316,"consumed":14.3450595703125,"exported":40.4000015258789,"imported":0.20000000298023224,"discharged":5.400000095367432,"maxPv":10.72}
