{"generated":44.60000038146973,"consumed":22.70778125,"exported":30.600000381469727,"imported":2.4000000953674316,"discharged":20.200000762939453,"maxPv":7.228}
