{"generated":59.000000953674316,"consumed":6.10031103515625,"exported":48.4000015258789,"imported":0,"discharged":1.5,"maxPv":8.191}
