{"generated":56.80000019073486,"consumed":34.78948046875,"exported":20.700000762939453,"imported":2.700000047683716,"discharged":20.100000381469727,"maxPv":11.625}
