{"generated":65.70000171661377,"consumed":3.701128173828125,"exported":58.20000076293945,"imported":0.10000000149011612,"discharged":1.5,"maxPv":8.165}
