{"generated":57.80000019073486,"consumed":9.0971650390625,"exported":43.79999923706055,"imported":1.600000023841858,"discharged":19.299999237060547,"maxPv":7.855}
