{"generated":55.5,"consumed":8.600000858306885,"exported":44.79999923706055,"imported":0,"discharged":2.9000000953674316,"maxPv":7.892}
