{"generated":27.100000381469727,"consumed":14.800000384449959,"exported":8.699999809265137}
