{"generated":0.9000000059604645,"consumed":2.298046142578125,"exported":0.10000000149011612,"imported":0.10000000149011612,"discharged":1.600000023841858,"maxPv":2.463}
