{"generated":41.29999923706055,"consumed":3.77790087890625,"exported":14.199999809265137,"imported":1,"discharged":0.20000000298023224,"maxPv":9.279}
