{"generated":46,"consumed":27.2999999076128,"exported":15,"imported":0.20000000298023224,"discharged":2.5,"maxPv":9.878}
