{"generated":8.5,"consumed":5.5253154296875,"exported":0.800000011920929,"imported":0.10000000149011612,"discharged":1.899999976158142,"maxPv":12.245}
