{"generated":0.800000011920929,"consumed":1.6296202392578125,"exported":0,"imported":1,"discharged":0.20000000298023224,"maxPv":1.053}
