{"generated":19.200000286102295,"consumed":7.45548193359375,"exported":8.699999809265137,"imported":0.20000000298023224,"discharged":1.899999976158142,"maxPv":6.193}
