{"generated":6.9999998807907104,"consumed":7.5,"exported":0.10000000149011612}
