{"generated":36.60000038146973,"consumed":1.5816121826171874,"exported":26.600000381469727,"imported":0.10000000149011612,"discharged":4.599999904632568,"maxPv":0}
