{"generated":47.19999980926514,"consumed":12.528462890625,"exported":31,"imported":0,"discharged":1.600000023841858,"maxPv":9.258}
