{"generated":66.19999885559082,"consumed":3.985266357421875,"exported":58.20000076293945,"imported":0.10000000149011612,"discharged":1.399999976158142,"maxPv":8.09}
