{"generated":15.300000190734863,"consumed":3.580762939453125,"exported":9,"imported":0,"discharged":2,"maxPv":6.752}
