{"generated":49.90000057220459,"consumed":8.800000429153442,"exported":38}
