{"generated":64.80000019073486,"consumed":7.819275390625,"exported":51.5999984741211,"imported":0.10000000149011612,"discharged":1.399999976158142,"maxPv":8.066}
