{"generated":33.40000009536743,"consumed":7.400000669062138,"exported":23.299999237060547,"imported":0.10000000149011612,"discharged":2,"maxPv":9.138}
