{"generated":10.199999809265137,"consumed":3.371594482421875,"exported":3.9000000953674316,"imported":0,"discharged":1.7999999523162842,"maxPv":5.864}
