{"generated":61.29999923706055,"consumed":7.00101806640625,"exported":46.4000015258789,"imported":0.10000000149011612,"discharged":1.399999976158142,"maxPv":8.149}
