{"generated":56.80000019073486,"consumed":34.3735546875,"exported":20.700000762939453,"imported":2.700000047683716,"discharged":19.700000762939453,"maxPv":11.625}
