{"generated":62.20000076293945,"consumed":11.4088955078125,"exported":46.70000076293945,"imported":0.10000000149011612,"discharged":1.399999976158142,"maxPv":8.506}
