{"generated":38.40000057220459,"consumed":5.6555302734375,"exported":22.200000762939453,"imported":4.400000095367432,"discharged":20.200000762939453,"maxPv":6.767}
