{"generated":7.8999998569488525,"consumed":2.8999999538064003,"exported":1.7999999523162842}
