{"generated":64.39999961853027,"consumed":12.73373046875,"exported":48.20000076293945,"imported":0.10000000149011612,"discharged":2.0999999046325684,"maxPv":8.506}
