{"generated":28.300000190734863,"consumed":6.66251708984375,"exported":0.10000000149011612,"imported":1.5,"discharged":0,"maxPv":12.506}
