{"generated":6.800000071525574,"consumed":4.2922822265625,"exported":0.10000000149011612,"imported":0.10000000149011612,"discharged":2.799999952316284,"maxPv":6.026}
