{"generated":39.09999942779541,"consumed":4.47456298828125,"exported":26.799999237060547,"imported":0.10000000149011612,"discharged":1.7999999523162842,"maxPv":8.17}
