{"generated":37.69999980926514,"consumed":7.21300390625,"exported":26.600000381469727,"imported":0.10000000149011612,"discharged":4.699999809265137,"maxPv":5.927}
