{"generated":52.60000038146973,"consumed":10.799999572336674,"exported":40.20000076293945}
