{"generated":37.39999866485596,"consumed":4.75364990234375,"exported":9.899999618530273,"imported":1.600000023841858,"discharged":0,"maxPv":11.091}
