{"generated":52.30000019073486,"consumed":13.2763828125,"exported":34.9000015258789,"imported":0.10000000149011612,"discharged":7.099999904632568,"maxPv":11.069}
