{"generated":20.69999933242798,"consumed":17.887599609375,"exported":0.20000000298023224,"imported":0.20000000298023224,"discharged":2.700000047683716,"maxPv":11.188}
