{"generated":49.39999961853027,"consumed":16.2730185546875,"exported":28.299999237060547,"imported":1.600000023841858,"discharged":19.399999618530273,"maxPv":7.333}
