{"generated":2.5,"consumed":2.687581298828125,"exported":0,"imported":0,"discharged":2.200000047683716,"maxPv":2.753}
