{"generated":17.200000762939453,"consumed":3.422712158203125,"exported":11.100000381469727,"imported":0,"discharged":1.5,"maxPv":7.154}
