{"generated":10.300000190734863,"consumed":2.678644775390625,"exported":5.199999809265137,"imported":0,"discharged":1.899999976158142,"maxPv":5.659}
