{"generated":2.899999976158142,"consumed":2.5294970703125,"exported":0,"imported":1.5,"discharged":0,"maxPv":3.804}
