{"generated":0,"consumed":0.5030042724609375,"exported":0,"imported":0,"discharged":0.4000000059604645,"maxPv":0}
