{"generated":29.90000009536743,"consumed":3.85880126953125,"exported":22.700000762939453,"imported":0.10000000149011612,"discharged":1.600000023841858,"maxPv":9.722}
