{"generated":65.3000020980835,"consumed":37.7389609375,"exported":56.70000076293945,"imported":0.10000000149011612,"discharged":4.599999904632568,"maxPv":8.108}
