{"generated":5.100000023841858,"consumed":3.5133447265625,"exported":0,"imported":0,"discharged":1.7000000476837158,"maxPv":3.572}
