{"generated":39.5,"consumed":12.953771484375,"exported":21.799999237060547,"imported":0.10000000149011612,"discharged":2.9000000953674316,"maxPv":8.175}
