{"generated":2.399999976158142,"consumed":2.358049072265625,"exported":0,"imported":0,"discharged":1.399999976158142,"maxPv":3.268}
