{"generated":20.40000057220459,"consumed":11.5863681640625,"exported":6.800000190734863,"imported":0.10000000149011612,"discharged":4.400000095367432,"maxPv":6.16}
