{"generated":31.600000381469727,"consumed":4.2748623046875,"exported":23.899999618530273,"imported":0.10000000149011612,"discharged":1.7000000476837158,"maxPv":9.444}
