{"generated":56.89999961853027,"consumed":10.685740234375,"exported":32,"imported":1.600000023841858,"discharged":10.5,"maxPv":7.935}
