{"generated":5.300000071525574,"consumed":2.820911865234375,"exported":0,"imported":0,"discharged":1.5,"maxPv":4.544}
