{"generated":9.799999952316284,"consumed":4.295611328125,"exported":0,"imported":1.7000000476837158,"discharged":0,"maxPv":7.051}
