{"generated":37.19999980926514,"consumed":5.840884765625,"exported":7.800000190734863,"imported":1,"discharged":0.800000011920929,"maxPv":7.705}
