{"generated":8.799999952316284,"consumed":2.600732421875,"exported":3.9000000953674316,"imported":0,"discharged":1.899999976158142,"maxPv":3.846}
