{"generated":10.299999952316284,"consumed":5.499999977648258,"exported":1.399999976158142}
