{"generated":56.79999923706055,"consumed":10.443677734375,"exported":22.799999237060547,"imported":1.600000023841858,"discharged":0.899999976158142,"maxPv":7.935}
