{"generated":18.30000066757202,"consumed":6.81644580078125,"exported":8.300000190734863,"imported":0.20000000298023224,"discharged":1.7999999523162842,"maxPv":6.193}
