{"generated":23.09999990463257,"consumed":5.69554833984375,"exported":10.399999618530273,"imported":0,"discharged":2.5999999046325684,"maxPv":4.857}
