{"generated":0,"consumed":1.051709228515625,"exported":0,"imported":0.800000011920929,"discharged":0.20000000298023224,"maxPv":0}
