{"generated":0.9000000059604645,"consumed":2.1999999582767487,"exported":0.10000000149011612}
