{"generated":34.69999980926514,"consumed":3.06544482421875,"exported":8.5,"imported":1,"discharged":0.20000000298023224,"maxPv":9.279}
