{"generated":14.59999966621399,"consumed":6.099999763071537,"exported":5.099999904632568}
