{"generated":31.799999713897705,"consumed":0.3204007873535156,"exported":22.5,"imported":5.099999904632568,"discharged":19.899999618530273,"maxPv":0}
