{"generated":58.90000057220459,"consumed":4.1782255859375,"exported":51.20000076293945,"imported":0,"discharged":1.2000000476837158,"maxPv":9.945}
