{"generated":39.19999980926514,"consumed":22.69999971985817,"exported":11}
