{"generated":38.40000057220459,"consumed":16.8943828125,"exported":2.4000000953674316,"imported":4.599999904632568,"discharged":0.699999988079071,"maxPv":10.657}
