{"generated":29.799999713897705,"consumed":4.2552421875,"exported":4.5,"imported":3.5999999046325684,"discharged":0.5,"maxPv":10.962}
