{"generated":24.499999523162842,"consumed":8.5705927734375,"exported":12.699999809265137,"imported":0.20000000298023224,"discharged":1.899999976158142,"maxPv":6.193}
