{"generated":66.19999980926514,"consumed":0.353046630859375,"exported":58.4000015258789,"imported":0,"discharged":1.5,"maxPv":0}
