{"generated":1.4000000357627869,"consumed":2.21388671875,"exported":0,"imported":0,"discharged":2.0999999046325684,"maxPv":2.824}
