{"generated":33.10000038146973,"consumed":26.037544921875,"exported":4,"imported":0.4000000059604645,"discharged":16.5,"maxPv":0}
