{"generated":0.8000000044703484,"consumed":2.7999999076128006,"exported":0}
