{"generated":0,"consumed":1.447953369140625,"exported":0,"imported":1.2999999523162842,"discharged":0,"maxPv":0}
