{"generated":33.59999895095825,"consumed":2.657873779296875,"exported":24,"imported":0.10000000149011612,"discharged":2.799999952316284,"maxPv":1.249}
