{"generated":23.499999523162842,"consumed":8.0035517578125,"exported":0,"imported":1.399999976158142,"discharged":0.5,"maxPv":10.732}
