{"generated":43.60000038146973,"consumed":11.100000478327274,"exported":29.5}
