{"generated":0.30000000447034836,"consumed":1.84122705078125,"exported":0,"imported":0,"discharged":1.5,"maxPv":1}
