{"generated":9.399999856948853,"consumed":3.9999998584389687,"exported":2.299999952316284}
