{"generated":42.89999961853027,"consumed":4.810259765625,"exported":14.300000190734863,"imported":1.5,"discharged":0.5,"maxPv":7.828}
