{"generated":49,"consumed":8.545876953125,"exported":32.70000076293945,"imported":0.10000000149011612,"discharged":1.5,"maxPv":10.457}
