{"generated":0,"consumed":0.4865409240722656,"exported":0,"imported":0.4000000059604645,"discharged":0,"maxPv":0}
