{"generated":38.999999046325684,"consumed":17.303876953125,"exported":2.799999952316284,"imported":4.599999904632568,"discharged":0.800000011920929,"maxPv":10.657}
