{"generated":2.899999976158142,"consumed":3.453074951171875,"exported":0.10000000149011612,"imported":0,"discharged":2.5999999046325684,"maxPv":4.263}
