{"generated":0,"consumed":1.7830418701171875,"exported":0.10000000149011612,"imported":0,"discharged":1.7999999523162842,"maxPv":0}
