{"generated":55.5,"consumed":8.200000762939453,"exported":44.79999923706055,"imported":0,"discharged":2.5,"maxPv":7.892}
