{"generated":0,"consumed":0.5134032592773438,"exported":0,"imported":0.4000000059604645,"discharged":0,"maxPv":0}
