{"generated":0,"consumed":1.2922696533203124,"exported":0,"imported":0,"discharged":1.2000000476837158,"maxPv":0}
