{"generated":56.19999980926514,"consumed":10.200001575052731,"exported":43.5999984741211,"imported":0.10000000149011612,"discharged":2.700000047683716,"maxPv":7.723}
