{"generated":46.10000038146973,"consumed":20.700000144541264,"exported":20}
