{"generated":42.09999942779541,"consumed":7.7018427734375,"exported":29.100000381469727,"imported":4.400000095367432,"discharged":20.200000762939453,"maxPv":6.767}
