{"generated":58.80000019073486,"consumed":3.054091552734375,"exported":51.79999923706055,"imported":0.10000000149011612,"discharged":0.899999976158142,"maxPv":9.743}
