{"generated":47.30000114440918,"consumed":4.63038720703125,"exported":19.399999618530273,"imported":1.600000023841858,"discharged":0,"maxPv":7.754}
