{"generated":52.89999961853027,"consumed":25.69999924302101,"exported":22.5}
