{"generated":0.9000000059604645,"consumed":3.5000000968575478,"exported":0}
