{"generated":0.20000000298023224,"consumed":2.111668701171875,"exported":0.10000000149011612,"imported":1.399999976158142,"discharged":0.300000011920929,"maxPv":0.571}
