{"generated":30.09999942779541,"consumed":17.99999924004078,"exported":10.699999809265137}
