{"generated":8.599999904632568,"consumed":2.651343505859375,"exported":3.700000047683716,"imported":0,"discharged":2,"maxPv":3.834}
