{"generated":47.59999942779541,"consumed":5.48621240234375,"exported":18.399999618530273,"imported":1.600000023841858,"discharged":0,"maxPv":7.774}
