{"generated":19.799999713897705,"consumed":4.3999998569488525,"exported":12,"imported":0,"discharged":1.7999999523162842,"maxPv":7.171}
