{"generated":63,"consumed":3.308990966796875,"exported":55.5,"imported":0,"discharged":0.899999976158142,"maxPv":8.382}
