{"generated":0,"consumed":0.8890069580078125,"exported":0,"imported":0.300000011920929,"discharged":0.5,"maxPv":0}
