{"generated":0.30000000447034836,"consumed":1.8279378662109376,"exported":0,"imported":0,"discharged":1.5,"maxPv":0.894}
