{"generated":8.599999904632568,"consumed":3.843410400390625,"exported":0,"imported":0,"discharged":2.0999999046325684,"maxPv":6.439}
