{"generated":0.9000000059604645,"consumed":2.156800048828125,"exported":0,"imported":0.10000000149011612,"discharged":1.600000023841858,"maxPv":1.081}
