{"generated":68.1999979019165,"consumed":3.9088037109375,"exported":60.0999984741211,"imported":0.10000000149011612,"discharged":1.600000023841858,"maxPv":8.614}
