{"generated":23.100000381469727,"consumed":4.95887109375,"exported":16.399999618530273,"imported":0,"discharged":3.0999999046325684,"maxPv":4.309}
