{"generated":0.20000000298023224,"consumed":2.18567236328125,"exported":0,"imported":0.10000000149011612,"discharged":1.7000000476837158,"maxPv":0.376}
