{"generated":57.90000057220459,"consumed":21.82524609375,"exported":33.20000076293945,"imported":0.10000000149011612,"discharged":2.299999952316284,"maxPv":7.846}
