{"generated":44.70000076293945,"consumed":5.4176171875,"exported":34.79999923706055,"imported":0.10000000149011612,"discharged":1.899999976158142,"maxPv":7.935}
