{"generated":26.899999618530273,"consumed":25.698697265625,"exported":0.20000000298023224,"imported":0.20000000298023224,"discharged":6.400000095367432,"maxPv":6.519}
