{"generated":10.400000095367432,"consumed":4.4017099609375,"exported":3.9000000953674316,"imported":0.10000000149011612,"discharged":2.299999952316284,"maxPv":5.22}
