{"generated":17.500000476837158,"consumed":4.975326171875,"exported":0,"imported":1.5,"discharged":0,"maxPv":8.964}
