{"generated":17.800000190734863,"consumed":4.355587890625,"exported":10,"imported":0.10000000149011612,"discharged":1.7000000476837158,"maxPv":11.652}
