{"generated":0,"consumed":1,"exported":0.10000000149011612,"imported":0.10000000149011612,"discharged":1,"maxPv":0}
