{"generated":10.799999713897705,"consumed":8.8830908203125,"exported":0,"imported":0,"discharged":1.600000023841858,"maxPv":6.029}
