{"generated":17,"consumed":5.12603125,"exported":17.5,"imported":13.600000381469727,"discharged":20.299999237060547,"maxPv":9.581}
