{"generated":3.599999964237213,"consumed":2.46010595703125,"exported":0.10000000149011612,"imported":0,"discharged":1.2999999523162842,"maxPv":2.385}
