{"generated":43.09999942779541,"consumed":19.999998904764652,"exported":17.600000381469727}
