{"generated":47.69999980926514,"consumed":6.184248046875,"exported":37.5999984741211,"imported":0.10000000149011612,"discharged":1.399999976158142,"maxPv":8.506}
