{"generated":0,"consumed":0.940192138671875,"exported":0,"imported":0.899999976158142,"discharged":0,"maxPv":0}
