{"generated":15.900000095367432,"consumed":3.384411376953125,"exported":9.100000381469727,"imported":0.10000000149011612,"discharged":1.899999976158142,"maxPv":9.354}
