{"generated":34.49999952316284,"consumed":11.0307734375,"exported":15.600000381469727,"imported":0.10000000149011612,"discharged":2.700000047683716,"maxPv":11.069}
