{"generated":47.70000076293945,"consumed":30.21634765625,"exported":0.10000000149011612,"imported":4.5,"discharged":2.5,"maxPv":8.75}
