{"generated":8.700000286102295,"consumed":3.166590576171875,"exported":0,"imported":1.399999976158142,"discharged":0.20000000298023224,"maxPv":5.573}
