{"generated":28.999999523162842,"consumed":11.1300703125,"exported":8.699999809265137,"imported":0.10000000149011612,"discharged":5.199999809265137,"maxPv":8.436}
