{"generated":34.89999961853027,"consumed":24.099999144673347,"exported":6.800000190734863}
