{"generated":52.29999923706055,"consumed":9.9103154296875,"exported":18.799999237060547,"imported":1.600000023841858,"discharged":0,"maxPv":7.774}
