{"generated":19.90000009536743,"consumed":7.8205732421875,"exported":0,"imported":0.899999976158142,"discharged":0.800000011920929,"maxPv":11.306}
