{"generated":52.89999961853027,"consumed":19.781884765625,"exported":29.700000762939453,"imported":0.10000000149011612,"discharged":1.600000023841858,"maxPv":7.846}
