{"generated":24.899999618530273,"consumed":5,"exported":16.899999618530273}
