{"generated":21.19999933242798,"consumed":3.956677001953125,"exported":0,"imported":1.399999976158142,"discharged":0.20000000298023224,"maxPv":7.511}
