{"generated":42,"consumed":13.600000001490116,"exported":27.899999618530273}
