{"generated":8.800000190734863,"consumed":6.15110400390625,"exported":0.600000023841858,"imported":0.10000000149011612,"discharged":2.700000047683716,"maxPv":7.076}
