{"generated":42.60000038146973,"consumed":11.4429033203125,"exported":22.100000381469727,"imported":4.400000095367432,"discharged":20.799999237060547,"maxPv":10.59}
