{"generated":0,"consumed":0.5488500366210938,"exported":0,"imported":0.4000000059604645,"discharged":0,"maxPv":0}
