{"generated":35.40000057220459,"consumed":9.5159296875,"exported":24,"imported":6.699999809265137,"discharged":20.5,"maxPv":10.098}
