{"generated":6.400000095367432,"consumed":4.053498291015625,"exported":0.300000011920929,"imported":0.10000000149011612,"discharged":2.299999952316284,"maxPv":3.979}
