{"generated":51.90000057220459,"consumed":7.46793115234375,"exported":21.299999237060547,"imported":1.600000023841858,"discharged":0,"maxPv":7.754}
