{"generated":22.800000190734863,"consumed":4.722505859375,"exported":14.600000381469727,"imported":0.10000000149011612,"discharged":1.899999976158142,"maxPv":7.424}
