{"generated":17.299999713897705,"consumed":7.86515771484375,"exported":0.699999988079071,"imported":6.099999904632568,"discharged":6,"maxPv":7.661}
