{"generated":23.499999523162842,"consumed":7.18078955078125,"exported":13.399999618530273,"imported":0.10000000149011612,"discharged":2,"maxPv":11.812}
