{"generated":1.1000000387430193,"consumed":2.373135986328125,"exported":0.10000000149011612,"imported":0,"discharged":1.7000000476837158,"maxPv":3.513}
