{"generated":3.6999999284744263,"consumed":2.4777626953125,"exported":0,"imported":1.600000023841858,"discharged":0,"maxPv":3.849}
