{"generated":3.299999952316284,"consumed":3.00135107421875,"exported":0,"imported":0,"discharged":1.600000023841858,"maxPv":2.605}
