{"generated":33,"consumed":10.0514169921875,"exported":20.899999618530273,"imported":0.10000000149011612,"discharged":2.9000000953674316,"maxPv":11.812}
