{"generated":68.30000019073486,"consumed":3.951920166015625,"exported":60.0999984741211,"imported":0.10000000149011612,"discharged":1.600000023841858,"maxPv":8.584}
