{"generated":0.5000000149011612,"consumed":1.9265142822265624,"exported":0,"imported":0.10000000149011612,"discharged":1.5,"maxPv":0.967}
