{"generated":41.10000038146973,"consumed":6.900001287460327,"exported":30.799999237060547,"imported":0,"discharged":1.7999999523162842,"maxPv":7.723}
