{"generated":6.699999928474426,"consumed":3.0000000968575478,"exported":0.600000023841858,"imported":0.10000000149011612,"discharged":2,"maxPv":4.397}
