{"generated":42.60000038146973,"consumed":8.228541015625,"exported":22.100000381469727,"imported":2.5,"discharged":20.799999237060547,"maxPv":10.59}
