{"generated":1.699999988079071,"consumed":2.802836181640625,"exported":0,"imported":0,"discharged":1.600000023841858,"maxPv":2.053}
