{"generated":8.899999737739563,"consumed":2.117922119140625,"exported":5.199999809265137,"imported":0,"discharged":1,"maxPv":9.945}
