{"generated":0.5000000149011612,"consumed":1.79386474609375,"exported":0,"imported":0,"discharged":1.399999976158142,"maxPv":1.389}
