{"generated":40.70000076293945,"consumed":5.4000022411346364,"exported":32.0999984741211,"imported":0,"discharged":1.7999999523162842,"maxPv":7.892}
