{"generated":36.09999942779541,"consumed":11.7043232421875,"exported":21.399999618530273,"imported":0.10000000149011612,"discharged":4.199999809265137,"maxPv":1.998}
