{"generated":31.40000057220459,"consumed":9.786341796875,"exported":0.10000000149011612,"imported":1.600000023841858,"discharged":0.4000000059604645,"maxPv":7.333}
