{"generated":42.60000038146973,"consumed":16.3618583984375,"exported":21.799999237060547,"imported":2.4000000953674316,"discharged":20.899999618530273,"maxPv":6.718}
