{"generated":44.90000057220459,"consumed":3.8889580078125,"exported":17.399999618530273,"imported":0.600000023841858,"discharged":0.699999988079071,"maxPv":7.115}
