{"generated":12.099999904632568,"consumed":4.599999882280827,"exported":4.699999809265137,"imported":0.10000000149011612,"discharged":1.899999976158142,"maxPv":9.138}
