{"generated":52.60000038146973,"consumed":34.518,"exported":18.100000381469727,"imported":5.400000095367432,"discharged":21.5,"maxPv":8.75}
