{"generated":39.69999885559082,"consumed":11.7878212890625,"exported":24.799999237060547,"imported":0,"discharged":1.600000023841858,"maxPv":8.048}
