{"generated":31.80000114440918,"consumed":4.98951904296875,"exported":21.299999237060547,"imported":0.10000000149011612,"discharged":6.300000190734863,"maxPv":6.071}
