{"generated":0.4000000059604645,"consumed":1.946320556640625,"exported":0,"imported":0,"discharged":1.899999976158142,"maxPv":0.681}
