{"generated":33.60000038146973,"consumed":13.656111328125,"exported":21.5,"imported":6.699999809265137,"discharged":20.100000381469727,"maxPv":9.736}
