{"generated":11.100000143051147,"consumed":3.2754248046875,"exported":4.099999904632568,"imported":0,"discharged":1.399999976158142,"maxPv":6.076}
