{"generated":55,"consumed":10.142498046875,"exported":37.5,"imported":0.10000000149011612,"discharged":2,"maxPv":10.457}
