{"generated":49.80000019073486,"consumed":17.8633203125,"exported":9.399999618530273,"imported":1.7999999523162842,"discharged":0,"maxPv":8.964}
