{"generated":36.29999923706055,"consumed":10.899998381733894,"exported":21.700000762939453}
