{"generated":12.499999761581421,"consumed":3.0439794921875,"exported":7,"imported":0,"discharged":2.0999999046325684,"maxPv":5.702}
