{"generated":19.40000009536743,"consumed":5.26327783203125,"exported":7.300000190734863,"imported":0,"discharged":2.5999999046325684,"maxPv":4.857}
