{"generated":41.500000953674316,"consumed":15.550828125,"exported":21.700000762939453,"imported":3.4000000953674316,"discharged":21.5,"maxPv":6.936}
