{"generated":16.90000009536743,"consumed":0.6077681274414063,"exported":17.5,"imported":13.600000381469727,"discharged":20.299999237060547,"maxPv":0}
