{"generated":40.80000019073486,"consumed":8.040392578125,"exported":28.600000381469727,"imported":0.10000000149011612,"discharged":2.799999952316284,"maxPv":9.852}
