{"generated":30.600000381469727,"consumed":17.800000727176666,"exported":7.699999809265137,"imported":0.300000011920929,"discharged":3.299999952316284,"maxPv":11.277}
