{"generated":35.29999876022339,"consumed":16.16661328125,"exported":19.899999618530273,"imported":0.10000000149011612,"discharged":3,"maxPv":11.35}
