{"generated":62.30000019073486,"consumed":22.00657421875,"exported":37.5,"imported":0.10000000149011612,"discharged":1.7000000476837158,"maxPv":8.197}
