{"generated":43.500000953674316,"consumed":5.08298583984375,"exported":33.70000076293945,"imported":0,"discharged":1.600000023841858,"maxPv":10.96}
