{"generated":1.5000000298023224,"consumed":2.4202255859375,"exported":0,"imported":0,"discharged":1.600000023841858,"maxPv":2.605}
