{"generated":13.099999904632568,"consumed":11.13069140625,"exported":0.20000000298023224,"imported":0.10000000149011612,"discharged":2.4000000953674316,"maxPv":11.188}
