{"generated":0.4000000059604645,"consumed":1.8191513671875,"exported":0,"imported":0,"discharged":1.399999976158142,"maxPv":1.661}
