{"generated":9.499999761581421,"consumed":10.299999810755253,"exported":0.10000000149011612,"imported":0.20000000298023224,"discharged":2.700000047683716,"maxPv":8.882}
