{"generated":44.80000114440918,"consumed":5.0863876953125,"exported":35.4000015258789,"imported":0.10000000149011612,"discharged":2,"maxPv":8.102}
