{"generated":44.70000076293945,"consumed":19.56953515625,"exported":18.600000381469727,"imported":2.5,"discharged":20.799999237060547,"maxPv":7.024}
