{"generated":59.39999961853027,"consumed":11.92065625,"exported":43.4000015258789,"imported":0.10000000149011612,"discharged":1.600000023841858,"maxPv":8.038}
