{"generated":57.10000038146973,"consumed":9.300001956522458,"exported":44.5999984741211}
