{"generated":57.19999980926514,"consumed":16.940099609375,"exported":37.20000076293945,"imported":0.10000000149011612,"discharged":1.5,"maxPv":8.197}
