{"generated":8.599999904632568,"consumed":3.298009765625,"exported":0,"imported":0.899999976158142,"discharged":0.899999976158142,"maxPv":5.444}
