{"generated":29.600000381469727,"consumed":8.020556640625,"exported":18.399999618530273,"imported":0.10000000149011612,"discharged":2,"maxPv":11.812}
