{"generated":45.10000038146973,"consumed":20.495185546875,"exported":20.899999618530273,"imported":1.7000000476837158,"discharged":19.299999237060547,"maxPv":11.245}
