{"generated":56.69999980926514,"consumed":12.229125,"exported":39.5999984741211,"imported":1.600000023841858,"discharged":19,"maxPv":7.754}
