{"generated":61.400001525878906,"consumed":8.492546875,"exported":48.5999984741211,"imported":0.10000000149011612,"discharged":2.299999952316284,"maxPv":7.781}
