{"generated":2.799999952316284,"consumed":2.6999998092651367,"exported":0}
