{"generated":0,"consumed":1.5165587158203124,"exported":0,"imported":0.10000000149011612,"discharged":1.399999976158142,"maxPv":0.049}
