{"generated":54.10000038146973,"consumed":6.900000333786011,"exported":44,"imported":0,"discharged":1.7999999523162842,"maxPv":7.892}
