{"generated":37.89999961853027,"consumed":2.5036640625,"exported":26.5,"imported":1.899999976158142,"discharged":20.600000381469727,"maxPv":2.932}
