{"generated":0,"consumed":0.6464497680664063,"exported":0,"imported":0.600000023841858,"discharged":0,"maxPv":0}
