{"generated":0,"consumed":1.228745849609375,"exported":0,"imported":0.5,"discharged":0.699999988079071,"maxPv":0}
