{"generated":0,"consumed":0.778587158203125,"exported":0.10000000149011612,"imported":0.10000000149011612,"discharged":0.699999988079071,"maxPv":0}
