{"generated":2.3000000715255737,"consumed":2.260902099609375,"exported":0,"imported":1.399999976158142,"discharged":0,"maxPv":3.2}
