{"generated":59.39999961853027,"consumed":10.8222529296875,"exported":44.29999923706055,"imported":0,"discharged":2,"maxPv":8.064}
