{"generated":64.10000038146973,"consumed":8.08260888671875,"exported":48.5,"imported":0.10000000149011612,"discharged":1.7000000476837158,"maxPv":8.149}
