{"generated":31.000000476837158,"consumed":11.8683759765625,"exported":20.700000762939453,"imported":6.699999809265137,"discharged":20,"maxPv":9.736}
