{"generated":29.199999809265137,"consumed":7.199999190866947,"exported":18.700000762939453}
