{"generated":31.69999885559082,"consumed":8.3595146484375,"exported":20.299999237060547,"imported":0.10000000149011612,"discharged":2,"maxPv":11.812}
