{"generated":28.600000381469727,"consumed":7.700000382959843,"exported":17.5}
