{"generated":0.800000011920929,"consumed":2.251098388671875,"exported":0,"imported":1,"discharged":0.899999976158142,"maxPv":2.082}
