{"generated":0,"consumed":2.09816748046875,"exported":0,"imported":1,"discharged":0.899999976158142,"maxPv":0.128}
