{"generated":42.10000038146973,"consumed":21.200000382959843,"exported":17.5}
