{"generated":65.70000171661377,"consumed":3.677322265625,"exported":58,"imported":0.10000000149011612,"discharged":0.899999976158142,"maxPv":9.743}
