{"generated":56.89999961853027,"consumed":11.7578818359375,"exported":40.5999984741211,"imported":1.899999976158142,"discharged":20.100000381469727,"maxPv":7.935}
