{"generated":44.499999046325684,"consumed":9.689576171875,"exported":11.699999809265137,"imported":1.5,"discharged":0.5,"maxPv":9.462}
