{"generated":9.59999966621399,"consumed":5.28681298828125,"exported":3.4000000953674316,"imported":0,"discharged":3.5999999046325684,"maxPv":7.131}
