{"generated":29.90000009536743,"consumed":23.470783203125,"exported":4,"imported":0.20000000298023224,"discharged":1.7000000476837158,"maxPv":7.998}
