{"generated":58.10000038146973,"consumed":3.552570068359375,"exported":50.70000076293945,"imported":0,"discharged":1,"maxPv":9.945}
