{"generated":13.700000047683716,"consumed":9.000000096857548,"exported":1.2000000476837158}
