{"generated":32.200000286102295,"consumed":9.599999524652958,"exported":19.700000762939453}
