{"generated":62.69999885559082,"consumed":20.766744140625,"exported":38.9000015258789,"imported":0,"discharged":1.7999999523162842,"maxPv":8.048}
