{"generated":36.40000057220459,"consumed":12.2965986328125,"exported":21.399999618530273,"imported":0.20000000298023224,"discharged":4.5,"maxPv":1.998}
