{"generated":56.69999980926514,"consumed":12.742794921875,"exported":39.5999984741211,"imported":1.600000023841858,"discharged":19.5,"maxPv":7.754}
