{"generated":53.89999961853027,"consumed":2.9480263671875,"exported":47.0999984741211,"imported":0,"discharged":0.899999976158142,"maxPv":8.382}
