{"generated":61.400001525878906,"consumed":14.4179658203125,"exported":43.29999923706055,"imported":0.10000000149011612,"discharged":2.9000000953674316,"maxPv":7.874}
