{"generated":42,"consumed":10.800000287592411,"exported":27.899999618530273}
