{"generated":27.59999942779541,"consumed":21.666888671875,"exported":2.700000047683716,"imported":6.099999904632568,"discharged":6,"maxPv":7.661}
