{"generated":0,"consumed":0.5999999865889549,"exported":0.10000000149011612}
