{"generated":9.600000381469727,"consumed":3.36404296875,"exported":3.700000047683716,"imported":0.10000000149011612,"discharged":1.7000000476837158,"maxPv":7.921}
