{"generated":0,"consumed":0.6105545043945313,"exported":0.10000000149011612,"imported":0.10000000149011612,"discharged":0.5,"maxPv":0}
