{"generated":0.4000000059604645,"consumed":3.249012939453125,"exported":0.10000000149011612,"imported":0.10000000149011612,"discharged":2.799999952316284,"maxPv":0.875}
