{"generated":37.89999961853027,"consumed":3.487185546875,"exported":26.5,"imported":1.899999976158142,"discharged":20.600000381469727,"maxPv":8.852}
