{"generated":50.89999961853027,"consumed":9.6688037109375,"exported":36.29999923706055,"imported":0.10000000149011612,"discharged":1.600000023841858,"maxPv":10.168}
