{"generated":20.500000476837158,"consumed":5.2287353515625,"exported":0.10000000149011612,"imported":1.899999976158142,"discharged":0,"maxPv":8.086}
