{"generated":57.90000057220459,"consumed":22.202150390625,"exported":33.20000076293945,"imported":0.10000000149011612,"discharged":2.700000047683716,"maxPv":7.846}
