{"generated":31.699999809265137,"consumed":4.0722138671875,"exported":4.300000190734863,"imported":1.100000023841858,"discharged":0.800000011920929,"maxPv":10.544}
