{"generated":9.800000190734863,"consumed":3.060854248046875,"exported":4.199999809265137,"imported":0.10000000149011612,"discharged":1.600000023841858,"maxPv":5.759}
