{"generated":22.200000286102295,"consumed":12.387318359375,"exported":9.5,"imported":0.10000000149011612,"discharged":1.7999999523162842,"maxPv":11.35}
