{"generated":8,"consumed":2.922438720703125,"exported":2.9000000953674316,"imported":0,"discharged":2.0999999046325684,"maxPv":5.109}
