{"generated":43.90000057220459,"consumed":6.79149853515625,"exported":14.600000381469727,"imported":1.100000023841858,"discharged":0.899999976158142,"maxPv":7.895}
