{"generated":58.09999942779541,"consumed":9.7232138671875,"exported":43.9000015258789,"imported":0,"discharged":1.600000023841858,"maxPv":8.128}
