{"generated":9.5,"consumed":3.658138916015625,"exported":0,"imported":1.600000023841858,"discharged":0.300000011920929,"maxPv":6.123}
