{"generated":0.30000000447034836,"consumed":2.161962158203125,"exported":0,"imported":1.7999999523162842,"discharged":0,"maxPv":0.678}
