{"generated":40.39999961853027,"consumed":11.2924951171875,"exported":21.100000381469727,"imported":0.10000000149011612,"discharged":2.700000047683716,"maxPv":11.069}
