{"generated":37.19999980926514,"consumed":13.5727724609375,"exported":0.699999988079071,"imported":1.600000023841858,"discharged":0.4000000059604645,"maxPv":7.333}
