{"generated":12.899999856948853,"consumed":5.0011328125,"exported":5,"imported":0,"discharged":2.5999999046325684,"maxPv":5.196}
