{"generated":16.600000381469727,"consumed":2.284237548828125,"exported":12.300000190734863,"imported":0,"discharged":1,"maxPv":9.945}
