{"generated":16.199999809265137,"consumed":9.4483427734375,"exported":1.7000000476837158,"imported":0.10000000149011612,"discharged":1.600000023841858,"maxPv":6.759}
