{"generated":51.500000953674316,"consumed":8.199999570846565,"exported":39.9000015258789,"imported":0,"discharged":1.7999999523162842,"maxPv":7.723}
