{"generated":54.40000057220459,"consumed":12.932259765625,"exported":40.4000015258789,"imported":0.10000000149011612,"discharged":4,"maxPv":10.72}
