{"generated":39.79999923706055,"consumed":5.9271015625,"exported":30.100000381469727,"imported":0.10000000149011612,"discharged":1.5,"maxPv":8.109}
