{"generated":0,"consumed":0.9881101684570313,"exported":0,"imported":0.899999976158142,"discharged":0,"maxPv":0}
