{"generated":38.20000076293945,"consumed":9.1800791015625,"exported":22.399999618530273,"imported":2.5,"discharged":20.399999618530273,"maxPv":6.752}
