{"generated":17.90000009536743,"consumed":5.53755224609375,"exported":11.399999618530273,"imported":0,"discharged":3.5999999046325684,"maxPv":6.203}
