{"generated":17.799999713897705,"consumed":2.027813720703125,"exported":13.600000381469727,"imported":0.10000000149011612,"discharged":0.899999976158142,"maxPv":7.539}
