{"generated":0,"consumed":1.193898681640625,"exported":0,"imported":1.100000023841858,"discharged":0,"maxPv":0}
