{"generated":0.10000000149011612,"consumed":1.9943121337890626,"exported":0,"imported":0,"discharged":2.0999999046325684,"maxPv":0.219}
