{"generated":23.899999141693115,"consumed":20.18272265625,"exported":0.300000011920929,"imported":0.20000000298023224,"discharged":4.699999809265137,"maxPv":7.616}
