{"generated":27.5,"consumed":6.99827783203125,"exported":22.700000762939453,"imported":0,"discharged":12.100000381469727,"maxPv":4.857}
