{"generated":21.799999713897705,"consumed":5.223470703125,"exported":15,"imported":0,"discharged":3.4000000953674316,"maxPv":6.907}
