{"generated":0.7000000104308128,"consumed":2.23046435546875,"exported":0,"imported":0,"discharged":2.0999999046325684,"maxPv":1.834}
