{"generated":34.30000019073486,"consumed":18.36594140625,"exported":10.800000190734863,"imported":0.20000000298023224,"discharged":2.700000047683716,"maxPv":11.673}
