{"generated":31.899999618530273,"consumed":12.2411025390625,"exported":15.100000381469727,"imported":0.10000000149011612,"discharged":2.9000000953674316,"maxPv":8.153}
