{"generated":51.19999885559082,"consumed":7.38821337890625,"exported":20.899999618530273,"imported":1.600000023841858,"discharged":0.10000000149011612,"maxPv":10.328}
