{"generated":37.89999961853027,"consumed":8.18649365234375,"exported":26.5,"imported":1.899999976158142,"discharged":19.899999618530273,"maxPv":8.892}
