{"generated":34.30000019073486,"consumed":5.80803076171875,"exported":6.5,"imported":1.7999999523162842,"discharged":0.5,"maxPv":8.892}
