{"generated":0,"consumed":1.32324853515625,"exported":0,"imported":1,"discharged":0.300000011920929,"maxPv":0}
