{"generated":16.59999990463257,"consumed":3.700313232421875,"exported":9.699999809265137,"imported":0,"discharged":1.7999999523162842,"maxPv":6.818}
