{"generated":0,"consumed":0.7467262573242187,"exported":0,"imported":0.600000023841858,"discharged":0,"maxPv":0}
