{"generated":66.60000038146973,"consumed":7.5219619140625,"exported":55,"imported":0.10000000149011612,"discharged":2,"maxPv":8.381}
