{"generated":23.300000190734863,"consumed":3.738819580078125,"exported":16.5,"imported":0.10000000149011612,"discharged":1.600000023841858,"maxPv":7.752}
