{"generated":46.79999923706055,"consumed":12.3979892578125,"exported":25.5,"imported":0,"discharged":1.600000023841858,"maxPv":8.368}
