{"generated":63.999999046325684,"consumed":6.235224609375,"exported":53,"imported":0,"discharged":1.5,"maxPv":8.381}
