{"generated":9.299999952316284,"consumed":3.115041015625,"exported":3.0999999046325684,"imported":0.10000000149011612,"discharged":1.899999976158142,"maxPv":7.492}
