{"generated":0,"consumed":0.5870938720703125,"exported":0,"imported":0.300000011920929,"discharged":0.300000011920929,"maxPv":0}
