{"generated":51.70000076293945,"consumed":8.799999237060554,"exported":39.9000015258789}
