{"generated":17.90000009536743,"consumed":4.293134765625,"exported":11.399999618530273,"imported":0,"discharged":2.4000000953674316,"maxPv":6.203}
