{"generated":1.0000000298023224,"consumed":2.117034423828125,"exported":0.10000000149011612,"imported":1.2000000476837158,"discharged":0.5,"maxPv":1.587}
