{"generated":39.59999942779541,"consumed":4.55220947265625,"exported":31.600000381469727,"imported":0,"discharged":1.399999976158142,"maxPv":7.832}
