{"generated":35.60000038146973,"consumed":20.400000669062138,"exported":11.699999809265137}
