{"generated":32.10000038146973,"consumed":4.18898388671875,"exported":24.799999237060547,"imported":0,"discharged":1.399999976158142,"maxPv":7.832}
