{"generated":61.499999046325684,"consumed":14.7157958984375,"exported":37.79999923706055,"imported":0,"discharged":1.600000023841858,"maxPv":8.368}
