{"generated":40.39999961853027,"consumed":12.233275390625,"exported":24.700000762939453,"imported":0,"discharged":1.600000023841858,"maxPv":9.258}
