{"generated":44.30000019073486,"consumed":8.1528681640625,"exported":13.399999618530273,"imported":1.899999976158142,"discharged":0.20000000298023224,"maxPv":8.086}
