{"generated":16.09999990463257,"consumed":7.32058544921875,"exported":5.099999904632568,"imported":0,"discharged":2.9000000953674316,"maxPv":6.16}
