{"generated":38,"consumed":15.699999429285526,"exported":19.200000762939453}
