{"generated":0.4000000059604645,"consumed":1.9638778076171874,"exported":0,"imported":0,"discharged":2,"maxPv":1.065}
