{"generated":25.700000286102295,"consumed":19.4000001847744,"exported":0.800000011920929}
