{"generated":55,"consumed":36.40724609375,"exported":16.799999237060547,"imported":0.10000000149011612,"discharged":1.899999976158142,"maxPv":8.609}
