{"generated":49.89999961853027,"consumed":7.09164404296875,"exported":18.899999618530273,"imported":1,"discharged":0.800000011920929,"maxPv":7.705}
