{"generated":62.499999046325684,"consumed":15.7517001953125,"exported":44.5,"imported":0.300000011920929,"discharged":3.200000047683716,"maxPv":10.359}
