{"generated":35.90000057220459,"consumed":8.7574453125,"exported":17.5,"imported":13.600000381469727,"discharged":20.299999237060547,"maxPv":9.581}
