{"generated":0.20000000298023224,"consumed":2.071169677734375,"exported":0,"imported":0.10000000149011612,"discharged":1.7000000476837158,"maxPv":0.907}
