{"generated":3.400000035762787,"consumed":2.9000001326203346,"exported":0}
