{"generated":31.90000057220459,"consumed":5.200000382959843,"exported":23.600000381469727,"imported":0.10000000149011612,"discharged":2,"maxPv":10.162}
