{"generated":32.19999980926514,"consumed":5.05507763671875,"exported":23.799999237060547,"imported":0,"discharged":1.600000023841858,"maxPv":8.108}
