{"generated":9.999999761581421,"consumed":3.552558837890625,"exported":3.299999952316284,"imported":0,"discharged":1.600000023841858,"maxPv":7.249}
