{"generated":3.4999999403953552,"consumed":2.8639521484375,"exported":0,"imported":0,"discharged":1.600000023841858,"maxPv":5.838}
