{"generated":24.700000762939453,"consumed":9.02086328125,"exported":0.699999988079071,"imported":0.10000000149011612,"discharged":4.199999809265137,"maxPv":6.433}
