{"generated":13.399999856948853,"consumed":4.80508251953125,"exported":0.10000000149011612,"imported":1.899999976158142,"discharged":0,"maxPv":8.086}
