{"generated":46.69999980926514,"consumed":7.627439453125,"exported":35.4000015258789,"imported":0.10000000149011612,"discharged":1.7000000476837158,"maxPv":9.444}
