{"generated":24.700000286102295,"consumed":2.454744384765625,"exported":19.899999618530273,"imported":0,"discharged":1,"maxPv":9.945}
