{"generated":0.4000000059604645,"consumed":2.8999999091029167,"exported":0}
