{"generated":33,"consumed":9.4996474609375,"exported":20.899999618530273,"imported":0.10000000149011612,"discharged":2.4000000953674316,"maxPv":11.812}
