{"generated":3.800000011920929,"consumed":3.1000000834465027,"exported":0.10000000149011612,"imported":0.10000000149011612,"discharged":1.899999976158142,"maxPv":7.083}
