{"generated":42.09999942779541,"consumed":8.5297841796875,"exported":29.200000762939453,"imported":4.400000095367432,"discharged":20.700000762939453,"maxPv":6.767}
