{"generated":5.199999928474426,"consumed":6.099999904632568,"exported":0.10000000149011612,"imported":0.10000000149011612,"discharged":2.299999952316284,"maxPv":6.618}
