{"generated":0,"consumed":0.5605872192382813,"exported":0,"imported":0,"discharged":0.800000011920929,"maxPv":0}
