{"generated":44.89999961853027,"consumed":9.9656083984375,"exported":31,"imported":2,"discharged":19.600000381469727,"maxPv":8.086}
