{"generated":48.19999885559082,"consumed":7.4070107421875,"exported":16.5,"imported":1.7000000476837158,"discharged":0,"maxPv":7.66}
