{"generated":37.19999980926514,"consumed":20.219470703125,"exported":14.300000190734863,"imported":0.10000000149011612,"discharged":1.600000023841858,"maxPv":8.061}
