{"generated":62.69999885559082,"consumed":21.83300390625,"exported":38.9000015258789,"imported":0.10000000149011612,"discharged":2.799999952316284,"maxPv":8.048}
