{"generated":3.099999964237213,"consumed":2.415841064453125,"exported":0,"imported":1.5,"discharged":0,"maxPv":4.097}
