{"generated":32.59999990463257,"consumed":5.89397509765625,"exported":22.5,"imported":5.099999904632568,"discharged":19.899999618530273,"maxPv":9.91}
