{"generated":3.399999976158142,"consumed":2.06333349609375,"exported":0,"imported":0.10000000149011612,"discharged":1,"maxPv":2.534}
