{"generated":49.500000953674316,"consumed":14.200000859797,"exported":32.5}
