{"generated":52.29999923706055,"consumed":19.275642578125,"exported":30.100000381469727,"imported":0,"discharged":1.7000000476837158,"maxPv":8.048}
