{"generated":34.20000123977661,"consumed":14.3871005859375,"exported":19.5,"imported":0.10000000149011612,"discharged":2,"maxPv":11.35}
