{"generated":6.299999952316284,"consumed":5.599999807775021,"exported":0.20000000298023224}
