{"generated":52.09999942779541,"consumed":8.1506064453125,"exported":30.299999237060547,"imported":1.600000023841858,"discharged":9.699999809265137,"maxPv":10.328}
