{"generated":64.99999904632568,"consumed":3.6222880859375,"exported":25.700000762939453,"imported":0.10000000149011612,"discharged":5.099999904632568,"maxPv":4.603}
