{"generated":35.80000019073486,"consumed":8.275693359375,"exported":17.5,"imported":13.600000381469727,"discharged":20.299999237060547,"maxPv":9.581}
