{"generated":20.40000057220459,"consumed":7.91398779296875,"exported":9.399999618530273,"imported":0.20000000298023224,"discharged":1.899999976158142,"maxPv":6.193}
