{"generated":59.099998474121094,"consumed":3.118044921875,"exported":52,"imported":0,"discharged":0.899999976158142,"maxPv":8.382}
