{"generated":9.59999966621399,"consumed":5.0537158203125,"exported":3.4000000953674316,"imported":0,"discharged":3.4000000953674316,"maxPv":7.131}
