{"generated":0.10000000149011612,"consumed":1.507116455078125,"exported":0,"imported":1.2999999523162842,"discharged":0,"maxPv":0.262}
