{"generated":0,"consumed":1.4231204833984374,"exported":0,"imported":0.600000023841858,"discharged":0.800000011920929,"maxPv":0}
