{"generated":23.100000381469727,"consumed":8.2634052734375,"exported":11.600000381469727,"imported":0.20000000298023224,"discharged":1.899999976158142,"maxPv":6.193}
