{"generated":51,"consumed":16.1847451171875,"exported":33.4000015258789,"imported":0.10000000149011612,"discharged":4.099999904632568,"maxPv":11.674}
