{"generated":22.800000190734863,"consumed":5.700000144541264,"exported":13.199999809265137,"imported":0.10000000149011612,"discharged":1.7999999523162842,"maxPv":11.846}
