{"generated":57.30000019073486,"consumed":6.04131298828125,"exported":46.29999923706055,"imported":0.10000000149011612,"discharged":1.899999976158142,"maxPv":10.603}
