{"generated":0.10000000149011612,"consumed":1.2891739501953126,"exported":0,"imported":0.10000000149011612,"discharged":1,"maxPv":0.335}
