{"generated":48.5,"consumed":5.96100244140625,"exported":18.600000381469727,"imported":1,"discharged":0.899999976158142,"maxPv":7.39}
