{"generated":24.59999990463257,"consumed":5.23496728515625,"exported":0,"imported":1.5,"discharged":0,"maxPv":8.964}
