{"generated":57.10000133514404,"consumed":13.93517578125,"exported":19.600000381469727,"imported":1.600000023841858,"discharged":0.10000000149011612,"maxPv":7.774}
