{"generated":40,"consumed":10.91355078125,"exported":24.700000762939453,"imported":2,"discharged":20.700000762939453,"maxPv":6.872}
