{"generated":0.7000000178813934,"consumed":2.34379638671875,"exported":0,"imported":1.5,"discharged":0.300000011920929,"maxPv":1.755}
