{"generated":19.59999990463257,"consumed":9.5957939453125,"exported":6.5,"imported":0.10000000149011612,"discharged":2.9000000953674316,"maxPv":6.16}
