{"generated":0,"consumed":0.6658297729492187,"exported":0.10000000149011612,"imported":0.20000000298023224,"discharged":0.5,"maxPv":0}
