{"generated":45.59999942779541,"consumed":17.10468359375,"exported":23.200000762939453,"imported":0.10000000149011612,"discharged":1.7000000476837158,"maxPv":8.094}
