{"generated":49.59999942779541,"consumed":13.499998763203621,"exported":32.70000076293945}
