{"generated":51.90000057220459,"consumed":3.891068115234375,"exported":43.70000076293945,"imported":0,"discharged":1.2999999523162842,"maxPv":11.65}
