{"generated":3.7999998927116394,"consumed":3.150465576171875,"exported":0,"imported":0.10000000149011612,"discharged":1.5,"maxPv":5.058}
