{"generated":4.400000095367432,"consumed":3.490374755859375,"exported":0,"imported":1.7000000476837158,"discharged":0,"maxPv":7.051}
