{"generated":55.5,"consumed":10.069841796875,"exported":21.799999237060547,"imported":1.600000023841858,"discharged":0.899999976158142,"maxPv":7.935}
