{"generated":35.100000858306885,"consumed":15.582771484375,"exported":19.899999618530273,"imported":0.10000000149011612,"discharged":2.5999999046325684,"maxPv":11.35}
