{"generated":57.30000019073486,"consumed":11.0673291015625,"exported":41.20000076293945,"imported":0.10000000149011612,"discharged":1.7000000476837158,"maxPv":10.168}
