{"generated":40.30000019073486,"consumed":25.89999981224537,"exported":10.800000190734863}
