{"generated":32.90000057220459,"consumed":4.4953134765625,"exported":25.600000381469727,"imported":0.10000000149011612,"discharged":2.200000047683716,"maxPv":10.72}
