{"generated":57.60000038146973,"consumed":20.847255859375,"exported":33.20000076293945,"imported":0.10000000149011612,"discharged":1.600000023841858,"maxPv":7.846}
