{"generated":16,"consumed":4.1289111328125,"exported":0.10000000149011612,"imported":1.2000000476837158,"discharged":0.899999976158142,"maxPv":8.75}
