{"generated":28.19999933242798,"consumed":5.12493603515625,"exported":0.5,"imported":1.600000023841858,"discharged":0,"maxPv":7.855}
