{"generated":65.49999809265137,"consumed":1.05448291015625,"exported":57.5,"imported":0.10000000149011612,"discharged":1.600000023841858,"maxPv":0.216}
