{"generated":57.19999980926514,"consumed":14.2146630859375,"exported":28.799999237060547,"imported":1.600000023841858,"discharged":9.600000381469727,"maxPv":7.774}
