{"generated":24.699999809265137,"consumed":9.4809287109375,"exported":18.200000762939453,"imported":13.399999618530273,"discharged":20.700000762939453,"maxPv":8.331}
