{"generated":0.10000000149011612,"consumed":1.6867896728515626,"exported":0,"imported":1.5,"discharged":0,"maxPv":0.138}
