{"generated":41.599998474121094,"consumed":9.4281787109375,"exported":28.600000381469727,"imported":0,"discharged":3.299999952316284,"maxPv":11.87}
