{"generated":26.300000190734863,"consumed":14.100000441074371,"exported":8.399999618530273}
