{"generated":0.4000000059604645,"consumed":1.3101900634765624,"exported":0,"imported":0,"discharged":0.899999976158142,"maxPv":1.153}
