{"generated":6.9999998807907104,"consumed":8.6449189453125,"exported":0.10000000149011612,"imported":0.20000000298023224,"discharged":2.200000047683716,"maxPv":3.803}
