{"generated":2.599999964237213,"consumed":2.91267724609375,"exported":0,"imported":1,"discharged":0.899999976158142,"maxPv":3.458}
