{"generated":51,"consumed":17.16517578125,"exported":33.4000015258789,"imported":0.10000000149011612,"discharged":5,"maxPv":11.674}
