{"generated":4.6000001430511475,"consumed":2.883516357421875,"exported":0.10000000149011612,"imported":0.10000000149011612,"discharged":1.7000000476837158,"maxPv":5.346}
