{"generated":32,"consumed":11.5495712890625,"exported":17.700000762939453,"imported":0,"discharged":1.600000023841858,"maxPv":8.041}
