{"generated":40.400001525878906,"consumed":8.10840087890625,"exported":23.399999618530273,"imported":13.300000190734863,"discharged":21.100000381469727,"maxPv":5.888}
