{"generated":52.69999885559082,"consumed":12.499997474253185,"exported":37.4000015258789}
