{"generated":65.80000019073486,"consumed":4.27185693359375,"exported":58.20000076293945,"imported":0.10000000149011612,"discharged":1.5,"maxPv":8.165}
