{"generated":57.80000019073486,"consumed":9.4827099609375,"exported":43.79999923706055,"imported":1.600000023841858,"discharged":19.700000762939453,"maxPv":7.855}
