{"generated":1.600000023841858,"consumed":3.08983837890625,"exported":0,"imported":1.2999999523162842,"discharged":0.699999988079071,"maxPv":1.78}
