{"generated":28.09999942779541,"consumed":9.8282451171875,"exported":0.10000000149011612,"imported":1.600000023841858,"discharged":0.4000000059604645,"maxPv":10.657}
