{"generated":50.39999961853027,"consumed":19.951525390625,"exported":27.200000762939453,"imported":1.7999999523162842,"discharged":19.899999618530273,"maxPv":8.964}
