{"generated":29.59999990463257,"consumed":15.49999924004078,"exported":10.600000381469727}
