{"generated":0.20000000298023224,"consumed":1.8796927490234374,"exported":0,"imported":0.10000000149011612,"discharged":1.600000023841858,"maxPv":0.882}
