{"generated":41.500000953674316,"consumed":16.527921875,"exported":21.799999237060547,"imported":3.4000000953674316,"discharged":21.5,"maxPv":6.936}
