{"generated":20.40000057220459,"consumed":10.6617607421875,"exported":6.800000190734863,"imported":0.10000000149011612,"discharged":3.5,"maxPv":6.16}
