{"generated":0,"consumed":0.7894458618164063,"exported":0,"imported":0.699999988079071,"discharged":0,"maxPv":0}
