{"generated":60.59999942779541,"consumed":7.80166455078125,"exported":48.79999923706055,"imported":0.10000000149011612,"discharged":2.700000047683716,"maxPv":8.102}
