{"generated":0.6000000163912773,"consumed":2.5999999567866325,"exported":0}
