{"generated":45.10000038146973,"consumed":21.17055078125,"exported":20.899999618530273,"imported":1.899999976158142,"discharged":19.799999237060547,"maxPv":11.245}
