{"generated":44,"consumed":2.518998779296875,"exported":18.600000381469727,"imported":2.4000000953674316,"discharged":21.200000762939453,"maxPv":2.063}
