{"generated":0,"consumed":1.0549788818359376,"exported":0,"imported":0.600000023841858,"discharged":0.5,"maxPv":0}
