{"generated":10.300000190734863,"consumed":2.2824423828125,"exported":0,"imported":1,"discharged":0.20000000298023224,"maxPv":9.279}
