{"generated":50.69999885559082,"consumed":21.599997758865356,"exported":23.700000762939453}
