{"generated":7.799999952316284,"consumed":7.81233154296875,"exported":0.10000000149011612,"imported":0,"discharged":2.200000047683716,"maxPv":9.66}
