{"generated":32.5,"consumed":13.262046875,"exported":10.199999809265137,"imported":5,"discharged":9.699999809265137,"maxPv":11.993}
