{"generated":40.39999961853027,"consumed":16.399998761713505,"exported":20.700000762939453,"imported":0.10000000149011612,"discharged":4.099999904632568,"maxPv":9.97}
