{"generated":55.40000057220459,"consumed":12.9107646484375,"exported":19,"imported":1.600000023841858,"discharged":0,"maxPv":7.774}
