{"generated":0.800000011920929,"consumed":1.8999014892578125,"exported":0,"imported":1.5,"discharged":0,"maxPv":1.545}
