{"generated":22.000000476837158,"consumed":16.5,"exported":0.10000000149011612}
