{"generated":52.19999980926514,"consumed":22.699999429285526,"exported":26.100000381469727}
