{"generated":13.600000143051147,"consumed":3.600000001490116,"exported":6.800000190734863}
