{"generated":0.7000000104308128,"consumed":2.199999950826168,"exported":0,"imported":0,"discharged":1.7999999523162842,"maxPv":0.977}
