{"generated":39.19999885559082,"consumed":7.879232421875,"exported":27.600000381469727,"imported":0.10000000149011612,"discharged":1.7999999523162842,"maxPv":8.052}
