{"generated":20.699999809265137,"consumed":15.799999929964542,"exported":1.399999976158142}
