{"generated":41.39999961853027,"consumed":6.72229150390625,"exported":11.5,"imported":1.5,"discharged":0.5,"maxPv":9.462}
