{"generated":40.500000953674316,"consumed":5.0850791015625,"exported":30.600000381469727,"imported":0,"discharged":1.399999976158142,"maxPv":8.066}
