{"generated":58.19999980926514,"consumed":1.4386898193359374,"exported":50.4000015258789,"imported":0.10000000149011612,"discharged":1.5,"maxPv":2.728}
