{"generated":17,"consumed":3.76929296875,"exported":10.399999618530273,"imported":0,"discharged":1.600000023841858,"maxPv":6.929}
