{"generated":45.89999961853027,"consumed":12.599998712539673,"exported":30.200000762939453}
