{"generated":4.100000023841858,"consumed":3.100000023841858,"exported":0.10000000149011612}
