{"generated":31,"consumed":7.1386923828125,"exported":16.799999237060547,"imported":0.10000000149011612,"discharged":1.5,"maxPv":10.457}
