{"generated":0,"consumed":1.5164200439453126,"exported":0.10000000149011612,"imported":1,"discharged":0.5,"maxPv":0}
