{"generated":18.100000143051147,"consumed":5.86908154296875,"exported":9.5,"imported":0.10000000149011612,"discharged":1.899999976158142,"maxPv":11.812}
