{"generated":38.69999885559082,"consumed":4.6718017578125,"exported":30.299999237060547,"imported":0.10000000149011612,"discharged":1.600000023841858,"maxPv":8.038}
