{"generated":50.29999923706055,"consumed":18.3129453125,"exported":9.699999809265137,"imported":1.7999999523162842,"discharged":0.10000000149011612,"maxPv":8.964}
