{"generated":42.60000038146973,"consumed":17.210431640625,"exported":22.100000381469727,"imported":2.4000000953674316,"discharged":20.899999618530273,"maxPv":6.718}
