{"generated":24.600000858306885,"consumed":3.979863525390625,"exported":17.700000762939453,"imported":0,"discharged":2.0999999046325684,"maxPv":4.649}
