{"generated":39.89999961853027,"consumed":3.93013525390625,"exported":24.299999237060547,"imported":1.899999976158142,"discharged":20.299999237060547,"maxPv":4.08}
