{"generated":0,"consumed":1.11843798828125,"exported":0.10000000149011612,"imported":0.600000023841858,"discharged":0.300000011920929,"maxPv":0}
