{"generated":8.299999952316284,"consumed":6.3312490234375,"exported":0.10000000149011612,"imported":0.10000000149011612,"discharged":2.700000047683716,"maxPv":7.394}
