{"generated":40.400001525878906,"consumed":5.8993232421875,"exported":23.399999618530273,"imported":8.899999618530273,"discharged":21.100000381469727,"maxPv":5.888}
