{"generated":0,"consumed":1.825241943359375,"exported":0.10000000149011612,"imported":1.2999999523162842,"discharged":0.300000011920929,"maxPv":0.095}
