{"generated":0.800000011920929,"consumed":2.581508544921875,"exported":0,"imported":1.899999976158142,"discharged":0,"maxPv":1.284}
