{"generated":18.799999713897705,"consumed":4.1999993324279785,"exported":11.600000381469727}
