{"generated":0.20000000298023224,"consumed":1.8705567626953126,"exported":0,"imported":0,"discharged":1.5,"maxPv":0.694}
