{"generated":61.69999980926514,"consumed":14.029833984375,"exported":44.0999984741211,"imported":0.300000011920929,"discharged":1.899999976158142,"maxPv":10.359}
