{"generated":24.500000476837158,"consumed":3.81748046875,"exported":14.800000190734863,"imported":0,"discharged":2.0999999046325684,"maxPv":4.705}
