{"generated":35.30000019073486,"consumed":5.800001002848148,"exported":26.299999237060547}
