{"generated":8.100000143051147,"consumed":6.4710576171875,"exported":0.10000000149011612,"imported":0.10000000149011612,"discharged":2.799999952316284,"maxPv":5.012}
