{"generated":35.40000057220459,"consumed":4.4617919921875,"exported":24,"imported":1.7999999523162842,"discharged":20.5,"maxPv":8.96}
