{"generated":19.300000190734863,"consumed":4.71691748046875,"exported":13,"imported":0.10000000149011612,"discharged":3,"maxPv":5.702}
