{"generated":10.599999904632568,"consumed":3.635210205078125,"exported":0.10000000149011612,"imported":1.5,"discharged":0.5,"maxPv":9.462}
