{"generated":32.60000038146973,"consumed":5.3705419921875,"exported":4.699999809265137,"imported":1.5,"discharged":0,"maxPv":10.328}
