{"generated":8.400000095367432,"consumed":2.788001708984375,"exported":0.10000000149011612,"imported":1.2000000476837158,"discharged":0.5,"maxPv":4.5}
