{"generated":55.59999942779541,"consumed":5.958599609375,"exported":44.9000015258789,"imported":0.10000000149011612,"discharged":2,"maxPv":8.102}
