{"generated":17.200000286102295,"consumed":14.300000429153442,"exported":0.20000000298023224}
