{"generated":48.70000076293945,"consumed":23.56082421875,"exported":22.100000381469727,"imported":2.9000000953674316,"discharged":19.299999237060547,"maxPv":7.883}
