{"generated":24.59999990463257,"consumed":5.56197802734375,"exported":14.800000190734863,"imported":0,"discharged":3.700000047683716,"maxPv":4.705}
