{"generated":61.79999923706055,"consumed":12.38261328125,"exported":54,"imported":0,"discharged":11.100000381469727,"maxPv":8.064}
