{"generated":22.000000476837158,"consumed":3.61488720703125,"exported":15.5,"imported":0.10000000149011612,"discharged":1.600000023841858,"maxPv":9.636}
