{"generated":25.000000476837158,"consumed":4.14624365234375,"exported":16.700000762939453,"imported":0,"discharged":1.399999976158142,"maxPv":7.819}
