{"generated":40.30000019073486,"consumed":26.599999725818634,"exported":10.800000190734863}
