{"generated":63.40000057220459,"consumed":28.928595703125,"exported":31.399999618530273,"imported":0.10000000149011612,"discharged":1.600000023841858,"maxPv":8.342}
