{"generated":49.89999961853027,"consumed":8.07743701171875,"exported":36.5999984741211,"imported":1,"discharged":20.200000762939453,"maxPv":7.705}
