{"generated":45.10000038146973,"consumed":20.890494140625,"exported":20.899999618530273,"imported":1.7000000476837158,"discharged":19.700000762939453,"maxPv":11.245}
