{"generated":38.09999942779541,"consumed":4.310505859375,"exported":10.100000381469727,"imported":1.100000023841858,"discharged":0.800000011920929,"maxPv":10.544}
