{"generated":0.7000000178813934,"consumed":2.499999910593033,"exported":0.10000000149011612}
