{"generated":6.700000047683716,"consumed":2.984817138671875,"exported":0,"imported":1,"discharged":0.800000011920929,"maxPv":4.959}
