{"generated":36.39999866485596,"consumed":5.7327939453125,"exported":18.100000381469727,"imported":0,"discharged":2.0999999046325684,"maxPv":8.27}
