{"generated":62.39999866485596,"consumed":14.91915234375,"exported":44.5,"imported":0.300000011920929,"discharged":2.4000000953674316,"maxPv":10.359}
