{"generated":0.9000000059604645,"consumed":2.336326171875,"exported":0.10000000149011612,"imported":1.600000023841858,"discharged":0,"maxPv":2.212}
