{"generated":10.099999904632568,"consumed":5.3819912109375,"exported":0,"imported":1.399999976158142,"discharged":0.5,"maxPv":10.732}
