{"generated":23.90000009536743,"consumed":7.14173193359375,"exported":12.699999809265137,"imported":0.10000000149011612,"discharged":5.300000190734863,"maxPv":6.786}
