{"generated":32.39999961853027,"consumed":6.78527685546875,"exported":17.5,"imported":13.600000381469727,"discharged":20.299999237060547,"maxPv":9.581}
