{"generated":1.699999988079071,"consumed":2.39338037109375,"exported":0.10000000149011612,"imported":0.10000000149011612,"discharged":1.600000023841858,"maxPv":2.22}
