{"generated":60.20000076293945,"consumed":32.488837890625,"exported":24.399999618530273,"imported":0.20000000298023224,"discharged":3.299999952316284,"maxPv":8.094}
