{"generated":28,"consumed":3.817895263671875,"exported":1.5,"imported":1.600000023841858,"discharged":0,"maxPv":7.754}
