{"generated":63.5,"consumed":23.314873046875,"exported":33.20000076293945,"imported":0.10000000149011612,"discharged":1.7000000476837158,"maxPv":8.423}
