{"generated":33.60000038146973,"consumed":6.84352734375,"exported":21.5,"imported":6.900000095367432,"discharged":20.700000762939453,"maxPv":10.032}
