{"generated":19.40000057220459,"consumed":13.500000432133675,"exported":2.299999952316284}
