{"generated":48.59999942779541,"consumed":15.1710654296875,"exported":10.199999809265137,"imported":1.600000023841858,"discharged":0.4000000059604645,"maxPv":7.333}
