{"generated":39.39999961853027,"consumed":4.38258251953125,"exported":31.399999618530273,"imported":0.10000000149011612,"discharged":1.5,"maxPv":8.197}
