{"generated":58.80000019073486,"consumed":30.452412109375,"exported":23.700000762939453,"imported":0.10000000149011612,"discharged":2.0999999046325684,"maxPv":8.094}
