{"generated":26.899999618530273,"consumed":7.62881640625,"exported":16.200000762939453,"imported":0.10000000149011612,"discharged":2,"maxPv":11.812}
