{"generated":37.90000057220459,"consumed":4.9886142578125,"exported":29.399999618530273,"imported":0.10000000149011612,"discharged":2,"maxPv":8.083}
