{"generated":53,"consumed":9.39506640625,"exported":39.5,"imported":0,"discharged":1.600000023841858,"maxPv":8.128}
