{"generated":0.30000000447034836,"consumed":2.01928173828125,"exported":0,"imported":0,"discharged":1.7000000476837158,"maxPv":0.832}
