{"generated":0,"consumed":0.9124450073242187,"exported":0,"imported":0.20000000298023224,"discharged":0.699999988079071,"maxPv":0}
