{"generated":22.299999237060547,"consumed":6.4346259765625,"exported":0,"imported":1.899999976158142,"discharged":0,"maxPv":5.151}
