{"generated":17.000000476837158,"consumed":3.890973876953125,"exported":10.399999618530273,"imported":0.10000000149011612,"discharged":1.399999976158142,"maxPv":8.255}
