{"generated":0,"consumed":1.47822119140625,"exported":0,"imported":0,"discharged":1.7999999523162842,"maxPv":0}
