{"generated":1.200000047683716,"consumed":2.476416015625,"exported":0,"imported":1.7999999523162842,"discharged":0,"maxPv":1.652}
