{"generated":44,"consumed":8.40650390625,"exported":20,"imported":3.4000000953674316,"discharged":20.799999237060547,"maxPv":8.002}
