{"generated":58.19999980926514,"consumed":2.181412109375,"exported":50.4000015258789,"imported":0.10000000149011612,"discharged":1.5,"maxPv":7.678}
