{"generated":0,"consumed":0.27316448974609375,"exported":0,"imported":0.20000000298023224,"discharged":0,"maxPv":0}
