{"generated":18,"consumed":4.62351904296875,"exported":0,"imported":1,"discharged":0.800000011920929,"maxPv":6.781}
