{"generated":23.300000190734863,"consumed":5.11454931640625,"exported":0,"imported":1.7000000476837158,"discharged":0,"maxPv":7.66}
