{"generated":28.500000476837158,"consumed":7.26234521484375,"exported":20.600000381469727,"imported":7.099999904632568,"discharged":20.600000381469727,"maxPv":10.046}
