{"generated":46.500000953674316,"consumed":13.6062099609375,"exported":27.899999618530273,"imported":0.10000000149011612,"discharged":2.9000000953674316,"maxPv":8.175}
