{"generated":50.19999885559082,"consumed":9.043748046875,"exported":38.29999923706055,"imported":0.10000000149011612,"discharged":4,"maxPv":11.68}
