{"generated":0.800000011920929,"consumed":2.1999999657273293,"exported":0}
