{"generated":12,"consumed":3.461095947265625,"exported":0.10000000149011612,"imported":1.5,"discharged":0.300000011920929,"maxPv":5.88}
