{"generated":38.20000076293945,"consumed":16.89534765625,"exported":19.299999237060547,"imported":2.700000047683716,"discharged":20.100000381469727,"maxPv":10.818}
