{"generated":23.59999990463257,"consumed":4.1321767578125,"exported":16,"imported":0,"discharged":1.7999999523162842,"maxPv":7.3}
