{"generated":43.79999923706055,"consumed":22.374005859375,"exported":22.5,"imported":5.099999904632568,"discharged":19.899999618530273,"maxPv":9.91}
