{"generated":50,"consumed":12.099388671875,"exported":29.399999618530273,"imported":0.10000000149011612,"discharged":2.700000047683716,"maxPv":11.069}
