{"generated":5.6000001430511475,"consumed":2.89406396484375,"exported":0.5,"imported":0,"discharged":1.5,"maxPv":4.727}
