{"generated":12.700000286102295,"consumed":5.45131298828125,"exported":4.599999904632568,"imported":0.10000000149011612,"discharged":1.899999976158142,"maxPv":10.054}
