{"generated":54.30000114440918,"consumed":4.7088857421875,"exported":45.5999984741211,"imported":0.10000000149011612,"discharged":1.600000023841858,"maxPv":11.65}
