{"generated":30,"consumed":4.51110302734375,"exported":22.399999618530273,"imported":0.10000000149011612,"discharged":2,"maxPv":7.881}
