{"generated":31.699999809265137,"consumed":8.5999990478158,"exported":19.700000762939453}
