{"generated":43.69999980926514,"consumed":13.8675556640625,"exported":7,"imported":1.399999976158142,"discharged":0.699999988079071,"maxPv":7.692}
