{"generated":26,"consumed":5.700000762939453,"exported":16.799999237060547}
