{"generated":33.600000858306885,"consumed":8.400001384317875,"exported":23.299999237060547,"imported":0.10000000149011612,"discharged":2.799999952316284,"maxPv":9.138}
