{"generated":47.90000057220459,"consumed":7.400001384317875,"exported":37.29999923706055}
