{"generated":26.899999618530273,"consumed":25.2411015625,"exported":0.20000000298023224,"imported":0.20000000298023224,"discharged":5.900000095367432,"maxPv":6.519}
