{"generated":1.2000000178813934,"consumed":2.680777099609375,"exported":0,"imported":0,"discharged":2,"maxPv":2.264}
