{"generated":42.499999046325684,"consumed":8.5310966796875,"exported":30.600000381469727,"imported":1.899999976158142,"discharged":19.799999237060547,"maxPv":10.016}
