{"generated":44.40000057220459,"consumed":6.17278173828125,"exported":15.199999809265137,"imported":1.5,"discharged":0,"maxPv":10.328}
