{"generated":26.5,"consumed":9.4798193359375,"exported":7.400000095367432,"imported":1.899999976158142,"discharged":9.699999809265137,"maxPv":5.151}
