{"generated":22.90000057220459,"consumed":4.72948095703125,"exported":0.10000000149011612,"imported":1.600000023841858,"discharged":0.300000011920929,"maxPv":7.883}
