{"generated":15.299999713897705,"consumed":5.678607421875,"exported":0.10000000149011612,"imported":1.5,"discharged":0.300000011920929,"maxPv":10.657}
