{"generated":52.20000076293945,"consumed":12.5635869140625,"exported":33.20000076293945,"imported":0.10000000149011612,"discharged":4.699999809265137,"maxPv":11.069}
