{"generated":37.999999046325684,"consumed":6.260626953125,"exported":28.100000381469727,"imported":0,"discharged":2,"maxPv":8.064}
