{"generated":19.40000009536743,"consumed":3.2963515625,"exported":13.300000190734863,"imported":0,"discharged":1.899999976158142,"maxPv":6.162}
