{"generated":0,"consumed":1.6524478759765624,"exported":0,"imported":1.399999976158142,"discharged":0,"maxPv":0.237}
