{"generated":20.09999990463257,"consumed":16.1488701171875,"exported":0.600000023841858,"imported":0.10000000149011612,"discharged":2.9000000953674316,"maxPv":5.012}
