{"generated":9.799999952316284,"consumed":7.55912744140625,"exported":0.10000000149011612,"imported":0.10000000149011612,"discharged":3.0999999046325684,"maxPv":4.257}
