{"generated":63.79999923706055,"consumed":6.646466796875,"exported":52.79999923706055,"imported":0.10000000149011612,"discharged":1.5,"maxPv":8.188}
