{"generated":24,"consumed":5.79921923828125,"exported":15.100000381469727,"imported":0.10000000149011612,"discharged":6.599999904632568,"maxPv":5.793}
