{"generated":32.30000019073486,"consumed":3.9355908203125,"exported":25.200000762939453,"imported":0.10000000149011612,"discharged":1.5,"maxPv":8.171}
