{"generated":49.500000953674316,"consumed":14.500000812113285,"exported":32.5}
