{"generated":23.899999141693115,"consumed":23.4104140625,"exported":0.300000011920929,"imported":0.20000000298023224,"discharged":7.900000095367432,"maxPv":7.616}
