{"generated":54.20000076293945,"consumed":4.3298115234375,"exported":45.5999984741211,"imported":0,"discharged":1.2999999523162842,"maxPv":11.65}
