{"generated":58.20000076293945,"consumed":32.079845703125,"exported":23.5,"imported":2.5,"discharged":19.799999237060547,"maxPv":8.302}
