{"generated":5.800000071525574,"consumed":2.499999925494194,"exported":0.20000000298023224,"imported":0,"discharged":1.7999999523162842,"maxPv":7.28}
