{"generated":57.69999980926514,"consumed":8.2188427734375,"exported":35.29999923706055,"imported":1.600000023841858,"discharged":9.600000381469727,"maxPv":7.855}
