{"generated":0,"consumed":1.8081263427734375,"exported":0.10000000149011612,"imported":0.10000000149011612,"discharged":1.5,"maxPv":0.395}
