{"generated":29.59999942779541,"consumed":8.14594189453125,"exported":0.10000000149011612,"imported":1.600000023841858,"discharged":0.300000011920929,"maxPv":7.883}
