{"generated":1.0000000149011612,"consumed":2.600000001490116,"exported":0.10000000149011612}
