{"generated":6.4999998807907104,"consumed":4.899999976158142,"exported":0}
