{"generated":24.500000476837158,"consumed":3.637460205078125,"exported":17.700000762939453,"imported":0,"discharged":1.899999976158142,"maxPv":4.649}
