{"generated":30.200000286102295,"consumed":3.310978759765625,"exported":15.300000190734863,"imported":0.10000000149011612,"discharged":6.300000190734863,"maxPv":3.985}
