{"generated":57.19999885559082,"consumed":19.525447265625,"exported":34.5,"imported":0,"discharged":1.7000000476837158,"maxPv":8.048}
