{"generated":44.80000019073486,"consumed":7.67836962890625,"exported":32.9000015258789,"imported":0.10000000149011612,"discharged":1.7000000476837158,"maxPv":11.674}
