{"generated":42.30000019073486,"consumed":16.651056640625,"exported":3.9000000953674316,"imported":1.5,"discharged":0,"maxPv":12.506}
