{"generated":19.199999809265137,"consumed":3.667384765625,"exported":13,"imported":0,"discharged":2.0999999046325684,"maxPv":5.702}
