{"generated":0.9000000059604645,"consumed":7.55556982421875,"exported":0,"imported":0.10000000149011612,"discharged":1.7999999523162842,"maxPv":1.376}
