{"generated":2.5,"consumed":3.86885888671875,"exported":0.10000000149011612,"imported":0.10000000149011612,"discharged":1.899999976158142,"maxPv":2.181}
