{"generated":14,"consumed":9.3900439453125,"exported":1.399999976158142,"imported":0.10000000149011612,"discharged":3.5,"maxPv":4.257}
