{"generated":59.79999923706055,"consumed":6.44259765625,"exported":48.29999923706055,"imported":0.10000000149011612,"discharged":1.899999976158142,"maxPv":7.935}
