{"generated":0.10000000149011612,"consumed":1.107575927734375,"exported":0,"imported":0,"discharged":0.899999976158142,"maxPv":0.238}
