{"generated":0,"consumed":1.7064556884765625,"exported":0,"imported":0,"discharged":1.899999976158142,"maxPv":0.075}
