{"generated":0.10000000149011612,"consumed":1.800000049173832,"exported":0.10000000149011612,"imported":0.10000000149011612,"discharged":1.7000000476837158,"maxPv":0.262}
