{"generated":11.999999761581421,"consumed":3.0999999046325684,"exported":5.699999809265137,"imported":0,"discharged":1.7999999523162842,"maxPv":7.28}
