{"generated":44.69999980926514,"consumed":8.3989873046875,"exported":32.5,"imported":0,"discharged":2,"maxPv":8.064}
