{"generated":0.20000000298023224,"consumed":1.8772926025390626,"exported":0.10000000149011612,"imported":1.2000000476837158,"discharged":0.5,"maxPv":0.497}
