{"generated":55.90000057220459,"consumed":8.6316484375,"exported":43.0999984741211,"imported":0.10000000149011612,"discharged":1.600000023841858,"maxPv":8.038}
