{"generated":63.5,"consumed":23.99822265625,"exported":33.20000076293945,"imported":0.10000000149011612,"discharged":2.299999952316284,"maxPv":8.423}
