{"generated":49.90000057220459,"consumed":9.500000476837158,"exported":38}
