{"generated":0,"consumed":0.6430781860351562,"exported":0,"imported":0.10000000149011612,"discharged":0.5,"maxPv":0}
