{"generated":0.10000000149011612,"consumed":2.005200439453125,"exported":0,"imported":0.800000011920929,"discharged":0.899999976158142,"maxPv":0.524}
