{"generated":64.8000020980835,"consumed":36.37006640625,"exported":56.70000076293945,"imported":0.10000000149011612,"discharged":4.099999904632568,"maxPv":8.108}
