{"generated":24,"consumed":11.4124560546875,"exported":8.300000190734863,"imported":0.10000000149011612,"discharged":2.9000000953674316,"maxPv":7.81}
