{"generated":24.59999990463257,"consumed":5.32198974609375,"exported":14.800000190734863,"imported":0,"discharged":3.4000000953674316,"maxPv":4.705}
