{"generated":46,"consumed":8.9700224609375,"exported":33.4000015258789,"imported":0.10000000149011612,"discharged":1.7999999523162842,"maxPv":8.052}
