{"generated":30.399999618530273,"consumed":4.2654384765625,"exported":22.399999618530273,"imported":0.10000000149011612,"discharged":2,"maxPv":8.081}
