{"generated":3.4999999403953552,"consumed":2.6999998465180397,"exported":0,"imported":0.10000000149011612,"discharged":1.7999999523162842,"maxPv":5.289}
