{"generated":15.100000381469727,"consumed":7.537365234375,"exported":6.400000095367432,"imported":0.10000000149011612,"discharged":4.300000190734863,"maxPv":5.196}
