{"generated":66.0999984741211,"consumed":3.991715087890625,"exported":58.0999984741211,"imported":0,"discharged":1.100000023841858,"maxPv":8.382}
