{"generated":0,"consumed":1.4797706298828126,"exported":0,"imported":0.5,"discharged":0.899999976158142,"maxPv":0}
