{"generated":56.89999961853027,"consumed":11.0525341796875,"exported":40.5999984741211,"imported":1.600000023841858,"discharged":19.799999237060547,"maxPv":7.935}
