{"generated":29.200000762939453,"consumed":9.264291015625,"exported":11.300000190734863,"imported":6,"discharged":11.899999618530273,"maxPv":7.996}
