{"generated":21.59999990463257,"consumed":3.688812255859375,"exported":0.10000000149011612,"imported":1.5,"discharged":0.5,"maxPv":7.582}
