{"generated":58.09999942779541,"consumed":38.87870703125,"exported":18.100000381469727,"imported":0.4000000059604645,"discharged":6.400000095367432,"maxPv":8.54}
