{"generated":41.29999923706055,"consumed":4.22221630859375,"exported":32.0999984741211,"imported":1,"discharged":19.200000762939453,"maxPv":9.279}
