{"generated":45.500000953674316,"consumed":17.226046875,"exported":5.800000190734863,"imported":1.2000000476837158,"discharged":0.899999976158142,"maxPv":11.306}
