{"generated":0,"consumed":1.2166881103515625,"exported":0.10000000149011612,"imported":0,"discharged":1.100000023841858,"maxPv":0}
