{"generated":54.500000953674316,"consumed":21.764591796875,"exported":19.299999237060547,"imported":1.2000000476837158,"discharged":10.5,"maxPv":11.306}
