{"generated":9.100000143051147,"consumed":3.55396875,"exported":3.0999999046325684,"imported":0,"discharged":2.200000047683716,"maxPv":7.131}
