{"generated":11.900000095367432,"consumed":8.16873388671875,"exported":0.10000000149011612,"imported":0.10000000149011612,"discharged":3.0999999046325684,"maxPv":4.257}
