{"generated":4.399999976158142,"consumed":2.8418193359375,"exported":0.10000000149011612,"imported":1.5,"discharged":0.5,"maxPv":4.055}
