{"generated":11.400000095367432,"consumed":3.01525390625,"exported":6,"imported":0,"discharged":1.899999976158142,"maxPv":5.088}
