{"generated":38.89999961853027,"consumed":13.9929033203125,"exported":18.5,"imported":0.10000000149011612,"discharged":1.7000000476837158,"maxPv":8.423}
