{"generated":66.60000038146973,"consumed":7.17002099609375,"exported":55,"imported":0.10000000149011612,"discharged":1.7000000476837158,"maxPv":8.381}
