{"generated":0,"consumed":1.6553140869140626,"exported":0,"imported":0.699999988079071,"discharged":0.899999976158142,"maxPv":0}
