{"generated":63.90000057220459,"consumed":11.6873662109375,"exported":48.0999984741211,"imported":0.10000000149011612,"discharged":1.399999976158142,"maxPv":8.506}
