{"generated":63.30000114440917,"consumed":24.766154296875,"exported":36.29999923706055,"imported":0.10000000149011612,"discharged":2.5,"maxPv":9.444}
