{"generated":51.79999923706055,"consumed":5.516306640625,"exported":41.9000015258789,"imported":0.10000000149011612,"discharged":1.600000023841858,"maxPv":8.038}
