{"generated":35.40000057220459,"consumed":7.11543798828125,"exported":24,"imported":6.599999904632568,"discharged":20.5,"maxPv":10.098}
