{"generated":26.300000190734863,"consumed":11.3698203125,"exported":13,"imported":0.10000000149011612,"discharged":4.199999809265137,"maxPv":9.138}
