{"generated":0,"consumed":1.630402099609375,"exported":0,"imported":0.699999988079071,"discharged":0.800000011920929,"maxPv":0}
