{"generated":4.400000095367432,"consumed":5.7769638671875,"exported":0.10000000149011612,"imported":0.10000000149011612,"discharged":1.7000000476837158,"maxPv":4.287}
