{"generated":43.89999961853027,"consumed":19.5561796875,"exported":2.4000000953674316,"imported":1.7000000476837158,"discharged":0.4000000059604645,"maxPv":11.245}
