{"generated":0,"consumed":0.9559653930664063,"exported":0,"imported":0.10000000149011612,"discharged":0.800000011920929,"maxPv":0}
