{"generated":56.39999961853027,"consumed":18.335189453125,"exported":15.899999618530273,"imported":1.5,"discharged":0,"maxPv":12.506}
