{"generated":49.60000133514404,"consumed":20.700001001358032,"exported":23}
