{"generated":44.80000019073486,"consumed":21.246158203125,"exported":2.200000047683716,"imported":2.9000000953674316,"discharged":0.300000011920929,"maxPv":7.883}
