{"generated":16.40000009536743,"consumed":11.4852490234375,"exported":4.699999809265137,"imported":0.10000000149011612,"discharged":1.7999999523162842,"maxPv":5.513}
