{"generated":58.60000038146973,"consumed":20.4013203125,"exported":35.0999984741211,"imported":1.600000023841858,"discharged":19.700000762939453,"maxPv":12.506}
