{"generated":35.30000019073486,"consumed":32.4228828125,"exported":0.899999976158142,"imported":0.300000011920929,"discharged":4.900000095367432,"maxPv":8.54}
