{"generated":4.800000071525574,"consumed":2.743287109375,"exported":0.10000000149011612,"imported":0.10000000149011612,"discharged":1.399999976158142,"maxPv":6.53}
