{"generated":1.800000011920929,"consumed":3.41375390625,"exported":0.10000000149011612,"imported":0.10000000149011612,"discharged":2.700000047683716,"maxPv":3.668}
