{"generated":65.49999904632568,"consumed":8.2068505859375,"exported":57.0999984741211,"imported":2.5999999046325684,"discharged":5.599999904632568,"maxPv":8.051}
