{"generated":56.19999980926514,"consumed":9.700001478195183,"exported":43.5999984741211,"imported":0,"discharged":2.299999952316284,"maxPv":7.723}
