{"generated":16.699999809265137,"consumed":12.799537109375,"exported":0.5,"imported":0.10000000149011612,"discharged":2.9000000953674316,"maxPv":5.012}
