{"generated":16.59999990463257,"consumed":4.2376337890625,"exported":10.199999809265137,"imported":0,"discharged":2.299999952316284,"maxPv":5.088}
