{"generated":24.300000190734863,"consumed":7.3012255859375,"exported":0.600000023841858,"imported":0.10000000149011612,"discharged":2.799999952316284,"maxPv":6.433}
