{"generated":43.30000114440918,"consumed":17.06396875,"exported":3.9000000953674316,"imported":1.7999999523162842,"discharged":0,"maxPv":8.964}
