{"generated":2.800000011920929,"consumed":3.4685107421875,"exported":0,"imported":1.899999976158142,"discharged":0,"maxPv":2.534}
