{"generated":20.40000057220459,"consumed":11.171615234375,"exported":6.800000190734863,"imported":0.10000000149011612,"discharged":4,"maxPv":6.16}
