{"generated":32.60000038146973,"consumed":14.1885,"exported":18.700000762939453,"imported":5,"discharged":19.5,"maxPv":11.993}
