{"generated":30.300000190734863,"consumed":4.5219208984375,"exported":4.800000190734863,"imported":3.5999999046325684,"discharged":0.5,"maxPv":10.962}
