{"generated":40.09999942779541,"consumed":3.575353271484375,"exported":22.700000762939453,"imported":3.5999999046325684,"discharged":20.200000762939453,"maxPv":9.734}
