{"generated":42.499999046325684,"consumed":7.65226171875,"exported":30.600000381469727,"imported":1.899999976158142,"discharged":18.899999618530273,"maxPv":10.016}
