{"generated":0.9000000208616257,"consumed":3.141044189453125,"exported":0.10000000149011612,"imported":0,"discharged":2.5999999046325684,"maxPv":1.552}
