{"generated":26.5,"consumed":10.2772451171875,"exported":7.400000095367432,"imported":1.899999976158142,"discharged":10.5,"maxPv":5.151}
