{"generated":8.299999952316284,"consumed":3.660474365234375,"exported":0.10000000149011612,"imported":1.5,"discharged":0,"maxPv":5.339}
