{"generated":37.09999942779541,"consumed":4.9758173828125,"exported":8.600000381469727,"imported":1,"discharged":0.899999976158142,"maxPv":7.39}
