{"generated":23.100000381469727,"consumed":6.36305810546875,"exported":10,"imported":0.10000000149011612,"discharged":1.5,"maxPv":10.457}
