{"generated":14.599999904632568,"consumed":3.59693408203125,"exported":0,"imported":1.399999976158142,"discharged":0.20000000298023224,"maxPv":6.682}
