{"generated":10,"consumed":3.357650390625,"exported":4.300000190734863,"imported":0.10000000149011612,"discharged":1.399999976158142,"maxPv":8.035}
