{"generated":52,"consumed":12.3700302734375,"exported":31,"imported":0.10000000149011612,"discharged":2.700000047683716,"maxPv":11.069}
