{"generated":58.79999923706055,"consumed":27.34978125,"exported":28.200000762939453,"imported":0.20000000298023224,"discharged":1.7000000476837158,"maxPv":7.998}
