{"generated":24.700000286102295,"consumed":9.5508076171875,"exported":12.800000190734863,"imported":0.20000000298023224,"discharged":2.5999999046325684,"maxPv":6.193}
