{"generated":31.59999942779541,"consumed":4.71609521484375,"exported":3.4000000953674316,"imported":1,"discharged":0.899999976158142,"maxPv":7.39}
