{"generated":61.400001525878906,"consumed":14.7812060546875,"exported":43.29999923706055,"imported":0.10000000149011612,"discharged":3.299999952316284,"maxPv":7.874}
