{"generated":42.90000057220459,"consumed":24.012861328125,"exported":0.10000000149011612,"imported":4.5,"discharged":1,"maxPv":8.75}
