{"generated":40.400001525878906,"consumed":5.40615380859375,"exported":23.399999618530273,"imported":1.600000023841858,"discharged":21.100000381469727,"maxPv":3.461}
