{"generated":0,"consumed":1.2605013427734375,"exported":0,"imported":0.699999988079071,"discharged":0.5,"maxPv":0}
