{"generated":20.800000190734863,"consumed":10.522490234375,"exported":0.10000000149011612,"imported":1.5,"discharged":0.20000000298023224,"maxPv":11.625}
