{"generated":6.400000095367432,"consumed":3.89752490234375,"exported":0.10000000149011612,"imported":0,"discharged":2.799999952316284,"maxPv":4.559}
