{"generated":11.400000095367432,"consumed":8.2642138671875,"exported":0.10000000149011612,"imported":0.10000000149011612,"discharged":2.5999999046325684,"maxPv":8.909}
