{"generated":52.69999980926514,"consumed":11.742630859375,"exported":37.20000076293945,"imported":0.10000000149011612,"discharged":1.7000000476837158,"maxPv":8.024}
