{"generated":15.100000381469727,"consumed":6.7123583984375,"exported":6.400000095367432,"imported":0,"discharged":3.4000000953674316,"maxPv":5.196}
