{"generated":41.29999923706055,"consumed":4.49400634765625,"exported":32.0999984741211,"imported":1,"discharged":19.5,"maxPv":9.279}
