{"generated":18.5,"consumed":5.03320947265625,"exported":0.10000000149011612,"imported":1.100000023841858,"discharged":0.899999976158142,"maxPv":7.272}
