{"generated":53.39999961853027,"consumed":7.7106650390625,"exported":42,"imported":0,"discharged":2.799999952316284,"maxPv":10.96}
