{"generated":42.499999046325684,"consumed":6.3539833984375,"exported":32.5,"imported":0,"discharged":1.7000000476837158,"maxPv":10.6}
