{"generated":28.800000190734863,"consumed":17.367017578125,"exported":16,"imported":0.10000000149011612,"discharged":5.300000190734863,"maxPv":7.859}
