{"generated":0.10000000149011612,"consumed":1.832596923828125,"exported":0.10000000149011612,"imported":1,"discharged":0.699999988079071,"maxPv":0.342}
