{"generated":35.90000057220459,"consumed":2.7848173828125,"exported":22.399999618530273,"imported":2.5,"discharged":20.399999618530273,"maxPv":2.627}
