{"generated":57.19999980926514,"consumed":14.210486328125,"exported":40.5999984741211,"imported":0.10000000149011612,"discharged":3,"maxPv":8.024}
