{"generated":32.20000123977661,"consumed":10.7420380859375,"exported":19.600000381469727,"imported":0.20000000298023224,"discharged":2.200000047683716,"maxPv":11.622}
