{"generated":7.6000001430511475,"consumed":6.9130693359375,"exported":0.10000000149011612,"imported":0.10000000149011612,"discharged":3.0999999046325684,"maxPv":4.257}
