{"generated":65.10000133514404,"consumed":3.439008544921875,"exported":57.5,"imported":0.10000000149011612,"discharged":0.899999976158142,"maxPv":9.743}
