{"generated":28,"consumed":6.29963037109375,"exported":18.5,"imported":7.099999904632568,"discharged":20.600000381469727,"maxPv":10.046}
