{"generated":42.09999942779541,"consumed":7.05845849609375,"exported":22.200000762939453,"imported":4.400000095367432,"discharged":20.200000762939453,"maxPv":6.767}
