{"generated":7.299999952316284,"consumed":3.499999739229679,"exported":1,"imported":0.10000000149011612,"discharged":1.899999976158142,"maxPv":9.138}
