{"generated":32.60000038146973,"consumed":14.6080703125,"exported":18.700000762939453,"imported":5,"discharged":19.899999618530273,"maxPv":11.993}
