{"generated":0,"consumed":0.9260543212890625,"exported":0.10000000149011612,"imported":0,"discharged":0.800000011920929,"maxPv":0}
