{"generated":45.5,"consumed":5.10566748046875,"exported":36.4000015258789,"imported":0.10000000149011612,"discharged":1.600000023841858,"maxPv":8.038}
