{"generated":55.599998474121094,"consumed":7.5936083984375,"exported":24.5,"imported":1.600000023841858,"discharged":0,"maxPv":7.855}
