{"generated":53.09999942779541,"consumed":8.56340625,"exported":20.899999618530273,"imported":1.2000000476837158,"discharged":0.800000011920929,"maxPv":5.88}
