{"generated":0,"consumed":1.5711138916015626,"exported":0,"imported":0,"discharged":1.399999976158142,"maxPv":0.066}
