{"generated":65.10000038146973,"consumed":7.699009765625,"exported":53.20000076293945,"imported":0,"discharged":1.899999976158142,"maxPv":8.191}
