{"generated":22.499999523162842,"consumed":4.2545302734375,"exported":15.600000381469727,"imported":0,"discharged":2.200000047683716,"maxPv":6.162}
