{"generated":17.90000009536743,"consumed":5.03116552734375,"exported":11.399999618530273,"imported":0,"discharged":3.0999999046325684,"maxPv":6.203}
