{"generated":6.899999976158142,"consumed":3.107793212890625,"exported":0.10000000149011612,"imported":1.5,"discharged":0.300000011920929,"maxPv":5.061}
