{"generated":12.900000095367432,"consumed":3.500000238418579,"exported":6,"imported":0,"discharged":1.7999999523162842,"maxPv":6.61}
