{"generated":1.5999999940395355,"consumed":2.7999999821186066,"exported":0.10000000149011612,"imported":0.10000000149011612,"discharged":1.899999976158142,"maxPv":1.641}
