{"generated":41.20000076293945,"consumed":14.3026767578125,"exported":20,"imported":3.4000000953674316,"discharged":21.5,"maxPv":6.936}
