{"generated":44,"consumed":8.7637353515625,"exported":30.600000381469727,"imported":2.4000000953674316,"discharged":21.200000762939453,"maxPv":7.104}
