{"generated":27.699999809265137,"consumed":8.5065634765625,"exported":16.200000762939453,"imported":0,"discharged":2.799999952316284,"maxPv":5.02}
