{"generated":2.9999999403953552,"consumed":2.680222900390625,"exported":0,"imported":1,"discharged":0.899999976158142,"maxPv":3.213}
