{"generated":27.5,"consumed":7.87451220703125,"exported":31.200000762939453,"imported":0,"discharged":21.799999237060547,"maxPv":4.857}
