{"generated":66.10000038146973,"consumed":3.778653564453125,"exported":58.20000076293945,"imported":0.10000000149011612,"discharged":1.399999976158142,"maxPv":8.09}
