{"generated":66.0999984741211,"consumed":6.544224609375,"exported":54.79999923706055,"imported":0,"discharged":1.5,"maxPv":8.381}
