{"generated":26.999999523162842,"consumed":6.099999286234379,"exported":17,"imported":0.10000000149011612,"discharged":1.7999999523162842,"maxPv":11.846}
