{"generated":0,"consumed":1.5887738037109376,"exported":0.10000000149011612,"imported":0.800000011920929,"discharged":0.699999988079071,"maxPv":0}
