{"generated":48.20000076293945,"consumed":7.04923046875,"exported":37.0999984741211,"imported":0.10000000149011612,"discharged":2.799999952316284,"maxPv":10.415}
