{"generated":41.500000953674316,"consumed":14.7183662109375,"exported":20,"imported":3.4000000953674316,"discharged":21.5,"maxPv":6.936}
