{"generated":0,"consumed":0.2750494384765625,"exported":0,"imported":0,"discharged":0.20000000298023224,"maxPv":0}
