{"generated":44.79999923706055,"consumed":23.399999529123306,"exported":15.899999618530273}
