{"generated":25.90000009536743,"consumed":4.500001050531864,"exported":18.299999237060547,"imported":0.10000000149011612,"discharged":2,"maxPv":10.162}
