{"generated":10.5,"consumed":4.32779150390625,"exported":3.4000000953674316,"imported":0,"discharged":2.799999952316284,"maxPv":4.735}
