{"generated":37.70000076293945,"consumed":10.3278212890625,"exported":24.5,"imported":0.20000000298023224,"discharged":1.7999999523162842,"maxPv":10.359}
