{"generated":33.70000076293945,"consumed":3.17305224609375,"exported":22.700000762939453,"imported":3.5999999046325684,"discharged":20.200000762939453,"maxPv":9.734}
