{"generated":10,"consumed":3.411253662109375,"exported":0.699999988079071,"imported":0.10000000149011612,"discharged":1.399999976158142,"maxPv":7.244}
