{"generated":22.499999523162842,"consumed":5.24340087890625,"exported":15.600000381469727,"imported":0,"discharged":3.200000047683716,"maxPv":6.162}
