{"generated":19.600000381469727,"consumed":3.25470556640625,"exported":13.600000381469727,"imported":0,"discharged":2,"maxPv":4.309}
