{"generated":26.699999809265137,"consumed":7.58674462890625,"exported":15.300000190734863,"imported":0.10000000149011612,"discharged":5.300000190734863,"maxPv":6.786}
