{"generated":6.600000023841858,"consumed":2.25792626953125,"exported":2.9000000953674316,"imported":0.10000000149011612,"discharged":1,"maxPv":10.618}
