{"generated":50.10000133514404,"consumed":28.800001576542854,"exported":17.899999618530273,"imported":0.20000000298023224,"discharged":2.799999952316284,"maxPv":9.878}
