{"generated":36.69999980926514,"consumed":9.2274228515625,"exported":26.200000762939453,"imported":0.10000000149011612,"discharged":5.300000190734863,"maxPv":8.884}
