{"generated":1.8000000417232513,"consumed":2.373796142578125,"exported":0,"imported":0,"discharged":1.5,"maxPv":3.221}
