{"generated":24.699999809265137,"consumed":8.3602041015625,"exported":17.700000762939453,"imported":13.399999618530273,"discharged":20.100000381469727,"maxPv":8.331}
