{"generated":25.40000009536743,"consumed":3.960486083984375,"exported":18.399999618530273,"imported":0,"discharged":1.5,"maxPv":7.971}
