{"generated":33.19999980926514,"consumed":5.44018603515625,"exported":23.799999237060547,"imported":0.10000000149011612,"discharged":1.7000000476837158,"maxPv":11.674}
