{"generated":47.89999866485596,"consumed":35.5631015625,"exported":9.899999618530273,"imported":0.300000011920929,"discharged":4.900000095367432,"maxPv":8.54}
