{"generated":0.300000011920929,"consumed":1.8503135986328125,"exported":0,"imported":0.10000000149011612,"discharged":1.5,"maxPv":0.971}
