{"generated":52.20000076293945,"consumed":9.4453203125,"exported":19.100000381469727,"imported":0.899999976158142,"discharged":0.899999976158142,"maxPv":7.782}
