{"generated":64,"consumed":10.83565625,"exported":48.79999923706055,"imported":0.10000000149011612,"discharged":1.600000023841858,"maxPv":8.128}
