{"generated":30.200000286102295,"consumed":3.92938720703125,"exported":15.300000190734863,"imported":0.10000000149011612,"discharged":6.300000190734863,"maxPv":5.555}
