{"generated":0,"consumed":1.8999999985098839,"exported":0.10000000149011612}
