{"generated":0.10000000149011612,"consumed":1.9787449951171876,"exported":0,"imported":1.5,"discharged":0.300000011920929,"maxPv":0.128}
