{"generated":36.60000038146973,"consumed":8.863443359375,"exported":22.399999618530273,"imported":2.5,"discharged":20.399999618530273,"maxPv":6.752}
