{"generated":54.59999942779541,"consumed":22.618048828125,"exported":27.899999618530273,"imported":1.2000000476837158,"discharged":20.299999237060547,"maxPv":11.306}
