{"generated":31.999999046325684,"consumed":8.1872431640625,"exported":20,"imported":3.4000000953674316,"discharged":21.5,"maxPv":6.936}
