{"generated":19.299999713897705,"consumed":2.730706787109375,"exported":5.199999809265137,"imported":0.10000000149011612,"discharged":6.599999904632568,"maxPv":0.609}
