{"generated":20.699999809265137,"consumed":17.59999966621399,"exported":0.20000000298023224}
