{"generated":55.09999942779541,"consumed":5.9130947265625,"exported":44.4000015258789,"imported":0.10000000149011612,"discharged":1.899999976158142,"maxPv":7.935}
