{"generated":24.600000858306885,"consumed":5.06631005859375,"exported":17.700000762939453,"imported":0,"discharged":3.200000047683716,"maxPv":4.649}
