{"generated":34.60000133514404,"consumed":16.10000091791153,"exported":14.800000190734863}
