{"generated":49.09999942779541,"consumed":11.500000335276127,"exported":34.79999923706055}
