{"generated":57.59999942779541,"consumed":40.299998857080936,"exported":16.200000762939453,"imported":0.10000000149011612,"discharged":3.5,"maxPv":8.217}
