{"generated":44.60000038146973,"consumed":24.363478515625,"exported":30.600000381469727,"imported":2.5,"discharged":20.5,"maxPv":7.228}
