{"generated":0.10000000149011612,"consumed":1.856864013671875,"exported":0,"imported":0.10000000149011612,"discharged":1.600000023841858,"maxPv":0.467}
