{"generated":62.5,"consumed":20.3386953125,"exported":38.79999923706055,"imported":0,"discharged":1.7000000476837158,"maxPv":8.048}
