{"generated":33.89999961853027,"consumed":4.699999570846558,"exported":26,"imported":0,"discharged":1.7999999523162842,"maxPv":7.892}
