{"generated":0.20000000298023224,"consumed":3.1165166015625,"exported":0,"imported":0.10000000149011612,"discharged":2.9000000953674316,"maxPv":0.19}
