{"generated":64.8000020980835,"consumed":2.54807666015625,"exported":56.70000076293945,"imported":0.10000000149011612,"discharged":1.600000023841858,"maxPv":4.115}
