{"generated":66.0999984741211,"consumed":4.31706982421875,"exported":58.0999984741211,"imported":0.10000000149011612,"discharged":1.7000000476837158,"maxPv":9.94}
