{"generated":24.000000476837158,"consumed":3.4555537109375,"exported":17.600000381469727,"imported":0.10000000149011612,"discharged":1.5,"maxPv":7.592}
