{"generated":0.20000000298023224,"consumed":2.11444482421875,"exported":0,"imported":0,"discharged":2,"maxPv":0.512}
