{"generated":1.0000000149011612,"consumed":3.0999999567866325,"exported":0}
