{"generated":8.599999904632568,"consumed":2.272033447265625,"exported":0,"imported":0.600000023841858,"discharged":0.699999988079071,"maxPv":5.668}
