{"generated":35.30000019073486,"consumed":9.8722158203125,"exported":23.799999237060547,"imported":0.10000000149011612,"discharged":6.599999904632568,"maxPv":5.793}
