{"generated":50.000000953674316,"consumed":28.362869140625,"exported":17,"imported":0.20000000298023224,"discharged":2.799999952316284,"maxPv":11.673}
