{"generated":37.69999980926514,"consumed":24.699999526143074,"exported":9}
