{"generated":51.20000076293945,"consumed":6.47646923828125,"exported":40.0999984741211,"imported":0,"discharged":1.7999999523162842,"maxPv":7.781}
