{"generated":23.40000009536743,"consumed":4.012642822265625,"exported":16.299999237060547,"imported":0.10000000149011612,"discharged":1.7000000476837158,"maxPv":9.444}
