{"generated":59.20000076293945,"consumed":8.76472265625,"exported":55.9000015258789,"imported":0,"discharged":21.5,"maxPv":8.27}
