{"generated":50.000000953674316,"consumed":28.400001242756844,"exported":17.899999618530273,"imported":0.20000000298023224,"discharged":2.5,"maxPv":9.878}
