{"generated":47.69999980926514,"consumed":35.80000004917383,"exported":9,"imported":0.10000000149011612,"discharged":1.7000000476837158,"maxPv":8.217}
