{"generated":12.799999713897705,"consumed":4.10342626953125,"exported":0,"imported":1.5,"discharged":0,"maxPv":6.765}
