{"generated":36.69999980926514,"consumed":9.8356943359375,"exported":26.600000381469727,"imported":0.10000000149011612,"discharged":5,"maxPv":6.027}
