{"generated":7.199999928474426,"consumed":3.438667236328125,"exported":0,"imported":1.5,"discharged":0,"maxPv":5.164}
