{"generated":0,"consumed":1.3623382568359375,"exported":0.10000000149011612,"imported":0.899999976158142,"discharged":0.300000011920929,"maxPv":0}
