{"generated":0,"consumed":1.06442626953125,"exported":0,"imported":0.699999988079071,"discharged":0.300000011920929,"maxPv":0}
