{"generated":9.999999761581421,"consumed":4.4002080078125,"exported":2.700000047683716,"imported":0,"discharged":2.5999999046325684,"maxPv":5.196}
