{"generated":49.89999961853027,"consumed":7.66454736328125,"exported":36.5999984741211,"imported":1,"discharged":19.799999237060547,"maxPv":7.705}
