{"generated":33.09999942779541,"consumed":3.859651123046875,"exported":23.5,"imported":0.10000000149011612,"discharged":4.5,"maxPv":4.523}
