{"generated":17.40000009536743,"consumed":3.56589208984375,"exported":10.899999618530273,"imported":0.10000000149011612,"discharged":1.5,"maxPv":6.961}
