{"generated":0,"consumed":1.5594608154296874,"exported":0,"imported":0,"discharged":1.399999976158142,"maxPv":0.105}
