{"generated":5.799999952316284,"consumed":2.932231201171875,"exported":0.10000000149011612,"imported":0.10000000149011612,"discharged":1.399999976158142,"maxPv":5.435}
