{"generated":5.899999976158142,"consumed":1.664578369140625,"exported":2.5,"imported":0.10000000149011612,"discharged":0.899999976158142,"maxPv":5.343}
