{"generated":63.39999961853027,"consumed":25.504935546875,"exported":36.29999923706055,"imported":0.10000000149011612,"discharged":3.200000047683716,"maxPv":9.444}
