{"generated":42.10000038146973,"consumed":7.799999572336674,"exported":31.200000762939453}
