{"generated":42.29999923706055,"consumed":15.9279775390625,"exported":21.799999237060547,"imported":2.299999952316284,"discharged":20.899999618530273,"maxPv":6.718}
