{"generated":28.90000009536743,"consumed":10.626869140625,"exported":10.600000381469727,"imported":0.10000000149011612,"discharged":2.700000047683716,"maxPv":11.069}
