{"generated":0,"consumed":1.31339111328125,"exported":0,"imported":1.2000000476837158,"discharged":0,"maxPv":0}
