{"generated":24.700000286102295,"consumed":9.9416552734375,"exported":12.800000190734863,"imported":0.20000000298023224,"discharged":3,"maxPv":6.193}
