{"generated":23.69999933242798,"consumed":8.99999924004078,"exported":11}
