{"generated":63.5,"consumed":6.5656923828125,"exported":48.0999984741211,"imported":0.10000000149011612,"discharged":1.7999999523162842,"maxPv":8.17}
