{"generated":0.5000000149011612,"consumed":2.5000000596046448,"exported":0.10000000149011612,"imported":0.10000000149011612,"discharged":2.200000047683716,"maxPv":1.274}
