{"generated":68.1999979019165,"consumed":3.69046240234375,"exported":60,"imported":0.10000000149011612,"discharged":1.600000023841858,"maxPv":8.614}
