{"generated":34.69999980926514,"consumed":17.39999943971634,"exported":14.800000190734863}
