{"generated":21.799999713897705,"consumed":3.955165283203125,"exported":15,"imported":0,"discharged":2.200000047683716,"maxPv":6.907}
