{"generated":11.099999904632568,"consumed":1.8563843994140625,"exported":7.400000095367432,"imported":0.10000000149011612,"discharged":0.899999976158142,"maxPv":6.377}
