{"generated":28.699999809265137,"consumed":5.4526630859375,"exported":18.200000762939453,"imported":7.800000190734863,"discharged":20.700000762939453,"maxPv":8.893}
