{"generated":64.10000038146973,"consumed":8.817046875,"exported":48.5,"imported":0.10000000149011612,"discharged":2.4000000953674316,"maxPv":8.149}
