{"generated":51.60000038146973,"consumed":29.484791015625,"exported":17.799999237060547,"imported":0.20000000298023224,"discharged":2.9000000953674316,"maxPv":11.673}
