{"generated":61.60000038146973,"consumed":14.2661318359375,"exported":43.20000076293945,"imported":0,"discharged":1.600000023841858,"maxPv":9.258}
