{"generated":5.699999928474426,"consumed":2.4004013671875,"exported":1,"imported":0,"discharged":1.899999976158142,"maxPv":3.556}
