{"generated":0,"consumed":1.3703358154296874,"exported":0,"imported":0.800000011920929,"discharged":0.5,"maxPv":0}
