{"generated":49.59999942779541,"consumed":14.299998477101326,"exported":32.70000076293945}
