{"generated":32.5,"consumed":5.9449853515625,"exported":4.400000095367432,"imported":1.100000023841858,"discharged":0.899999976158142,"maxPv":7.895}
