{"generated":51,"consumed":17.6921875,"exported":33.4000015258789,"imported":0.10000000149011612,"discharged":5.5,"maxPv":11.674}
