{"generated":44.69999980926514,"consumed":3.345418701171875,"exported":38.29999923706055,"imported":0.10000000149011612,"discharged":1,"maxPv":11.339}
