{"generated":5.5,"consumed":2.78036376953125,"exported":0.4000000059604645,"imported":0,"discharged":1.5,"maxPv":4.649}
