{"generated":4.0000001192092896,"consumed":3.921947265625,"exported":0.10000000149011612,"imported":0.10000000149011612,"discharged":2.799999952316284,"maxPv":5.012}
