{"generated":49.89999961853027,"consumed":8.439625,"exported":36.5999984741211,"imported":1,"discharged":20.5,"maxPv":7.705}
