{"generated":1.800000011920929,"consumed":2.23221044921875,"exported":0.10000000149011612,"imported":0,"discharged":1.2999999523162842,"maxPv":1.727}
