{"generated":0.40000001341104513,"consumed":2.099999964237213,"exported":0.10000000149011612,"imported":0.10000000149011612,"discharged":1.7999999523162842,"maxPv":0.935}
