{"generated":48.5,"consumed":22.071478515625,"exported":5.099999904632568,"imported":2.9000000953674316,"discharged":0.300000011920929,"maxPv":7.883}
