{"generated":0.6000000089406967,"consumed":2.063049560546875,"exported":0.10000000149011612,"imported":0,"discharged":2.0999999046325684,"maxPv":1.097}
