{"generated":0,"consumed":1.446255615234375,"exported":0.10000000149011612,"imported":0,"discharged":1.2999999523162842,"maxPv":0.213}
