{"generated":0.5000000149011612,"consumed":2.1992177734375,"exported":0,"imported":1,"discharged":0.800000011920929,"maxPv":1.669}
