{"generated":0,"consumed":0.9891929321289062,"exported":0,"imported":0,"discharged":1.2000000476837158,"maxPv":0}
