{"generated":0,"consumed":1.3010457763671874,"exported":0,"imported":1.2000000476837158,"discharged":0,"maxPv":0}
