{"generated":23.299999713897705,"consumed":10.183248046875,"exported":5.599999904632568,"imported":0.10000000149011612,"discharged":2.700000047683716,"maxPv":10.944}
