{"generated":54.999999046325684,"consumed":13.3416982421875,"exported":38.0999984741211,"imported":0.10000000149011612,"discharged":2.799999952316284,"maxPv":7.874}
