{"generated":65.90000057220459,"consumed":3.553728515625,"exported":58.20000076293945,"imported":0.10000000149011612,"discharged":1.399999976158142,"maxPv":8.09}
