{"generated":42.09999942779541,"consumed":8.136166015625,"exported":29.200000762939453,"imported":4.400000095367432,"discharged":20.299999237060547,"maxPv":6.767}
