{"generated":43.89999961853027,"consumed":12.5631591796875,"exported":28.100000381469727,"imported":0.10000000149011612,"discharged":2.799999952316284,"maxPv":7.874}
