{"generated":37.69999980926514,"consumed":1.2253643798828124,"exported":25,"imported":0,"discharged":4.699999809265137,"maxPv":0}
