{"generated":3.399999976158142,"consumed":2.7999999299645424,"exported":0,"imported":0.10000000149011612,"discharged":2,"maxPv":3.108}
