{"generated":16.00000023841858,"consumed":6.1369609375,"exported":7.400000095367432,"imported":0.10000000149011612,"discharged":1.899999976158142,"maxPv":12.245}
