{"generated":1.2000000029802322,"consumed":2.80557177734375,"exported":0.10000000149011612,"imported":0.10000000149011612,"discharged":1.7000000476837158,"maxPv":1.279}
