{"generated":27.899999618530273,"consumed":3.953883544921875,"exported":3.0999999046325684,"imported":3.5999999046325684,"discharged":0.5,"maxPv":10.962}
