{"generated":51.80000019073486,"consumed":24.400000482797623,"exported":21.899999618530273}
