{"generated":42.59999942779541,"consumed":8.90000019222498,"exported":31.299999237060547}
