{"generated":27.700000286102295,"consumed":9.40000019222498,"exported":15,"imported":0.10000000149011612,"discharged":4.099999904632568,"maxPv":9.97}