{"generated":0.6000000163912773,"consumed":2.30087060546875,"exported":0,"imported":0,"discharged":1.600000023841858,"maxPv":0.838}
