{"generated":25.500000476837158,"consumed":5.47663916015625,"exported":0.10000000149011612,"imported":1.100000023841858,"discharged":0.899999976158142,"maxPv":7.82}
