{"generated":46.70000076293945,"consumed":19.90000081062317,"exported":20.899999618530273}
