{"generated":33.39999961853027,"consumed":4.378630859375,"exported":25.600000381469727,"imported":0,"discharged":1.5,"maxPv":8.201}
