{"generated":0.7000000104308128,"consumed":2.583121826171875,"exported":0.10000000149011612,"imported":0.10000000149011612,"discharged":1.7999999523162842,"maxPv":1.289}
