{"generated":6.899999976158142,"consumed":3.100000113248825,"exported":0.4000000059604645,"imported":0,"discharged":1.7999999523162842,"maxPv":6.045}
