{"generated":58.20000076293945,"consumed":32.496830078125,"exported":23.5,"imported":2.5,"discharged":20.200000762939453,"maxPv":8.302}
