{"generated":43.19999980926514,"consumed":26.999999716877937,"exported":12.5,"imported":0.20000000298023224,"discharged":2.5,"maxPv":9.878}
