{"generated":0,"consumed":0.8839266357421875,"exported":0.10000000149011612,"imported":0.300000011920929,"discharged":0.5,"maxPv":0}
