{"generated":48.90000057220459,"consumed":8.100001335144043,"exported":37.79999923706055}
