{"generated":0,"consumed":1.3661153564453126,"exported":0,"imported":0.5,"discharged":0.800000011920929,"maxPv":0}
