{"generated":66.19999980926514,"consumed":0.015797223091125488,"exported":58.4000015258789,"imported":0,"discharged":1.5,"maxPv":0}
