{"generated":13.800000190734863,"consumed":2.799975830078125,"exported":8.300000190734863,"imported":0,"discharged":1.899999976158142,"maxPv":4.649}
