{"generated":12,"consumed":3.600000001490116,"exported":5.300000190734863,"imported":0.10000000149011612,"discharged":2,"maxPv":10.162}
