{"generated":0,"consumed":0.9069854736328125,"exported":0.10000000149011612,"imported":0.20000000298023224,"discharged":0.699999988079071,"maxPv":0}
