{"generated":15,"consumed":4.80828955078125,"exported":3.5,"imported":0,"discharged":2.5999999046325684,"maxPv":4.857}
