{"generated":0,"consumed":0.2638624877929687,"exported":0,"imported":0,"discharged":0.20000000298023224,"maxPv":0}
