{"generated":0.5000000149011612,"consumed":2.483252685546875,"exported":0,"imported":0.10000000149011612,"discharged":1.7999999523162842,"maxPv":1.268}
