{"generated":23.499999523162842,"consumed":5.18750439453125,"exported":16.700000762939453,"imported":0,"discharged":3.4000000953674316,"maxPv":4.709}
