{"generated":45.099998474121094,"consumed":34.04644921875,"exported":9.300000190734863,"imported":0.10000000149011612,"discharged":1.7000000476837158,"maxPv":8.609}
