{"generated":0,"consumed":2.075336181640625,"exported":0.10000000149011612,"imported":1.399999976158142,"discharged":0.5,"maxPv":0.096}
