{"generated":17.5,"consumed":3.4517021484375,"exported":11.399999618530273,"imported":0,"discharged":1.399999976158142,"maxPv":6.832}
