{"generated":38.70000076293945,"consumed":13.4121240234375,"exported":19.799999237060547,"imported":0.10000000149011612,"discharged":1.7000000476837158,"maxPv":8.094}
