{"generated":22.399999618530273,"consumed":3.987608642578125,"exported":15.600000381469727,"imported":0,"discharged":2,"maxPv":6.162}
