{"generated":26.5,"consumed":9.91723828125,"exported":7.400000095367432,"imported":1.899999976158142,"discharged":10.199999809265137,"maxPv":5.151}
