{"generated":3.300000011920929,"consumed":3.600000061094761,"exported":0}
