{"generated":3.200000047683716,"consumed":4.6000001430511475,"exported":0.10000000149011612}
