{"generated":41.40000057220459,"consumed":4.743712890625,"exported":32.9000015258789,"imported":0,"discharged":1.5,"maxPv":8.381}
