{"generated":0.10000000149011612,"consumed":1.51539990234375,"exported":0,"imported":0,"discharged":1.399999976158142,"maxPv":0.164}
