{"generated":39.89999961853027,"consumed":7.89108642578125,"exported":24.700000762939453,"imported":2,"discharged":20.700000762939453,"maxPv":6.872}
