{"generated":2.0000000298023224,"consumed":3.200000077486038,"exported":0.10000000149011612,"imported":0.10000000149011612,"discharged":2.200000047683716,"maxPv":2.306}
