{"generated":12.499999761581421,"consumed":11.20206640625,"exported":0,"imported":0.10000000149011612,"discharged":1.600000023841858,"maxPv":6.93}
