{"generated":39.89999961853027,"consumed":9.9321806640625,"exported":22.399999618530273,"imported":2.5,"discharged":20.399999618530273,"maxPv":6.752}
