{"generated":3.400000035762787,"consumed":2.3999998942017555,"exported":0}
