{"generated":24.399999618530273,"consumed":3.5948466796875,"exported":17.899999618530273,"imported":0.10000000149011612,"discharged":1.5,"maxPv":7.77}
