{"generated":0,"consumed":1.031153564453125,"exported":0.10000000149011612,"imported":0.10000000149011612,"discharged":0.899999976158142,"maxPv":0}
