{"generated":43.39999961853027,"consumed":10.03421875,"exported":29.899999618530273,"imported":0.10000000149011612,"discharged":3.4000000953674316,"maxPv":11.87}
