{"generated":43.19999885559082,"consumed":1.60600439453125,"exported":30.600000381469727,"imported":2,"discharged":20.200000762939453,"maxPv":0}
