{"generated":16.59999966621399,"consumed":4.90632080078125,"exported":9.100000381469727,"imported":0,"discharged":1.7000000476837158,"maxPv":10.6}
