{"generated":13.299999713897705,"consumed":8.5860966796875,"exported":1.100000023841858,"imported":0.10000000149011612,"discharged":3.0999999046325684,"maxPv":4.257}
