{"generated":3.200000047683716,"consumed":3.81437353515625,"exported":0,"imported":0.10000000149011612,"discharged":1.7999999523162842,"maxPv":2.368}
