{"generated":21.799999713897705,"consumed":5.47091357421875,"exported":15,"imported":0,"discharged":3.5999999046325684,"maxPv":6.907}
