{"generated":41.30000019073486,"consumed":6.39742431640625,"exported":12.399999618530273,"imported":1.899999976158142,"discharged":0,"maxPv":10.016}
