{"generated":3.699999988079071,"consumed":3.43268603515625,"exported":0,"imported":1.2000000476837158,"discharged":0.899999976158142,"maxPv":7.828}
