{"generated":49.89999961853027,"consumed":25.850962890625,"exported":20.899999618530273,"imported":0.20000000298023224,"discharged":1.7000000476837158,"maxPv":7.998}
