{"generated":36.39999866485596,"consumed":19.799999058246613,"exported":12.399999618530273,"imported":0.300000011920929,"discharged":4.199999809265137,"maxPv":11.277}
