{"generated":38.59999942779541,"consumed":6.1584365234375,"exported":9.600000381469727,"imported":1.899999976158142,"discharged":0,"maxPv":8.086}
