{"generated":47.10000038146973,"consumed":18.059068359375,"exported":24.600000381469727,"imported":1.399999976158142,"discharged":19.600000381469727,"maxPv":7.692}
