{"generated":24.600000858306885,"consumed":5.5637060546875,"exported":17.700000762939453,"imported":0,"discharged":3.700000047683716,"maxPv":4.649}
