{"generated":14.100000143051147,"consumed":3.337859375,"exported":8.399999618530273,"imported":0,"discharged":2.0999999046325684,"maxPv":6.203}
