{"generated":44,"consumed":23.601025390625,"exported":22.5,"imported":5.099999904632568,"discharged":20.5,"maxPv":9.91}
