{"generated":39.19999885559082,"consumed":5.90560205078125,"exported":27.799999237060547,"imported":0.10000000149011612,"discharged":1.600000023841858,"maxPv":9.852}
