{"generated":0.9000000059604645,"consumed":1.9842686767578126,"exported":0.10000000149011612,"imported":0,"discharged":1.2999999523162842,"maxPv":0.964}
