{"generated":42.59999942779541,"consumed":9.300000287592411,"exported":31.299999237060547}
