{"generated":60,"consumed":7.03566015625,"exported":48.4000015258789,"imported":0.10000000149011612,"discharged":2.0999999046325684,"maxPv":7.935}
