{"generated":3.100000023841858,"consumed":2.4000000953674316,"exported":0,"imported":0,"discharged":1.600000023841858,"maxPv":3.003}
