{"generated":23.600000381469727,"consumed":19.273013671875,"exported":0.300000011920929,"imported":0.10000000149011612,"discharged":4,"maxPv":7.616}
