{"generated":0,"consumed":1.6794788818359374,"exported":0,"imported":0,"discharged":1.600000023841858,"maxPv":0}
