{"generated":24.699999809265137,"consumed":4.4708798828125,"exported":17.100000381469727,"imported":0.10000000149011612,"discharged":1.399999976158142,"maxPv":8.255}
