{"generated":53.30000019073486,"consumed":9.8270419921875,"exported":37.4000015258789,"imported":1.2000000476837158,"discharged":18.899999618530273,"maxPv":5.88}
