{"generated":39.10000038146973,"consumed":33.613734375,"exported":3.9000000953674316,"imported":0.10000000149011612,"discharged":1.7000000476837158,"maxPv":8.609}
