{"generated":57.5,"consumed":11.8694423828125,"exported":40.5999984741211,"imported":0.899999976158142,"discharged":20.299999237060547,"maxPv":7.782}
