{"generated":20.700000286102295,"consumed":13.500000059604645,"exported":3.4000000953674316}
