{"generated":1.200000047683716,"consumed":2.17623828125,"exported":0,"imported":0,"discharged":1.899999976158142,"maxPv":1.046}
