{"generated":0.5000000149011612,"consumed":3.400000013411045,"exported":0.10000000149011612}
