{"generated":17.09999990463257,"consumed":9.0723662109375,"exported":5.599999904632568,"imported":0,"discharged":1.600000023841858,"maxPv":8.391}
