{"generated":5.400000095367432,"consumed":2.681568603515625,"exported":0.300000011920929,"imported":0,"discharged":1.600000023841858,"maxPv":4.52}
