{"generated":40.30000019073486,"consumed":25.700000002980232,"exported":10.800000190734863}
