{"generated":60.60000038146973,"consumed":20.200595703125,"exported":37.4000015258789,"imported":0.10000000149011612,"discharged":1.5,"maxPv":8.197}
