{"generated":0,"consumed":1.0685604248046876,"exported":0,"imported":0.10000000149011612,"discharged":1,"maxPv":0}
