{"generated":9.299999952316284,"consumed":10.692953125,"exported":0.10000000149011612,"imported":0.10000000149011612,"discharged":1.7000000476837158,"maxPv":5.786}
