{"generated":22.700000286102295,"consumed":21.022623046875,"exported":0.20000000298023224,"imported":0.20000000298023224,"discharged":5.400000095367432,"maxPv":6.519}
