{"generated":30.90000057220459,"consumed":13.6647666015625,"exported":11.100000381469727,"imported":0.10000000149011612,"discharged":1.7000000476837158,"maxPv":8.404}
