{"generated":46.10000038146973,"consumed":21.500000096857548,"exported":20}
