{"generated":22.499999523162842,"consumed":5.49267626953125,"exported":15.600000381469727,"imported":0,"discharged":3.5,"maxPv":6.162}
