{"generated":12.999999523162842,"consumed":2.79623193359375,"exported":7.699999809265137,"imported":0,"discharged":1.899999976158142,"maxPv":4.509}
