{"generated":45.69999980926514,"consumed":9.8847197265625,"exported":12.5,"imported":1.399999976158142,"discharged":0.5,"maxPv":10.732}
