{"generated":30.200000286102295,"consumed":4.5802333984375,"exported":16.899999618530273,"imported":0.10000000149011612,"discharged":6.300000190734863,"maxPv":6.071}
