{"generated":0,"consumed":0.7395076904296874,"exported":0,"imported":0,"discharged":0.899999976158142,"maxPv":0}
