{"generated":40.80000019073486,"consumed":20.700000859797,"exported":19.299999237060547}
