{"generated":2.699999988079071,"consumed":2.908319580078125,"exported":0,"imported":1.7999999523162842,"discharged":0,"maxPv":2.237}
