{"generated":42.60000038146973,"consumed":11.8866552734375,"exported":22.200000762939453,"imported":4.400000095367432,"discharged":20.799999237060547,"maxPv":10.59}
