{"generated":20.90000009536743,"consumed":4.83360693359375,"exported":0.10000000149011612,"imported":1.600000023841858,"discharged":0,"maxPv":7.3}
