{"generated":44.60000038146973,"consumed":10.4749765625,"exported":18.600000381469727,"imported":2.5,"discharged":20.799999237060547,"maxPv":7.024}
