{"generated":19.699999809265137,"consumed":5.00860693359375,"exported":11.600000381469727,"imported":0,"discharged":2.799999952316284,"maxPv":5.02}
