{"generated":60.20000076293945,"consumed":31.73065625,"exported":24.399999618530273,"imported":0.20000000298023224,"discharged":2.5,"maxPv":8.094}
