{"generated":1.300000011920929,"consumed":1.5336014404296876,"exported":0,"imported":0,"discharged":0.899999976158142,"maxPv":1.891}
