{"generated":0,"consumed":4.11123046875,"exported":0,"imported":0,"discharged":0.20000000298023224,"maxPv":0}
