{"generated":0.5000000074505806,"consumed":3.039962646484375,"exported":0.10000000149011612,"imported":0,"discharged":2.5999999046325684,"maxPv":1.063}
