{"generated":55.80000114440918,"consumed":12.2193076171875,"exported":39.79999923706055,"imported":0.10000000149011612,"discharged":1.7000000476837158,"maxPv":8.024}
