{"generated":1.0000000149011612,"consumed":2.62874853515625,"exported":0.10000000149011612,"imported":1.5,"discharged":0.300000011920929,"maxPv":1.445}
