{"generated":33.09999990463257,"consumed":10.40000019222498,"exported":19.399999618530273,"imported":0.10000000149011612,"discharged":4.099999904632568,"maxPv":9.97}
