{"generated":64,"consumed":42.3742109375,"exported":38.29999923706055,"imported":1.2000000476837158,"discharged":5.599999904632568,"maxPv":11.68}
