{"generated":54.69999980926514,"consumed":35.9900546875,"exported":16.700000762939453,"imported":0.10000000149011612,"discharged":1.7999999523162842,"maxPv":8.609}
