{"generated":28,"consumed":11.557873046875,"exported":16.200000762939453,"imported":0.10000000149011612,"discharged":5.300000190734863,"maxPv":5.02}
