{"generated":0.10000000149011612,"consumed":1.707661865234375,"exported":0,"imported":0,"discharged":1.5,"maxPv":0.098}
