{"generated":6.200000047683716,"consumed":2.6016845703125,"exported":1.5,"imported":0,"discharged":1.899999976158142,"maxPv":4.194}
