{"generated":56.39999866485596,"consumed":10.08925,"exported":42.4000015258789,"imported":0.10000000149011612,"discharged":1.7999999523162842,"maxPv":8.052}
