{"generated":31.899999618530273,"consumed":6.399999715387821,"exported":22.5}
