{"generated":50.19999885559082,"consumed":8.61732421875,"exported":38.29999923706055,"imported":0.10000000149011612,"discharged":2.799999952316284,"maxPv":10.415}
