{"generated":28.800000190734863,"consumed":11.540623046875,"exported":20.700000762939453,"imported":6.699999809265137,"discharged":20,"maxPv":9.736}
