{"generated":0.20000000298023224,"consumed":1.8297159423828124,"exported":0,"imported":0,"discharged":1.5,"maxPv":0.782}
