{"generated":40.90000057220459,"consumed":8.300001479685307,"exported":30.799999237060547,"imported":0.10000000149011612,"discharged":3.299999952316284,"maxPv":10.162}
