{"generated":19.300000190734863,"consumed":5.477251953125,"exported":13,"imported":0.10000000149011612,"discharged":3.799999952316284,"maxPv":5.702}
