{"generated":46.5,"consumed":6.000000715255737,"exported":37.29999923706055,"imported":0,"discharged":1.7999999523162842,"maxPv":7.892}
