{"generated":47.60000133514404,"consumed":8.832921875,"exported":15.300000190734863,"imported":0.899999976158142,"discharged":0.899999976158142,"maxPv":7.782}
