{"generated":19.40000057220459,"consumed":16.300000429153442,"exported":0.300000011920929,"imported":0.300000011920929,"discharged":3.299999952316284,"maxPv":11.277}
