{"generated":41.29999923706055,"consumed":4.7543818359375,"exported":32.0999984741211,"imported":1,"discharged":19.799999237060547,"maxPv":9.279}
