{"generated":0,"consumed":1.8030665283203124,"exported":0.10000000149011612,"imported":0,"discharged":1.7000000476837158,"maxPv":0}
