{"generated":14.799999952316284,"consumed":3.325122314453125,"exported":8.800000190734863,"imported":0.10000000149011612,"discharged":1.600000023841858,"maxPv":9.469}
