{"generated":0,"consumed":1.199999950826168,"exported":0.10000000149011612}
