{"generated":57.59999942779541,"consumed":39.49999890476465,"exported":16.200000762939453,"imported":0.10000000149011612,"discharged":2.700000047683716,"maxPv":8.217}
