{"generated":1.9000000059604645,"consumed":2.6735810546875,"exported":0,"imported":1.100000023841858,"discharged":0.800000011920929,"maxPv":2.601}
