{"generated":26.300000190734863,"consumed":7.30502099609375,"exported":15.899999618530273,"imported":0,"discharged":2.799999952316284,"maxPv":5.02}
