{"generated":53.5,"consumed":2.8778095703125,"exported":46.9000015258789,"imported":0.10000000149011612,"discharged":0.899999976158142,"maxPv":9.743}
