{"generated":28.999999523162842,"consumed":1.5396693115234374,"exported":3.5,"imported":0.10000000149011612,"discharged":5.199999809265137,"maxPv":0}
