{"generated":32,"consumed":7.10307666015625,"exported":21.700000762939453,"imported":0.10000000149011612,"discharged":6.599999904632568,"maxPv":5.793}
