{"generated":35.30000019073486,"consumed":1.2093433837890626,"exported":23.799999237060547,"imported":0.10000000149011612,"discharged":4.5,"maxPv":0}
