{"generated":0,"consumed":1.947127685546875,"exported":0,"imported":1,"discharged":0.899999976158142,"maxPv":0.155}
