{"generated":17.000000476837158,"consumed":16.991392578125,"exported":0,"imported":0.10000000149011612,"discharged":1.600000023841858,"maxPv":7.02}
