{"generated":58.19999980926514,"consumed":1.2182076416015626,"exported":50.4000015258789,"imported":0.10000000149011612,"discharged":1.5,"maxPv":1.115}
