{"generated":5.200000166893005,"consumed":3.4731787109375,"exported":0,"imported":0.10000000149011612,"discharged":1.7999999523162842,"maxPv":4.625}
