{"generated":6.299999952316284,"consumed":3.28774267578125,"exported":0.10000000149011612,"imported":0,"discharged":1.600000023841858,"maxPv":4.856}
