{"generated":33.50000047683716,"consumed":15.500000059604645,"exported":14.300000190734863}
