{"generated":9.200000047683716,"consumed":3.282368408203125,"exported":3.5,"imported":0.10000000149011612,"discharged":2,"maxPv":6.107}
