{"generated":22.40000057220459,"consumed":3.82114794921875,"exported":15.600000381469727,"imported":0,"discharged":2,"maxPv":7.492}
