{"generated":41.30000019073486,"consumed":19.6704765625,"exported":22.5,"imported":5.099999904632568,"discharged":19.899999618530273,"maxPv":9.91}
