{"generated":58.80000019073486,"consumed":3.77750927734375,"exported":51.20000076293945,"imported":0,"discharged":1,"maxPv":9.945}
