{"generated":56.30000019073486,"consumed":24.70000109821558,"exported":28.799999237060547}
