{"generated":0.7000000104308128,"consumed":2.412914306640625,"exported":0,"imported":1,"discharged":0.899999976158142,"maxPv":1.637}
