{"generated":0.10000000149011612,"consumed":2.4000000953674316,"exported":0.10000000149011612}
