{"generated":17.100000143051147,"consumed":9.7441474609375,"exported":0.4000000059604645,"imported":0.10000000149011612,"discharged":2.700000047683716,"maxPv":10.944}
