{"generated":28,"consumed":4.61330517578125,"exported":0.5,"imported":1.600000023841858,"discharged":0,"maxPv":7.774}
