{"generated":62.09999942779541,"consumed":7.18771240234375,"exported":49.5,"imported":0,"discharged":1.399999976158142,"maxPv":8.066}
