{"generated":4.400000095367432,"consumed":5.0809169921875,"exported":0,"imported":0,"discharged":1.899999976158142,"maxPv":2.93}
