{"generated":0,"consumed":1.32562158203125,"exported":0,"imported":0,"discharged":1.600000023841858,"maxPv":0}
