{"generated":57.90000057220459,"consumed":14.528599609375,"exported":37.79999923706055,"imported":0.10000000149011612,"discharged":2.9000000953674316,"maxPv":8.175}
