{"generated":59.20000076293945,"consumed":7.94483349609375,"exported":47.29999923706055,"imported":0,"discharged":11.800000190734863,"maxPv":8.27}
