{"generated":14,"consumed":11.0849501953125,"exported":1.399999976158142,"imported":0.10000000149011612,"discharged":5.199999809265137,"maxPv":4.257}
