{"generated":57.19999885559082,"consumed":10.69999823719263,"exported":44.70000076293945}
