{"generated":44.79999923706055,"consumed":19.94213671875,"exported":3.0999999046325684,"imported":1.7000000476837158,"discharged":0.4000000059604645,"maxPv":11.245}
