{"generated":5.200000047683716,"consumed":5.14940234375,"exported":0,"imported":0.10000000149011612,"discharged":1.600000023841858,"maxPv":4.482}
