{"generated":42.60000038146973,"consumed":18.01469921875,"exported":22.100000381469727,"imported":2.5,"discharged":20.899999618530273,"maxPv":6.718}
