{"generated":14.700000286102295,"consumed":11.200000382959843,"exported":0.10000000149011612}
