{"generated":37.39999866485596,"consumed":24.71854296875,"exported":10,"imported":0.20000000298023224,"discharged":1.7000000476837158,"maxPv":7.998}
