{"generated":27.40000009536743,"consumed":2.79277294921875,"exported":22.200000762939453,"imported":0.10000000149011612,"discharged":1,"maxPv":11.339}
