{"generated":44.60000038146973,"consumed":1.6398302001953124,"exported":18.600000381469727,"imported":2.5,"discharged":20.799999237060547,"maxPv":0.084}
