{"generated":53,"consumed":12.7181279296875,"exported":37.4000015258789,"imported":0.20000000298023224,"discharged":4.199999809265137,"maxPv":8.176}
