{"generated":3.199999988079071,"consumed":3.556908935546875,"exported":0.10000000149011612,"imported":0,"discharged":2.5999999046325684,"maxPv":3.476}
