{"generated":4.199999988079071,"consumed":8.279357421875,"exported":0.10000000149011612,"imported":0.20000000298023224,"discharged":2.200000047683716,"maxPv":3.769}
