{"generated":13,"consumed":3.6999996677041054,"exported":5.400000095367432,"imported":0.10000000149011612,"discharged":1.7999999523162842,"maxPv":10.657}
