{"generated":24.899999618530273,"consumed":6.9595322265625,"exported":13.899999618530273,"imported":0,"discharged":1.600000023841858,"maxPv":10.168}
