{"generated":36.39999866485596,"consumed":20.099999248981476,"exported":12.399999618530273,"imported":0.300000011920929,"discharged":4.5,"maxPv":11.277}
