{"generated":2.200000077486038,"consumed":7.78753515625,"exported":0.10000000149011612,"imported":0.20000000298023224,"discharged":2.200000047683716,"maxPv":2.459}
