{"generated":0.20000000298023224,"consumed":2.70000009983778,"exported":0}
