{"generated":0.4000000059604645,"consumed":3.08028564453125,"exported":0.10000000149011612,"imported":0.10000000149011612,"discharged":2.700000047683716,"maxPv":0.995}
