{"generated":28.5,"consumed":6.50371484375,"exported":18.799999237060547,"imported":0.10000000149011612,"discharged":6.599999904632568,"maxPv":5.793}
