{"generated":24.600000381469727,"consumed":11.49044921875,"exported":10.399999618530273,"imported":0,"discharged":1.600000023841858,"maxPv":9.258}
