{"generated":4.199999928474426,"consumed":3.148158447265625,"exported":0,"imported":0.10000000149011612,"discharged":1.5,"maxPv":4.466}
