{"generated":50.39999961853027,"consumed":19.115248046875,"exported":27.200000762939453,"imported":1.7999999523162842,"discharged":19,"maxPv":8.964}
