{"generated":0.10000000149011612,"consumed":2.70978564453125,"exported":0,"imported":0,"discharged":2.5999999046325684,"maxPv":0.32}
