{"generated":5.5,"consumed":2.778251708984375,"exported":0.4000000059604645,"imported":0.10000000149011612,"discharged":1.5,"maxPv":4.581}
