{"generated":0,"consumed":1.2193287353515625,"exported":0,"imported":0.300000011920929,"discharged":0.899999976158142,"maxPv":0}
