{"generated":64.29999828338623,"consumed":17.209583984375,"exported":42.70000076293945,"imported":0,"discharged":6.300000190734863,"maxPv":8.368}
