{"generated":38,"consumed":6.1727998046875,"exported":27.399999618530273,"imported":0.10000000149011612,"discharged":4.800000190734863,"maxPv":6.017}
