{"generated":51,"consumed":18.11393359375,"exported":33.4000015258789,"imported":0.10000000149011612,"discharged":5.900000095367432,"maxPv":11.674}
