{"generated":21.5,"consumed":18.775525390625,"exported":0.699999988079071,"imported":6.099999904632568,"discharged":6,"maxPv":7.661}
