{"generated":28.200000762939453,"consumed":19.600000955164433,"exported":5.099999904632568}
