{"generated":0,"consumed":0.517818359375,"exported":0,"imported":0.4000000059604645,"discharged":0,"maxPv":0}
