{"generated":66.5,"consumed":6.86911767578125,"exported":55,"imported":0.10000000149011612,"discharged":1.5,"maxPv":8.381}
