{"generated":37.89999866485596,"consumed":16.58273046875,"exported":22.5,"imported":5.099999904632568,"discharged":19.899999618530273,"maxPv":9.91}
