{"generated":64.99999904632568,"consumed":3.470698486328125,"exported":57.5999984741211,"imported":0.10000000149011612,"discharged":1.5,"maxPv":8.165}
