{"generated":44,"consumed":3.151827880859375,"exported":18.600000381469727,"imported":2.4000000953674316,"discharged":21.200000762939453,"maxPv":5.942}
