{"generated":65.30000019073486,"consumed":3.509136962890625,"exported":57.70000076293945,"imported":0,"discharged":0.899999976158142,"maxPv":8.382}
