{"generated":40.80000019073486,"consumed":21.800001241266727,"exported":19.299999237060547}
