{"generated":24.100000381469727,"consumed":9.93830859375,"exported":13,"imported":0.10000000149011612,"discharged":4,"maxPv":9.138}
