{"generated":56.19999980926514,"consumed":10.500001527369015,"exported":43.5999984741211,"imported":0.10000000149011612,"discharged":3,"maxPv":7.723}
