{"generated":38,"consumed":7.85738916015625,"exported":27.399999618530273,"imported":0.10000000149011612,"discharged":6.300000190734863,"maxPv":6.071}
