{"generated":52.69999980926514,"consumed":35.98901171875,"exported":14,"imported":0.300000011920929,"discharged":4.900000095367432,"maxPv":8.54}
