{"generated":52.60000038146973,"consumed":34.23755078125,"exported":9.399999618530273,"imported":5.400000095367432,"discharged":12.199999809265137,"maxPv":8.75}
