{"generated":33.19999980926514,"consumed":18.20000034570694,"exported":9.899999618530273,"imported":0.300000011920929,"discharged":3.299999952316284,"maxPv":11.277}
