{"generated":4.600000023841858,"consumed":2.61006982421875,"exported":0.10000000149011612,"imported":0,"discharged":2.0999999046325684,"maxPv":4.305}
