{"generated":24.40000009536743,"consumed":20.370244140625,"exported":0.600000023841858,"imported":0.10000000149011612,"discharged":3.4000000953674316,"maxPv":5.012}
