{"generated":64.39999866485596,"consumed":16.35394921875,"exported":43.0999984741211,"imported":0.10000000149011612,"discharged":3.5999999046325684,"maxPv":8.175}
