{"generated":49.5,"consumed":13.099999144673347,"exported":32.70000076293945}
