{"generated":2.099999964237213,"consumed":2.406874755859375,"exported":0,"imported":0.10000000149011612,"discharged":1.5,"maxPv":2.926}
