{"generated":58.60000038146973,"consumed":20.027376953125,"exported":35.0999984741211,"imported":1.5,"discharged":19.299999237060547,"maxPv":12.506}
