{"generated":19.300000190734863,"consumed":5.224138671875,"exported":13,"imported":0.10000000149011612,"discharged":3.5,"maxPv":5.702}
