{"generated":10.600000143051147,"consumed":3.2387841796875,"exported":4.5,"imported":0,"discharged":1.5,"maxPv":6.649}
