{"generated":54.5,"consumed":9.2795849609375,"exported":37.4000015258789,"imported":0.10000000149011612,"discharged":1.5,"maxPv":10.457}
