{"generated":54.500000953674316,"consumed":13.935380859375,"exported":40.4000015258789,"imported":0.20000000298023224,"discharged":5,"maxPv":10.72}
