{"generated":26.499999523162842,"consumed":7.61174755859375,"exported":0.20000000298023224,"imported":4.900000095367432,"discharged":0,"maxPv":11.993}
