{"generated":4,"consumed":2.066845458984375,"exported":0,"imported":0.600000023841858,"discharged":0.699999988079071,"maxPv":5.668}
