{"generated":5.099999904632568,"consumed":3.013158935546875,"exported":0,"imported":1.100000023841858,"discharged":0.800000011920929,"maxPv":7.362}
