{"generated":0,"consumed":0.61746923828125,"exported":0,"imported":0.20000000298023224,"discharged":0.300000011920929,"maxPv":0}
