{"generated":0,"consumed":1.24294970703125,"exported":0.10000000149011612,"imported":0,"discharged":1.100000023841858,"maxPv":0}
