{"generated":0.30000000447034836,"consumed":2.6999999582767487,"exported":0}
