{"generated":14,"consumed":9.771083984375,"exported":1.399999976158142,"imported":0.10000000149011612,"discharged":3.9000000953674316,"maxPv":4.257}
