{"generated":41.999999046325684,"consumed":6.799998760223389,"exported":32}
