{"generated":0.6000000089406967,"consumed":1.58147412109375,"exported":0,"imported":0.10000000149011612,"discharged":1,"maxPv":1.017}
