{"generated":2.399999976158142,"consumed":2.2160595703125,"exported":0,"imported":0,"discharged":2,"maxPv":2.852}
