{"generated":32.59999895095825,"consumed":8.7369248046875,"exported":20.899999618530273,"imported":0.10000000149011612,"discharged":2,"maxPv":11.812}
