{"generated":2.599999964237213,"consumed":3.099999964237213,"exported":0}
