{"generated":3.9999998807907104,"consumed":3.02883251953125,"exported":0,"imported":0.10000000149011612,"discharged":1.7999999523162842,"maxPv":4.585}
