{"generated":14.699999809265137,"consumed":5.56520849609375,"exported":6.300000190734863,"imported":0,"discharged":2.5999999046325684,"maxPv":5.196}
