{"generated":19.499999523162842,"consumed":13.799999833106995,"exported":2.5999999046325684,"imported":0,"discharged":1.600000023841858,"maxPv":7.456}
