{"generated":34.09999942779541,"consumed":11.999999858438969,"exported":18.899999618530273}
