{"generated":22.499999523162842,"consumed":4.74502197265625,"exported":15.600000381469727,"imported":0,"discharged":2.700000047683716,"maxPv":6.162}
