{"generated":62.69999980926514,"consumed":25.566685546875,"exported":37.5,"imported":0.10000000149011612,"discharged":4.699999809265137,"maxPv":8.197}
