{"generated":57.000000953674316,"consumed":10.435291015625,"exported":23.100000381469727,"imported":0.899999976158142,"discharged":1,"maxPv":7.782}
