{"generated":18.499999523162842,"consumed":15.472314453125,"exported":0.699999988079071,"imported":6.099999904632568,"discharged":6,"maxPv":7.661}
