{"generated":3.600000023841858,"consumed":2.6999999284744263,"exported":0.10000000149011612}
