{"generated":3.0000000596046448,"consumed":2.981364013671875,"exported":0,"imported":1.7999999523162842,"discharged":0,"maxPv":3.335}
