{"generated":17.40000009536743,"consumed":9.394314453125,"exported":0.300000011920929,"imported":0,"discharged":1.600000023841858,"maxPv":8.368}
