{"generated":34.69999980926514,"consumed":28.700000144541264,"exported":3.0999999046325684,"imported":0.10000000149011612,"discharged":1.7000000476837158,"maxPv":8.217}
