{"generated":1.200000047683716,"consumed":2.3695732421875,"exported":0,"imported":0,"discharged":1.600000023841858,"maxPv":1.585}
