{"generated":57.40000057220459,"consumed":38.80000004917383,"exported":16.200000762939453,"imported":0.10000000149011612,"discharged":2.200000047683716,"maxPv":8.217}
