{"generated":13.099999904632568,"consumed":6.45767724609375,"exported":3.0999999046325684,"imported":0,"discharged":2.9000000953674316,"maxPv":6.16}
