{"generated":58.09999942779541,"consumed":37.94541015625,"exported":18,"imported":0.4000000059604645,"discharged":5.5,"maxPv":8.54}
