{"generated":56,"consumed":36.5119140625,"exported":16.799999237060547,"imported":0.300000011920929,"discharged":4.900000095367432,"maxPv":8.54}
