{"generated":23.200000286102295,"consumed":8.600000001490116,"exported":11.300000190734863,"imported":0.10000000149011612,"discharged":4.099999904632568,"maxPv":9.97}
