{"generated":16.90000009536743,"consumed":3.27248046875,"exported":17.5,"imported":13.600000381469727,"discharged":20.299999237060547,"maxPv":4.238}
