{"generated":54.19999980926514,"consumed":21.41064453125,"exported":10.300000190734863,"imported":1.2000000476837158,"discharged":0.899999976158142,"maxPv":11.306}
