{"generated":8.999999761581421,"consumed":3.157289794921875,"exported":0.10000000149011612,"imported":1.5,"discharged":0.5,"maxPv":5.326}
