{"generated":66.60000038146973,"consumed":7.8431416015625,"exported":55,"imported":0.10000000149011612,"discharged":2.4000000953674316,"maxPv":8.381}
