{"generated":0,"consumed":0.6633901977539063,"exported":0.10000000149011612,"imported":0.20000000298023224,"discharged":0.300000011920929,"maxPv":0}
