{"generated":55.89999961853027,"consumed":8.999999761581421,"exported":43.5,"imported":0,"discharged":1.7999999523162842,"maxPv":7.723}
