{"generated":4.199999928474426,"consumed":2.985589599609375,"exported":0.10000000149011612,"imported":0,"discharged":2,"maxPv":4.069}
