{"generated":48.89999961853027,"consumed":6.5068134765625,"exported":29.399999618530273,"imported":0,"discharged":2.0999999046325684,"maxPv":8.27}
