{"generated":64.99999904632568,"consumed":7.73594921875,"exported":25.700000762939453,"imported":0.10000000149011612,"discharged":5.099999904632568,"maxPv":10.801}
