{"generated":47.10000038146973,"consumed":18.43821484375,"exported":24.600000381469727,"imported":1.399999976158142,"discharged":20,"maxPv":7.692}
