{"generated":64.39999866485596,"consumed":16.01008203125,"exported":43.0999984741211,"imported":0.10000000149011612,"discharged":3.299999952316284,"maxPv":8.175}
