{"generated":28.999999523162842,"consumed":22.886283203125,"exported":3.4000000953674316,"imported":6.099999904632568,"discharged":6,"maxPv":7.661}
