{"generated":0.4000000059604645,"consumed":2.614444091796875,"exported":0,"imported":0,"discharged":2.200000047683716,"maxPv":0.679}
