{"generated":0,"consumed":1.662162841796875,"exported":0,"imported":1.2000000476837158,"discharged":0.20000000298023224,"maxPv":0}
