{"generated":0.800000011920929,"consumed":2.800000049173832,"exported":0}
