{"generated":23.100000381469727,"consumed":3.934531005859375,"exported":16.399999618530273,"imported":0,"discharged":2,"maxPv":4.309}
