{"generated":16.700000286102295,"consumed":3.06074560546875,"exported":11,"imported":0,"discharged":2.0999999046325684,"maxPv":6.907}
