{"generated":56.19999980926514,"consumed":24.000000573694706,"exported":28.799999237060547}
