{"generated":65.80000019073486,"consumed":3.1595927734375,"exported":58.20000076293945,"imported":0.10000000149011612,"discharged":1.399999976158142,"maxPv":8.09}
