{"generated":0.30000000447034836,"consumed":1.8505877685546874,"exported":0,"imported":0,"discharged":1.5,"maxPv":0.412}
