{"generated":0.4000000059604645,"consumed":2.115007080078125,"exported":0,"imported":0,"discharged":1.600000023841858,"maxPv":0.941}
