{"generated":0.30000000447034836,"consumed":1.98905810546875,"exported":0,"imported":0,"discharged":2.0999999046325684,"maxPv":0.73}
