{"generated":30.100000858306885,"consumed":4.101353515625,"exported":22.700000762939453,"imported":0,"discharged":2,"maxPv":8.012}
