{"generated":40.999999046325684,"consumed":4.2666396484375,"exported":31,"imported":3.5999999046325684,"discharged":20.200000762939453,"maxPv":9.734}
