{"generated":0,"consumed":1.5522269287109376,"exported":0,"imported":1.399999976158142,"discharged":0,"maxPv":0}
