{"generated":47.90000057220459,"consumed":22.000000573694706,"exported":22.5}
