{"generated":23.499999523162842,"consumed":4.1653486328125,"exported":16.700000762939453,"imported":0,"discharged":2.299999952316284,"maxPv":4.709}
