{"generated":5,"consumed":2.343239013671875,"exported":0.5,"imported":0.10000000149011612,"discharged":1.5,"maxPv":4.362}
