{"generated":31.5,"consumed":25.7999999076128,"exported":2,"imported":0.20000000298023224,"discharged":2.5,"maxPv":9.878}
