{"generated":32.5,"consumed":11.92096875,"exported":17.5,"imported":0,"discharged":1.600000023841858,"maxPv":9.258}
