{"generated":1.5999999940395355,"consumed":2.510002685546875,"exported":0,"imported":0,"discharged":1.600000023841858,"maxPv":2.502}
