{"generated":22.499999523162842,"consumed":4.502125,"exported":15.600000381469727,"imported":0,"discharged":2.5,"maxPv":6.162}
