{"generated":30.09999942779541,"consumed":17.299999430775642,"exported":10.699999809265137}
