{"generated":28.999999523162842,"consumed":11.3910791015625,"exported":12.100000381469727,"imported":0.10000000149011612,"discharged":5.199999809265137,"maxPv":8.436}
