{"generated":0.20000000298023224,"consumed":2.100000001490116,"exported":0.10000000149011612}
