{"generated":54.5,"consumed":5.4954228515625,"exported":44.0999984741211,"imported":0.10000000149011612,"discharged":1.899999976158142,"maxPv":10.603}
