{"generated":8.200000047683716,"consumed":2.774761962890625,"exported":0,"imported":1.600000023841858,"discharged":0,"maxPv":5.445}
