{"generated":42.60000038146973,"consumed":17.63721484375,"exported":22.100000381469727,"imported":2.5,"discharged":20.899999618530273,"maxPv":6.718}
