{"generated":8.600000143051147,"consumed":3.3999999538064003,"exported":1.2999999523162842,"imported":0.10000000149011612,"discharged":1.7999999523162842,"maxPv":7.13}
