{"generated":58.60000038146973,"consumed":19.17130078125,"exported":26.5,"imported":1.5,"discharged":9.600000381469727,"maxPv":12.506}
