{"generated":61.500000953674316,"consumed":15.4121005859375,"exported":43.5,"imported":0.10000000149011612,"discharged":2.9000000953674316,"maxPv":8.038}
