{"generated":13.899999856948853,"consumed":7.499999858438969,"exported":3.0999999046325684}
