{"generated":52.69999885559082,"consumed":13.399997569620616,"exported":37.4000015258789}
