{"generated":44.89999961853027,"consumed":9.4882900390625,"exported":31,"imported":2,"discharged":19.100000381469727,"maxPv":8.086}
