{"generated":39.69999980926514,"consumed":25.099999144673347,"exported":10.600000381469727}
