{"generated":27.300000190734863,"consumed":5.000000715255737,"exported":18.899999618530273,"imported":0,"discharged":1.7999999523162842,"maxPv":7.685}
