{"generated":24.799999713897705,"consumed":11.8796689453125,"exported":12.199999809265137,"imported":0.10000000149011612,"discharged":5.400000095367432,"maxPv":8.386}
