{"generated":5.700000047683716,"consumed":3.0000000968575478,"exported":0,"imported":0.10000000149011612,"discharged":1.7999999523162842,"maxPv":7.13}
