{"generated":64.8000020980835,"consumed":43.7664140625,"exported":38.29999923706055,"imported":2.0999999046325684,"discharged":5.599999904632568,"maxPv":11.68}
