{"generated":25,"consumed":4.1091123046875,"exported":0,"imported":1.600000023841858,"discharged":0,"maxPv":7.309}
