{"generated":7.999999761581421,"consumed":3.199999786913395,"exported":1.600000023841858}
