{"generated":1.9000000655651093,"consumed":2.3257685546875,"exported":0,"imported":0,"discharged":1.5,"maxPv":2.684}
