{"generated":38.10000038146973,"consumed":6.979107421875,"exported":26.5,"imported":1.899999976158142,"discharged":20.600000381469727,"maxPv":10.291}
