{"generated":5.300000071525574,"consumed":4.4612705078125,"exported":0,"imported":1.899999976158142,"discharged":0,"maxPv":4.693}
