{"generated":64.89999866485596,"consumed":8.52578515625,"exported":51.5999984741211,"imported":0.10000000149011612,"discharged":2,"maxPv":8.066}
