{"generated":2.199999988079071,"consumed":2.381312744140625,"exported":0,"imported":0,"discharged":1.5,"maxPv":2.859}
