{"generated":10.800000190734863,"consumed":7.500000238418579,"exported":0.10000000149011612}
