{"generated":1.800000011920929,"consumed":2.300000011920929,"exported":0.10000000149011612,"imported":0.10000000149011612,"discharged":1.7999999523162842,"maxPv":2.3}
