{"generated":40.30000019073486,"consumed":26.30000001192093,"exported":10.800000190734863}
