{"generated":64.29999923706055,"consumed":15.644015625,"exported":43.0999984741211,"imported":0.10000000149011612,"discharged":3,"maxPv":8.175}
