{"generated":65.80000019073486,"consumed":4.071079345703125,"exported":58,"imported":0.10000000149011612,"discharged":1.2000000476837158,"maxPv":9.743}
