{"generated":35.39999961853027,"consumed":4.88906103515625,"exported":7.099999904632568,"imported":1.600000023841858,"discharged":0,"maxPv":7.774}
