{"generated":33.19999980926514,"consumed":11.7004482421875,"exported":0.699999988079071,"imported":2.5999999046325684,"discharged":0.899999976158142,"maxPv":10.818}
