{"generated":15.100000381469727,"consumed":6.2570234375,"exported":6.400000095367432,"imported":0,"discharged":3,"maxPv":5.196}
