{"generated":55,"consumed":36.79270703125,"exported":16.799999237060547,"imported":0.10000000149011612,"discharged":2.200000047683716,"maxPv":8.609}
