{"generated":3.599999964237213,"consumed":2.957357177734375,"exported":0,"imported":0,"discharged":1.600000023841858,"maxPv":4.421}
