{"generated":56.69999980926514,"consumed":10.7327626953125,"exported":40.9000015258789,"imported":0.10000000149011612,"discharged":1.600000023841858,"maxPv":10.168}
