{"generated":0.30000000447034836,"consumed":2.2427958984375,"exported":0,"imported":1.899999976158142,"discharged":0,"maxPv":0.536}
