{"generated":44,"consumed":7.4853935546875,"exported":19.899999618530273,"imported":3.4000000953674316,"discharged":19.5,"maxPv":8.002}
