{"generated":68.1999979019165,"consumed":2.120328369140625,"exported":60.0999984741211,"imported":0,"discharged":1.600000023841858,"maxPv":7.275}
