{"generated":1.0000000298023224,"consumed":2.314740966796875,"exported":0,"imported":0,"discharged":1.600000023841858,"maxPv":1.678}
