{"generated":46.89999866485596,"consumed":26.9020859375,"exported":17.5,"imported":0.10000000149011612,"discharged":1.600000023841858,"maxPv":8.342}
