{"generated":44,"consumed":1.2836129150390625,"exported":19.899999618530273,"imported":1.7999999523162842,"discharged":19.5,"maxPv":0}
