{"generated":37.999999046325684,"consumed":16.558443359375,"exported":0,"imported":1.5,"discharged":0,"maxPv":8.964}
