{"generated":26.5,"consumed":4.199999570846558,"exported":19.100000381469727,"imported":0,"discharged":1.7999999523162842,"maxPv":7.836}
