{"generated":50.10000038146973,"consumed":7.523828125,"exported":38.0999984741211,"imported":1.600000023841858,"discharged":19.399999618530273,"maxPv":11.091}
