{"generated":27.299999713897705,"consumed":5.399999476969242,"exported":17.5}
