{"generated":1.1000000387430193,"consumed":3.100000135600567,"exported":0}
