{"generated":0.10000000149011612,"consumed":1.8638935546875,"exported":0,"imported":1.2000000476837158,"discharged":0.5,"maxPv":0.17}
