{"generated":28.19999933242798,"consumed":4.586623046875,"exported":0.5,"imported":0.899999976158142,"discharged":0.899999976158142,"maxPv":7.782}
