{"generated":44.60000038146973,"consumed":2.801337646484375,"exported":18.600000381469727,"imported":2.5,"discharged":20.799999237060547,"maxPv":4.402}
