{"generated":40.19999980926514,"consumed":25.39999933540821,"exported":10.800000190734863}
