{"generated":55,"consumed":37.57907421875,"exported":16.799999237060547,"imported":0.10000000149011612,"discharged":3,"maxPv":8.609}
