{"generated":1.9000000357627869,"consumed":3.3999999538064003,"exported":0}
