{"generated":46.19999980926514,"consumed":10.9501630859375,"exported":21.399999618530273,"imported":1.5,"discharged":10.199999809265137,"maxPv":9.462}
