{"generated":40.69999980926514,"consumed":19.200000621378422,"exported":19.299999237060547}
