{"generated":0.10000000149011612,"consumed":2.1999999061226845,"exported":0}
