{"generated":49.10000038146973,"consumed":13.199998855590827,"exported":32.4000015258789}
