{"generated":4.399999976158142,"consumed":3.781284912109375,"exported":0.10000000149011612,"imported":0.10000000149011612,"discharged":2.700000047683716,"maxPv":4.481}
