{"generated":9.59999966621399,"consumed":4.5558818359375,"exported":3.4000000953674316,"imported":0,"discharged":2.9000000953674316,"maxPv":7.131}
