{"generated":0,"consumed":0.6702540893554687,"exported":0.10000000149011612,"imported":0,"discharged":0.699999988079071,"maxPv":0}
