{"generated":46.19999980926514,"consumed":24.664044921875,"exported":16.799999237060547,"imported":0.20000000298023224,"discharged":2.700000047683716,"maxPv":11.673}
