{"generated":16.699999809265137,"consumed":2.102009521484375,"exported":12.399999618530273,"imported":0,"discharged":0.899999976158142,"maxPv":7.175}
