{"generated":60,"consumed":7.59731640625,"exported":48.4000015258789,"imported":0.10000000149011612,"discharged":2.700000047683716,"maxPv":7.935}
