{"generated":32,"consumed":6.299999237060547,"exported":22.700000762939453}
