{"generated":58.19999980926514,"consumed":2.718691650390625,"exported":50.4000015258789,"imported":0.10000000149011612,"discharged":1.5,"maxPv":8.165}
