{"generated":52.80000019073486,"consumed":19.40000009536743,"exported":33}
