{"generated":63.60000038146973,"consumed":10.50399609375,"exported":48.5,"imported":0,"discharged":1.600000023841858,"maxPv":8.128}
