{"generated":8.600000023841858,"consumed":4.76787255859375,"exported":0,"imported":1.899999976158142,"discharged":0,"maxPv":5.765}
