{"generated":52,"consumed":17.80000171810388,"exported":32.0999984741211}
