{"generated":0,"consumed":1.39819287109375,"exported":0,"imported":1.2999999523162842,"discharged":0,"maxPv":0}
