{"generated":0.10000000149011612,"consumed":2.100000001490116,"exported":0,"imported":0.10000000149011612,"discharged":2,"maxPv":0.405}
