{"generated":58.29999923706055,"consumed":6.04915771484375,"exported":48.0999984741211,"imported":0.10000000149011612,"discharged":1.5,"maxPv":8.188}
