{"generated":37.29999923706055,"consumed":18.999999284744263,"exported":12.399999618530273}
