{"generated":65.10000038146973,"consumed":8.06136865234375,"exported":53.20000076293945,"imported":0,"discharged":2.200000047683716,"maxPv":8.191}
