{"generated":50.39999961853027,"consumed":18.712826171875,"exported":18.600000381469727,"imported":1.7999999523162842,"discharged":9.699999809265137,"maxPv":8.964}
