{"generated":45.89999961853027,"consumed":12.199999526143074,"exported":30}
