{"generated":46.39999961853027,"consumed":2.9800546875,"exported":40,"imported":0,"discharged":1,"maxPv":9.945}
