{"generated":22.499999523162842,"consumed":4.9878994140625,"exported":15.600000381469727,"imported":0,"discharged":3,"maxPv":6.162}
