{"generated":0,"consumed":0.9550860595703125,"exported":0.10000000149011612,"imported":0,"discharged":1,"maxPv":0}
