{"generated":0,"consumed":1.8649931640625,"exported":0,"imported":1,"discharged":0.800000011920929,"maxPv":0.191}
