{"generated":1.0000000298023224,"consumed":2.496213134765625,"exported":0,"imported":0.899999976158142,"discharged":0.899999976158142,"maxPv":2.253}
