{"generated":3.5,"consumed":2.388726806640625,"exported":0,"imported":0,"discharged":1.899999976158142,"maxPv":4.089}
