{"generated":57.19999980926514,"consumed":14.643060546875,"exported":37.29999923706055,"imported":1.600000023841858,"discharged":19,"maxPv":7.774}
