{"generated":61.400001525878906,"consumed":7.915744140625,"exported":48.5999984741211,"imported":0.10000000149011612,"discharged":1.7999999523162842,"maxPv":7.781}
