{"generated":56.30000019073486,"consumed":25.000001050531864,"exported":28.799999237060547}
