{"generated":1.200000047683716,"consumed":2.800000011920929,"exported":0.10000000149011612}
