{"generated":0.5000000149011612,"consumed":2.299999989569187,"exported":0.10000000149011612,"imported":0.10000000149011612,"discharged":1.899999976158142,"maxPv":0.728}
