{"generated":16.199999809265137,"consumed":13.999999858438969,"exported":0.10000000149011612,"imported":0.20000000298023224,"discharged":2.299999952316284,"maxPv":9.878}
