{"generated":16.90000009536743,"consumed":9.4936162109375,"exported":6.599999904632568,"imported":0.20000000298023224,"discharged":2.200000047683716,"maxPv":11.622}
