{"generated":63.10000038146973,"consumed":24.1215078125,"exported":36.29999923706055,"imported":0.10000000149011612,"discharged":2.200000047683716,"maxPv":9.444}
