{"generated":0,"consumed":0.74699072265625,"exported":0,"imported":0,"discharged":0.699999988079071,"maxPv":0}
