{"generated":43.60000038146973,"consumed":4.63027197265625,"exported":34.5,"imported":0.10000000149011612,"discharged":1.899999976158142,"maxPv":10.603}
