{"generated":65.10000133514404,"consumed":36.7573125,"exported":56.70000076293945,"imported":0.10000000149011612,"discharged":4.099999904632568,"maxPv":8.108}
