{"generated":1.4000000357627869,"consumed":2.500000037252903,"exported":0,"imported":0.10000000149011612,"discharged":2,"maxPv":1.376}
