{"generated":0.10000000149011612,"consumed":2.0999999791383743,"exported":0,"imported":0.10000000149011612,"discharged":1.899999976158142,"maxPv":0.064}
