{"generated":48.20000076293945,"consumed":19.33603125,"exported":25.600000381469727,"imported":0.10000000149011612,"discharged":1.600000023841858,"maxPv":7.846}
