{"generated":27,"consumed":8.443921875,"exported":0,"imported":0.899999976158142,"discharged":0.800000011920929,"maxPv":11.306}
