{"generated":41.59999942779541,"consumed":9.423970703125,"exported":8.899999618530273,"imported":1.399999976158142,"discharged":0.5,"maxPv":10.732}
