{"generated":24.699999809265137,"consumed":6.099999405443668,"exported":15.800000190734863,"imported":0.10000000149011612,"discharged":1.899999976158142,"maxPv":9.138}
