{"generated":23.499999523162842,"consumed":4.92487939453125,"exported":16.700000762939453,"imported":0,"discharged":3.0999999046325684,"maxPv":4.709}
