{"generated":37.69999980926514,"consumed":2.0223548583984376,"exported":25,"imported":0.10000000149011612,"discharged":4.699999809265137,"maxPv":0}
