{"generated":41.89999866485596,"consumed":11.699998572468758,"exported":26.5}
