{"generated":60,"consumed":7.29519970703125,"exported":48.4000015258789,"imported":0.10000000149011612,"discharged":2.4000000953674316,"maxPv":7.935}
