{"generated":49.90000057220459,"consumed":12.9440029296875,"exported":33.5999984741211,"imported":0.10000000149011612,"discharged":2.799999952316284,"maxPv":7.874}
