{"generated":31.100000381469727,"consumed":4.24710400390625,"exported":23.399999618530273,"imported":0.10000000149011612,"discharged":1.600000023841858,"maxPv":8.038}
