{"generated":12.000000238418579,"consumed":4.690310546875,"exported":0.10000000149011612,"imported":1,"discharged":0.899999976158142,"maxPv":6.154}
