{"generated":10.5,"consumed":3.29101904296875,"exported":0,"imported":1.100000023841858,"discharged":0.800000011920929,"maxPv":7.81}
