{"generated":22.199999809265137,"consumed":3.40741064453125,"exported":15.899999618530273,"imported":0,"discharged":1.899999976158142,"maxPv":4.709}
