{"generated":0.30000000447034836,"consumed":2.400000050663948,"exported":0}
