{"generated":6.5,"consumed":5.5662666015625,"exported":0,"imported":0,"discharged":2.4000000953674316,"maxPv":6.85}
