{"generated":39.89999961853027,"consumed":11.6374833984375,"exported":24.700000762939453,"imported":2.5,"discharged":20.5,"maxPv":6.752}
