{"generated":21.800000190734863,"consumed":8.2499111328125,"exported":10.800000190734863,"imported":0,"discharged":3.299999952316284,"maxPv":11.87}
