{"generated":37.29999923706055,"consumed":4.24389697265625,"exported":28.700000762939453,"imported":0.10000000149011612,"discharged":1.899999976158142,"maxPv":10.603}
