{"generated":17.90000009536743,"consumed":3.6211279296875,"exported":11.399999618530273,"imported":0,"discharged":1.5,"maxPv":7.303}
