{"generated":20.09999942779541,"consumed":5.37180126953125,"exported":0.10000000149011612,"imported":0.10000000149011612,"discharged":2.799999952316284,"maxPv":6.433}
