{"generated":0,"consumed":1.1810037841796874,"exported":0,"imported":0.300000011920929,"discharged":0.899999976158142,"maxPv":0}
