{"generated":37.80000019073486,"consumed":3.372621337890625,"exported":22.700000762939453,"imported":3.5999999046325684,"discharged":20.200000762939453,"maxPv":9.734}
