{"generated":50.10000133514404,"consumed":29.90000158548355,"exported":17.899999618530273,"imported":0.300000011920929,"discharged":3.799999952316284,"maxPv":9.878}
