{"generated":37.89999961853027,"consumed":7.73291552734375,"exported":26.5,"imported":1.899999976158142,"discharged":19.5,"maxPv":8.892}
