{"generated":0.9000000059604645,"consumed":1.9631171875,"exported":0,"imported":1.5,"discharged":0,"maxPv":2.336}
