{"generated":14.400000095367432,"consumed":4.7464013671875,"exported":0,"imported":0,"discharged":2.0999999046325684,"maxPv":7.956}
