{"generated":21.799999713897705,"consumed":4.72318896484375,"exported":15,"imported":0,"discharged":2.9000000953674316,"maxPv":6.907}
