{"generated":27.5,"consumed":8.326869140625,"exported":31.200000762939453,"imported":0,"discharged":22.299999237060547,"maxPv":4.857}
