{"generated":50.89999961853027,"consumed":16.500000096857548,"exported":31.399999618530273}
