{"generated":36.69999980926514,"consumed":9.0571484375,"exported":26.600000381469727,"imported":0.10000000149011612,"discharged":4.599999904632568,"maxPv":6.027}
