{"generated":61.500000953674316,"consumed":16.6791640625,"exported":43.5,"imported":0.10000000149011612,"discharged":4.099999904632568,"maxPv":8.038}
