{"generated":0,"consumed":5.098794921875,"exported":0,"imported":0,"discharged":0.300000011920929,"maxPv":0}
