{"generated":33.10000038146973,"consumed":0.6559805297851562,"exported":4,"imported":0.4000000059604645,"discharged":17.600000381469727,"maxPv":0}
