{"generated":17.200000286102295,"consumed":2.478877685546875,"exported":0,"imported":1,"discharged":0.20000000298023224,"maxPv":9.279}
