{"generated":9.399999856948853,"consumed":3.3624951171875,"exported":0,"imported":0.10000000149011612,"discharged":1.7999999523162842,"maxPv":6.067}
