{"generated":45.09999942779541,"consumed":12.346330078125,"exported":29.700000762939453,"imported":0.20000000298023224,"discharged":1.899999976158142,"maxPv":10.359}
