{"generated":35.39999866485596,"consumed":5.49375048828125,"exported":7.099999904632568,"imported":1.600000023841858,"discharged":0,"maxPv":7.855}
