{"generated":57.59999942779541,"consumed":13.732923828125,"exported":40.9000015258789,"imported":0.20000000298023224,"discharged":4.199999809265137,"maxPv":8.176}
