{"generated":33.600000858306885,"consumed":8.700001336634159,"exported":23.299999237060547,"imported":0.10000000149011612,"discharged":3.0999999046325684,"maxPv":9.138}
