{"generated":5.799999952316284,"consumed":2.807803955078125,"exported":0.800000011920929,"imported":0,"discharged":1.399999976158142,"maxPv":4.768}
