{"generated":1.1000000387430193,"consumed":2.228312744140625,"exported":0,"imported":0,"discharged":1.5,"maxPv":2.337}
