{"generated":42.09999942779541,"consumed":13.2193896484375,"exported":29.200000762939453,"imported":1.5,"discharged":21,"maxPv":6.435}
