{"generated":42,"consumed":6.599999286234379,"exported":32.20000076293945}
