{"generated":45.40000057220459,"consumed":20.300000049173832,"exported":19.600000381469727}
