{"generated":7.199999928474426,"consumed":4.800000071525574,"exported":0.10000000149011612}
