{"generated":29.100000381469727,"consumed":5.9927890625,"exported":18.200000762939453,"imported":7.800000190734863,"discharged":20.700000762939453,"maxPv":8.893}
