{"generated":6.5,"consumed":5.9612021484375,"exported":0,"imported":0,"discharged":2.700000047683716,"maxPv":5.851}
