{"generated":37.40000009536743,"consumed":13.700000382959843,"exported":20.399999618530273,"imported":0.10000000149011612,"discharged":4.099999904632568,"maxPv":9.97}
