{"generated":0,"consumed":0.3406072082519531,"exported":0,"imported":0,"discharged":0.300000011920929,"maxPv":0}
