{"generated":65.10000038146973,"consumed":8.3888857421875,"exported":53.20000076293945,"imported":0,"discharged":2.5999999046325684,"maxPv":8.191}
