{"generated":30.300000190734863,"consumed":2.8022177734375,"exported":22.700000762939453,"imported":3.5999999046325684,"discharged":20.200000762939453,"maxPv":9.734}
