{"generated":26.300000190734863,"consumed":8.700000144541264,"exported":14.800000190734863}
