{"generated":0,"consumed":0.56955322265625,"exported":0,"imported":0.300000011920929,"discharged":0.20000000298023224,"maxPv":0}
