{"generated":28.800000190734863,"consumed":10.4814775390625,"exported":16,"imported":0.10000000149011612,"discharged":5.300000190734863,"maxPv":6.786}
