{"generated":32.69999885559082,"consumed":4.5610869140625,"exported":23.600000381469727,"imported":0,"discharged":1.399999976158142,"maxPv":7.966}
