{"generated":1.0000000149011612,"consumed":2.798845703125,"exported":0.10000000149011612,"imported":1.5,"discharged":0.5,"maxPv":1.504}
