{"generated":0.5000000074505806,"consumed":1.8017218017578125,"exported":0,"imported":0,"discharged":1.399999976158142,"maxPv":1.049}
