{"generated":30.300000190734863,"consumed":5.21928076171875,"exported":22.700000762939453,"imported":3.5999999046325684,"discharged":19.700000762939453,"maxPv":10.962}
