{"generated":40.89999961853027,"consumed":6.9000004306435585,"exported":30.799999237060547}
