{"generated":44,"consumed":6.32420751953125,"exported":19.899999618530273,"imported":3.299999952316284,"discharged":19.5,"maxPv":8.002}
