{"generated":33.40000057220459,"consumed":3.059082763671875,"exported":7,"imported":0.600000023841858,"discharged":0.699999988079071,"maxPv":7.115}
