{"generated":4.700000047683716,"consumed":6.1441220703125,"exported":0,"imported":0.10000000149011612,"discharged":1.600000023841858,"maxPv":4.248}
