{"generated":33,"consumed":9.808935546875,"exported":20.899999618530273,"imported":0.10000000149011612,"discharged":2.700000047683716,"maxPv":11.812}
