{"generated":38.500000953674316,"consumed":26.300000861287117,"exported":8.5,"imported":0.20000000298023224,"discharged":2.5,"maxPv":9.878}
