{"generated":1.300000011920929,"consumed":3.0440751953125,"exported":0,"imported":1.2000000476837158,"discharged":0.899999976158142,"maxPv":1.9}
