{"generated":42.09999942779541,"consumed":2.96227197265625,"exported":29.200000762939453,"imported":1.2999999523162842,"discharged":21,"maxPv":3.327}
