{"generated":2.3000000715255737,"consumed":2.600000023841858,"exported":0,"imported":0,"discharged":1.7999999523162842,"maxPv":3.182}
