{"generated":26.499999523162842,"consumed":12.9724658203125,"exported":13,"imported":0.10000000149011612,"discharged":5.599999904632568,"maxPv":9.138}
