{"generated":38.89999961853027,"consumed":5.80573388671875,"exported":10.300000190734863,"imported":1.5,"discharged":0,"maxPv":10.328}
