{"generated":7.5,"consumed":2.6543037109375,"exported":2.5999999046325684,"imported":0,"discharged":1.2999999523162842,"maxPv":10.273}
