{"generated":16.59999990463257,"consumed":3.930758544921875,"exported":10.199999809265137,"imported":0,"discharged":2,"maxPv":5.088}
