{"generated":14.699999809265137,"consumed":14.6059345703125,"exported":0.10000000149011612,"imported":0.10000000149011612,"discharged":5.300000190734863,"maxPv":6.519}
