{"generated":17.899999618530273,"consumed":8.257734375,"exported":6,"imported":0,"discharged":2.9000000953674316,"maxPv":6.16}
