{"generated":24.40000009536743,"consumed":21.982154296875,"exported":0.600000023841858,"imported":0.10000000149011612,"discharged":5,"maxPv":5.012}
