{"generated":33.80000019073486,"consumed":17.89999971538782,"exported":9.800000190734863}
