{"generated":9.499999761581421,"consumed":3.784105712890625,"exported":3.4000000953674316,"imported":0,"discharged":2.200000047683716,"maxPv":7.131}
