{"generated":65.49999809265137,"consumed":0.18985411071777344,"exported":57.5,"imported":0.10000000149011612,"discharged":1.600000023841858,"maxPv":0}
