{"generated":0.30000000447034836,"consumed":2.0326502685546877,"exported":0.10000000149011612,"imported":0.10000000149011612,"discharged":1.600000023841858,"maxPv":1.263}
