{"generated":53.499999046325684,"consumed":5.8795361328125,"exported":42.29999923706055,"imported":0,"discharged":1.399999976158142,"maxPv":8.066}
