{"generated":33.60000038146973,"consumed":5.90013134765625,"exported":21.5,"imported":6.900000095367432,"discharged":20.700000762939453,"maxPv":10.032}
