{"generated":59.89999961853027,"consumed":31.040341796875,"exported":24.299999237060547,"imported":0.10000000149011612,"discharged":2.200000047683716,"maxPv":8.094}
