{"generated":41.69999980926514,"consumed":19.600000478327274,"exported":16.299999237060547}
