{"generated":61.79999923706055,"consumed":11.996947265625,"exported":54,"imported":0,"discharged":10.699999809265137,"maxPv":8.064}
