{"generated":33.09999990463257,"consumed":12.218298828125,"exported":20.700000762939453,"imported":6.699999809265137,"discharged":20,"maxPv":9.736}
