{"generated":28.500000476837158,"consumed":6.56867529296875,"exported":18.5,"imported":7.099999904632568,"discharged":20.600000381469727,"maxPv":10.046}
