{"generated":26.899999618530273,"consumed":26.1329140625,"exported":0.20000000298023224,"imported":0.20000000298023224,"discharged":6.800000190734863,"maxPv":6.519}
