{"generated":28,"consumed":9.00394140625,"exported":16.200000762939453,"imported":0,"discharged":3,"maxPv":5.02}
