{"generated":47.999999046325684,"consumed":15.299998380243778,"exported":29.700000762939453}
