{"generated":16.700000286102295,"consumed":3.199925048828125,"exported":10.899999618530273,"imported":0.10000000149011612,"discharged":1.5,"maxPv":7.007}
