{"generated":55.39999961853027,"consumed":7.400000333786011,"exported":44.79999923706055,"imported":0,"discharged":1.7999999523162842,"maxPv":7.892}
