{"generated":57.39999866485596,"consumed":11.42306640625,"exported":41.20000076293945,"imported":0.10000000149011612,"discharged":2,"maxPv":10.168}
