{"generated":30.59999990463257,"consumed":12.07877734375,"exported":15.199999809265137,"imported":0.10000000149011612,"discharged":5.199999809265137,"maxPv":8.436}
