{"generated":30,"consumed":9.900000289082527,"exported":16.399999618530273}
