{"generated":52.5,"consumed":5.25664208984375,"exported":38.70000076293945,"imported":0.10000000149011612,"discharged":1.7999999523162842,"maxPv":8.17}
