{"generated":0,"consumed":0.8264954833984375,"exported":0,"imported":0.5,"discharged":0.300000011920929,"maxPv":0}
