{"generated":37.89999961853027,"consumed":7.059248046875,"exported":8.899999618530273,"imported":1.899999976158142,"discharged":0.5,"maxPv":8.892}
