{"generated":32.19999980926514,"consumed":5.095654296875,"exported":23.799999237060547,"imported":0.10000000149011612,"discharged":1.5,"maxPv":8.057}
