{"generated":16.90000009536743,"consumed":11.0389208984375,"exported":3.799999952316284,"imported":0,"discharged":1.600000023841858,"maxPv":6.941}
