{"generated":0,"consumed":0.2000000104308129,"exported":0.10000000149011612,"imported":0,"discharged":0.300000011920929,"maxPv":0}
