{"generated":40.400001525878906,"consumed":3.1690439453125,"exported":34.29999923706055,"imported":0.10000000149011612,"discharged":1,"maxPv":11.339}
