{"generated":42,"consumed":3.46274658203125,"exported":14.899999618530273,"imported":0.600000023841858,"discharged":0.699999988079071,"maxPv":7.115}
