{"generated":61.59999942779541,"consumed":22.28878125,"exported":36.20000076293945,"imported":0.10000000149011612,"discharged":1.7999999523162842,"maxPv":9.444}
