{"generated":42.09999942779541,"consumed":19.89999971538782,"exported":16.399999618530273}
