{"generated":17.30000066757202,"consumed":5.4000004306435585,"exported":8.600000381469727}
