{"generated":1.1000000387430193,"consumed":2.67879638671875,"exported":0,"imported":0.10000000149011612,"discharged":1.7000000476837158,"maxPv":2.321}
