{"generated":42,"consumed":3.523020263671875,"exported":34.5999984741211,"imported":0,"discharged":1.2999999523162842,"maxPv":11.65}
