{"generated":49.29999923706055,"consumed":7.53910205078125,"exported":36.20000076293945,"imported":1,"discharged":19.799999237060547,"maxPv":7.39}
