{"generated":56.40000057220459,"consumed":13.375947265625,"exported":40.0999984741211,"imported":0.20000000298023224,"discharged":4.199999809265137,"maxPv":8.176}
