{"generated":16.600000381469727,"consumed":3.53895849609375,"exported":10.5,"imported":0,"discharged":2.0999999046325684,"maxPv":6.203}
