{"generated":49.500000953674316,"consumed":11.4371884765625,"exported":31.799999237060547,"imported":1.399999976158142,"discharged":18.299999237060547,"maxPv":10.732}
