{"generated":20.40000057220459,"consumed":12.4574775390625,"exported":6.800000190734863,"imported":0.10000000149011612,"discharged":5.300000190734863,"maxPv":6.16}
