{"generated":0,"consumed":0.2596986083984375,"exported":0.10000000149011612,"imported":0,"discharged":0.20000000298023224,"maxPv":0}
