{"generated":49.69999980926514,"consumed":6.9273134765625,"exported":39.79999923706055,"imported":0.10000000149011612,"discharged":2.299999952316284,"maxPv":10.72}
