{"generated":41.500000953674316,"consumed":1.325804931640625,"exported":21.799999237060547,"imported":1.600000023841858,"discharged":20.899999618530273,"maxPv":0}
