{"generated":33.10000038146973,"consumed":26.896802734375,"exported":4,"imported":0.4000000059604645,"discharged":17.299999237060547,"maxPv":0}
