{"generated":16.59999990463257,"consumed":5.56273779296875,"exported":10.199999809265137,"imported":0,"discharged":3.5999999046325684,"maxPv":5.088}
