{"generated":17.600000381469727,"consumed":1.2079110107421875,"exported":17.700000762939453,"imported":13.399999618530273,"discharged":20.100000381469727,"maxPv":0}
