{"generated":0.10000000149011612,"consumed":1.817249267578125,"exported":0,"imported":1.399999976158142,"discharged":0.300000011920929,"maxPv":0.138}
