{"generated":30.699999809265137,"consumed":5.499999523162842,"exported":22}
