{"generated":12.699999809265137,"consumed":3.3999996185302734,"exported":6.300000190734863}
