{"generated":42,"consumed":19.699999429285526,"exported":20.700000762939453,"imported":0.10000000149011612,"discharged":5.800000190734863,"maxPv":9.97}
