{"generated":0,"consumed":0.34281637573242185,"exported":0,"imported":0,"discharged":0.4000000059604645,"maxPv":0}
