{"generated":61.500000953674316,"consumed":17.029595703125,"exported":43.5,"imported":0.10000000149011612,"discharged":4.400000095367432,"maxPv":8.038}
