{"generated":35.30000019073486,"consumed":0.9244058837890625,"exported":23.799999237060547,"imported":0.10000000149011612,"discharged":4.5,"maxPv":0}
