{"generated":64.30000114440918,"consumed":8.0556748046875,"exported":52,"imported":0.10000000149011612,"discharged":1.7999999523162842,"maxPv":8.109}
