{"generated":24.600000858306885,"consumed":4.2870263671875,"exported":17.700000762939453,"imported":0,"discharged":2.4000000953674316,"maxPv":4.649}
