{"generated":17.299999713897705,"consumed":3.62091357421875,"exported":0.699999988079071,"imported":6.099999904632568,"discharged":6,"maxPv":5.086}
