{"generated":31.09999942779541,"consumed":8.199999429285526,"exported":19.5}
