{"generated":4.200000047683716,"consumed":4.83729736328125,"exported":0.10000000149011612,"imported":0.10000000149011612,"discharged":2.5999999046325684,"maxPv":7.076}
