{"generated":6.899999976158142,"consumed":2.811066650390625,"exported":0,"imported":1.5,"discharged":0,"maxPv":4.748}
