{"generated":36.5,"consumed":6.399999000132084,"exported":25.700000762939453}
