{"generated":10,"consumed":3.69138232421875,"exported":0,"imported":1.7999999523162842,"discharged":0,"maxPv":4.205}
