{"generated":23.100000381469727,"consumed":4.7019658203125,"exported":16.399999618530273,"imported":0,"discharged":2.799999952316284,"maxPv":4.309}
