{"generated":51.69999980926514,"consumed":15.199999809265137,"exported":33}
