{"generated":2.699999988079071,"consumed":3.03281787109375,"exported":0.10000000149011612,"imported":0.10000000149011612,"discharged":2.200000047683716,"maxPv":6.288}
