{"generated":28.999999523162842,"consumed":0.030038610458374023,"exported":3.5,"imported":0.10000000149011612,"discharged":5.199999809265137,"maxPv":0}
