{"generated":3.4999999403953552,"consumed":3.050840576171875,"exported":0,"imported":0,"discharged":1.7000000476837158,"maxPv":3.051}
