{"generated":11.600000143051147,"consumed":4.73840673828125,"exported":0.10000000149011612,"imported":0.10000000149011612,"discharged":2.799999952316284,"maxPv":6.433}
