{"generated":0.5000000074505806,"consumed":3.599999912083149,"exported":0}
