{"generated":23.899999618530273,"consumed":5.1357470703125,"exported":0.10000000149011612,"imported":1.5,"discharged":0,"maxPv":11.245}
