{"generated":54.59999942779541,"consumed":23.039060546875,"exported":27.899999618530273,"imported":1.2000000476837158,"discharged":20.700000762939453,"maxPv":11.306}
