{"generated":0,"consumed":0.8999999985098839,"exported":0.10000000149011612}
