{"generated":50.10000133514404,"consumed":29.400001719594,"exported":17.899999618530273,"imported":0.20000000298023224,"discharged":3.4000000953674316,"maxPv":9.878}
