{"generated":0.10000000149011612,"consumed":2.177418212890625,"exported":0.10000000149011612,"imported":1.5,"discharged":0.5,"maxPv":0.297}
