{"generated":39.500000953674316,"consumed":12.994306640625,"exported":20,"imported":3.4000000953674316,"discharged":21.5,"maxPv":6.936}
