{"generated":26.899999618530273,"consumed":26.93595703125,"exported":0.20000000298023224,"imported":0.20000000298023224,"discharged":7.599999904632568,"maxPv":6.519}
