{"generated":13.900000095367432,"consumed":3.034804931640625,"exported":0,"imported":1.600000023841858,"discharged":0,"maxPv":6.921}
