{"generated":40.400001525878906,"consumed":4.073100830078125,"exported":23.399999618530273,"imported":1.600000023841858,"discharged":21.100000381469727,"maxPv":2.547}
