{"generated":6.899999976158142,"consumed":3.40000007301569,"exported":0.5}
