{"generated":55.19999980926514,"consumed":32.9550703125,"exported":1.7000000476837158,"imported":2.700000047683716,"discharged":0.300000011920929,"maxPv":11.625}
