{"generated":36.5,"consumed":14.80958203125,"exported":1.2000000476837158,"imported":2.700000047683716,"discharged":1.100000023841858,"maxPv":10.818}
