{"generated":49.29999923706055,"consumed":6.969171875,"exported":27.799999237060547,"imported":1,"discharged":10.5,"maxPv":7.39}
