{"generated":64.8000020980835,"consumed":5.65732470703125,"exported":46.79999923706055,"imported":2.4000000953674316,"discharged":5.599999904632568,"maxPv":8.051}
