{"generated":25.09999990463257,"consumed":4.46482275390625,"exported":0,"imported":1,"discharged":0.899999976158142,"maxPv":7.362}
