{"generated":42.60000038146973,"consumed":10.1234970703125,"exported":22.100000381469727,"imported":4.300000190734863,"discharged":20.799999237060547,"maxPv":10.59}
