{"generated":40.80000019073486,"consumed":7.100001193583012,"exported":30.799999237060547,"imported":0.10000000149011612,"discharged":2.200000047683716,"maxPv":10.162}
