{"generated":55,"consumed":37.1649765625,"exported":16.799999237060547,"imported":0.10000000149011612,"discharged":2.5999999046325684,"maxPv":8.609}
