{"generated":57.90000057220459,"consumed":21.143986328125,"exported":33.20000076293945,"imported":0.10000000149011612,"discharged":1.7000000476837158,"maxPv":7.846}
