{"generated":57.19999980926514,"consumed":15.4546806640625,"exported":37.29999923706055,"imported":1.600000023841858,"discharged":19.799999237060547,"maxPv":7.774}
