{"generated":59.10000038146973,"consumed":28.756271484375,"exported":28.200000762939453,"imported":0.20000000298023224,"discharged":2.799999952316284,"maxPv":7.998}
