{"generated":49.30000019073486,"consumed":8.541103515625,"exported":34.70000076293945,"imported":1.7000000476837158,"discharged":18.899999618530273,"maxPv":7.66}
