{"generated":40.10000038146973,"consumed":6.15337255859375,"exported":22.200000762939453,"imported":4.400000095367432,"discharged":20.200000762939453,"maxPv":6.767}
