{"generated":47.10000038146973,"consumed":17.48901171875,"exported":16.200000762939453,"imported":1.399999976158142,"discharged":10.300000190734863,"maxPv":7.692}
