{"generated":5.899999976158142,"consumed":3.709902587890625,"exported":0,"imported":1.5,"discharged":0,"maxPv":7.274}
