{"generated":57.19999980926514,"consumed":13.0662783203125,"exported":40.5999984741211,"imported":0.10000000149011612,"discharged":1.899999976158142,"maxPv":8.024}
