{"generated":9.700000047683716,"consumed":4.96675634765625,"exported":0.10000000149011612,"imported":1.5,"discharged":0.300000011920929,"maxPv":9.34}
