{"generated":44,"consumed":0.6735797119140625,"exported":19.899999618530273,"imported":1.7999999523162842,"discharged":19.5,"maxPv":0}
