{"generated":21.09999990463257,"consumed":4.80235595703125,"exported":10.899999618530273,"imported":0.10000000149011612,"discharged":6.599999904632568,"maxPv":5.793}
