{"generated":22.300000190734863,"consumed":18.585734375,"exported":0.300000011920929,"imported":0.10000000149011612,"discharged":4,"maxPv":7.616}
