{"generated":23.299999713897705,"consumed":4.54163623046875,"exported":0.10000000149011612,"imported":1.2000000476837158,"discharged":0.899999976158142,"maxPv":8.75}
