{"generated":8.599999904632568,"consumed":8.12726611328125,"exported":0,"imported":0.10000000149011612,"discharged":1.7000000476837158,"maxPv":6.97}
