{"generated":4.200000047683716,"consumed":2.742640869140625,"exported":0,"imported":1.399999976158142,"discharged":0.20000000298023224,"maxPv":3.954}
