{"generated":13.5,"consumed":5.81068896484375,"exported":0,"imported":0.899999976158142,"discharged":0.800000011920929,"maxPv":10.205}
