{"generated":1.1000000387430193,"consumed":3.952833740234375,"exported":0.10000000149011612,"imported":0.10000000149011612,"discharged":3.0999999046325684,"maxPv":1.437}
