{"generated":40.30000019073486,"consumed":2.607423095703125,"exported":34.5,"imported":0,"discharged":0.899999976158142,"maxPv":8.382}
