{"generated":49.39999961853027,"consumed":16.677900390625,"exported":28.299999237060547,"imported":1.600000023841858,"discharged":19.799999237060547,"maxPv":7.333}
