{"generated":0.10000000149011612,"consumed":2.0295538330078124,"exported":0,"imported":1.7999999523162842,"discharged":0,"maxPv":0.297}
