{"generated":64.8000020980835,"consumed":22.561734375,"exported":56.70000076293945,"imported":0.10000000149011612,"discharged":2,"maxPv":8.108}
