{"generated":0.20000000298023224,"consumed":1.769910400390625,"exported":0,"imported":0.10000000149011612,"discharged":1.399999976158142,"maxPv":0.697}
