{"generated":39.39999961853027,"consumed":7.299998618662357,"exported":27.700000762939453}
