{"generated":31.40000057220459,"consumed":5.36290185546875,"exported":2.700000047683716,"imported":1,"discharged":0.800000011920929,"maxPv":7.705}
