{"generated":2.899999976158142,"consumed":3.3999999538064003,"exported":0}
