{"generated":58.09999942779541,"consumed":38.40935546875,"exported":18,"imported":0.4000000059604645,"discharged":6,"maxPv":8.54}
