{"generated":33.600000858306885,"consumed":7.8000014796853065,"exported":23.299999237060547,"imported":0.10000000149011612,"discharged":2.200000047683716,"maxPv":9.138}
