{"generated":46.19999980926514,"consumed":5.570564453125,"exported":33.29999923706055,"imported":0.10000000149011612,"discharged":1.399999976158142,"maxPv":8.149}
