{"generated":65.10000038146973,"consumed":7.3538203125,"exported":53.20000076293945,"imported":0,"discharged":1.600000023841858,"maxPv":8.191}
