{"generated":28.799999237060547,"consumed":22.150669921875,"exported":3.4000000953674316,"imported":6.099999904632568,"discharged":6,"maxPv":7.661}
