{"generated":11.999999761581421,"consumed":3.003057861328125,"exported":0.10000000149011612,"imported":1.2000000476837158,"discharged":0.5,"maxPv":7.115}
