{"generated":64.30000114440918,"consumed":8.76104296875,"exported":52,"imported":0.10000000149011612,"discharged":2.5,"maxPv":8.109}
