{"generated":44,"consumed":2.5067158203125,"exported":19.899999618530273,"imported":1.7999999523162842,"discharged":19.5,"maxPv":1.402}
