{"generated":61.999999046325684,"consumed":11.8166845703125,"exported":47,"imported":0.10000000149011612,"discharged":2.5999999046325684,"maxPv":8.052}
