{"generated":49.000000953674316,"consumed":9.6825458984375,"exported":36.20000076293945,"imported":0.10000000149011612,"discharged":2.4000000953674316,"maxPv":12.245}
