{"generated":14.399999856948853,"consumed":5.2574189453125,"exported":5.900000095367432,"imported":0.20000000298023224,"discharged":1.7999999523162842,"maxPv":6.193}
