{"generated":33.10000038146973,"consumed":25.562728515625,"exported":4,"imported":0.300000011920929,"discharged":16,"maxPv":0}
