{"generated":56.09999942779541,"consumed":20.458296875,"exported":32.0999984741211,"imported":0.10000000149011612,"discharged":1.600000023841858,"maxPv":7.846}
