{"generated":55.999999046325684,"consumed":6.9833271484375,"exported":44.20000076293945,"imported":0,"discharged":1.7999999523162842,"maxPv":7.781}
