{"generated":29.000000476837158,"consumed":6.400001026690006,"exported":19.799999237060547,"imported":0.10000000149011612,"discharged":1.899999976158142,"maxPv":9.138}
