{"generated":41.40000057220459,"consumed":6.5988984375,"exported":10.699999809265137,"imported":1.7000000476837158,"discharged":0,"maxPv":7.66}
