{"generated":24.699999809265137,"consumed":8.7416318359375,"exported":18.200000762939453,"imported":13.399999618530273,"discharged":20.100000381469727,"maxPv":8.331}
