{"generated":56.09999942779541,"consumed":9.200001120567315,"exported":43.5999984741211,"imported":0,"discharged":1.899999976158142,"maxPv":7.723}
