{"generated":51.69999885559082,"consumed":3.148466796875,"exported":44.9000015258789,"imported":0,"discharged":1,"maxPv":9.945}
