{"generated":30.200000286102295,"consumed":6.43291845703125,"exported":1.2000000476837158,"imported":1.600000023841858,"discharged":0.10000000149011612,"maxPv":11.245}
