{"generated":58.69999885559082,"consumed":11.1179482421875,"exported":43.5999984741211,"imported":0.10000000149011612,"discharged":1.399999976158142,"maxPv":8.506}
