{"generated":22.59999942779541,"consumed":3.989538330078125,"exported":15.199999809265137,"imported":0.10000000149011612,"discharged":2,"maxPv":7.465}
