{"generated":42.000000953674316,"consumed":8.4337255859375,"exported":10.199999809265137,"imported":0.899999976158142,"discharged":0.899999976158142,"maxPv":7.782}
