{"generated":52.10000038146973,"consumed":31.164923828125,"exported":0.5,"imported":2.700000047683716,"discharged":0.300000011920929,"maxPv":11.625}
