{"generated":41.60000133514404,"consumed":4.310697265625,"exported":14.199999809265137,"imported":1.600000023841858,"discharged":0,"maxPv":7.754}
