{"generated":12.800000190734863,"consumed":7.4000004529953,"exported":2.299999952316284,"imported":0,"discharged":1.600000023841858,"maxPv":7.456}
