{"generated":53.69999980926514,"consumed":6.8546982421875,"exported":33.70000076293945,"imported":0,"discharged":2.0999999046325684,"maxPv":8.27}
