{"generated":33.000000953674316,"consumed":2.630863037109375,"exported":27.600000381469727,"imported":0,"discharged":1,"maxPv":9.945}
