{"generated":26.799999237060547,"consumed":24.884154296875,"exported":0.20000000298023224,"imported":0.20000000298023224,"discharged":5.599999904632568,"maxPv":6.519}
