{"generated":4.9999998807907104,"consumed":5.7121494140625,"exported":0.10000000149011612,"imported":0.10000000149011612,"discharged":3.0999999046325684,"maxPv":4.257}
