{"generated":26.499999523162842,"consumed":12.6123017578125,"exported":13,"imported":0.10000000149011612,"discharged":5.199999809265137,"maxPv":9.138}
