{"generated":32.30000019073486,"consumed":10.9595029296875,"exported":13,"imported":0,"discharged":1.600000023841858,"maxPv":8.368}
