{"generated":11.299999952316284,"consumed":10.699999906122684,"exported":0}
