{"generated":16.09999990463257,"consumed":3.10191259765625,"exported":10.199999809265137,"imported":0,"discharged":1.899999976158142,"maxPv":6.162}
