{"generated":24.600000381469727,"consumed":3.77442431640625,"exported":17.899999618530273,"imported":0,"discharged":1.399999976158142,"maxPv":7.503}
