{"generated":58.10000038146973,"consumed":18.9078984375,"exported":35.9000015258789,"imported":0.10000000149011612,"discharged":1.7000000476837158,"maxPv":9.444}
