{"generated":2.399999976158142,"consumed":3.6000001206994057,"exported":0}
