{"generated":35.10000038146973,"consumed":5.1541416015625,"exported":26.299999237060547,"imported":0.10000000149011612,"discharged":1.600000023841858,"maxPv":8.024}
