{"generated":21.90000057220459,"consumed":11.298826171875,"exported":8.199999809265137,"imported":0.10000000149011612,"discharged":2.799999952316284,"maxPv":7.294}
