{"generated":28,"consumed":13.2046005859375,"exported":16.200000762939453,"imported":0.10000000149011612,"discharged":6.800000190734863,"maxPv":5.02}
