{"generated":0,"consumed":0.41773214721679686,"exported":0.10000000149011612,"imported":0,"discharged":0.300000011920929,"maxPv":0}
