{"generated":2.699999988079071,"consumed":2.6294931640625,"exported":0,"imported":1.5,"discharged":0,"maxPv":3.708}
