{"generated":19.300000190734863,"consumed":4.96404931640625,"exported":13,"imported":0.10000000149011612,"discharged":3.299999952316284,"maxPv":5.702}
