{"generated":1.300000011920929,"consumed":3.400000035762787,"exported":0.10000000149011612}
