{"generated":36.40000057220459,"consumed":12.0188408203125,"exported":21.399999618530273,"imported":0.20000000298023224,"discharged":4.300000190734863,"maxPv":1.998}
