{"generated":54.69999980926514,"consumed":10.392572265625,"exported":39.20000076293945,"imported":0.10000000149011612,"discharged":1.600000023841858,"maxPv":10.168}
