{"generated":49,"consumed":23.899999529123306,"exported":19.600000381469727}
