{"generated":0,"consumed":1.4407127685546874,"exported":0.10000000149011612,"imported":0.899999976158142,"discharged":0.5,"maxPv":0}
