{"generated":62.499999046325684,"consumed":16.486349609375,"exported":44.5,"imported":0.300000011920929,"discharged":3.9000000953674316,"maxPv":10.359}
