{"generated":1.200000047683716,"consumed":2.192651123046875,"exported":0,"imported":1.5,"discharged":0,"maxPv":2.754}
