{"generated":36.60000038146973,"consumed":16.494162109375,"exported":1.100000023841858,"imported":4.599999904632568,"discharged":0.699999988079071,"maxPv":10.657}
