{"generated":58.599998474121094,"consumed":6.59731689453125,"exported":47.0999984741211,"imported":0.10000000149011612,"discharged":1.899999976158142,"maxPv":10.603}
