{"generated":1.300000011920929,"consumed":2.466089599609375,"exported":0,"imported":0,"discharged":2.200000047683716,"maxPv":1.375}
