{"generated":0,"consumed":0.26990423583984374,"exported":0,"imported":0.10000000149011612,"discharged":0.20000000298023224,"maxPv":0}
