{"generated":16.700000286102295,"consumed":6.2091748046875,"exported":7.800000190734863,"imported":0.10000000149011612,"discharged":1.7999999523162842,"maxPv":6.973}
