{"generated":53.29999923706055,"consumed":5.62480322265625,"exported":43.70000076293945,"imported":0.10000000149011612,"discharged":1.5,"maxPv":8.188}
