{"generated":37.80000019073486,"consumed":6.35944384765625,"exported":27.299999237060547,"imported":0.10000000149011612,"discharged":6.300000190734863,"maxPv":6.071}
