{"generated":44.70000076293945,"consumed":8.6467548828125,"exported":13.5,"imported":2,"discharged":0.300000011920929,"maxPv":8.086}
