{"generated":64.8000020980835,"consumed":6.76955078125,"exported":54.5,"imported":2.4000000953674316,"discharged":5.599999904632568,"maxPv":8.051}
