{"generated":48.69999980926514,"consumed":3.52756103515625,"exported":41.9000015258789,"imported":0.10000000149011612,"discharged":1,"maxPv":11.339}
