{"generated":0,"consumed":0.6265556640625,"exported":0,"imported":0,"discharged":0.600000023841858,"maxPv":0}
