{"generated":66.0999984741211,"consumed":0.8520723876953125,"exported":58.0999984741211,"imported":0,"discharged":1.7000000476837158,"maxPv":0}
