{"generated":38,"consumed":8.3091103515625,"exported":27.399999618530273,"imported":0.10000000149011612,"discharged":6.300000190734863,"maxPv":6.071}
