{"generated":16.299999713897705,"consumed":15.599999524652958,"exported":0}
