{"generated":9.100000143051147,"consumed":3.501221435546875,"exported":0.10000000149011612,"imported":1.100000023841858,"discharged":0.699999988079071,"maxPv":6.293}
