{"generated":52.60000038146973,"consumed":35.29553515625,"exported":18.100000381469727,"imported":5.400000095367432,"discharged":22.299999237060547,"maxPv":8.75}
