{"generated":30.200000286102295,"consumed":4.3029599609375,"exported":15.300000190734863,"imported":0.10000000149011612,"discharged":6.300000190734863,"maxPv":6.071}
