{"generated":0,"consumed":1.5586212158203125,"exported":0,"imported":1.2000000476837158,"discharged":0.300000011920929,"maxPv":0}
