{"generated":33.60000038146973,"consumed":12.82040234375,"exported":20.700000762939453,"imported":6.699999809265137,"discharged":20,"maxPv":9.736}
