{"generated":2.600000023841858,"consumed":4.099999904632568,"exported":0}
