{"generated":4.699999809265137,"consumed":4.099999904632568,"exported":0.10000000149011612}
