{"generated":55.5,"consumed":9.000000715255737,"exported":44.79999923706055,"imported":0,"discharged":3.299999952316284,"maxPv":7.892}
