{"generated":23.799999713897705,"consumed":19.654244140625,"exported":0.300000011920929,"imported":0.20000000298023224,"discharged":4.199999809265137,"maxPv":7.616}
