{"generated":28.40000009536743,"consumed":3.7038408203125,"exported":21.200000762939453,"imported":0.10000000149011612,"discharged":1.600000023841858,"maxPv":7.846}
