{"generated":39.19999980926514,"consumed":18.52840625,"exported":20.5,"imported":4.900000095367432,"discharged":20.100000381469727,"maxPv":10.657}
