{"generated":0,"consumed":5.6134677734375,"exported":0,"imported":0,"discharged":0.699999988079071,"maxPv":0}
