{"generated":52.59999942779541,"consumed":16.799999237060547,"exported":33}
