{"generated":41.40000057220459,"consumed":9.200000859797,"exported":27.899999618530273}
