{"generated":31.100000381469727,"consumed":12.6211005859375,"exported":13.199999809265137,"imported":0.10000000149011612,"discharged":1.7000000476837158,"maxPv":8.033}
