{"generated":0,"consumed":0.89769677734375,"exported":0,"imported":0.800000011920929,"discharged":0,"maxPv":0}
