{"generated":28.800000190734863,"consumed":2.251594970703125,"exported":16,"imported":0.10000000149011612,"discharged":5.099999904632568,"maxPv":0}
