{"generated":0,"consumed":1.58549951171875,"exported":0,"imported":0,"discharged":1.600000023841858,"maxPv":0}
