{"generated":58.20000076293945,"consumed":31.242341796875,"exported":14.899999618530273,"imported":2.5,"discharged":10,"maxPv":8.302}
