{"generated":12.100000143051147,"consumed":2.445448974609375,"exported":7.900000095367432,"imported":0.10000000149011612,"discharged":1,"maxPv":11.339}
