{"generated":0.5000000149011612,"consumed":2.34433251953125,"exported":0,"imported":0,"discharged":1.7000000476837158,"maxPv":0.732}
