{"generated":42.20000076293945,"consumed":5.2279921875,"exported":13.199999809265137,"imported":1,"discharged":0.899999976158142,"maxPv":7.39}
