{"generated":63.69999885559082,"consumed":15.5128046875,"exported":39.0999984741211,"imported":0,"discharged":1.600000023841858,"maxPv":8.368}
