{"generated":8,"consumed":4.12190380859375,"exported":1,"imported":0,"discharged":2.5999999046325684,"maxPv":5.196}
