{"generated":24.700000762939453,"consumed":9.4596025390625,"exported":0.699999988079071,"imported":0.10000000149011612,"discharged":4.599999904632568,"maxPv":6.433}
