{"generated":23.299999713897705,"consumed":5.899999476969242,"exported":14.100000381469727}
