{"generated":57.80000019073486,"consumed":14.043953125,"exported":41,"imported":0.20000000298023224,"discharged":4.300000190734863,"maxPv":8.176}
