{"generated":29.40000009536743,"consumed":19.891056640625,"exported":7.199999809265137,"imported":0.10000000149011612,"discharged":1.600000023841858,"maxPv":8.038}
