{"generated":0.4000000059604645,"consumed":1.6106741943359375,"exported":0,"imported":0.600000023841858,"discharged":0.699999988079071,"maxPv":1.444}
