{"generated":19.299999713897705,"consumed":4.15199951171875,"exported":6.099999904632568,"imported":0.10000000149011612,"discharged":6.599999904632568,"maxPv":5.263}
