{"generated":30.5,"consumed":1.6645618896484375,"exported":18.700000762939453,"imported":0.10000000149011612,"discharged":5,"maxPv":0}
