{"generated":0,"consumed":0.9114514770507812,"exported":0,"imported":0.5,"discharged":0.20000000298023224,"maxPv":0}
