{"generated":24.600000858306885,"consumed":4.7987099609375,"exported":17.700000762939453,"imported":0,"discharged":2.9000000953674316,"maxPv":4.649}
