{"generated":3.100000023841858,"consumed":3.3000000715255737,"exported":0.10000000149011612}
