{"generated":37.89999961853027,"consumed":8.5537578125,"exported":26.5,"imported":1.899999976158142,"discharged":20.299999237060547,"maxPv":8.892}
