{"generated":66.19999980926514,"consumed":0.8927810668945313,"exported":58.4000015258789,"imported":0,"discharged":1.5,"maxPv":0}
