{"generated":41.29999923706055,"consumed":3.996138916015625,"exported":23.200000762939453,"imported":1,"discharged":9.800000190734863,"maxPv":9.279}
