{"generated":3.9999998807907104,"consumed":2.5678115234375,"exported":0,"imported":1.399999976158142,"discharged":0,"maxPv":5.059}
