{"generated":36.80000114440918,"consumed":4.966212890625,"exported":8.5,"imported":1.5,"discharged":0.5,"maxPv":9.462}
