{"generated":2.199999988079071,"consumed":2.304559326171875,"exported":0,"imported":0,"discharged":1.399999976158142,"maxPv":2.759}
