{"generated":29,"consumed":9.94342578125,"exported":0.300000011920929,"imported":4.900000095367432,"discharged":0,"maxPv":11.993}
