{"generated":46.000000953674316,"consumed":5.55539404296875,"exported":16.5,"imported":1,"discharged":0.899999976158142,"maxPv":7.39}
