{"generated":32,"consumed":8.999999143183231,"exported":19.700000762939453}
