{"generated":61.10000038146973,"consumed":19.029111328125,"exported":39,"imported":0.10000000149011612,"discharged":2,"maxPv":8.083}
