{"generated":31.199999809265137,"consumed":4.67466796875,"exported":22.600000381469727,"imported":0,"discharged":1.7999999523162842,"maxPv":7.749}
