{"generated":28.300000190734863,"consumed":12.8454716796875,"exported":14.800000190734863,"imported":0.10000000149011612,"discharged":1.7999999523162842,"maxPv":11.35}
