{"generated":22.299999713897705,"consumed":3.990685546875,"exported":15.600000381469727,"imported":0.10000000149011612,"discharged":2,"maxPv":7.394}
