{"generated":10.700000047683716,"consumed":8.000000141561031,"exported":0.20000000298023224}
