{"generated":0,"consumed":0.27883319091796877,"exported":0,"imported":0.300000011920929,"discharged":0,"maxPv":0}
