{"generated":5.300000071525574,"consumed":2.06986572265625,"exported":0,"imported":1,"discharged":0.20000000298023224,"maxPv":7.735}
