{"generated":37.89999961853027,"consumed":0.31524188232421874,"exported":26.5,"imported":1.899999976158142,"discharged":20.600000381469727,"maxPv":0}
