{"generated":46.90000057220459,"consumed":7.70000147819519,"exported":35.79999923706055,"imported":0,"discharged":1.7999999523162842,"maxPv":7.723}
