{"generated":53.09999942779541,"consumed":6.2834990234375,"exported":42,"imported":0,"discharged":1.7000000476837158,"maxPv":10.96}
