{"generated":62.70000171661376,"consumed":3.239687255859375,"exported":55.4000015258789,"imported":0.10000000149011612,"discharged":0.899999976158142,"maxPv":9.743}
