{"generated":9.600000143051147,"consumed":2.6123310546875,"exported":4.5,"imported":0,"discharged":1.899999976158142,"maxPv":3.985}
