{"generated":34.09999942779541,"consumed":5.5605634765625,"exported":24.399999618530273,"imported":0.10000000149011612,"discharged":6.300000190734863,"maxPv":6.071}
