{"generated":21.600000381469727,"consumed":3.462483154296875,"exported":15.399999618530273,"imported":0,"discharged":2,"maxPv":4.309}
