{"generated":15,"consumed":4.69189013671875,"exported":7.5,"imported":0,"discharged":2.799999952316284,"maxPv":5.02}
