{"generated":27.5,"consumed":9.1773662109375,"exported":31.200000762939453,"imported":0.10000000149011612,"discharged":23.100000381469727,"maxPv":4.857}
