{"generated":6.9999998807907104,"consumed":3.07619921875,"exported":0,"imported":1,"discharged":0.899999976158142,"maxPv":4.881}
