{"generated":23.300000190734863,"consumed":7.23171533203125,"exported":17.700000762939453,"imported":13.399999618530273,"discharged":20.100000381469727,"maxPv":8.331}
