{"generated":6.200000047683716,"consumed":8.9284404296875,"exported":0.10000000149011612,"imported":0.10000000149011612,"discharged":4.400000095367432,"maxPv":4.686}
