{"generated":52.09999942779541,"consumed":8.5338759765625,"exported":38.9000015258789,"imported":1.600000023841858,"discharged":19.100000381469727,"maxPv":10.328}
