{"generated":49.59999942779541,"consumed":14.59999866783619,"exported":32.70000076293945}
