{"generated":53.30000019073486,"consumed":10.8775244140625,"exported":37.4000015258789,"imported":1.2999999523162842,"discharged":20,"maxPv":5.88}
