{"generated":64.29999828338623,"consumed":17.556033203125,"exported":42.79999923706055,"imported":0,"discharged":6.599999904632568,"maxPv":8.368}
