{"generated":33.30000019073486,"consumed":9.3999999538064,"exported":21.100000381469727}
