{"generated":0.9000000208616257,"consumed":2.456391357421875,"exported":0,"imported":1.7999999523162842,"discharged":0,"maxPv":1.464}
