{"generated":46.10000038146973,"consumed":4.7659716796875,"exported":33.20000076293945,"imported":0.10000000149011612,"discharged":1.7999999523162842,"maxPv":8.17}
