{"generated":0.10000000149011612,"consumed":1.8671087646484374,"exported":0.10000000149011612,"imported":0.10000000149011612,"discharged":1.5,"maxPv":0.522}
