{"generated":36.70000076293945,"consumed":6.02279541015625,"exported":26.5,"imported":0.10000000149011612,"discharged":6.300000190734863,"maxPv":6.071}
