{"generated":33.09999942779541,"consumed":0.3220439453125,"exported":23.5,"imported":0.10000000149011612,"discharged":4.5,"maxPv":0}
