{"generated":20.40000009536743,"consumed":23.24325,"exported":0.20000000298023224,"imported":0.20000000298023224,"discharged":4.5,"maxPv":7.893}
