{"generated":23.499999523162842,"consumed":4.67929150390625,"exported":16.700000762939453,"imported":0,"discharged":2.799999952316284,"maxPv":4.709}
