{"generated":28.600000381469727,"consumed":8.4304833984375,"exported":0.10000000149011612,"imported":1.399999976158142,"discharged":0.699999988079071,"maxPv":7.692}
