{"generated":14.900000095367432,"consumed":3.4321884765625,"exported":0.10000000149011612,"imported":1.5,"discharged":0.5,"maxPv":6.608}
