{"generated":56.69999980926514,"consumed":13.1088388671875,"exported":39.5999984741211,"imported":1.600000023841858,"discharged":19.899999618530273,"maxPv":7.754}
