{"generated":46.5,"consumed":7.500000812113285,"exported":35.79999923706055}
