{"generated":51.89999961853027,"consumed":16.80000124126672,"exported":32.0999984741211}
