{"generated":52.09999942779541,"consumed":9.01576953125,"exported":38.9000015258789,"imported":1.600000023841858,"discharged":19.5,"maxPv":10.328}
