{"generated":0.30000000447034836,"consumed":1.9847320556640624,"exported":0.10000000149011612,"imported":0,"discharged":1.600000023841858,"maxPv":0.868}
