{"generated":61.599998474121094,"consumed":19.47546875,"exported":39.0999984741211,"imported":0.10000000149011612,"discharged":2.0999999046325684,"maxPv":8.083}
