{"generated":4.6000001430511475,"consumed":1.7407987060546875,"exported":1.2000000476837158,"imported":0,"discharged":0.899999976158142,"maxPv":5.02}
