{"generated":63.90000057220459,"consumed":29.765408203125,"exported":31.600000381469727,"imported":0.10000000149011612,"discharged":2.0999999046325684,"maxPv":8.342}
