{"generated":23.800000190734863,"consumed":6.1662021484375,"exported":0.10000000149011612,"imported":2,"discharged":0,"maxPv":11.993}
