{"generated":6.700000047683716,"consumed":3.199999950826168,"exported":0.10000000149011612}
