{"generated":30.699999809265137,"consumed":4.334140625,"exported":22.299999237060547,"imported":0,"discharged":1.600000023841858,"maxPv":10.96}
