{"generated":40.80000019073486,"consumed":8.3965166015625,"exported":28.600000381469727,"imported":0.10000000149011612,"discharged":3.0999999046325684,"maxPv":9.852}
