{"generated":1.9000000655651093,"consumed":2.3269609375,"exported":0,"imported":0,"discharged":1.600000023841858,"maxPv":2.579}
