{"generated":2.9999999403953552,"consumed":4.099999941885471,"exported":0}
