{"generated":21.800000190734863,"consumed":9.1657451171875,"exported":0.10000000149011612,"imported":1.600000023841858,"discharged":0.4000000059604645,"maxPv":10.657}
