{"generated":33.09999942779541,"consumed":2.430984130859375,"exported":23.5,"imported":0.10000000149011612,"discharged":4.5,"maxPv":0}
