{"generated":18.700000286102295,"consumed":5.16050732421875,"exported":11.199999809265137,"imported":0.10000000149011612,"discharged":2.299999952316284,"maxPv":9.138}
