{"generated":24.90000057220459,"consumed":6.7982880859375,"exported":0,"imported":1.899999976158142,"discharged":0,"maxPv":5.151}
