{"generated":37.80000019073486,"consumed":18.30000028759241,"exported":13.399999618530273}
