{"generated":3.400000035762787,"consumed":2.619876708984375,"exported":0.10000000149011612,"imported":0.10000000149011612,"discharged":1.600000023841858,"maxPv":4.376}
