{"generated":0,"consumed":1.7379107666015625,"exported":0,"imported":1.600000023841858,"discharged":0,"maxPv":0.061}
