{"generated":0.5000000149011612,"consumed":2.110520263671875,"exported":0,"imported":0,"discharged":1.600000023841858,"maxPv":0.822}
