{"generated":0,"consumed":1.7250716552734375,"exported":0,"imported":0,"discharged":1.600000023841858,"maxPv":0.086}
