{"generated":61.60000038146973,"consumed":10.67441015625,"exported":46.9000015258789,"imported":0.10000000149011612,"discharged":1.7999999523162842,"maxPv":8.052}
