{"generated":35.000000953674316,"consumed":3.209352783203125,"exported":22.200000762939453,"imported":4.400000095367432,"discharged":20.200000762939453,"maxPv":4.445}
