{"generated":5.600000023841858,"consumed":3.749833740234375,"exported":0.10000000149011612,"imported":1.5,"discharged":0.300000011920929,"maxPv":5.548}
