{"generated":66.0999984741211,"consumed":2.60233740234375,"exported":58.0999984741211,"imported":0.10000000149011612,"discharged":1.7000000476837158,"maxPv":9.94}
