{"generated":0,"consumed":5.6524619140625,"exported":0.10000000149011612,"imported":0.10000000149011612,"discharged":1.600000023841858,"maxPv":0.247}
