{"generated":6.9999998807907104,"consumed":3.1999995708465576,"exported":0.600000023841858}
