{"generated":1.0000000298023224,"consumed":2.6479423828125,"exported":0,"imported":0.10000000149011612,"discharged":1.7999999523162842,"maxPv":1.821}
