{"generated":17.800000190734863,"consumed":4.035154052734375,"exported":0.10000000149011612,"imported":1.5,"discharged":0.5,"maxPv":9.462}
