{"generated":21.799999237060547,"consumed":7.7256220703125,"exported":12.800000190734863,"imported":0.10000000149011612,"discharged":3.0999999046325684,"maxPv":9.138}
