{"generated":49.30000019073486,"consumed":8.09945654296875,"exported":26.100000381469727,"imported":1.7000000476837158,"discharged":9.600000381469727,"maxPv":7.66}
