{"generated":56.69999980926514,"consumed":27.9547734375,"exported":23.600000381469727,"imported":0.10000000149011612,"discharged":1.7000000476837158,"maxPv":8.094}
