{"generated":65.80000019073486,"consumed":0.013867223739624023,"exported":58.20000076293945,"imported":0.10000000149011612,"discharged":1.399999976158142,"maxPv":0}
