{"generated":13.700000047683716,"consumed":4.1999999061226845,"exported":5.099999904632568}
