{"generated":34.69999980926514,"consumed":6.399999476969242,"exported":25.100000381469727}
