{"generated":3.5,"consumed":2.63270458984375,"exported":0,"imported":0.899999976158142,"discharged":0.800000011920929,"maxPv":3.961}
