{"generated":57.29999923706055,"consumed":7.9048408203125,"exported":26,"imported":1.600000023841858,"discharged":0,"maxPv":7.855}
