{"generated":30.5,"consumed":9.98458203125,"exported":18.700000762939453,"imported":0.10000000149011612,"discharged":4.199999809265137,"maxPv":0}
