{"generated":53.60000038146973,"consumed":8.199999667704105,"exported":42.20000076293945}
