{"generated":17.59999990463257,"consumed":2.964561279296875,"exported":11.800000190734863,"imported":0,"discharged":1.899999976158142,"maxPv":4.649}
