{"generated":0,"consumed":1.8965540771484375,"exported":0.10000000149011612,"imported":0,"discharged":1.899999976158142,"maxPv":0}
