{"generated":0,"consumed":1.137145263671875,"exported":0,"imported":0.20000000298023224,"discharged":0.800000011920929,"maxPv":0}
