{"generated":64.0999984741211,"consumed":11.921333984375,"exported":48.79999923706055,"imported":0.10000000149011612,"discharged":2.5999999046325684,"maxPv":8.128}
