{"generated":31.699999809265137,"consumed":10.3776064453125,"exported":0,"imported":1.5,"discharged":0,"maxPv":8.964}
