{"generated":24.40000009536743,"consumed":20.811505859375,"exported":0.600000023841858,"imported":0.10000000149011612,"discharged":3.799999952316284,"maxPv":5.012}
