{"generated":10.599999904632568,"consumed":4.57655859375,"exported":2.799999952316284,"imported":0.20000000298023224,"discharged":1.7999999523162842,"maxPv":6.193}
