{"generated":14,"consumed":10.220470703125,"exported":1.399999976158142,"imported":0.10000000149011612,"discharged":4.300000190734863,"maxPv":4.257}
