{"generated":32.299999713897705,"consumed":12.9196240234375,"exported":1.100000023841858,"imported":5,"discharged":0.10000000149011612,"maxPv":11.993}
