{"generated":53.20000076293945,"consumed":27.34661328125,"exported":23,"imported":0.10000000149011612,"discharged":1.600000023841858,"maxPv":8.342}
