{"generated":64.8000020980835,"consumed":43.42973046875,"exported":38.29999923706055,"imported":1.7999999523162842,"discharged":5.599999904632568,"maxPv":11.68}
