{"generated":36.5,"consumed":12.578423828125,"exported":1.5,"imported":1.7000000476837158,"discharged":0.10000000149011612,"maxPv":11.245}
