{"generated":54.30000114440918,"consumed":4.90295751953125,"exported":45.5999984741211,"imported":0.10000000149011612,"discharged":1.7000000476837158,"maxPv":11.65}
