{"generated":35.90000057220459,"consumed":2.44385986328125,"exported":22.399999618530273,"imported":2.5,"discharged":20.399999618530273,"maxPv":0.829}
