{"generated":64.39999961853027,"consumed":13.0621787109375,"exported":48.20000076293945,"imported":0.10000000149011612,"discharged":2.4000000953674316,"maxPv":8.506}
