{"generated":44.19999980926514,"consumed":22.42108203125,"exported":30.600000381469727,"imported":2.4000000953674316,"discharged":20.200000762939453,"maxPv":7.228}
