{"generated":42.09999942779541,"consumed":6.72351806640625,"exported":29.200000762939453,"imported":1.399999976158142,"discharged":21,"maxPv":6.435}
