{"generated":63.69999980926514,"consumed":14.9289140625,"exported":44.79999923706055,"imported":0.10000000149011612,"discharged":1.600000023841858,"maxPv":9.258}
