{"generated":40.09999942779541,"consumed":12.144455078125,"exported":4.900000095367432,"imported":0.899999976158142,"discharged":0.899999976158142,"maxPv":11.306}
