{"generated":25.09999990463257,"consumed":4.94200732421875,"exported":16.600000381469727,"imported":0.10000000149011612,"discharged":1.7000000476837158,"maxPv":11.674}
