{"generated":43.39999961853027,"consumed":10.38981640625,"exported":29.899999618530273,"imported":0.10000000149011612,"discharged":3.700000047683716,"maxPv":11.87}
