{"generated":16.299999713897705,"consumed":5.099999882280827,"exported":8.399999618530273,"imported":0.10000000149011612,"discharged":1.899999976158142,"maxPv":9.138}
