{"generated":14.299999952316284,"consumed":11.299999952316284,"exported":0.20000000298023224}
