{"generated":23.300000190734863,"consumed":16.500000298023224,"exported":1.7000000476837158,"imported":0.300000011920929,"discharged":3.299999952316284,"maxPv":11.277}
