{"generated":3.899999976158142,"consumed":3.183552978515625,"exported":0,"imported":1.600000023841858,"discharged":0.300000011920929,"maxPv":5.697}
