{"generated":54.30000114440918,"consumed":4.52594677734375,"exported":45.5999984741211,"imported":0.10000000149011612,"discharged":1.399999976158142,"maxPv":11.65}
