{"generated":36.60000038146973,"consumed":6.1999993324279785,"exported":27.200000762939453}
