{"generated":30.5,"consumed":9.5123994140625,"exported":18.700000762939453,"imported":0.10000000149011612,"discharged":3.799999952316284,"maxPv":0}
