{"generated":0,"consumed":0.366677978515625,"exported":0,"imported":0,"discharged":0.300000011920929,"maxPv":0}
