{"generated":0,"consumed":2.222333740234375,"exported":0.10000000149011612,"imported":0.10000000149011612,"discharged":2.200000047683716,"maxPv":0}
