{"generated":14.300000190734863,"consumed":4.227091796875,"exported":0,"imported":1.7999999523162842,"discharged":0,"maxPv":5.151}
