{"generated":36.69999980926514,"consumed":8.61317578125,"exported":26.600000381469727,"imported":0.10000000149011612,"discharged":4.599999904632568,"maxPv":6.027}
