{"generated":40.400001525878906,"consumed":2.519573974609375,"exported":23.399999618530273,"imported":1.5,"discharged":21.100000381469727,"maxPv":0.135}
