{"generated":8.699999809265137,"consumed":5.05578662109375,"exported":1.100000023841858,"imported":0.10000000149011612,"discharged":1.899999976158142,"maxPv":10.054}
