{"generated":20.40000057220459,"consumed":18.246279296875,"exported":6.800000190734863,"imported":0.300000011920929,"discharged":15.100000381469727,"maxPv":4.425}
