{"generated":40.80000114440918,"consumed":18.5000017657876,"exported":16.799999237060547}
