{"generated":0,"consumed":1.0666776123046875,"exported":0,"imported":0.300000011920929,"discharged":0.699999988079071,"maxPv":0}
