{"generated":10.599999904632568,"consumed":4.37265576171875,"exported":0.10000000149011612,"imported":0,"discharged":2.5999999046325684,"maxPv":4.606}
