{"generated":15.100000381469727,"consumed":7.8791669921875,"exported":6.400000095367432,"imported":0.10000000149011612,"discharged":4.599999904632568,"maxPv":5.196}
