{"generated":63.4000015258789,"consumed":18.097994140625,"exported":47,"imported":0.4000000059604645,"discharged":6.300000190734863,"maxPv":7.832}
