{"generated":27.5,"consumed":8.7857275390625,"exported":31.200000762939453,"imported":0,"discharged":22.700000762939453,"maxPv":4.857}
