{"generated":0,"consumed":1.5890589599609375,"exported":0.10000000149011612,"imported":1.100000023841858,"discharged":0.300000011920929,"maxPv":0}
