{"generated":64.20000076293945,"consumed":8.415166015625,"exported":50.5,"imported":0.10000000149011612,"discharged":5.300000190734863,"maxPv":8.17}
