{"generated":55.10000038146973,"consumed":23.30000076442957,"exported":28.399999618530273}
