{"generated":33.60000038146973,"consumed":14.060494140625,"exported":21.5,"imported":6.699999809265137,"discharged":20.5,"maxPv":9.736}
