{"generated":62.599998474121094,"consumed":3.256815185546875,"exported":55.5,"imported":0.10000000149011612,"discharged":1.5,"maxPv":8.165}
