{"generated":9.59999966621399,"consumed":4.3088896484375,"exported":3.4000000953674316,"imported":0,"discharged":2.5999999046325684,"maxPv":7.131}
