{"generated":51.500000953674316,"consumed":12.696005859375,"exported":35.5,"imported":0.20000000298023224,"discharged":1.899999976158142,"maxPv":10.359}
