{"generated":0,"consumed":0.282951904296875,"exported":0,"imported":0,"discharged":0.20000000298023224,"maxPv":0}
