{"generated":0,"consumed":0.020764720916748046,"exported":0,"imported":0,"discharged":0.300000011920929,"maxPv":0}
