{"generated":1.600000023841858,"consumed":2.646200439453125,"exported":0,"imported":0,"discharged":1.7999999523162842,"maxPv":2.497}
