{"generated":0,"consumed":0.9318778686523438,"exported":0,"imported":0.20000000298023224,"discharged":0.699999988079071,"maxPv":0}
