{"generated":59.20000076293945,"consumed":9.16899609375,"exported":55.9000015258789,"imported":0,"discharged":21.899999618530273,"maxPv":8.27}
