{"generated":9.099999904632568,"consumed":3.320488037109375,"exported":3.299999952316284,"imported":0,"discharged":2,"maxPv":6.051}
