{"generated":5.700000047683716,"consumed":2.816426513671875,"exported":0,"imported":0,"discharged":1.399999976158142,"maxPv":4.635}
