{"generated":57.80000019073486,"consumed":14.8621787109375,"exported":41,"imported":0.20000000298023224,"discharged":5,"maxPv":8.176}
