{"generated":58.89999961853027,"consumed":7.7686064453125,"exported":47.20000076293945,"imported":0.10000000149011612,"discharged":2.700000047683716,"maxPv":10.603}
