{"generated":42.09999942779541,"consumed":12.3659248046875,"exported":29.200000762939453,"imported":1.5,"discharged":21,"maxPv":6.435}
