{"generated":45.000000953674316,"consumed":4.851515625,"exported":35.29999923706055,"imported":0.600000023841858,"discharged":20.200000762939453,"maxPv":7.115}
