{"generated":24.799999713897705,"consumed":0.9496224365234375,"exported":12.199999809265137,"imported":0.10000000149011612,"discharged":5.400000095367432,"maxPv":0}
