{"generated":3.400000035762787,"consumed":3.893250244140625,"exported":0.10000000149011612,"imported":0.10000000149011612,"discharged":2.799999952316284,"maxPv":5.789}
