{"generated":49.10000038146973,"consumed":27.900000289082527,"exported":17.5,"imported":0.20000000298023224,"discharged":2.5,"maxPv":9.878}
