{"generated":17.90000009536743,"consumed":5.277837890625,"exported":11.399999618530273,"imported":0,"discharged":3.4000000953674316,"maxPv":6.203}
