{"generated":1.9000000655651093,"consumed":2.147556884765625,"exported":0,"imported":0.10000000149011612,"discharged":1.5,"maxPv":2.6}
