{"generated":0.20000000298023224,"consumed":1.9940596923828124,"exported":0,"imported":0,"discharged":2.0999999046325684,"maxPv":0.193}
