{"generated":63.80000114440917,"consumed":7.46452685546875,"exported":51.79999923706055,"imported":0.10000000149011612,"discharged":1.5,"maxPv":8.109}
