{"generated":3.899999976158142,"consumed":3.06205224609375,"exported":0,"imported":1.5,"discharged":0.5,"maxPv":7.448}
