{"generated":18.09999990463257,"consumed":3.46536181640625,"exported":12,"imported":0,"discharged":2.0999999046325684,"maxPv":5.702}
