{"generated":60.59999942779541,"consumed":8.17954541015625,"exported":48.79999923706055,"imported":0.10000000149011612,"discharged":3.0999999046325684,"maxPv":8.102}
