{"generated":42.60000038146973,"consumed":1.4053397216796875,"exported":22.100000381469727,"imported":2.5,"discharged":20.799999237060547,"maxPv":0}
