{"generated":44.70000076293945,"consumed":5.31044140625,"exported":35.70000076293945,"imported":0.10000000149011612,"discharged":2,"maxPv":8.083}
