{"generated":46.40000057220459,"consumed":5.80796630859375,"exported":17.600000381469727,"imported":1.600000023841858,"discharged":0,"maxPv":11.091}
