{"generated":18.40000009536743,"consumed":4.1299609375,"exported":0,"imported":1,"discharged":0.899999976158142,"maxPv":6.45}
