{"generated":0,"consumed":1.03501171875,"exported":0.10000000149011612,"imported":0.5,"discharged":0.5,"maxPv":0}
