{"generated":42,"consumed":20.299999333918095,"exported":20.700000762939453,"imported":0.10000000149011612,"discharged":6.400000095367432,"maxPv":9.97}
