{"generated":16.59999990463257,"consumed":7.40474072265625,"exported":0,"imported":1.399999976158142,"discharged":0.5,"maxPv":10.732}
