{"generated":24.199999809265137,"consumed":24.36094921875,"exported":0.10000000149011612,"imported":0.10000000149011612,"discharged":1.600000023841858,"maxPv":8.073}
