{"generated":33.80000019073486,"consumed":8.778791015625,"exported":2,"imported":0.899999976158142,"discharged":0.800000011920929,"maxPv":11.306}
