{"generated":58.79999923706055,"consumed":6.92585986328125,"exported":47.20000076293945,"imported":0.10000000149011612,"discharged":1.899999976158142,"maxPv":10.603}
