{"generated":1.3000000268220901,"consumed":2.803657470703125,"exported":0,"imported":0,"discharged":1.899999976158142,"maxPv":1.312}
