{"generated":42.69999980926514,"consumed":19.599998712539673,"exported":17.200000762939453}
