{"generated":52.20000076293945,"consumed":8.9804833984375,"exported":38.79999923706055,"imported":1.100000023841858,"discharged":19.799999237060547,"maxPv":7.895}
