{"generated":47.29999923706055,"consumed":5.51051318359375,"exported":36.70000076293945,"imported":0,"discharged":1.399999976158142,"maxPv":8.066}
