{"generated":58.19999980926514,"consumed":13.3587333984375,"exported":40.5999984741211,"imported":0,"discharged":1.600000023841858,"maxPv":9.258}
