{"generated":39.59999942779541,"consumed":4.75848681640625,"exported":31.799999237060547,"imported":0.10000000149011612,"discharged":2.200000047683716,"maxPv":10.72}
