{"generated":46.10000038146973,"consumed":21.200000144541264,"exported":20}
