{"generated":46.19999885559082,"consumed":8.3979248046875,"exported":34.9000015258789,"imported":0.10000000149011612,"discharged":2.4000000953674316,"maxPv":10.6}
