{"generated":46.10000038146973,"consumed":14.3270947265625,"exported":8.5,"imported":1.600000023841858,"discharged":0.4000000059604645,"maxPv":7.333}
