{"generated":31.399999618530273,"consumed":5.799998618662357,"exported":21.200000762939453}
