{"generated":49.39999961853027,"consumed":17.059546875,"exported":28.299999237060547,"imported":1.600000023841858,"discharged":20.200000762939453,"maxPv":7.333}
