{"generated":20.40000057220459,"consumed":1.00611865234375,"exported":6.800000190734863,"imported":0.10000000149011612,"discharged":5.599999904632568,"maxPv":0}
