{"generated":11.200000047683716,"consumed":8.9862705078125,"exported":1.7000000476837158,"imported":0.20000000298023224,"discharged":2.200000047683716,"maxPv":5.628}
