{"generated":24.90000057220459,"consumed":2.19172900390625,"exported":20.399999618530273,"imported":0.10000000149011612,"discharged":0.899999976158142,"maxPv":8.483}
