{"generated":15.399999618530273,"consumed":3.73324462890625,"exported":8.600000381469727,"imported":0.10000000149011612,"discharged":2,"maxPv":6.728}
