{"generated":41.5,"consumed":10.500000238418579,"exported":27.899999618530273}
