{"generated":0.30000000447034836,"consumed":2.3999999091029167,"exported":0}
