{"generated":47.80000114440918,"consumed":3.706862548828125,"exported":40,"imported":0,"discharged":1.2999999523162842,"maxPv":11.65}
