{"generated":37.20000076293945,"consumed":6.70248291015625,"exported":8.600000381469727,"imported":1.899999976158142,"discharged":0.5,"maxPv":8.892}
