{"generated":2.900000035762787,"consumed":2.85886865234375,"exported":0.10000000149011612,"imported":0.10000000149011612,"discharged":1.600000023841858,"maxPv":2.72}
