{"generated":0.7000000104308128,"consumed":2.8000000938773155,"exported":0}
