{"generated":52.30000019073486,"consumed":13.585064453125,"exported":34.9000015258789,"imported":0.10000000149011612,"discharged":7.400000095367432,"maxPv":11.069}
