{"generated":0,"consumed":1.03540234375,"exported":0,"imported":0.899999976158142,"discharged":0,"maxPv":0}
