{"generated":15,"consumed":10.3673818359375,"exported":2.4000000953674316,"imported":0.10000000149011612,"discharged":2.799999952316284,"maxPv":7.076}
