{"generated":31.40000009536743,"consumed":5.5438505859375,"exported":22.5,"imported":0,"discharged":1.7000000476837158,"maxPv":10.6}
