{"generated":14.499999761581421,"consumed":4.68879736328125,"exported":7.400000095367432,"imported":0.10000000149011612,"discharged":2.299999952316284,"maxPv":9.138}
