{"generated":24.59999990463257,"consumed":4.07940380859375,"exported":14.800000190734863,"imported":0,"discharged":2.200000047683716,"maxPv":4.705}
