{"generated":40.90000057220459,"consumed":3.837852294921875,"exported":22.700000762939453,"imported":3.5999999046325684,"discharged":20.200000762939453,"maxPv":9.734}
