{"generated":24.40000009536743,"consumed":6.0440634765625,"exported":17.5,"imported":13.600000381469727,"discharged":20.299999237060547,"maxPv":9.581}
