{"generated":45.000000953674316,"consumed":6.813896484375,"exported":34.5,"imported":0,"discharged":1.7000000476837158,"maxPv":10.6}
