{"generated":34.500000953674316,"consumed":16.000000536441803,"exported":14.800000190734863}
