{"generated":33.09999942779541,"consumed":4.64250830078125,"exported":23.5,"imported":0.10000000149011612,"discharged":4.5,"maxPv":5.715}
