{"generated":59.69999980926514,"consumed":13.435828125,"exported":42.5999984741211,"imported":0.300000011920929,"discharged":1.899999976158142,"maxPv":10.359}
