{"generated":37.89999961853027,"consumed":7.363734375,"exported":17.899999618530273,"imported":1.899999976158142,"discharged":10.100000381469727,"maxPv":8.892}
