{"generated":0,"consumed":0.4901140747070313,"exported":0,"imported":0,"discharged":0.699999988079071,"maxPv":0}
