{"generated":12.300000190734863,"consumed":3.26260595703125,"exported":0,"imported":1.5,"discharged":0,"maxPv":5.953}
