{"generated":30.59999990463257,"consumed":14.467291015625,"exported":15.300000190734863,"imported":0.10000000149011612,"discharged":6,"maxPv":8.436}
