{"generated":5.800000071525574,"consumed":3.0912119140625,"exported":0.10000000149011612,"imported":1.100000023841858,"discharged":0.699999988079071,"maxPv":4.262}
