{"generated":42.30000019073486,"consumed":13.9350576171875,"exported":5.199999809265137,"imported":1.600000023841858,"discharged":0.4000000059604645,"maxPv":7.333}
