{"generated":14.899999856948853,"consumed":15.09999980032444,"exported":0.300000011920929,"imported":0.20000000298023224,"discharged":3.299999952316284,"maxPv":10.678}
