{"generated":2.899999976158142,"consumed":2.72960107421875,"exported":0,"imported":1.5,"discharged":0.300000011920929,"maxPv":3.181}
