{"generated":0.10000000149011612,"consumed":2.100000001490116,"exported":0}
