{"generated":30.299999713897705,"consumed":6.600000239908695,"exported":19.799999237060547,"imported":0.10000000149011612,"discharged":1.7999999523162842,"maxPv":11.846}
