{"generated":28.500000476837158,"consumed":7.6762001953125,"exported":20.700000762939453,"imported":7.099999904632568,"discharged":20.600000381469727,"maxPv":10.046}
