{"generated":0.8000000044703484,"consumed":2.4392890625,"exported":0,"imported":0.10000000149011612,"discharged":1.899999976158142,"maxPv":3.353}
