{"generated":0,"consumed":0.519878662109375,"exported":0,"imported":0.10000000149011612,"discharged":0.4000000059604645,"maxPv":0}
