{"generated":36.30000019073486,"consumed":4.33678955078125,"exported":8.5,"imported":1.5,"discharged":0.5,"maxPv":7.828}
