{"generated":59.30000019073486,"consumed":7.34658349609375,"exported":47,"imported":0,"discharged":1.7999999523162842,"maxPv":7.781}
