{"generated":1.899999976158142,"consumed":3.4000000953674316,"exported":0.10000000149011612}
