{"generated":50.10000038146973,"consumed":6.67812109375,"exported":29.399999618530273,"imported":1.600000023841858,"discharged":9.600000381469727,"maxPv":11.091}
