{"generated":44,"consumed":6.7210048828125,"exported":19.899999618530273,"imported":3.299999952316284,"discharged":19.5,"maxPv":8.002}
