{"generated":0,"consumed":1.9999999031424522,"exported":0.10000000149011612}
