{"generated":28.499999523162842,"consumed":8.419103515625,"exported":0,"imported":1.399999976158142,"discharged":0.20000000298023224,"maxPv":8.302}
