{"generated":0,"consumed":1.200770751953125,"exported":0,"imported":0.899999976158142,"discharged":0.20000000298023224,"maxPv":0.044}
