{"generated":16.399999618530273,"consumed":3.662852783203125,"exported":10.199999809265137,"imported":0,"discharged":1.899999976158142,"maxPv":5.088}
