{"generated":24.90000009536743,"consumed":4.20808935546875,"exported":0.10000000149011612,"imported":1.600000023841858,"discharged":0.300000011920929,"maxPv":7.234}
