{"generated":5.599999904632568,"consumed":4.808443359375,"exported":0,"imported":0,"discharged":1.600000023841858,"maxPv":4.448}
