{"generated":0.10000000149011612,"consumed":1.3946317138671875,"exported":0,"imported":1,"discharged":0.20000000298023224,"maxPv":0.497}
